account_id,customer_id,branch_id,account_type,open_date,current_balance,account_status
A000001,C05017,BR023,Savings,2026-06-06,19819755.63,Active
A000002,C00301,BR044,Current,2023-09-24,97548837.44,Active
A000003,C02249,BR044,Savings,2025-07-18,7091056.37,Active
A000004,C05685,BR027,Savings,2022-11-03,556462916.73,Active
A000005,C08352,BR048,Savings,2026-03-20,4553900.24,Closed
A000006,C07896,BR009,Savings,2022-03-17,8888006.12,Active
A000007,C09765,BR023,Current,2023-04-15,3030658.59,Active
A000008,C09841,BR044,Current,2026-08-03,52193158.06,Inactive
A000009,C08587,BR044,Savings,2026-06-26,12463577.69,Active
A000010,C09976,BR005,Savings,2025-08-23,84907075.49,Active
A000011,C05293,BR033,Savings,2026-04-09,140343302.72,Active
A000012,C04860,BR001,Savings,2026-08-25,500902627.13,Active
A000013,C04871,BR035,Savings,2026-05-23,9384581.21,Active
A000014,C01067,BR035,Savings,2025-05-01,6494594.22,Inactive
A000015,C09563,BR016,Savings,2024-03-06,531822833.21,Active
A000016,C04263,BR002,Credit,2025-07-09,14165918.78,Active
A000017,C03298,BR028,Savings,2021-01-31,5137846.12,Active
A000018,C08314,BR021,Savings,2021-11-21,4457390.33,Active
A000019,C02801,BR046,Savings,2025-12-14,6966320.76,Active
A000020,C04986,BR022,Credit,2021-06-27,64381349.13,Inactive
A000021,C08103,BR035,Savings,2023-11-26,88117621.99,Inactive
A000022,C08490,BR036,Current,2026-04-07,17673061.29,Active
A000023,C00987,BR002,Savings,2019-12-25,16898154.89,Active
A000024,C01184,BR009,Current,2023-09-09,11461503.56,Active
A000025,C09471,BR019,Credit,2021-02-25,7102607.16,Active
A000026,C04017,BR011,Savings,2026-03-26,209484965.91,Active
A000027,C01774,BR008,Current,2021-01-30,67148817.72,Active
A000028,C03503,BR008,Savings,2025-07-10,42804073.56,Active
A000029,C00543,BR012,Savings,2025-11-10,14038162.28,Active
A000030,C09613,BR037,Current,2026-01-29,10466264.3,Closed
A000031,C05860,BR028,Current,2025-04-18,10717296.6,Active
A000032,C00017,BR039,Savings,2025-04-03,38736286.85,Active
A000033,C03888,BR020,Savings,2025-06-01,5251327.83,Active
A000034,C03617,BR011,Credit,2025-04-27,110891851.81,Active
A000035,C03431,BR038,Savings,2026-06-05,133192214.91,Active
A000036,C00626,BR045,Current,2026-05-31,13387604.78,Active
A000037,C04290,BR049,Savings,2025-02-10,30646070.93,Active
A000038,C05905,BR028,Savings,2025-09-10,16880712.09,Active
A000039,C00620,BR015,Current,2026-01-08,926706674.87,Active
A000040,C09823,BR003,Savings,2022-11-06,4438364.52,Active
A000041,C00139,BR034,Savings,2021-07-29,11347869.22,Active
A000042,C00417,BR038,Current,2025-09-29,14162529.18,Active
A000043,C08956,BR039,Current,2025-06-25,1768769.83,Active
A000044,C05535,BR016,Savings,2026-08-16,37407069.89,Active
A000045,C09027,BR011,Savings,2023-03-06,7823803.35,Closed
A000046,C01421,BR049,Savings,2026-05-09,32028143.38,Active
A000047,C06122,BR028,Savings,2023-12-17,8521356.35,Active
A000048,C00526,BR047,Current,2023-05-04,7795814.69,Active
A000049,C07769,BR011,Current,2026-07-09,28847946.9,Active
A000050,C03944,BR047,Current,2024-12-12,4111227.66,Active
A000051,C06368,BR019,Credit,2025-10-13,2860667.38,Inactive
A000052,C04295,BR027,Current,2024-11-30,11232106.86,Inactive
A000053,C06824,BR044,Savings,2022-05-31,109921639.09,Active
A000054,C02169,BR011,Savings,2025-08-03,4856445.37,Active
A000055,C03183,BR050,Savings,2019-07-13,119513613.91,Active
A000056,C00571,BR032,Savings,2025-03-18,30229832.61,Closed
A000057,C07975,BR023,Credit,2026-08-27,28194913.06,Active
A000058,C07582,BR040,Savings,2026-08-03,36418304.87,Active
A000059,C05966,BR022,Current,2021-06-03,40486057.56,Active
A000060,C04063,BR027,Savings,2025-08-11,18029575.42,Active
A000061,C00887,BR028,Current,2024-04-22,21507028.08,Active
A000062,C03142,BR033,Savings,2026-05-28,9819435.55,Active
A000063,C03410,BR025,Savings,2025-12-06,8249155.28,Active
A000064,C03165,BR034,Savings,2020-06-04,118429385.17,Inactive
A000065,C06574,BR032,Current,2024-07-28,3757725.36,Active
A000066,C00040,BR023,Savings,2026-07-13,3695675.37,Active
A000067,C08642,BR039,Savings,2024-09-09,24901010.78,Active
A000068,C01481,BR033,Savings,2025-06-07,22159781.8,Inactive
A000069,C01118,BR009,Current,2025-08-11,16733895.38,Active
A000070,C05951,BR048,Current,2024-04-16,7419557.93,Active
A000071,C09119,BR035,Current,2024-12-22,27197196.79,Inactive
A000072,C04372,BR003,Current,2026-07-27,25849532.48,Active
A000073,C08911,BR009,Savings,2020-10-28,374719132.94,Active
A000074,C06101,BR039,Credit,2025-05-16,5848547.67,Inactive
A000075,C06947,BR019,Current,2026-07-20,59403478.94,Active
A000076,C07211,BR037,Savings,2026-07-18,29321385.87,Active
A000077,C01254,BR022,Savings,2025-04-16,43371527.58,Active
A000078,C07479,BR040,Savings,2024-04-07,11551564.92,Active
A000079,C06643,BR002,Savings,2019-10-27,12284174.73,Active
A000080,C04666,BR032,Savings,2023-07-16,71439022.89,Active
A000081,C09779,BR045,Current,2023-08-06,96974857.21,Active
A000082,C09570,BR049,Current,2025-02-02,9423403.8,Active
A000083,C02768,BR009,Savings,2019-01-18,1480977.22,Inactive
A000084,C02879,BR025,Credit,2021-06-02,184373747.86,Active
A000085,C02245,BR047,Savings,2024-12-06,63042011.85,Active
A000086,C03097,BR030,Current,2024-08-03,214436416.27,Active
A000087,C04833,BR008,Current,2026-05-07,149098991.73,Active
A000088,C05698,BR033,Savings,2025-10-27,13441807.1,Active
A000089,C07459,BR006,Savings,2020-12-08,12910579.53,Inactive
A000090,C02158,BR018,Current,2023-09-19,160595637.71,Active
A000091,C02041,BR044,Savings,2026-01-22,15670214.65,Active
A000092,C09992,BR048,Current,2022-04-22,7956203.48,Active
A000093,C09931,BR049,Savings,2024-08-13,5224309.52,Active
A000094,C07180,BR017,Credit,2023-05-22,29980811.16,Active
A000095,C07344,BR028,Savings,2021-12-11,121715274.73,Active
A000096,C06500,BR035,Current,2026-08-05,35040274.63,Active
A000097,C06048,BR001,Current,2024-04-22,161318997.22,Active
A000098,C08361,BR038,Current,2022-09-16,65287443.0,Active
A000099,C08899,BR015,Current,2022-09-23,3717660.58,Active
A000100,C09343,BR034,Credit,2025-08-17,131465879.92,Active
A000101,C04436,BR037,Savings,2024-02-17,3255624.08,Active
A000102,C09070,BR014,Savings,2026-03-21,7970801.85,Closed
A000103,C03737,BR049,Savings,2026-03-20,52293315.15,Active
A000104,C05157,BR028,Current,2026-03-23,143162680.97,Active
A000105,C06269,BR030,Current,2023-08-04,226095352.07,Active
A000106,C07390,BR003,Savings,2024-10-28,9904414.5,Active
A000107,C01462,BR021,Current,2024-07-24,16257395.12,Active
A000108,C06479,BR010,Current,2020-01-19,22631958.35,Active
A000109,C01441,BR017,Current,2026-07-12,192122310.4,Inactive
A000110,C05500,BR007,Current,2023-09-20,10413083.01,Inactive
A000111,C04003,BR017,Savings,2026-05-25,4131424.04,Active
A000112,C06893,BR042,Savings,2026-06-04,89291354.9,Active
A000113,C04866,BR045,Savings,2026-07-18,10403117.61,Active
A000114,C04004,BR035,Savings,2022-04-06,32187656.53,Active
A000115,C03470,BR045,Current,2025-07-31,19033209.72,Active
A000116,C03906,BR037,Credit,2024-04-29,12648760.14,Active
A000117,C05942,BR033,Current,2025-07-28,19168340.13,Active
A000118,C02575,BR016,Current,2024-07-09,7333807.64,Active
A000119,C01301,BR013,Savings,2019-10-25,112474216.18,Active
A000120,C03235,BR044,Current,2025-10-05,5229792.72,Active
A000121,C06980,BR002,Credit,2022-08-20,44818215.91,Active
A000122,C03805,BR038,Credit,2025-07-23,67490488.24,Active
A000123,C03440,BR009,Current,2023-09-08,60431164.06,Active
A000124,C09925,BR018,Savings,2024-12-19,28103960.12,Active
A000125,C05756,BR033,Savings,2026-05-06,35509639.84,Inactive
A000126,C01987,BR016,Current,2026-05-13,46605186.25,Active
A000127,C01873,BR012,Savings,2025-01-31,200000000.0,Active
A000128,C06112,BR036,Savings,2021-08-23,15507463.98,Inactive
A000129,C07702,BR038,Savings,2026-08-26,46729279.56,Active
A000130,C01258,BR018,Current,2025-08-10,33722268.47,Inactive
A000131,C01016,BR010,Current,2026-07-18,33277323.99,Active
A000132,C00126,BR004,Current,2024-07-16,62019068.58,Active
A000133,C07414,BR041,Savings,2023-09-28,10725239.29,Active
A000134,C01951,BR033,Savings,2025-05-25,56426963.35,Active
A000135,C04637,BR006,Savings,2026-01-04,19372656.48,Active
A000136,C07258,BR038,Savings,2025-04-08,70396024.71,Active
A000137,C05242,BR016,Savings,2024-09-30,19353066.52,Active
A000138,C05121,BR010,Current,2026-02-22,238877479.93,Active
A000139,C09212,BR038,Current,2025-07-24,10232130.55,Active
A000140,C05088,BR028,Savings,2021-11-07,64634696.29,Active
A000141,C08169,BR040,Savings,2023-12-11,90381928.11,Active
A000142,C08986,BR006,Savings,2019-09-05,12495835.89,Closed
A000143,C08865,BR034,Current,2025-07-31,20951757.96,Active
A000144,C01888,BR040,Savings,2026-07-31,53300050.83,Active
A000145,C01324,BR025,Savings,2025-07-06,25996158.96,Active
A000146,C02780,BR022,Savings,2026-02-28,47374665.46,Active
A000147,C01746,BR044,Current,2026-04-02,5955739.32,Active
A000148,C08077,BR018,Savings,2026-04-19,5933559.48,Inactive
A000149,C01466,BR009,Savings,2024-03-17,15367228.82,Active
A000150,C09516,BR008,Credit,2026-03-03,18710971.99,Active
A000151,C01683,BR009,Current,2025-01-24,10507339.77,Active
A000152,C03369,BR050,Savings,2023-12-19,3740489.76,Active
A000153,C04489,BR029,Savings,2023-02-10,44848908.03,Active
A000154,C01199,BR037,Savings,2021-08-04,46688357.36,Active
A000155,C01896,BR019,Current,2021-05-20,56278779.75,Active
A000156,C09337,BR009,Current,2024-08-18,36556802.5,Active
A000157,C01418,BR024,Savings,2024-09-25,8944120.27,Active
A000158,C08128,BR025,Credit,2026-03-29,6362888.82,Active
A000159,C09666,BR040,Savings,2026-08-25,69863588.86,Active
A000160,C00474,BR029,Savings,2022-04-18,74349280.65,Active
A000161,C02046,BR037,Savings,2021-09-09,461670165.97,Active
A000162,C08652,BR017,Credit,2023-01-07,46453245.42,Active
A000163,C00690,BR049,Savings,2024-08-24,134895856.33,Active
A000164,C00900,BR016,Current,2025-11-22,18547085.21,Inactive
A000165,C03444,BR016,Current,2026-07-31,266564710.19,Active
A000166,C02409,BR050,Savings,2025-11-14,8485999.41,Active
A000167,C00371,BR038,Savings,2023-02-07,12937657.11,Active
A000168,C05123,BR049,Savings,2025-12-30,7803163.28,Active
A000169,C06213,BR009,Savings,2026-01-10,366751354.54,Active
A000170,C02608,BR039,Current,2023-04-15,16061115.26,Active
A000171,C09008,BR038,Current,2023-11-22,96083896.64,Active
A000172,C04525,BR036,Savings,2024-12-05,61623551.61,Active
A000173,C09031,BR007,Savings,2023-02-06,13491966.38,Inactive
A000174,C03416,BR042,Credit,2026-04-06,781809768.51,Active
A000175,C08600,BR036,Savings,2024-08-24,93947659.42,Active
A000176,C09810,BR007,Current,2025-01-14,12397003.12,Active
A000177,C02754,BR046,Savings,2026-07-29,13636128.6,Active
A000178,C08222,BR027,Savings,2021-08-27,76772626.3,Active
A000179,C00447,BR046,Current,2025-03-17,97306328.68,Active
A000180,C01949,BR012,Current,2024-12-04,6962882.83,Active
A000181,C09500,BR032,Savings,2026-01-18,4644937.4,Active
A000182,C01745,BR045,Savings,2018-11-28,25317304.03,Active
A000183,C09842,BR042,Current,2026-08-27,30770279.33,Active
A000184,C00080,BR047,Credit,2023-06-30,134824201.35,Closed
A000185,C06461,BR050,Credit,2026-02-21,16979857.96,Active
A000186,C04655,BR025,Savings,2020-06-21,646590295.35,Active
A000187,C07543,BR012,Savings,2023-04-22,619353613.48,Active
A000188,C00510,BR016,Savings,2022-11-03,28167073.47,Active
A000189,C06015,BR034,Savings,2024-11-29,7541473.17,Active
A000190,C07772,BR037,Credit,2023-10-05,145528466.97,Active
A000191,C08766,BR049,Current,2024-08-26,10992297.54,Active
A000192,C00629,BR002,Current,2026-02-01,14792834.58,Closed
A000193,C01996,BR040,Current,2023-12-13,12360591.41,Active
A000194,C01340,BR038,Credit,2026-03-09,3342429.49,Active
A000195,C02189,BR044,Savings,2023-11-13,59465974.44,Active
A000196,C05313,BR026,Current,2025-04-05,12046972.82,Active
A000197,C04094,BR003,Current,2024-09-15,17222449.47,Active
A000198,C01056,BR012,Current,2026-06-23,40596806.01,Active
A000199,C06163,BR032,Current,2025-04-06,2298076.31,Active
A000200,C06959,BR048,Savings,2021-08-05,9961175.67,Active
A000201,C08230,BR032,Savings,2018-10-09,61010412.31,Inactive
A000202,C00956,BR038,Savings,2024-08-24,11461598.25,Active
A000203,C06176,BR005,Savings,2022-03-16,70851491.77,Active
A000204,C04342,BR013,Savings,2025-09-02,47739447.12,Active
A000205,C05195,BR013,Credit,2026-03-18,128181579.39,Active
A000206,C00078,BR038,Savings,2024-12-06,156436679.26,Active
A000207,C03267,BR022,Current,2025-04-04,15576235.99,Active
A000208,C07134,BR026,Savings,2025-02-07,30038067.75,Active
A000209,C02251,BR016,Savings,2026-05-05,18657322.76,Active
A000210,C03565,BR022,Savings,2025-08-01,4412864.49,Inactive
A000211,C07062,BR028,Savings,2026-07-05,20002609.99,Active
A000212,C09416,BR002,Credit,2026-07-16,15386122.57,Active
A000213,C09915,BR021,Current,2025-02-17,69055607.19,Active
A000214,C08259,BR030,Current,2021-09-06,11169520.4,Active
A000215,C01284,BR001,Current,2026-03-24,327088814.33,Active
A000216,C00992,BR037,Savings,2020-07-12,7765783.31,Active
A000217,C07934,BR038,Savings,2026-05-23,31510025.53,Active
A000218,C09984,BR022,Savings,2026-04-12,80107196.17,Active
A000219,C06637,BR030,Savings,2023-08-08,14286265.08,Active
A000220,C05972,BR038,Savings,2025-08-02,38450059.37,Active
A000221,C01630,BR016,Savings,2026-04-22,222693837.6,Closed
A000222,C03790,BR049,Savings,2023-03-24,67649638.77,Active
A000223,C09723,BR038,Savings,2020-08-10,139975658.29,Active
A000224,C08666,BR028,Savings,2024-05-29,103208435.41,Active
A000225,C02419,BR030,Current,2020-07-15,15089511.69,Active
A000226,C00297,BR038,Savings,2025-09-23,17662683.82,Active
A000227,C05278,BR044,Current,2023-04-11,49423225.44,Active
A000228,C02153,BR043,Savings,2025-10-27,11741982.73,Active
A000229,C07486,BR047,Savings,2025-04-09,9426661.25,Active
A000230,C02680,BR049,Credit,2023-07-21,30850457.32,Active
A000231,C05994,BR008,Current,2025-04-23,13900006.51,Active
A000232,C08950,BR021,Savings,2021-03-12,5311524.97,Active
A000233,C01509,BR021,Current,2023-10-10,8408982.02,Active
A000234,C09799,BR045,Savings,2020-12-23,1160253.46,Active
A000235,C07542,BR033,Savings,2026-07-10,10099199.06,Active
A000236,C07834,BR015,Current,2023-11-01,82136145.4,Active
A000237,C08122,BR001,Current,2024-11-01,13452184.67,Active
A000238,C05517,BR027,Savings,2026-08-08,319940384.74,Active
A000239,C03582,BR002,Savings,2024-02-07,23759323.78,Active
A000240,C04537,BR041,Savings,2025-07-02,535014921.39,Active
A000241,C01030,BR033,Credit,2025-12-06,25323639.08,Inactive
A000242,C05367,BR007,Savings,2026-06-23,61977858.28,Active
A000243,C04250,BR005,Savings,2025-03-08,237128670.81,Active
A000244,C09640,BR011,Savings,2023-09-17,7997949.87,Active
A000245,C05654,BR049,Savings,2025-09-23,7910141.49,Active
A000246,C05368,BR021,Savings,2023-04-03,3530896.62,Active
A000247,C06751,BR038,Credit,2022-02-10,5405233.43,Active
A000248,C00159,BR027,Savings,2024-01-19,30184390.6,Active
A000249,C00986,BR007,Savings,2024-10-19,13379429.93,Active
A000250,C05634,BR031,Savings,2025-05-23,10003432.32,Active
A000251,C04974,BR008,Savings,2026-01-22,79697538.47,Active
A000252,C02907,BR038,Savings,2024-10-11,181127301.95,Active
A000253,C08570,BR034,Savings,2025-08-07,80236136.99,Active
A000254,C05914,BR010,Savings,2026-06-26,23111943.21,Active
A000255,C04492,BR020,Savings,2024-04-01,7619923.48,Active
A000256,C06446,BR049,Savings,2021-05-17,9144441.79,Active
A000257,C07611,BR010,Current,2023-01-17,19910190.96,Active
A000258,C09524,BR021,Savings,2024-07-15,300931971.38,Active
A000259,C06028,BR046,Current,2020-09-26,47081026.65,Active
A000260,C07303,BR022,Credit,2023-07-04,23910379.58,Active
A000261,C03609,BR042,Credit,2019-10-04,16931862.62,Active
A000262,C09085,BR030,Credit,2024-08-15,46012158.91,Active
A000263,C04170,BR033,Credit,2025-10-29,28326361.12,Active
A000264,C01168,BR045,Savings,2025-05-23,16062112.2,Active
A000265,C02200,BR008,Current,2024-12-10,150624272.78,Active
A000266,C02676,BR046,Credit,2025-07-06,19659534.98,Active
A000267,C07145,BR047,Savings,2025-12-25,3591163.16,Active
A000268,C03924,BR001,Current,2025-08-28,42679313.07,Active
A000269,C01809,BR039,Current,2019-02-16,49016460.69,Active
A000270,C02544,BR008,Savings,2024-10-03,12220531.85,Active
A000271,C04422,BR028,Savings,2022-12-04,65419834.28,Active
A000272,C08084,BR044,Savings,2026-03-31,11902564.24,Active
A000273,C07897,BR021,Current,2025-02-24,29029025.68,Active
A000274,C05472,BR034,Current,2024-09-20,12132297.47,Active
A000275,C09015,BR046,Savings,2025-12-04,61116723.89,Inactive
A000276,C02654,BR018,Current,2024-10-23,31112390.92,Active
A000277,C02027,BR039,Current,2021-04-22,34039688.84,Active
A000278,C00446,BR031,Current,2024-02-08,8765750.94,Inactive
A000279,C07953,BR046,Savings,2022-10-27,6286634.92,Active
A000280,C09238,BR007,Savings,2021-08-23,17787974.89,Closed
A000281,C04993,BR041,Savings,2025-01-05,46766528.83,Active
A000282,C06830,BR045,Current,2023-09-19,55360133.17,Inactive
A000283,C07752,BR037,Current,2023-08-11,18445461.31,Active
A000284,C08016,BR048,Current,2026-05-14,11552063.77,Active
A000285,C07767,BR025,Current,2026-06-13,95329346.5,Active
A000286,C08467,BR006,Savings,2022-11-12,75917456.73,Active
A000287,C05990,BR021,Savings,2020-11-06,123286804.86,Active
A000288,C01939,BR031,Current,2026-06-02,20549586.14,Active
A000289,C05548,BR043,Savings,2025-10-31,7534789.5,Active
A000290,C04923,BR039,Current,2025-11-10,37381915.63,Active
A000291,C00170,BR002,Credit,2025-08-21,6990460.42,Active
A000292,C01635,BR031,Current,2025-08-24,20915292.63,Active
A000293,C09759,BR049,Savings,2026-04-03,34346573.3,Active
A000294,C07828,BR033,Savings,2024-09-11,19761875.56,Active
A000295,C01882,BR018,Savings,2023-10-22,12512579.55,Active
A000296,C01402,BR028,Current,2026-06-29,9055444.42,Active
A000297,C06436,BR044,Credit,2026-04-07,174434002.43,Active
A000298,C08337,BR034,Current,2022-04-13,78653691.52,Active
A000299,C04783,BR010,Savings,2023-09-08,16711460.89,Active
A000300,C07928,BR037,Current,2025-02-17,31802364.82,Inactive
A000301,C05123,BR030,Current,2026-08-26,19741963.18,Active
A000302,C07738,BR046,Savings,2026-08-03,640556339.78,Active
A000303,C04914,BR041,Credit,2022-02-28,5908622.82,Active
A000304,C06681,BR049,Savings,2026-02-05,10150684.86,Active
A000305,C04627,BR048,Current,2026-01-26,20582182.06,Active
A000306,C00950,BR011,Savings,2025-09-21,186936744.61,Active
A000307,C09774,BR037,Savings,2019-12-30,7795470.22,Active
A000308,C07338,BR046,Current,2022-05-12,2948837.17,Active
A000309,C09452,BR017,Savings,2025-11-13,10068771.06,Active
A000310,C03566,BR022,Savings,2021-11-28,33654769.1,Inactive
A000311,C06263,BR050,Current,2026-03-13,4224638.64,Active
A000312,C03733,BR014,Savings,2024-07-31,5850424.88,Active
A000313,C01852,BR030,Savings,2024-02-17,16992720.9,Closed
A000314,C07738,BR037,Credit,2026-07-06,318988850.98,Active
A000315,C08671,BR043,Savings,2023-04-12,563127653.09,Active
A000316,C05262,BR020,Savings,2026-02-21,5612907.14,Active
A000317,C02629,BR040,Credit,2023-03-11,11565971.85,Closed
A000318,C09442,BR011,Current,2025-04-25,184685876.37,Active
A000319,C04597,BR038,Current,2026-06-16,5776126.18,Inactive
A000320,C05828,BR046,Savings,2026-07-31,48890350.13,Active
A000321,C09589,BR047,Savings,2025-08-24,6386054.4,Active
A000322,C00532,BR020,Savings,2026-08-27,29593521.32,Active
A000323,C06865,BR009,Savings,2024-09-28,11130436.61,Active
A000324,C07314,BR002,Savings,2025-10-20,6002185.15,Active
A000325,C04138,BR008,Savings,2026-06-07,10079775.23,Active
A000326,C02391,BR038,Current,2022-11-23,23196317.83,Active
A000327,C03830,BR044,Savings,2024-02-27,79617095.57,Active
A000328,C03645,BR038,Savings,2019-07-27,175029621.04,Active
A000329,C01046,BR022,Current,2025-10-12,47306241.85,Active
A000330,C04747,BR021,Savings,2026-04-28,5821894.18,Active
A000331,C05832,BR030,Savings,2024-01-06,5490585.43,Inactive
A000332,C03671,BR017,Savings,2019-07-17,5281526.59,Active
A000333,C01208,BR027,Current,2026-08-26,170472889.4,Active
A000334,C04957,BR007,Savings,2025-02-15,36285630.82,Active
A000335,C03125,BR043,Savings,2021-12-03,118425017.92,Active
A000336,C05139,BR021,Savings,2023-01-24,9699051.94,Active
A000337,C05150,BR014,Savings,2026-04-15,14867358.85,Active
A000338,C04772,BR049,Current,2026-01-27,46131435.02,Active
A000339,C08574,BR046,Savings,2026-02-12,69024318.32,Active
A000340,C01021,BR007,Savings,2025-02-02,18459103.58,Active
A000341,C05929,BR030,Current,2025-11-19,1787155.51,Active
A000342,C09935,BR034,Savings,2026-06-29,19027396.79,Active
A000343,C04709,BR006,Current,2025-02-08,31685168.63,Active
A000344,C09808,BR035,Current,2025-06-13,17952978.85,Active
A000345,C06087,BR002,Savings,2026-01-13,133031651.06,Inactive
A000346,C06964,BR050,Credit,2025-08-27,19959445.71,Active
A000347,C09956,BR045,Current,2024-10-22,5586393.27,Active
A000348,C02956,BR037,Current,2024-11-19,7382109.62,Active
A000349,C04130,BR038,Savings,2025-08-17,11601430.99,Active
A000350,C03737,BR036,Current,2026-05-31,35176632.89,Active
A000351,C04581,BR026,Credit,2026-03-12,189658654.25,Active
A000352,C06645,BR026,Current,2024-08-12,21601706.32,Active
A000353,C02176,BR038,Savings,2023-11-13,19125151.02,Active
A000354,C01448,BR005,Savings,2022-04-03,1245000196.27,Active
A000355,C03415,BR050,Savings,2022-08-27,14508089.33,Inactive
A000356,C04174,BR022,Credit,2026-07-12,3684900.29,Active
A000357,C00492,BR007,Savings,2026-04-25,25167326.18,Active
A000358,C09942,BR022,Credit,2022-10-04,357331986.14,Active
A000359,C09815,BR022,Credit,2022-05-20,131722175.84,Active
A000360,C07507,BR043,Savings,2026-06-17,46093111.81,Closed
A000361,C00754,BR047,Savings,2026-08-08,6312258.26,Active
A000362,C00664,BR038,Current,2026-07-29,6998355.09,Active
A000363,C00333,BR022,Current,2019-05-18,325168968.71,Active
A000364,C08251,BR023,Savings,2022-01-16,11544258.9,Inactive
A000365,C09157,BR035,Savings,2026-08-20,50308611.19,Active
A000366,C08253,BR002,Current,2026-04-19,13214317.3,Inactive
A000367,C09309,BR020,Current,2022-03-03,11640897.71,Active
A000368,C00561,BR040,Savings,2025-12-16,52571307.65,Active
A000369,C07361,BR007,Savings,2025-11-12,6662322.91,Active
A000370,C03370,BR023,Savings,2024-05-07,38573472.0,Active
A000371,C08858,BR030,Savings,2026-06-29,385911022.66,Active
A000372,C07301,BR041,Current,2025-04-05,39396280.64,Active
A000373,C02021,BR036,Current,2023-11-24,53204630.72,Active
A000374,C06747,BR036,Savings,2025-03-13,16052880.57,Active
A000375,C05766,BR018,Current,2025-11-16,11658077.8,Active
A000376,C07826,BR050,Savings,2025-05-15,15815544.2,Closed
A000377,C03236,BR041,Current,2023-03-27,13904793.87,Inactive
A000378,C00217,BR010,Savings,2025-10-08,25081991.43,Active
A000379,C09060,BR040,Savings,2026-03-23,51937158.64,Active
A000380,C05773,BR018,Savings,2024-11-30,18259367.12,Active
A000381,C04571,BR050,Current,2026-07-31,5915469.41,Active
A000382,C05434,BR013,Savings,2026-01-18,18816992.36,Active
A000383,C02294,BR038,Current,2026-06-20,2330238.95,Active
A000384,C09380,BR009,Savings,2024-05-15,27783284.15,Active
A000385,C08654,BR021,Current,2026-08-10,9141899.13,Active
A000386,C01027,BR011,Credit,2025-12-29,10424196.25,Active
A000387,C05854,BR030,Credit,2025-10-01,112587941.65,Active
A000388,C08519,BR024,Credit,2020-05-31,55745290.16,Active
A000389,C00198,BR022,Current,2019-07-29,541938587.23,Active
A000390,C09210,BR024,Savings,2025-03-07,16187857.96,Active
A000391,C02471,BR001,Savings,2025-05-09,75424784.39,Active
A000392,C02025,BR050,Savings,2024-06-13,26605058.07,Active
A000393,C08348,BR006,Savings,2026-01-25,7785516.25,Active
A000394,C07749,BR002,Savings,2024-04-12,24290334.0,Active
A000395,C05684,BR022,Current,2026-04-08,8692258.04,Active
A000396,C02162,BR040,Credit,2024-01-23,39344092.86,Active
A000397,C08610,BR044,Current,2024-08-20,413437999.09,Active
A000398,C00536,BR040,Savings,2026-03-25,25359627.52,Active
A000399,C03072,BR038,Savings,2025-04-24,227467861.12,Active
A000400,C06004,BR029,Savings,2024-07-10,26699157.0,Active
A000401,C04603,BR014,Current,2025-04-04,9782945.19,Active
A000402,C04689,BR014,Current,2023-05-29,17604798.96,Active
A000403,C08446,BR046,Savings,2026-07-01,327455214.77,Active
A000404,C03014,BR027,Savings,2023-11-15,9867112.0,Active
A000405,C09300,BR022,Current,2024-11-26,6531184.77,Active
A000406,C05528,BR015,Credit,2026-01-22,6053851.39,Active
A000407,C02716,BR018,Credit,2024-01-24,68700471.75,Active
A000408,C00837,BR021,Savings,2020-02-22,6721239.12,Active
A000409,C08286,BR047,Current,2024-08-13,57240732.01,Active
A000410,C04746,BR036,Savings,2025-05-08,17834511.51,Active
A000411,C02684,BR049,Savings,2022-09-09,157943133.16,Active
A000412,C09783,BR007,Savings,2026-02-03,11812022.74,Active
A000413,C09818,BR010,Current,2023-01-18,6024849.16,Active
A000414,C01893,BR007,Credit,2025-11-21,5262125.56,Active
A000415,C02043,BR035,Savings,2019-10-04,7254752.76,Active
A000416,C03132,BR033,Current,2023-02-22,19807696.94,Active
A000417,C04317,BR038,Current,2026-08-28,22736158.59,Closed
A000418,C06164,BR004,Savings,2025-07-14,24303176.44,Active
A000419,C00902,BR008,Savings,2025-10-22,106377597.77,Active
A000420,C04753,BR007,Savings,2026-07-31,79977088.87,Active
A000421,C05833,BR009,Credit,2023-07-26,39008647.53,Inactive
A000422,C01013,BR045,Savings,2026-01-02,20681156.57,Active
A000423,C05592,BR032,Savings,2026-08-18,111874820.66,Active
A000424,C01873,BR026,Savings,2020-03-27,5872683.96,Active
A000425,C09941,BR049,Savings,2020-06-17,157534953.36,Active
A000426,C03772,BR048,Savings,2023-08-16,97427504.16,Inactive
A000427,C04800,BR047,Savings,2026-07-10,29251147.13,Active
A000428,C06950,BR038,Current,2023-12-25,13167912.11,Active
A000429,C00482,BR006,Savings,2023-03-06,11644263.3,Active
A000430,C07049,BR013,Savings,2026-07-12,12689806.28,Active
A000431,C09356,BR040,Savings,2026-01-07,190441693.54,Active
A000432,C07378,BR028,Savings,2025-03-04,95459815.55,Active
A000433,C07800,BR043,Savings,2024-01-06,6033215.56,Inactive
A000434,C02503,BR007,Savings,2020-12-15,3307828.63,Active
A000435,C01022,BR029,Savings,2026-01-15,17880872.15,Active
A000436,C03921,BR029,Current,2026-07-24,355996039.97,Active
A000437,C08245,BR003,Current,2026-05-12,9498312.85,Active
A000438,C06017,BR030,Current,2024-02-17,5375722.07,Active
A000439,C03768,BR018,Credit,2026-05-02,97988238.24,Active
A000440,C08665,BR003,Current,2026-07-08,40000986.15,Active
A000441,C05804,BR036,Credit,2025-01-18,13421994.21,Active
A000442,C07518,BR007,Savings,2025-05-14,61560946.52,Active
A000443,C01505,BR018,Credit,2025-06-19,126198930.24,Active
A000444,C00855,BR020,Savings,2026-03-22,30680699.34,Active
A000445,C01748,BR021,Credit,2022-04-09,5409566.41,Active
A000446,C03799,BR044,Savings,2026-08-21,16937082.95,Active
A000447,C08470,BR029,Current,2026-03-23,4991785.47,Active
A000448,C09882,BR049,Savings,2026-02-14,3024270.23,Active
A000449,C02194,BR023,Credit,2020-02-01,22964460.15,Active
A000450,C08157,BR034,Current,2026-04-02,100151261.96,Inactive
A000451,C06929,BR011,Savings,2024-09-22,21510234.95,Active
A000452,C07393,BR006,Savings,2025-05-11,18513095.5,Active
A000453,C08768,BR006,Savings,2022-10-11,76424944.11,Active
A000454,C01493,BR040,Current,2019-11-15,8831274.69,Active
A000455,C03679,BR033,Current,2025-02-09,22668089.21,Active
A000456,C02885,BR017,Savings,2026-02-18,51006699.75,Active
A000457,C02272,BR028,Current,2024-08-01,10044919.61,Active
A000458,C01928,BR043,Savings,2025-06-14,6629026.98,Active
A000459,C08706,BR012,Credit,2025-04-03,36141545.23,Active
A000460,C02443,BR019,Savings,2026-07-09,43611264.25,Inactive
A000461,C07922,BR027,Savings,2024-02-01,17639293.89,Active
A000462,C08551,BR034,Current,2026-06-14,2708373.18,Closed
A000463,C01227,BR044,Savings,2026-04-13,21314477.58,Active
A000464,C09185,BR038,Savings,2021-11-14,25107851.58,Active
A000465,C08249,BR015,Current,2023-03-06,3559384.06,Active
A000466,C01355,BR047,Savings,2025-03-05,6853132.53,Active
A000467,C00332,BR021,Savings,2026-06-10,15987305.24,Active
A000468,C05365,BR029,Savings,2024-01-21,13373490.37,Active
A000469,C04055,BR031,Credit,2019-03-24,22731694.31,Active
A000470,C08019,BR049,Current,2024-11-26,13398472.98,Active
A000471,C09690,BR005,Credit,2024-02-16,41258857.73,Active
A000472,C05303,BR023,Current,2023-05-31,11601271.24,Active
A000473,C06035,BR022,Savings,2025-07-18,6832043.42,Active
A000474,C06412,BR012,Savings,2024-07-21,6406394.99,Active
A000475,C07932,BR039,Savings,2026-06-07,27015884.52,Active
A000476,C09690,BR001,Savings,2024-05-19,15359698.75,Active
A000477,C01404,BR037,Savings,2019-09-02,24903862.74,Active
A000478,C02522,BR036,Savings,2024-02-09,24496939.72,Active
A000479,C04883,BR037,Credit,2023-07-11,19455537.57,Active
A000480,C09034,BR044,Savings,2025-09-10,140592702.25,Active
A000481,C05556,BR006,Savings,2024-12-17,154691548.12,Active
A000482,C00943,BR047,Current,2022-06-24,7808390.42,Active
A000483,C08549,BR011,Savings,2022-06-27,59607291.43,Active
A000484,C07954,BR018,Savings,2022-10-16,161004344.79,Active
A000485,C03642,BR044,Credit,2024-06-30,185112598.66,Active
A000486,C00329,BR042,Savings,2026-07-10,11866716.36,Active
A000487,C06344,BR044,Savings,2021-06-18,67096375.88,Active
A000488,C07938,BR048,Current,2020-08-26,8530971.28,Active
A000489,C05495,BR032,Savings,2024-01-11,16109358.22,Active
A000490,C06595,BR008,Current,2026-08-20,17638198.28,Active
A000491,C02358,BR032,Savings,2024-10-29,28594964.76,Inactive
A000492,C05171,BR045,Savings,2023-03-04,662939765.93,Active
A000493,C05412,BR048,Current,2024-10-19,15967317.85,Closed
A000494,C05590,BR039,Savings,2025-04-20,71897764.42,Active
A000495,C02137,BR038,Savings,2023-08-09,45391743.43,Active
A000496,C09790,BR027,Savings,2026-06-17,246519528.3,Closed
A000497,C02134,BR021,Current,2022-03-23,37316801.06,Active
A000498,C02042,BR011,Savings,2026-08-20,11738672.83,Active
A000499,C01846,BR008,Savings,2022-04-11,17253050.61,Active
A000500,C06124,BR045,Savings,2025-12-30,6040807.21,Active
A000501,C07741,BR044,Savings,2025-11-09,37060534.54,Active
A000502,C04030,BR028,Savings,2026-07-31,132936388.95,Active
A000503,C07473,BR040,Current,2025-08-04,708668444.3,Inactive
A000504,C05373,BR024,Savings,2026-04-23,15320523.37,Active
A000505,C05178,BR030,Savings,2022-01-01,5618309.44,Inactive
A000506,C08061,BR018,Savings,2020-08-26,15534973.65,Active
A000507,C05786,BR001,Savings,2024-09-18,41010911.67,Active
A000508,C06720,BR033,Current,2024-01-23,270976787.9,Active
A000509,C03045,BR014,Current,2024-05-18,64092739.04,Active
A000510,C01146,BR049,Savings,2026-03-23,3975521.45,Active
A000511,C05670,BR023,Current,2026-08-28,29380790.63,Inactive
A000512,C09949,BR049,Savings,2020-08-25,12028510.71,Active
A000513,C00026,BR049,Current,2025-05-04,31896067.12,Active
A000514,C04295,BR027,Savings,2022-06-25,18782169.35,Active
A000515,C08426,BR029,Savings,2020-06-23,7398630.51,Active
A000516,C07141,BR036,Savings,2024-05-21,15715471.76,Active
A000517,C01447,BR001,Credit,2023-03-04,42722294.13,Active
A000518,C08351,BR019,Savings,2025-06-21,13312813.73,Active
A000519,C05541,BR035,Savings,2023-07-11,6554855.48,Active
A000520,C00666,BR029,Credit,2024-11-24,4208620.27,Active
A000521,C07276,BR030,Savings,2018-11-29,8087490.23,Inactive
A000522,C08271,BR025,Current,2025-05-09,60035211.68,Active
A000523,C04523,BR027,Savings,2024-09-03,28906009.36,Active
A000524,C01207,BR038,Credit,2024-10-29,6118829.3,Active
A000525,C04963,BR008,Savings,2023-04-06,51990016.5,Active
A000526,C09999,BR046,Savings,2024-12-28,31375272.64,Active
A000527,C09345,BR045,Current,2025-03-29,96857330.4,Active
A000528,C01733,BR001,Savings,2026-06-02,59648264.09,Active
A000529,C00741,BR007,Current,2024-08-03,16793353.79,Active
A000530,C07822,BR013,Credit,2023-10-03,25245329.3,Active
A000531,C05121,BR010,Savings,2025-08-25,76955689.2,Active
A000532,C01553,BR010,Current,2020-05-20,11007506.34,Active
A000533,C02512,BR016,Savings,2024-05-27,5412009.27,Active
A000534,C04893,BR038,Savings,2025-11-13,18932081.23,Active
A000535,C07129,BR035,Savings,2025-07-07,7761190.19,Closed
A000536,C04742,BR007,Savings,2025-11-01,48501394.09,Active
A000537,C04979,BR008,Savings,2023-08-16,12744595.42,Active
A000538,C07928,BR046,Savings,2025-12-18,9469945.37,Active
A000539,C03838,BR036,Current,2021-08-15,1845413126.43,Active
A000540,C03805,BR038,Current,2026-03-10,54983128.94,Active
A000541,C08156,BR038,Current,2021-07-24,21343665.77,Active
A000542,C09688,BR048,Current,2026-05-24,16851980.63,Active
A000543,C06893,BR017,Current,2025-03-22,102406664.38,Active
A000544,C09065,BR007,Current,2023-07-01,21143254.62,Active
A000545,C02588,BR038,Current,2026-06-04,148261806.72,Active
A000546,C04716,BR038,Savings,2025-09-28,18563681.45,Active
A000547,C06358,BR024,Savings,2022-08-25,93639629.98,Inactive
A000548,C04171,BR047,Savings,2026-05-26,83342663.31,Active
A000549,C09575,BR009,Savings,2025-02-09,13427648.73,Active
A000550,C07132,BR018,Savings,2025-08-10,7232696.28,Active
A000551,C05030,BR011,Savings,2025-09-08,76662967.61,Active
A000552,C05169,BR024,Savings,2025-03-22,94718922.68,Active
A000553,C06515,BR017,Savings,2026-03-30,20692717.91,Inactive
A000554,C04651,BR013,Current,2022-09-25,90760663.99,Active
A000555,C08217,BR049,Savings,2025-03-01,67962638.83,Active
A000556,C00726,BR022,Savings,2026-01-14,14330444.76,Active
A000557,C05126,BR038,Current,2025-04-08,54297277.93,Active
A000558,C09456,BR027,Current,2024-03-25,19271539.96,Active
A000559,C07132,BR018,Savings,2025-10-18,12567921.05,Inactive
A000560,C01869,BR022,Current,2024-12-19,90778211.14,Inactive
A000561,C07186,BR005,Savings,2026-06-06,161190801.38,Active
A000562,C04910,BR030,Credit,2021-12-16,8504224.78,Active
A000563,C03290,BR001,Current,2025-05-19,24177114.55,Active
A000564,C04582,BR039,Savings,2026-03-15,359423478.23,Active
A000565,C02383,BR036,Savings,2020-07-05,329264755.26,Active
A000566,C07786,BR038,Current,2024-10-01,12616556.23,Active
A000567,C02007,BR040,Current,2024-10-25,26158700.95,Active
A000568,C02910,BR047,Credit,2018-09-27,80864430.17,Active
A000569,C07000,BR029,Current,2024-05-29,30271705.94,Inactive
A000570,C03689,BR028,Savings,2026-04-22,55564486.65,Active
A000571,C04465,BR047,Current,2020-11-01,30338789.81,Active
A000572,C06283,BR033,Savings,2025-05-13,10611036.44,Active
A000573,C05335,BR021,Credit,2025-10-03,59247767.66,Active
A000574,C02191,BR005,Savings,2025-01-18,78260618.73,Active
A000575,C07453,BR037,Current,2024-05-01,6260006.12,Active
A000576,C03823,BR022,Savings,2025-02-26,16668227.91,Active
A000577,C08629,BR004,Current,2026-04-26,51881790.24,Active
A000578,C01086,BR032,Current,2019-11-16,27760552.82,Active
A000579,C01070,BR006,Savings,2025-02-21,234553970.97,Active
A000580,C03205,BR037,Savings,2025-03-08,9571984.82,Active
A000581,C02373,BR015,Current,2025-04-11,72371328.16,Active
A000582,C01971,BR038,Savings,2024-03-04,6504545.52,Active
A000583,C09614,BR045,Savings,2026-08-23,8678211.38,Active
A000584,C01514,BR007,Current,2025-05-01,41812998.16,Active
A000585,C03741,BR045,Savings,2025-08-03,32050749.11,Active
A000586,C05528,BR025,Savings,2024-12-04,44734074.37,Closed
A000587,C05583,BR006,Credit,2022-06-17,18497848.5,Active
A000588,C03451,BR016,Savings,2023-04-10,44887588.22,Active
A000589,C03819,BR040,Current,2020-11-24,40645874.44,Active
A000590,C05310,BR047,Current,2024-12-10,22373659.27,Active
A000591,C08142,BR048,Savings,2021-01-27,6149952.67,Closed
A000592,C08950,BR021,Current,2022-07-03,4230457.37,Active
A000593,C03829,BR032,Savings,2026-03-10,9672891.25,Active
A000594,C01607,BR047,Savings,2023-05-18,24733202.36,Active
A000595,C01954,BR020,Savings,2020-09-01,15036808.74,Active
A000596,C07573,BR050,Savings,2026-06-12,151886504.1,Active
A000597,C00233,BR024,Current,2025-08-10,178711001.43,Active
A000598,C08822,BR014,Savings,2026-06-06,57717294.71,Active
A000599,C01552,BR030,Credit,2025-12-02,12513034.61,Active
A000600,C04768,BR044,Current,2021-11-29,86363269.78,Active
A000601,C05219,BR045,Current,2023-07-12,4486044.04,Closed
A000602,C06741,BR028,Current,2025-09-29,10767591.42,Active
A000603,C03306,BR014,Current,2026-05-28,22565048.52,Active
A000604,C05197,BR028,Current,2026-07-18,19924207.17,Active
A000605,C00933,BR019,Savings,2024-02-13,56073265.06,Inactive
A000606,C05162,BR047,Savings,2022-01-30,12045069.36,Active
A000607,C05581,BR049,Savings,2026-08-26,10488523.0,Active
A000608,C08699,BR022,Current,2023-03-16,12004462.19,Active
A000609,C06458,BR019,Savings,2024-03-21,491037743.98,Active
A000610,C08732,BR041,Savings,2026-03-13,3108127.74,Active
A000611,C07161,BR017,Credit,2024-03-11,14133821.16,Active
A000612,C07144,BR040,Savings,2024-09-08,19846558.75,Active
A000613,C09001,BR029,Credit,2019-11-25,9503521.87,Active
A000614,C07924,BR007,Current,2023-02-21,10222424.28,Active
A000615,C00637,BR006,Savings,2020-12-01,10461843.11,Active
A000616,C00063,BR023,Current,2026-05-17,10224739.47,Active
A000617,C04143,BR049,Savings,2025-10-06,15070771.77,Active
A000618,C05523,BR050,Savings,2026-04-09,388050451.53,Inactive
A000619,C08048,BR037,Savings,2026-03-29,2794459.62,Active
A000620,C09232,BR038,Savings,2023-12-22,25288620.15,Active
A000621,C07310,BR002,Current,2022-06-20,11894202.47,Active
A000622,C01490,BR006,Savings,2026-08-25,70416016.29,Active
A000623,C07608,BR035,Savings,2023-01-24,5781894.34,Active
A000624,C09115,BR038,Savings,2022-10-05,7494718.66,Active
A000625,C00256,BR021,Credit,2023-12-03,12752445.0,Active
A000626,C08427,BR030,Current,2021-04-19,106834878.34,Active
A000627,C03848,BR014,Current,2025-05-31,20419483.23,Active
A000628,C00640,BR008,Savings,2026-07-04,7727382.27,Active
A000629,C09244,BR049,Current,2026-02-20,121019385.93,Active
A000630,C01674,BR010,Current,2024-12-28,7025532.72,Active
A000631,C09829,BR002,Savings,2022-11-18,44883547.5,Active
A000632,C06453,BR030,Savings,2026-07-26,58224609.88,Active
A000633,C09811,BR047,Savings,2020-05-03,170448737.79,Active
A000634,C05597,BR012,Credit,2025-10-18,24440598.13,Active
A000635,C02657,BR038,Credit,2021-12-18,54279363.6,Active
A000636,C07965,BR012,Savings,2025-11-09,20929658.25,Active
A000637,C04083,BR036,Current,2025-02-08,41115851.17,Active
A000638,C09113,BR027,Current,2026-06-13,57360646.87,Active
A000639,C00670,BR044,Savings,2019-10-03,41960368.21,Active
A000640,C08906,BR012,Savings,2023-11-27,154300279.15,Active
A000641,C05333,BR037,Savings,2025-04-05,4433874.44,Active
A000642,C05015,BR027,Savings,2024-11-30,21072570.67,Active
A000643,C01281,BR047,Savings,2025-05-20,14168141.51,Active
A000644,C02201,BR047,Current,2024-12-10,40544914.66,Active
A000645,C00476,BR029,Current,2024-10-04,894025559.56,Active
A000646,C01091,BR029,Credit,2019-07-07,23662153.7,Active
A000647,C09389,BR024,Credit,2024-08-18,19044769.95,Active
A000648,C03179,BR027,Current,2026-03-31,22527688.27,Active
A000649,C01989,BR038,Current,2023-12-10,15759870.99,Active
A000650,C01144,BR037,Savings,2021-10-15,76645401.95,Active
A000651,C01222,BR002,Current,2021-03-11,47565739.27,Active
A000652,C02641,BR037,Current,2022-04-05,52371474.16,Active
A000653,C03105,BR002,Current,2024-04-24,13392874.92,Active
A000654,C09607,BR040,Savings,2020-04-04,94478483.13,Active
A000655,C00813,BR029,Credit,2025-07-22,16012575.48,Active
A000656,C02359,BR049,Current,2025-12-28,25889506.32,Active
A000657,C02310,BR020,Savings,2022-03-27,11460447.27,Inactive
A000658,C09497,BR040,Current,2026-07-29,53936830.81,Active
A000659,C09824,BR046,Credit,2022-12-02,8233650.7,Active
A000660,C07263,BR031,Current,2022-09-29,351499067.48,Active
A000661,C00275,BR035,Savings,2025-11-04,38311543.54,Active
A000662,C01623,BR023,Current,2025-09-13,20681689.04,Closed
A000663,C03589,BR002,Current,2025-11-26,23493524.5,Active
A000664,C02008,BR038,Savings,2026-02-27,7201467.64,Active
A000665,C06674,BR029,Credit,2024-11-29,12132250.04,Inactive
A000666,C05130,BR050,Savings,2022-05-20,47520894.06,Active
A000667,C03333,BR038,Savings,2025-03-05,52031853.44,Active
A000668,C04198,BR046,Savings,2023-11-06,35056309.33,Active
A000669,C06865,BR009,Current,2018-08-07,4984923.46,Active
A000670,C00932,BR034,Savings,2026-02-16,34581392.42,Active
A000671,C02857,BR021,Savings,2025-11-10,68659392.06,Active
A000672,C01620,BR038,Savings,2020-02-08,14858624.69,Active
A000673,C09054,BR034,Savings,2025-05-29,9749834.31,Active
A000674,C05999,BR043,Savings,2026-05-28,44622707.34,Active
A000675,C01725,BR007,Current,2025-06-20,40638156.68,Active
A000676,C01930,BR028,Credit,2023-05-20,31332435.95,Active
A000677,C04644,BR047,Savings,2023-08-22,53683091.97,Active
A000678,C08495,BR005,Credit,2025-12-12,11923558.4,Active
A000679,C06591,BR037,Savings,2026-01-27,19246962.58,Active
A000680,C01990,BR018,Current,2026-06-18,26142691.69,Active
A000681,C02726,BR009,Savings,2025-03-28,9986791.22,Active
A000682,C07083,BR001,Savings,2019-05-01,90156099.98,Active
A000683,C05348,BR009,Savings,2023-03-21,18577724.24,Active
A000684,C08489,BR027,Current,2025-03-12,41991449.16,Active
A000685,C01787,BR036,Current,2026-07-19,27429603.89,Closed
A000686,C07625,BR038,Current,2026-06-20,4493396.55,Active
A000687,C09429,BR003,Current,2024-06-24,12643534.2,Inactive
A000688,C03441,BR005,Current,2025-12-08,41757466.59,Active
A000689,C09098,BR047,Current,2026-04-16,119067174.94,Inactive
A000690,C03797,BR028,Current,2026-07-31,31392621.51,Active
A000691,C08059,BR041,Credit,2023-05-08,16269545.56,Active
A000692,C09552,BR006,Savings,2025-12-27,66309800.93,Closed
A000693,C03379,BR013,Current,2024-04-03,15853432.45,Active
A000694,C03181,BR003,Current,2026-08-31,17728714.62,Active
A000695,C04585,BR028,Savings,2021-08-10,8988720.2,Active
A000696,C09016,BR047,Savings,2025-07-09,34087435.78,Inactive
A000697,C01427,BR023,Savings,2022-02-27,2909376.99,Active
A000698,C04283,BR029,Savings,2024-07-03,41338567.69,Active
A000699,C08876,BR031,Current,2026-07-03,22312413.8,Closed
A000700,C02944,BR050,Savings,2023-08-25,20046588.91,Active
A000701,C04023,BR026,Current,2025-08-27,41273032.12,Active
A000702,C00148,BR022,Savings,2020-08-02,33221558.84,Active
A000703,C05185,BR036,Savings,2022-11-08,3741720.38,Active
A000704,C00060,BR030,Current,2023-05-06,20397977.1,Active
A000705,C02123,BR035,Savings,2021-09-12,18966367.92,Active
A000706,C05012,BR034,Credit,2021-06-20,3754686.35,Active
A000707,C05915,BR010,Current,2024-01-02,102893181.59,Active
A000708,C01864,BR045,Savings,2025-07-08,10890292.97,Active
A000709,C03675,BR012,Savings,2026-03-28,7864663.52,Active
A000710,C06789,BR014,Current,2022-01-08,63347157.68,Active
A000711,C00163,BR030,Credit,2026-04-09,2127244.21,Active
A000712,C09211,BR033,Credit,2022-12-25,9346022.23,Active
A000713,C03777,BR049,Current,2025-07-15,8538749.3,Active
A000714,C00526,BR021,Savings,2020-12-05,23423321.2,Active
A000715,C09150,BR007,Savings,2021-06-28,71612206.35,Active
A000716,C07621,BR037,Savings,2025-01-02,25006737.79,Inactive
A000717,C03404,BR004,Current,2022-07-25,1951149.58,Active
A000718,C01105,BR047,Current,2025-04-24,7665821.05,Active
A000719,C05774,BR043,Current,2025-07-22,23402616.73,Active
A000720,C04336,BR034,Credit,2026-07-25,11716035.94,Active
A000721,C05202,BR001,Savings,2020-10-11,29500836.75,Active
A000722,C07237,BR011,Savings,2026-08-05,22619324.29,Active
A000723,C08419,BR005,Current,2025-05-03,26921867.45,Active
A000724,C02484,BR002,Savings,2023-09-30,8995629.31,Active
A000725,C08847,BR006,Savings,2023-05-18,8323580.69,Active
A000726,C05107,BR030,Current,2024-09-26,33144866.19,Active
A000727,C08009,BR023,Credit,2025-09-30,37999427.93,Active
A000728,C03933,BR048,Savings,2025-01-02,34322803.49,Active
A000729,C01998,BR023,Current,2022-11-16,76628091.64,Inactive
A000730,C04930,BR006,Savings,2026-01-02,194180698.4,Closed
A000731,C01793,BR042,Current,2020-03-18,7938314.19,Active
A000732,C01168,BR019,Current,2026-04-02,88338261.33,Active
A000733,C00001,BR032,Savings,2025-02-26,11244643.41,Active
A000734,C07963,BR041,Savings,2026-02-28,76044758.08,Active
A000735,C02573,BR023,Savings,2021-01-06,36304662.08,Active
A000736,C02350,BR027,Current,2021-11-06,12896372.78,Active
A000737,C07753,BR006,Current,2020-02-26,30276687.87,Active
A000738,C08043,BR038,Current,2026-08-27,130604592.58,Active
A000739,C05587,BR019,Current,2025-04-05,95317159.39,Active
A000740,C05343,BR018,Savings,2026-05-19,7083103.84,Active
A000741,C04089,BR023,Savings,2024-01-26,3885207.69,Active
A000742,C00099,BR036,Credit,2026-06-22,28097460.29,Active
A000743,C09166,BR043,Credit,2026-07-25,151114888.92,Active
A000744,C07672,BR030,Savings,2024-06-25,21624356.82,Active
A000745,C01231,BR002,Savings,2021-03-31,12957523.29,Closed
A000746,C06807,BR023,Savings,2024-02-13,5446445.95,Active
A000747,C07490,BR028,Current,2025-03-15,5923767.83,Inactive
A000748,C04650,BR048,Credit,2024-05-20,6907627.37,Active
A000749,C01891,BR021,Current,2023-10-17,12442419.57,Active
A000750,C08533,BR001,Current,2024-12-01,35480852.61,Active
A000751,C07546,BR036,Savings,2026-07-06,35035911.21,Active
A000752,C08070,BR034,Savings,2026-07-31,4011623.9,Active
A000753,C05420,BR021,Credit,2022-06-18,8614643.88,Active
A000754,C02333,BR033,Current,2021-05-05,8431050.56,Inactive
A000755,C04109,BR028,Savings,2024-01-30,1979380.07,Active
A000756,C07085,BR023,Savings,2025-09-09,23592926.88,Active
A000757,C01240,BR050,Credit,2026-02-06,12318748.15,Active
A000758,C08300,BR045,Current,2020-06-16,13701922.78,Active
A000759,C07745,BR030,Savings,2021-11-04,44024533.05,Active
A000760,C02257,BR038,Current,2025-06-04,85101353.82,Active
A000761,C05577,BR028,Savings,2026-07-22,247980169.81,Active
A000762,C08446,BR022,Savings,2026-08-29,119400211.15,Active
A000763,C02285,BR047,Savings,2021-10-19,167877899.63,Active
A000764,C03729,BR028,Current,2026-02-17,443681608.54,Active
A000765,C08842,BR034,Savings,2026-04-08,26033961.05,Active
A000766,C08086,BR031,Savings,2022-07-09,13351063.99,Active
A000767,C08180,BR048,Current,2026-02-27,14049179.62,Active
A000768,C05550,BR047,Savings,2026-06-28,86586259.08,Inactive
A000769,C05440,BR024,Savings,2026-08-01,8211646.41,Active
A000770,C01247,BR038,Savings,2023-01-06,53752141.31,Active
A000771,C05637,BR014,Savings,2026-07-09,45166421.09,Inactive
A000772,C00133,BR022,Savings,2025-09-06,326227797.21,Active
A000773,C09319,BR001,Savings,2020-12-08,53613909.09,Active
A000774,C01151,BR046,Credit,2026-01-28,5204087.19,Active
A000775,C06797,BR027,Savings,2026-05-13,4817061.88,Active
A000776,C04953,BR007,Savings,2024-11-20,5786239.83,Active
A000777,C06188,BR038,Savings,2026-03-02,87891038.11,Active
A000778,C02441,BR010,Savings,2025-03-08,1585770.69,Active
A000779,C05888,BR044,Savings,2025-05-24,9365277.32,Active
A000780,C08568,BR044,Savings,2026-07-27,46234655.34,Active
A000781,C08050,BR017,Current,2026-04-07,159131963.35,Active
A000782,C01754,BR021,Credit,2025-03-25,9981910.26,Active
A000783,C06007,BR007,Savings,2026-08-30,59067320.91,Active
A000784,C00796,BR011,Current,2022-04-05,23614089.97,Inactive
A000785,C05969,BR024,Savings,2024-02-12,31698368.27,Active
A000786,C05741,BR033,Savings,2025-05-03,9791751.89,Active
A000787,C02387,BR012,Current,2024-05-03,12435526.09,Active
A000788,C03396,BR021,Current,2025-05-18,9537605.12,Active
A000789,C09282,BR012,Savings,2025-04-30,5170506.48,Active
A000790,C04852,BR027,Current,2026-07-11,12581848.78,Active
A000791,C00751,BR032,Credit,2025-11-27,11837922.73,Active
A000792,C02809,BR008,Savings,2024-06-16,5471402.1,Active
A000793,C06226,BR022,Current,2026-06-08,25151434.97,Active
A000794,C06924,BR017,Current,2025-01-31,22080762.27,Active
A000795,C05790,BR002,Savings,2025-01-03,26170320.46,Active
A000796,C07671,BR029,Current,2025-02-16,8114023.95,Active
A000797,C03375,BR008,Current,2025-05-04,19955876.47,Active
A000798,C06589,BR005,Savings,2025-06-22,21800111.94,Active
A000799,C00737,BR034,Current,2026-03-29,8817690.87,Active
A000800,C06204,BR010,Savings,2021-09-17,7355995.5,Active
A000801,C03005,BR047,Savings,2024-02-20,5487143.12,Active
A000802,C03816,BR010,Current,2026-03-04,65976648.25,Active
A000803,C04318,BR037,Savings,2021-11-18,241327695.59,Active
A000804,C09979,BR028,Savings,2022-06-16,233591423.87,Active
A000805,C02005,BR025,Savings,2020-11-14,6272705.53,Active
A000806,C00493,BR030,Savings,2024-08-15,25269469.35,Inactive
A000807,C01926,BR023,Savings,2023-02-13,17223935.67,Closed
A000808,C03187,BR003,Current,2026-07-17,2752773.94,Active
A000809,C01854,BR028,Savings,2021-05-26,25480851.71,Active
A000810,C08765,BR041,Savings,2024-03-26,354941885.28,Active
A000811,C09304,BR029,Savings,2025-05-13,1873149.91,Active
A000812,C07302,BR012,Savings,2026-04-05,5581655.3,Active
A000813,C07570,BR002,Savings,2026-01-30,1536072.03,Active
A000814,C03271,BR014,Savings,2022-12-23,75892171.76,Inactive
A000815,C06798,BR028,Current,2023-12-21,160019710.82,Active
A000816,C05227,BR032,Savings,2022-04-30,16320970.28,Inactive
A000817,C01363,BR049,Current,2026-05-10,45679369.36,Active
A000818,C04284,BR012,Current,2021-12-16,143081133.7,Active
A000819,C05859,BR009,Savings,2021-01-22,58543382.46,Active
A000820,C09266,BR007,Credit,2025-08-22,37948076.43,Active
A000821,C00266,BR011,Savings,2021-05-25,10866620.45,Inactive
A000822,C03314,BR029,Current,2025-09-26,15822474.5,Active
A000823,C07373,BR047,Savings,2026-03-07,43551876.63,Active
A000824,C08233,BR029,Savings,2026-08-27,12472488.09,Active
A000825,C06258,BR038,Savings,2022-12-20,15760637.57,Active
A000826,C02705,BR036,Savings,2026-03-31,14014946.15,Active
A000827,C02220,BR002,Current,2025-12-09,43897309.1,Active
A000828,C04523,BR011,Current,2024-10-30,11518054.39,Active
A000829,C03696,BR007,Current,2022-09-21,7116251.2,Active
A000830,C09216,BR023,Savings,2026-05-14,7480961.85,Active
A000831,C02549,BR019,Savings,2023-09-07,126544854.31,Active
A000832,C05397,BR049,Savings,2025-04-03,29958999.06,Inactive
A000833,C00534,BR016,Savings,2025-05-29,69490935.22,Active
A000834,C03982,BR005,Current,2021-07-24,43382251.14,Active
A000835,C00135,BR025,Savings,2022-05-29,18956160.25,Active
A000836,C06504,BR022,Credit,2025-06-26,14130928.27,Active
A000837,C00954,BR033,Savings,2020-10-14,14575206.18,Active
A000838,C04622,BR021,Savings,2025-06-02,6582394.12,Active
A000839,C05800,BR002,Savings,2026-08-09,7556003.65,Active
A000840,C09207,BR041,Savings,2025-01-01,69783630.6,Inactive
A000841,C08784,BR005,Savings,2024-01-22,18635504.87,Active
A000842,C03680,BR039,Savings,2026-06-16,32026708.99,Active
A000843,C08510,BR028,Savings,2025-08-09,85355003.15,Active
A000844,C03964,BR035,Savings,2024-11-19,206225155.07,Closed
A000845,C07384,BR016,Savings,2026-06-21,246082106.21,Closed
A000846,C05899,BR026,Savings,2024-11-05,661259880.01,Active
A000847,C07736,BR038,Current,2026-08-09,39966249.18,Active
A000848,C00682,BR049,Current,2025-02-11,6790193.13,Active
A000849,C02502,BR008,Savings,2025-12-13,5981617.72,Inactive
A000850,C00948,BR046,Credit,2023-08-13,22701452.34,Active
A000851,C09927,BR026,Current,2024-03-22,31286283.24,Active
A000852,C08079,BR014,Savings,2024-12-30,11890654.15,Inactive
A000853,C00976,BR030,Current,2024-08-12,27799102.2,Closed
A000854,C02193,BR045,Credit,2026-06-04,46467286.13,Active
A000855,C05026,BR011,Savings,2025-08-21,285590976.26,Active
A000856,C07079,BR014,Current,2025-04-27,8918205.64,Active
A000857,C09069,BR003,Savings,2025-08-25,100118027.97,Active
A000858,C02081,BR050,Credit,2023-05-25,37733421.9,Active
A000859,C08112,BR041,Savings,2025-12-16,13058343.56,Active
A000860,C05315,BR038,Savings,2025-10-29,14904305.97,Inactive
A000861,C02118,BR034,Credit,2023-12-10,342251538.82,Active
A000862,C01236,BR018,Savings,2026-07-31,16100542.71,Active
A000863,C05824,BR014,Savings,2025-02-21,7693980.86,Active
A000864,C00258,BR015,Savings,2025-04-29,8385095.69,Inactive
A000865,C06373,BR020,Credit,2026-05-15,8251188.02,Active
A000866,C05124,BR028,Current,2022-07-26,95761208.68,Active
A000867,C00223,BR029,Savings,2026-08-26,19717655.62,Active
A000868,C03573,BR022,Current,2021-04-12,30685068.32,Active
A000869,C03395,BR045,Credit,2025-11-28,28363362.72,Active
A000870,C06605,BR030,Current,2024-12-16,12158794.23,Closed
A000871,C06218,BR027,Savings,2023-07-02,7840056.25,Closed
A000872,C01703,BR002,Savings,2023-03-31,134699569.08,Active
A000873,C07355,BR039,Current,2026-08-12,125119934.13,Active
A000874,C02579,BR050,Savings,2021-04-10,17849700.24,Active
A000875,C03331,BR031,Savings,2022-02-14,1412875341.79,Active
A000876,C04906,BR050,Savings,2022-06-27,14686222.13,Active
A000877,C09847,BR049,Savings,2022-09-29,66833446.14,Active
A000878,C02739,BR034,Savings,2024-07-05,10893827.41,Active
A000879,C04904,BR018,Current,2026-05-13,4303153.11,Inactive
A000880,C05936,BR032,Current,2024-11-27,25460345.73,Active
A000881,C04588,BR012,Current,2023-05-24,13786114.74,Active
A000882,C06059,BR027,Credit,2020-03-04,114317367.24,Active
A000883,C01212,BR038,Current,2026-01-10,65467419.24,Active
A000884,C08050,BR026,Savings,2021-05-13,60855390.11,Active
A000885,C04180,BR001,Current,2025-01-19,15571160.74,Active
A000886,C05016,BR007,Savings,2022-05-08,22041047.2,Active
A000887,C02369,BR027,Savings,2026-08-28,17142104.92,Active
A000888,C04878,BR025,Current,2024-07-18,8348543.57,Closed
A000889,C04860,BR041,Savings,2026-08-24,480941779.86,Active
A000890,C09040,BR025,Savings,2024-05-08,28132549.67,Active
A000891,C07031,BR048,Current,2024-08-04,41239630.42,Active
A000892,C09346,BR035,Savings,2024-07-16,11786852.46,Inactive
A000893,C08230,BR042,Current,2020-03-08,224922128.24,Active
A000894,C08985,BR034,Savings,2026-01-04,8421200.94,Active
A000895,C03071,BR007,Current,2024-03-01,15821756.8,Inactive
A000896,C03704,BR030,Savings,2023-08-14,1837711.91,Active
A000897,C09718,BR022,Savings,2026-02-21,28353054.98,Active
A000898,C08561,BR021,Savings,2025-07-28,17014470.69,Active
A000899,C02637,BR015,Savings,2024-02-27,934791399.4,Active
A000900,C06979,BR026,Current,2026-08-29,5045145.31,Active
A000901,C06483,BR042,Current,2022-10-15,15921994.43,Active
A000902,C06794,BR027,Credit,2022-05-01,11105893.06,Active
A000903,C08712,BR007,Savings,2024-02-15,750247834.9,Inactive
A000904,C02646,BR028,Current,2022-08-23,5662171.96,Active
A000905,C05487,BR038,Current,2024-12-15,21159993.92,Inactive
A000906,C00819,BR046,Current,2018-09-23,50624879.94,Active
A000907,C01595,BR018,Current,2019-10-04,93517936.49,Active
A000908,C07424,BR030,Savings,2022-11-10,83954784.26,Inactive
A000909,C09145,BR028,Savings,2023-10-06,12263494.74,Active
A000910,C00038,BR022,Current,2024-07-28,512952183.61,Active
A000911,C02558,BR032,Current,2022-05-19,15533086.92,Active
A000912,C07252,BR026,Current,2023-05-01,13488064.18,Active
A000913,C07694,BR039,Current,2024-03-08,11278711.08,Active
A000914,C00473,BR046,Current,2025-07-31,15960691.42,Active
A000915,C02085,BR009,Savings,2025-07-01,17915836.45,Active
A000916,C02155,BR047,Credit,2020-05-02,6798734.81,Active
A000917,C06556,BR033,Current,2026-02-17,62639543.76,Active
A000918,C04330,BR013,Savings,2021-06-08,6448847.58,Closed
A000919,C00494,BR041,Credit,2026-08-03,14529395.35,Active
A000920,C03459,BR022,Savings,2022-01-22,9338862.32,Closed
A000921,C06619,BR006,Current,2021-10-17,27790013.22,Active
A000922,C04371,BR027,Savings,2026-07-27,25693339.2,Active
A000923,C07146,BR008,Savings,2026-07-05,7169610.65,Active
A000924,C02560,BR002,Savings,2024-04-03,14972337.39,Inactive
A000925,C02773,BR020,Savings,2020-11-01,125084341.3,Active
A000926,C09684,BR009,Current,2025-12-14,13037157.44,Active
A000927,C00030,BR044,Savings,2026-06-28,195460660.6,Inactive
A000928,C00108,BR016,Current,2024-05-04,6259669.44,Inactive
A000929,C08962,BR048,Savings,2025-09-11,29709422.47,Active
A000930,C09746,BR015,Savings,2021-09-12,30883458.59,Active
A000931,C04541,BR017,Current,2025-08-17,12701144.68,Active
A000932,C05685,BR027,Savings,2022-08-15,646028242.65,Active
A000933,C08775,BR005,Savings,2020-05-27,10038013.78,Active
A000934,C09466,BR022,Savings,2022-10-17,202616471.72,Active
A000935,C03073,BR030,Current,2025-05-04,13230097.62,Inactive
A000936,C07994,BR007,Savings,2025-12-26,16801555.14,Active
A000937,C00007,BR022,Current,2024-08-24,270837490.66,Active
A000938,C07635,BR017,Current,2022-10-22,45815212.5,Active
A000939,C07495,BR035,Savings,2024-11-02,6420300.36,Active
A000940,C05047,BR023,Savings,2024-10-09,48794542.0,Active
A000941,C03957,BR019,Savings,2026-04-27,20595383.28,Active
A000942,C04558,BR005,Current,2023-05-05,123703996.37,Active
A000943,C01201,BR028,Current,2026-02-07,11526935.92,Active
A000944,C06779,BR027,Credit,2024-07-12,5267073.22,Active
A000945,C09699,BR029,Savings,2025-03-07,31577941.2,Closed
A000946,C05533,BR029,Current,2026-08-04,99485557.26,Active
A000947,C09057,BR022,Savings,2026-02-11,44582837.15,Active
A000948,C04945,BR015,Current,2022-01-06,12845957.17,Active
A000949,C04514,BR007,Credit,2023-07-08,59654206.72,Active
A000950,C05874,BR040,Savings,2022-05-28,1062525333.49,Active
A000951,C06489,BR038,Savings,2023-04-30,305012436.08,Active
A000952,C07113,BR026,Savings,2026-08-29,15112586.54,Active
A000953,C08211,BR015,Savings,2023-10-23,47233169.38,Active
A000954,C00975,BR028,Current,2024-02-21,28687882.22,Active
A000955,C04801,BR007,Savings,2026-08-28,66967822.2,Active
A000956,C03042,BR004,Savings,2022-10-11,565292566.99,Active
A000957,C04481,BR005,Current,2024-08-04,12190164.3,Active
A000958,C03656,BR037,Current,2026-06-10,52418596.09,Active
A000959,C08144,BR006,Savings,2025-06-15,8571635.86,Active
A000960,C02379,BR006,Savings,2025-11-06,22031515.06,Active
A000961,C05600,BR019,Current,2025-03-08,56822663.73,Active
A000962,C01580,BR007,Savings,2023-08-30,11975285.11,Active
A000963,C04373,BR013,Savings,2026-08-22,10787690.09,Active
A000964,C09680,BR038,Savings,2023-09-23,27083824.13,Active
A000965,C06819,BR013,Savings,2023-06-07,31272549.28,Active
A000966,C01338,BR009,Savings,2024-04-07,23435249.18,Active
A000967,C01657,BR046,Savings,2024-07-24,13758590.98,Active
A000968,C00676,BR046,Savings,2024-09-14,16780109.49,Active
A000969,C08451,BR032,Savings,2024-08-14,30760378.7,Active
A000970,C08969,BR019,Savings,2025-10-06,31547661.66,Active
A000971,C08654,BR039,Savings,2024-05-25,1743386.87,Active
A000972,C00572,BR019,Savings,2025-02-22,12064562.83,Active
A000973,C03262,BR038,Savings,2025-04-14,68377613.34,Active
A000974,C04788,BR042,Savings,2021-06-24,127804714.32,Active
A000975,C08895,BR049,Credit,2024-12-08,14219774.22,Active
A000976,C01502,BR017,Savings,2024-10-02,26666201.6,Active
A000977,C04243,BR016,Savings,2024-10-17,6328869.23,Active
A000978,C07177,BR033,Current,2023-12-29,18469003.0,Active
A000979,C09433,BR018,Current,2024-10-09,30821568.59,Active
A000980,C00922,BR037,Current,2020-08-25,4611457.21,Active
A000981,C01396,BR012,Credit,2025-08-11,112052215.86,Active
A000982,C04297,BR042,Savings,2026-08-12,184130876.06,Active
A000983,C02888,BR026,Savings,2023-10-09,80075820.85,Inactive
A000984,C01684,BR042,Savings,2024-10-14,44796990.45,Active
A000985,C06895,BR029,Savings,2025-11-12,70772253.88,Inactive
A000986,C08215,BR034,Current,2024-08-25,84833311.2,Active
A000987,C01884,BR027,Current,2026-06-08,21339935.99,Active
A000988,C03845,BR022,Savings,2026-05-31,49828089.97,Active
A000989,C01866,BR040,Savings,2026-05-16,10248910.69,Inactive
A000990,C05442,BR030,Credit,2026-04-26,118619811.94,Active
A000991,C04215,BR020,Savings,2023-03-05,5334029.05,Active
A000992,C01013,BR019,Savings,2023-08-08,10774364.23,Active
A000993,C06758,BR017,Savings,2026-05-25,20275711.25,Active
A000994,C00520,BR046,Current,2024-03-04,26077169.35,Active
A000995,C01906,BR027,Savings,2025-06-02,191587988.52,Inactive
A000996,C03393,BR049,Credit,2025-01-14,58760652.01,Active
A000997,C08928,BR018,Savings,2025-06-12,48254809.89,Active
A000998,C03020,BR003,Savings,2025-11-20,37999655.61,Active
A000999,C02229,BR044,Credit,2021-06-30,17722162.5,Inactive
A001000,C05974,BR029,Savings,2024-06-10,2506115.84,Closed
A001001,C06585,BR001,Savings,2024-09-03,463969778.73,Active
A001002,C05591,BR027,Savings,2024-02-08,14762718.05,Active
A001003,C08685,BR028,Credit,2025-11-05,11681385.06,Active
A001004,C08308,BR021,Savings,2023-04-16,9876540.12,Inactive
A001005,C07420,BR038,Savings,2026-05-29,20270037.91,Active
A001006,C08907,BR044,Credit,2023-09-13,20436372.37,Active
A001007,C07099,BR047,Savings,2024-02-25,32090258.15,Active
A001008,C02019,BR015,Current,2022-01-17,7150630.04,Active
A001009,C03823,BR046,Savings,2026-01-29,11682059.61,Active
A001010,C00484,BR032,Credit,2026-02-27,76133378.3,Active
A001011,C08237,BR028,Savings,2018-09-02,17952380.2,Active
A001012,C01224,BR013,Savings,2024-10-06,13066225.6,Active
A001013,C01661,BR020,Credit,2020-04-08,41383994.46,Active
A001014,C01590,BR017,Savings,2024-08-25,22483858.37,Active
A001015,C05526,BR009,Savings,2024-06-22,798510189.29,Inactive
A001016,C00213,BR029,Current,2023-08-15,30196327.7,Active
A001017,C01853,BR007,Current,2023-08-14,12194798.52,Active
A001018,C09601,BR019,Savings,2022-11-29,20026412.51,Active
A001019,C04691,BR037,Current,2026-02-23,1333097823.96,Active
A001020,C07219,BR011,Savings,2022-10-10,169295251.21,Active
A001021,C02243,BR050,Savings,2023-09-28,8010234.27,Active
A001022,C02344,BR008,Current,2021-03-21,1956674.11,Active
A001023,C09321,BR033,Current,2026-08-20,19019565.39,Active
A001024,C08912,BR038,Current,2023-11-18,28414645.6,Active
A001025,C08917,BR022,Savings,2026-05-14,6275609.47,Inactive
A001026,C03648,BR037,Current,2019-09-13,14894895.69,Active
A001027,C08834,BR041,Savings,2025-11-06,12147105.95,Active
A001028,C02815,BR014,Current,2025-07-26,16305121.47,Active
A001029,C06711,BR047,Current,2025-12-20,54638525.75,Active
A001030,C07727,BR033,Credit,2024-03-03,42117317.54,Active
A001031,C08869,BR011,Savings,2025-02-22,393983196.14,Active
A001032,C07688,BR011,Current,2024-01-10,7424881.26,Active
A001033,C09105,BR037,Savings,2025-01-26,31250017.12,Closed
A001034,C07383,BR030,Current,2025-05-04,5455913.82,Active
A001035,C00640,BR029,Credit,2026-08-14,41915081.53,Active
A001036,C08705,BR017,Credit,2024-09-21,33145194.39,Active
A001037,C06662,BR049,Savings,2026-03-26,211636322.44,Active
A001038,C05428,BR046,Savings,2023-11-23,13216328.9,Active
A001039,C08522,BR002,Savings,2024-06-13,56528608.14,Active
A001040,C01403,BR049,Savings,2026-07-27,84846340.98,Active
A001041,C06262,BR023,Current,2024-07-16,75408566.62,Active
A001042,C08364,BR040,Savings,2022-06-18,8898308.23,Inactive
A001043,C09109,BR013,Savings,2023-04-29,9632584.31,Active
A001044,C02995,BR020,Savings,2022-12-24,11189232.4,Active
A001045,C01844,BR016,Savings,2023-01-18,137267311.74,Active
A001046,C05659,BR009,Savings,2026-06-15,128586385.27,Active
A001047,C06471,BR038,Savings,2026-06-17,14385381.12,Active
A001048,C06061,BR004,Credit,2025-12-02,11720593.53,Active
A001049,C05155,BR008,Current,2025-11-04,6170419.79,Active
A001050,C05253,BR013,Savings,2022-12-20,5928384.92,Active
A001051,C04275,BR046,Savings,2026-03-10,70582443.76,Active
A001052,C03425,BR038,Savings,2026-06-12,9081544.08,Active
A001053,C05923,BR038,Savings,2019-03-21,24446154.33,Active
A001054,C07524,BR047,Savings,2023-07-07,17084263.51,Inactive
A001055,C02151,BR038,Savings,2020-04-20,1628891.03,Active
A001056,C05725,BR033,Current,2024-10-28,280547264.28,Active
A001057,C01811,BR032,Current,2026-08-08,25927842.31,Active
A001058,C09156,BR002,Savings,2023-12-28,46742673.49,Active
A001059,C04951,BR008,Credit,2026-06-21,14663435.26,Active
A001060,C08510,BR028,Credit,2025-10-16,35787485.94,Active
A001061,C00177,BR007,Savings,2024-06-13,287258058.3,Active
A001062,C05813,BR010,Savings,2025-04-16,7256691.69,Active
A001063,C07861,BR042,Savings,2025-02-27,9870820.73,Active
A001064,C02950,BR040,Savings,2026-04-29,8367886.46,Active
A001065,C08449,BR002,Current,2023-02-17,15996240.43,Active
A001066,C08547,BR020,Savings,2026-07-06,208773135.17,Active
A001067,C00876,BR036,Savings,2023-07-08,62774551.5,Active
A001068,C02532,BR032,Current,2026-08-31,10900986.46,Active
A001069,C05099,BR049,Current,2024-09-10,20300740.98,Active
A001070,C06937,BR014,Current,2024-05-04,16015780.72,Closed
A001071,C02670,BR012,Current,2023-10-23,6839829.4,Active
A001072,C04129,BR036,Savings,2022-02-05,104177342.24,Active
A001073,C06122,BR047,Current,2026-04-06,44623376.16,Active
A001074,C09939,BR021,Savings,2024-10-26,17450056.4,Active
A001075,C07843,BR006,Savings,2024-12-23,53173017.4,Active
A001076,C03413,BR045,Savings,2026-07-09,922990114.87,Active
A001077,C00336,BR046,Savings,2023-11-19,84718125.35,Closed
A001078,C01157,BR017,Savings,2026-05-30,19468953.83,Active
A001079,C05870,BR029,Current,2026-05-17,230560876.61,Active
A001080,C05663,BR021,Savings,2024-10-19,7036615.74,Active
A001081,C08769,BR022,Savings,2026-05-19,57225680.59,Active
A001082,C09298,BR038,Savings,2024-11-19,12527925.0,Active
A001083,C08837,BR019,Savings,2026-05-06,50794678.51,Active
A001084,C02973,BR043,Savings,2021-06-13,14937411.77,Inactive
A001085,C07353,BR018,Credit,2025-07-30,19651136.6,Inactive
A001086,C08431,BR028,Credit,2025-10-06,340524293.37,Active
A001087,C00884,BR036,Savings,2026-05-14,9801890.77,Active
A001088,C08772,BR038,Savings,2026-05-22,12085498.74,Active
A001089,C04497,BR038,Savings,2024-11-17,45210950.43,Active
A001090,C03728,BR026,Savings,2024-12-19,2355419.9,Active
A001091,C01810,BR034,Savings,2025-07-24,5567117.67,Active
A001092,C04975,BR049,Savings,2025-05-08,195890491.65,Active
A001093,C06525,BR044,Current,2024-11-09,37606814.85,Active
A001094,C06735,BR038,Savings,2026-04-14,50200946.92,Active
A001095,C07568,BR011,Savings,2024-11-14,41025416.26,Active
A001096,C00662,BR013,Savings,2024-04-02,24087081.24,Active
A001097,C06951,BR045,Current,2026-04-28,9005242.85,Active
A001098,C07391,BR006,Current,2024-12-19,43645129.47,Active
A001099,C06234,BR036,Credit,2024-02-18,26320173.19,Active
A001100,C00870,BR018,Savings,2026-08-27,358315714.83,Inactive
A001101,C04249,BR004,Savings,2026-02-18,8674141.54,Active
A001102,C01572,BR014,Current,2022-08-17,283809993.42,Active
A001103,C09155,BR037,Savings,2019-12-25,10639517.35,Active
A001104,C04643,BR017,Savings,2026-04-20,6357048.96,Active
A001105,C06669,BR030,Savings,2026-03-03,307847897.41,Inactive
A001106,C01456,BR014,Savings,2024-07-05,28195599.11,Active
A001107,C09294,BR008,Savings,2024-11-14,39663312.21,Active
A001108,C04210,BR013,Savings,2022-08-01,5635662.92,Active
A001109,C02726,BR003,Current,2025-10-15,17336263.48,Active
A001110,C09753,BR034,Current,2026-06-03,22757008.24,Active
A001111,C05927,BR030,Current,2021-06-02,18627806.17,Active
A001112,C02003,BR049,Savings,2026-03-21,5928382.68,Active
A001113,C06517,BR001,Savings,2024-03-17,35461592.81,Active
A001114,C09693,BR018,Savings,2024-06-27,16531873.87,Active
A001115,C06073,BR027,Credit,2022-07-08,6987193.49,Active
A001116,C01141,BR032,Savings,2025-08-25,3400252.76,Inactive
A001117,C04240,BR045,Savings,2023-12-13,122326438.18,Active
A001118,C09494,BR002,Savings,2025-12-05,106528737.92,Active
A001119,C06050,BR017,Savings,2021-04-27,6658184.05,Active
A001120,C02290,BR020,Savings,2026-03-31,90137796.35,Active
A001121,C01047,BR045,Savings,2020-03-03,36468469.01,Active
A001122,C07803,BR041,Savings,2025-12-06,32893334.83,Active
A001123,C00924,BR023,Savings,2024-10-15,10217324.77,Active
A001124,C08504,BR033,Savings,2022-11-30,7537745.84,Inactive
A001125,C00917,BR043,Current,2026-05-31,769448873.86,Active
A001126,C05020,BR045,Savings,2023-10-04,43313668.57,Active
A001127,C05312,BR008,Current,2026-08-06,17035156.07,Active
A001128,C00006,BR001,Savings,2022-11-18,44381059.31,Active
A001129,C04317,BR038,Credit,2026-03-16,10525674.37,Active
A001130,C02111,BR030,Current,2024-10-02,9058027.58,Active
A001131,C08072,BR046,Savings,2025-08-27,6863620.77,Active
A001132,C01469,BR033,Savings,2021-05-22,13824185.64,Inactive
A001133,C02829,BR044,Savings,2026-08-26,23757811.67,Active
A001134,C08667,BR022,Savings,2026-02-07,22203638.16,Active
A001135,C02485,BR040,Savings,2025-07-07,14901536.22,Active
A001136,C01202,BR001,Savings,2023-06-27,15700511.17,Active
A001137,C08209,BR050,Savings,2024-07-09,14052629.97,Active
A001138,C01626,BR012,Current,2025-10-05,5313660.57,Active
A001139,C09067,BR034,Savings,2022-07-06,17050134.95,Active
A001140,C00916,BR026,Current,2023-10-14,9404137.32,Active
A001141,C04717,BR037,Current,2025-02-28,5104771.17,Inactive
A001142,C09461,BR025,Savings,2026-08-27,20178438.93,Active
A001143,C07192,BR013,Savings,2023-04-16,9195058.06,Active
A001144,C02986,BR041,Current,2025-06-21,17997868.57,Active
A001145,C07987,BR030,Current,2026-05-24,144802841.77,Inactive
A001146,C08843,BR035,Savings,2023-02-19,7013656.83,Active
A001147,C04349,BR046,Savings,2026-01-06,16147209.15,Active
A001148,C06874,BR047,Current,2024-11-14,3524405.94,Active
A001149,C04081,BR037,Current,2025-12-30,51114932.39,Active
A001150,C03831,BR020,Current,2025-12-23,5057119.25,Active
A001151,C09000,BR048,Current,2025-11-03,9936297.55,Active
A001152,C02844,BR028,Current,2021-05-17,43761486.38,Inactive
A001153,C06418,BR012,Current,2023-09-02,12433965.24,Active
A001154,C00420,BR029,Current,2024-02-17,5755362.63,Active
A001155,C08101,BR010,Current,2026-05-22,26536172.09,Active
A001156,C07670,BR050,Current,2024-06-06,26061944.13,Closed
A001157,C01173,BR033,Savings,2019-12-14,9038571.39,Active
A001158,C07404,BR017,Savings,2025-06-26,9856281.67,Active
A001159,C00854,BR040,Savings,2019-08-07,58982474.37,Active
A001160,C08626,BR032,Current,2026-05-04,12710533.16,Active
A001161,C06362,BR038,Savings,2020-10-10,3299177.98,Active
A001162,C06728,BR047,Savings,2026-03-11,12973529.8,Active
A001163,C07818,BR010,Credit,2025-07-13,62500937.69,Active
A001164,C07522,BR001,Savings,2024-03-04,7324861.36,Active
A001165,C05105,BR044,Savings,2026-01-29,219453042.38,Active
A001166,C08489,BR044,Credit,2024-10-23,5819160.87,Active
A001167,C01856,BR015,Savings,2022-06-04,24478122.08,Active
A001168,C07506,BR039,Credit,2024-03-25,39275781.72,Active
A001169,C04289,BR042,Credit,2026-08-03,899813415.59,Active
A001170,C08711,BR028,Current,2026-04-06,5526980.97,Active
A001171,C01003,BR034,Current,2023-01-24,22373642.36,Inactive
A001172,C08957,BR041,Savings,2025-03-18,47230989.22,Active
A001173,C09582,BR007,Current,2024-01-06,526190671.63,Active
A001174,C08047,BR004,Savings,2021-06-06,21994181.65,Inactive
A001175,C00183,BR005,Current,2024-05-08,10285510.3,Active
A001176,C03238,BR021,Current,2025-03-05,93326445.29,Inactive
A001177,C06702,BR028,Savings,2026-06-23,40330368.46,Active
A001178,C06928,BR037,Current,2026-06-01,19503957.15,Inactive
A001179,C02490,BR034,Savings,2026-04-20,33389260.47,Active
A001180,C01375,BR022,Credit,2025-01-13,10414685.34,Active
A001181,C09606,BR031,Savings,2025-11-02,186516985.85,Active
A001182,C08999,BR014,Savings,2026-05-22,19449956.96,Active
A001183,C09124,BR045,Savings,2025-11-28,16499001.5,Active
A001184,C00227,BR008,Savings,2020-01-07,9629562.31,Active
A001185,C03093,BR027,Savings,2026-08-15,38819765.83,Active
A001186,C03978,BR023,Savings,2026-08-28,256137767.28,Active
A001187,C01501,BR019,Current,2023-06-07,41206726.17,Active
A001188,C07857,BR032,Savings,2021-01-20,47566251.05,Active
A001189,C01887,BR042,Current,2019-02-02,62235916.34,Active
A001190,C08482,BR038,Current,2023-09-07,56368374.56,Active
A001191,C06286,BR036,Savings,2023-09-04,71706759.16,Active
A001192,C01452,BR002,Savings,2026-05-25,15470094.83,Active
A001193,C05673,BR025,Savings,2021-04-03,47127939.72,Active
A001194,C09885,BR050,Savings,2024-05-26,180936719.17,Active
A001195,C03131,BR021,Savings,2026-05-02,23076752.16,Active
A001196,C07016,BR038,Savings,2020-08-23,4773600.24,Inactive
A001197,C07082,BR024,Savings,2025-01-21,3886980.85,Active
A001198,C09426,BR036,Savings,2023-03-23,424241704.39,Inactive
A001199,C09295,BR048,Savings,2022-06-03,30333744.28,Active
A001200,C05043,BR047,Current,2024-09-20,14074949.16,Active
A001201,C09788,BR022,Savings,2024-07-17,69406033.73,Active
A001202,C04187,BR023,Savings,2025-09-24,6309758.27,Active
A001203,C09441,BR018,Credit,2024-06-20,5705146.38,Closed
A001204,C04974,BR029,Current,2026-08-27,50250975.14,Active
A001205,C06157,BR008,Savings,2020-12-11,48931364.19,Active
A001206,C02349,BR045,Current,2026-02-04,115633619.81,Active
A001207,C00701,BR048,Savings,2026-05-29,59550717.14,Active
A001208,C01631,BR028,Current,2022-05-02,27073037.65,Active
A001209,C08324,BR040,Current,2025-12-28,30609578.0,Active
A001210,C03377,BR015,Savings,2024-08-26,3669622.0,Active
A001211,C04759,BR027,Credit,2023-02-12,37794888.88,Active
A001212,C05967,BR038,Savings,2025-02-26,95561297.28,Active
A001213,C01684,BR017,Savings,2024-08-02,92481768.58,Active
A001214,C05931,BR016,Savings,2020-07-31,91127537.22,Inactive
A001215,C08405,BR023,Savings,2024-01-19,69492140.37,Active
A001216,C01164,BR007,Current,2023-10-23,31159261.67,Active
A001217,C04773,BR009,Savings,2024-05-09,47530287.9,Active
A001218,C04428,BR007,Credit,2025-07-26,18895766.88,Active
A001219,C05703,BR007,Current,2024-04-07,6865471.68,Active
A001220,C09769,BR046,Current,2022-12-13,16618828.22,Active
A001221,C03495,BR035,Savings,2026-08-06,24094582.12,Active
A001222,C06806,BR018,Credit,2021-10-19,614604554.56,Active
A001223,C02723,BR027,Credit,2024-04-29,10279179.95,Active
A001224,C06631,BR023,Savings,2025-01-11,22177524.81,Active
A001225,C01209,BR040,Savings,2019-09-01,7110892.93,Active
A001226,C05584,BR042,Savings,2021-07-27,151913469.51,Active
A001227,C00963,BR044,Credit,2025-07-05,6143670.91,Active
A001228,C00110,BR046,Savings,2025-01-30,15298441.98,Closed
A001229,C05294,BR022,Current,2020-03-29,5846137.09,Active
A001230,C08885,BR034,Savings,2022-08-10,59424438.35,Active
A001231,C05323,BR027,Current,2022-07-05,30888484.43,Active
A001232,C02278,BR041,Savings,2026-06-06,6584684.74,Inactive
A001233,C08671,BR010,Credit,2026-01-19,233804086.54,Active
A001234,C02947,BR027,Current,2023-06-29,15884681.59,Active
A001235,C03031,BR047,Current,2021-06-23,18275469.98,Active
A001236,C03085,BR025,Savings,2025-06-20,10060508.68,Active
A001237,C08261,BR004,Savings,2020-12-03,28149743.88,Active
A001238,C09721,BR034,Savings,2024-08-02,24056663.86,Active
A001239,C00800,BR008,Savings,2026-06-14,37335159.05,Inactive
A001240,C08987,BR028,Current,2018-08-31,14052055.19,Active
A001241,C03577,BR047,Savings,2026-03-28,232218353.27,Active
A001242,C06230,BR002,Current,2024-10-03,49609592.85,Inactive
A001243,C02420,BR043,Credit,2026-03-12,19176243.89,Active
A001244,C09814,BR028,Savings,2024-12-02,11093125.31,Active
A001245,C07574,BR047,Current,2024-04-19,9513524.13,Active
A001246,C08731,BR008,Savings,2020-01-18,10479493.94,Active
A001247,C05478,BR001,Savings,2022-12-13,8680662.17,Active
A001248,C03016,BR026,Savings,2024-02-14,17588883.64,Active
A001249,C00716,BR038,Savings,2024-12-25,4845176.41,Active
A001250,C07001,BR028,Current,2026-03-29,98902848.44,Active
A001251,C02375,BR047,Savings,2026-06-02,128459125.85,Active
A001252,C06657,BR022,Savings,2024-09-25,9424822.41,Active
A001253,C05118,BR048,Current,2025-05-27,69803192.94,Active
A001254,C03363,BR018,Credit,2025-05-26,15212953.21,Active
A001255,C05264,BR007,Savings,2024-01-20,4301551.69,Active
A001256,C07966,BR042,Savings,2024-08-25,279482262.6,Active
A001257,C07875,BR023,Savings,2023-05-26,15771036.38,Active
A001258,C00236,BR047,Savings,2026-05-31,21482190.55,Active
A001259,C06272,BR003,Savings,2026-08-21,12208174.66,Active
A001260,C06709,BR005,Savings,2026-08-31,155816172.95,Active
A001261,C01408,BR002,Savings,2026-01-03,6246777.35,Active
A001262,C03359,BR037,Savings,2026-04-01,8892166.97,Active
A001263,C03353,BR038,Savings,2026-03-09,9600641.42,Active
A001264,C01764,BR048,Savings,2023-12-28,6050076.21,Closed
A001265,C01088,BR044,Savings,2025-02-12,194743367.09,Active
A001266,C08337,BR016,Savings,2021-04-24,25422052.87,Active
A001267,C08082,BR038,Savings,2023-05-26,56080058.58,Active
A001268,C06641,BR005,Savings,2024-11-21,27451465.99,Active
A001269,C04372,BR009,Current,2023-10-16,42637709.88,Closed
A001270,C00547,BR008,Savings,2024-12-26,158207832.22,Active
A001271,C03098,BR022,Savings,2024-10-21,29211266.21,Active
A001272,C05867,BR046,Credit,2025-06-19,11447978.8,Active
A001273,C00903,BR047,Savings,2026-07-23,16789923.32,Active
A001274,C07697,BR011,Current,2024-02-29,10714036.75,Active
A001275,C06863,BR047,Savings,2020-08-14,12588257.96,Active
A001276,C09852,BR025,Current,2024-09-03,15840720.66,Active
A001277,C03664,BR008,Current,2024-10-31,26546638.31,Active
A001278,C00209,BR048,Savings,2024-04-14,21045966.07,Inactive
A001279,C07143,BR027,Savings,2026-05-11,13178501.01,Active
A001280,C05051,BR007,Savings,2024-09-13,15681492.48,Active
A001281,C02882,BR029,Savings,2025-11-15,108359153.65,Active
A001282,C01784,BR005,Savings,2023-04-23,25583964.07,Active
A001283,C02531,BR031,Current,2025-07-19,27625244.77,Active
A001284,C04339,BR042,Savings,2025-12-23,6335311.79,Active
A001285,C09280,BR013,Savings,2026-05-16,36375614.84,Active
A001286,C07343,BR040,Current,2025-08-29,76662903.61,Active
A001287,C04269,BR046,Current,2025-01-25,10684444.8,Active
A001288,C06255,BR028,Savings,2022-11-12,12149045.69,Active
A001289,C04946,BR022,Credit,2024-09-14,12147045.32,Active
A001290,C02178,BR031,Savings,2024-10-03,23438979.48,Active
A001291,C02946,BR034,Savings,2025-10-11,6181970.59,Active
A001292,C05945,BR006,Current,2026-07-01,81399656.84,Active
A001293,C03972,BR019,Current,2022-09-26,18264227.85,Inactive
A001294,C01794,BR030,Current,2026-03-06,105574216.16,Active
A001295,C06141,BR015,Savings,2024-12-28,17927599.52,Active
A001296,C05859,BR013,Current,2026-03-16,22663941.59,Active
A001297,C02121,BR038,Savings,2025-09-15,9486723.36,Active
A001298,C05075,BR044,Credit,2021-01-03,41378636.54,Inactive
A001299,C04049,BR049,Credit,2024-01-14,107088302.99,Active
A001300,C04939,BR008,Savings,2026-05-02,11787485.92,Active
A001301,C07410,BR019,Savings,2018-06-03,301982653.79,Inactive
A001302,C07114,BR004,Current,2026-01-20,128575297.19,Active
A001303,C00761,BR005,Current,2024-07-31,244518052.17,Active
A001304,C00061,BR003,Current,2024-04-18,9702928.12,Inactive
A001305,C08498,BR044,Savings,2025-09-21,39759783.91,Active
A001306,C08200,BR019,Current,2022-06-25,5552940.02,Active
A001307,C01749,BR017,Savings,2022-11-04,244007994.65,Active
A001308,C06628,BR039,Current,2020-04-25,152543158.92,Active
A001309,C01914,BR038,Savings,2019-11-27,342368761.19,Active
A001310,C03962,BR005,Savings,2020-09-23,6863533.08,Active
A001311,C03953,BR038,Savings,2025-07-29,4708481.55,Active
A001312,C02401,BR018,Savings,2026-08-22,11871610.99,Active
A001313,C08283,BR022,Current,2025-11-09,7083873.54,Closed
A001314,C06465,BR040,Savings,2025-12-07,8625711.57,Active
A001315,C01006,BR007,Credit,2022-05-14,325805377.93,Active
A001316,C04414,BR027,Savings,2020-10-09,21072462.31,Active
A001317,C02824,BR048,Current,2024-08-12,31602170.87,Active
A001318,C07597,BR032,Current,2024-03-22,142492352.08,Active
A001319,C02613,BR021,Current,2026-03-23,13837211.69,Closed
A001320,C08274,BR038,Credit,2025-12-22,10551578.96,Active
A001321,C08900,BR008,Current,2023-05-25,95228652.01,Active
A001322,C08815,BR049,Savings,2021-06-23,17163942.5,Active
A001323,C06535,BR046,Current,2023-10-08,9516297.62,Active
A001324,C06586,BR038,Savings,2025-09-11,16641980.78,Active
A001325,C00823,BR037,Savings,2026-07-25,8524858.59,Active
A001326,C02896,BR038,Savings,2023-01-22,13077377.86,Active
A001327,C06109,BR015,Savings,2025-02-20,63264743.71,Active
A001328,C07409,BR002,Savings,2023-12-20,5435503.34,Active
A001329,C07777,BR022,Savings,2024-05-17,2286731.79,Active
A001330,C07804,BR023,Savings,2025-09-22,7076642.71,Active
A001331,C07693,BR034,Credit,2026-07-05,63518673.45,Active
A001332,C01076,BR033,Current,2026-01-17,64408743.16,Active
A001333,C01688,BR019,Current,2023-08-21,137717480.96,Active
A001334,C00198,BR037,Savings,2019-06-14,63967621.42,Closed
A001335,C09402,BR032,Savings,2020-06-02,6695404.17,Active
A001336,C01498,BR016,Current,2026-07-21,118432296.6,Active
A001337,C01525,BR001,Current,2023-04-17,69436775.09,Active
A001338,C01761,BR023,Credit,2025-10-28,104127341.28,Active
A001339,C09610,BR005,Current,2021-07-15,110409247.61,Active
A001340,C06847,BR011,Savings,2024-09-26,58238126.09,Active
A001341,C05159,BR038,Current,2024-01-19,285540470.56,Active
A001342,C00106,BR008,Savings,2026-07-07,44698757.29,Active
A001343,C03811,BR047,Current,2023-07-01,341485879.38,Active
A001344,C02114,BR027,Savings,2026-05-06,320678127.29,Active
A001345,C08980,BR030,Current,2025-10-29,54846662.48,Active
A001346,C04648,BR001,Savings,2026-04-29,5226811.58,Active
A001347,C07520,BR040,Current,2022-11-08,64436771.34,Active
A001348,C06012,BR001,Savings,2022-10-13,16015668.77,Active
A001349,C02967,BR048,Savings,2025-01-14,76158225.84,Active
A001350,C03447,BR037,Current,2026-05-13,5323180.81,Active
A001351,C00401,BR035,Savings,2023-09-25,15733303.63,Active
A001352,C09279,BR038,Credit,2026-08-24,3513468.42,Active
A001353,C08024,BR032,Current,2025-05-22,59340536.41,Inactive
A001354,C01788,BR016,Savings,2026-04-23,19243368.1,Active
A001355,C09402,BR032,Current,2024-07-22,22603770.38,Active
A001356,C03516,BR049,Savings,2025-07-27,24029173.74,Active
A001357,C00677,BR012,Current,2025-01-14,105658210.76,Active
A001358,C09114,BR009,Savings,2026-07-05,120099671.37,Inactive
A001359,C02483,BR019,Current,2023-06-05,15559035.09,Active
A001360,C07986,BR033,Credit,2024-11-17,151356822.14,Active
A001361,C00243,BR018,Credit,2026-01-10,3410042.08,Active
A001362,C06854,BR038,Savings,2023-10-04,9686178.22,Active
A001363,C00962,BR047,Savings,2026-06-01,13468556.96,Active
A001364,C09306,BR021,Savings,2023-01-23,40902682.14,Closed
A001365,C08176,BR020,Current,2026-01-08,74560096.31,Inactive
A001366,C05362,BR044,Current,2024-10-14,12817289.14,Active
A001367,C03152,BR042,Credit,2024-09-06,104783427.36,Active
A001368,C00210,BR050,Savings,2020-06-26,66222364.85,Inactive
A001369,C09659,BR046,Savings,2025-04-15,141091135.68,Active
A001370,C05682,BR013,Savings,2025-07-08,319756627.55,Active
A001371,C02883,BR029,Savings,2025-12-03,86546220.52,Active
A001372,C06189,BR031,Current,2021-04-13,16210881.32,Active
A001373,C05420,BR035,Savings,2021-08-23,19639917.31,Active
A001374,C08267,BR007,Savings,2023-09-04,53044707.59,Active
A001375,C05943,BR036,Current,2022-11-18,13304210.75,Active
A001376,C03122,BR028,Savings,2026-07-14,25826572.78,Active
A001377,C03887,BR019,Current,2024-11-18,6049176.2,Active
A001378,C05486,BR036,Credit,2021-03-22,64356583.14,Active
A001379,C02668,BR001,Current,2024-12-24,179703247.66,Active
A001380,C05499,BR040,Current,2025-10-11,8444317.2,Active
A001381,C04764,BR027,Credit,2023-10-09,73141126.13,Active
A001382,C03184,BR047,Savings,2026-07-14,4257501.49,Active
A001383,C09870,BR015,Current,2024-02-11,74639125.24,Active
A001384,C03974,BR022,Current,2026-06-08,41201417.33,Active
A001385,C09493,BR031,Credit,2025-07-23,17435874.8,Inactive
A001386,C01831,BR037,Current,2026-03-30,114124007.83,Active
A001387,C06775,BR045,Current,2026-04-25,20589241.59,Active
A001388,C04123,BR021,Current,2025-08-30,45399432.43,Active
A001389,C07214,BR005,Current,2026-02-17,9904707.68,Active
A001390,C05111,BR042,Savings,2026-02-18,133568435.05,Active
A001391,C05818,BR022,Credit,2025-11-20,35516003.59,Active
A001392,C06692,BR002,Savings,2019-10-09,39658725.13,Active
A001393,C03633,BR028,Current,2026-05-20,2460964.86,Active
A001394,C04147,BR008,Savings,2025-11-07,9287139.73,Active
A001395,C08277,BR042,Savings,2025-03-12,39197273.85,Active
A001396,C07051,BR038,Savings,2025-02-25,16906883.21,Active
A001397,C08413,BR002,Current,2026-08-16,69763362.46,Active
A001398,C09668,BR049,Savings,2025-03-24,2919907.36,Active
A001399,C05019,BR049,Savings,2025-03-29,85125462.24,Active
A001400,C06069,BR022,Current,2022-04-26,24586603.26,Active
A001401,C07924,BR033,Savings,2026-04-13,16524722.55,Active
A001402,C05074,BR004,Savings,2021-05-03,20065227.05,Active
A001403,C08163,BR035,Current,2025-10-14,16863018.0,Active
A001404,C05452,BR021,Savings,2023-01-23,777290131.06,Active
A001405,C03694,BR010,Credit,2025-07-12,9043939.34,Inactive
A001406,C06343,BR027,Savings,2023-12-05,17415176.9,Active
A001407,C00347,BR004,Savings,2025-09-02,93805315.44,Active
A001408,C08731,BR029,Savings,2022-12-05,6491955.76,Inactive
A001409,C02854,BR036,Current,2026-07-20,41663966.74,Closed
A001410,C09228,BR002,Savings,2023-05-04,10501402.39,Active
A001411,C05499,BR017,Current,2025-04-07,33851643.04,Active
A001412,C03027,BR011,Savings,2025-03-14,16444324.17,Active
A001413,C07059,BR028,Savings,2026-03-22,55418754.59,Active
A001414,C05675,BR033,Current,2026-07-20,6520473.07,Active
A001415,C08493,BR022,Savings,2026-05-06,6298069.51,Active
A001416,C09094,BR015,Current,2025-03-14,42437810.46,Active
A001417,C06275,BR032,Current,2020-07-13,87823886.55,Active
A001418,C03258,BR040,Savings,2025-10-27,51481623.45,Active
A001419,C03262,BR038,Savings,2023-02-01,244005841.94,Inactive
A001420,C03115,BR009,Savings,2024-05-09,2363338.7,Inactive
A001421,C05429,BR031,Current,2025-01-04,18316749.79,Active
A001422,C08943,BR038,Credit,2018-11-14,1147616.65,Active
A001423,C06645,BR032,Savings,2022-04-12,28334372.29,Active
A001424,C08580,BR049,Credit,2025-09-08,174992869.1,Inactive
A001425,C07958,BR023,Savings,2026-07-16,338911067.34,Active
A001426,C07673,BR010,Credit,2019-12-14,16042403.95,Active
A001427,C07867,BR005,Current,2026-05-07,15910214.36,Active
A001428,C03109,BR028,Current,2023-12-22,8008445.45,Active
A001429,C08533,BR041,Current,2026-01-01,21187572.97,Active
A001430,C01389,BR047,Savings,2021-10-10,12464988.57,Active
A001431,C05283,BR023,Current,2025-11-30,31572407.81,Active
A001432,C09873,BR042,Savings,2025-01-22,13696614.06,Active
A001433,C01917,BR009,Savings,2026-06-08,7532535.58,Active
A001434,C04763,BR009,Savings,2025-01-07,4390128.35,Active
A001435,C09286,BR011,Current,2024-10-27,3376360.46,Active
A001436,C04084,BR008,Savings,2025-03-02,200493770.3,Active
A001437,C08646,BR027,Savings,2026-06-09,10400134.29,Active
A001438,C09621,BR036,Current,2026-05-05,19666359.83,Active
A001439,C06322,BR028,Current,2025-05-02,62466731.22,Active
A001440,C09794,BR026,Current,2025-10-17,9562093.96,Active
A001441,C02292,BR002,Savings,2024-08-18,51562383.03,Active
A001442,C09614,BR045,Savings,2025-03-28,13495020.95,Active
A001443,C05586,BR038,Savings,2025-02-09,15357383.4,Active
A001444,C07838,BR035,Savings,2026-07-06,67903751.36,Inactive
A001445,C07028,BR012,Savings,2024-01-04,52494409.4,Active
A001446,C06836,BR050,Savings,2023-05-09,24649350.07,Active
A001447,C06373,BR034,Savings,2024-10-30,47826563.95,Active
A001448,C05971,BR028,Current,2019-07-24,70617170.69,Active
A001449,C00686,BR023,Current,2026-03-21,19055996.99,Active
A001450,C09947,BR044,Savings,2024-06-30,274986564.15,Active
A001451,C06317,BR038,Current,2025-12-07,32419781.18,Active
A001452,C09531,BR019,Savings,2021-06-06,39297071.3,Active
A001453,C01836,BR028,Credit,2026-01-17,22952094.32,Active
A001454,C05481,BR038,Savings,2024-01-10,81018543.95,Inactive
A001455,C01517,BR047,Savings,2026-05-06,14970415.02,Active
A001456,C09003,BR013,Credit,2021-07-28,4495506.33,Active
A001457,C07362,BR027,Credit,2026-01-20,6862487.15,Active
A001458,C09526,BR001,Current,2026-01-23,19628306.57,Active
A001459,C09616,BR020,Savings,2026-02-05,55237814.7,Active
A001460,C04426,BR010,Credit,2023-07-31,68691640.17,Active
A001461,C01054,BR039,Current,2024-11-16,74348789.33,Closed
A001462,C08651,BR009,Credit,2024-11-22,8689150.56,Active
A001463,C00850,BR028,Credit,2024-06-29,6915156.14,Active
A001464,C07957,BR027,Savings,2026-08-27,4129532.05,Active
A001465,C07225,BR030,Savings,2024-12-12,13340914.32,Active
A001466,C00458,BR022,Current,2026-04-04,24604689.11,Active
A001467,C02576,BR045,Savings,2024-05-09,4027488.12,Active
A001468,C03397,BR035,Credit,2023-04-04,14714184.21,Active
A001469,C05603,BR016,Current,2026-03-02,97400068.27,Active
A001470,C03844,BR021,Savings,2026-05-07,158581527.71,Inactive
A001471,C08106,BR003,Savings,2023-04-27,46794405.27,Active
A001472,C03448,BR014,Current,2019-02-11,11017422.75,Active
A001473,C04237,BR025,Credit,2025-11-05,322765290.32,Active
A001474,C00583,BR034,Savings,2025-11-22,71460009.41,Active
A001475,C00835,BR011,Current,2026-05-19,3637987.57,Active
A001476,C05793,BR002,Savings,2026-06-08,33617671.24,Active
A001477,C04549,BR033,Savings,2022-11-26,162962178.44,Active
A001478,C08355,BR011,Current,2024-03-27,67793225.69,Active
A001479,C09534,BR049,Current,2024-01-17,24195798.49,Active
A001480,C06147,BR033,Savings,2026-01-29,48268199.19,Active
A001481,C07864,BR021,Credit,2025-09-08,37565047.76,Active
A001482,C07454,BR015,Current,2024-04-05,10494626.17,Active
A001483,C04827,BR047,Credit,2023-10-15,45330727.11,Inactive
A001484,C07910,BR020,Savings,2024-07-06,110678140.07,Active
A001485,C01735,BR013,Savings,2025-01-09,25661383.86,Active
A001486,C07990,BR003,Credit,2023-07-16,6469797.52,Active
A001487,C01231,BR002,Credit,2023-06-24,11074914.29,Active
A001488,C00867,BR008,Savings,2026-01-22,13115331.05,Active
A001489,C00412,BR001,Current,2025-01-14,43881828.48,Active
A001490,C02951,BR038,Current,2023-10-29,3929037.56,Active
A001491,C08633,BR031,Current,2026-02-22,9970705.6,Active
A001492,C08956,BR019,Savings,2026-01-22,44321981.96,Active
A001493,C09120,BR018,Savings,2023-04-19,15727157.16,Active
A001494,C01955,BR006,Current,2026-03-08,45036935.05,Active
A001495,C00477,BR029,Savings,2025-03-25,17309698.17,Inactive
A001496,C04739,BR050,Savings,2026-03-20,8135880.88,Active
A001497,C02890,BR036,Current,2024-04-23,41685169.23,Active
A001498,C03598,BR040,Savings,2026-06-27,17777100.03,Active
A001499,C06902,BR021,Savings,2026-08-06,32379362.73,Active
A001500,C01409,BR045,Current,2026-06-24,6381400.99,Active
A001501,C07087,BR011,Savings,2024-03-23,165530594.28,Active
A001502,C03847,BR036,Savings,2022-01-20,169059230.11,Active
A001503,C06183,BR028,Credit,2024-11-30,18913272.35,Active
A001504,C06200,BR007,Savings,2020-11-06,45475839.03,Active
A001505,C07793,BR045,Savings,2025-04-01,337351728.73,Active
A001506,C01373,BR016,Savings,2025-03-13,24461075.99,Active
A001507,C04084,BR021,Savings,2026-05-26,94275905.56,Active
A001508,C03804,BR013,Savings,2021-01-17,24262122.55,Active
A001509,C03975,BR038,Savings,2026-05-19,162487125.35,Active
A001510,C05442,BR049,Current,2022-05-14,50811056.44,Active
A001511,C07761,BR046,Current,2020-11-16,5953562.05,Active
A001512,C00235,BR049,Savings,2024-06-23,14556231.15,Active
A001513,C00803,BR036,Savings,2026-03-25,11521970.3,Active
A001514,C02330,BR019,Current,2024-04-14,28126925.82,Active
A001515,C04320,BR016,Savings,2022-10-06,37708206.96,Inactive
A001516,C08680,BR009,Savings,2018-12-27,33931904.26,Closed
A001517,C00710,BR035,Savings,2026-05-02,206346152.67,Active
A001518,C00499,BR033,Current,2025-11-06,350085400.41,Active
A001519,C03665,BR038,Credit,2026-07-20,15746830.42,Active
A001520,C03523,BR011,Current,2021-09-23,8117425.12,Active
A001521,C08625,BR006,Current,2022-07-14,9717432.93,Active
A001522,C00635,BR005,Savings,2024-12-26,10819833.19,Active
A001523,C04619,BR022,Savings,2023-06-20,219660831.59,Active
A001524,C09805,BR035,Savings,2026-07-23,14161876.1,Active
A001525,C07293,BR042,Current,2022-12-03,5208603.8,Active
A001526,C04610,BR017,Savings,2026-02-19,18399687.39,Active
A001527,C02914,BR038,Savings,2026-07-18,142655084.74,Active
A001528,C07343,BR040,Savings,2026-05-07,78589545.07,Active
A001529,C03885,BR047,Current,2026-08-26,48590155.71,Active
A001530,C06069,BR037,Credit,2024-07-14,27939938.0,Active
A001531,C02011,BR030,Savings,2025-09-24,6480173.06,Active
A001532,C07636,BR009,Savings,2025-04-19,9649479.26,Active
A001533,C01058,BR038,Current,2022-08-15,93726880.99,Active
A001534,C09659,BR046,Current,2025-04-08,24920584.98,Active
A001535,C05458,BR023,Savings,2024-08-13,101238219.73,Inactive
A001536,C02476,BR019,Savings,2021-08-12,23310850.42,Active
A001537,C07564,BR029,Current,2025-11-28,34014842.23,Active
A001538,C09066,BR040,Savings,2021-03-19,30996340.49,Active
A001539,C09267,BR001,Savings,2024-11-25,22463129.81,Active
A001540,C08111,BR017,Savings,2020-12-02,8735083.56,Active
A001541,C08560,BR022,Current,2026-02-19,17188017.1,Active
A001542,C01261,BR009,Current,2026-04-08,55849601.67,Active
A001543,C07817,BR001,Current,2022-01-09,6575811.41,Active
A001544,C04035,BR027,Savings,2026-03-18,11439311.4,Active
A001545,C02821,BR014,Savings,2018-10-10,26223675.04,Active
A001546,C08011,BR040,Credit,2025-03-28,362485512.78,Active
A001547,C08075,BR003,Savings,2026-03-29,220858799.62,Active
A001548,C01773,BR035,Savings,2024-05-30,27679017.43,Active
A001549,C09033,BR016,Current,2021-04-28,25406444.24,Active
A001550,C04872,BR025,Savings,2024-06-07,4140882.63,Active
A001551,C08754,BR037,Savings,2024-07-13,11940349.48,Active
A001552,C07209,BR024,Savings,2019-05-16,6401627.61,Active
A001553,C09202,BR035,Current,2025-11-05,70381089.99,Active
A001554,C04379,BR033,Savings,2025-09-18,49241331.79,Inactive
A001555,C00542,BR038,Current,2026-02-06,11089139.86,Inactive
A001556,C08520,BR047,Savings,2025-07-01,35057178.05,Active
A001557,C06876,BR050,Credit,2024-11-08,21938654.89,Active
A001558,C03879,BR037,Savings,2026-02-21,33573657.09,Closed
A001559,C06223,BR016,Savings,2023-04-01,4168280.97,Active
A001560,C01683,BR017,Current,2025-04-30,15712081.81,Active
A001561,C03502,BR017,Current,2025-10-31,32505658.64,Active
A001562,C08007,BR047,Savings,2026-04-08,50053224.69,Active
A001563,C08571,BR032,Savings,2021-05-13,4347406.63,Active
A001564,C01063,BR008,Current,2026-03-19,62551366.89,Active
A001565,C07025,BR018,Savings,2022-03-22,34309817.59,Inactive
A001566,C09230,BR026,Current,2023-02-21,69925599.72,Active
A001567,C09117,BR031,Savings,2018-06-29,7240686.79,Active
A001568,C09048,BR030,Current,2021-07-18,4340766.12,Active
A001569,C04095,BR034,Savings,2026-04-19,7022287.17,Active
A001570,C06032,BR002,Savings,2025-12-08,24527512.99,Active
A001571,C06072,BR022,Savings,2025-05-26,15718188.84,Active
A001572,C03714,BR007,Current,2022-07-21,149821377.03,Active
A001573,C05770,BR013,Savings,2026-01-04,5469955.02,Active
A001574,C06941,BR019,Current,2023-03-27,18434685.91,Active
A001575,C06807,BR023,Savings,2026-07-03,29496364.68,Inactive
A001576,C04251,BR002,Credit,2026-07-11,14967535.26,Active
A001577,C06348,BR031,Savings,2026-08-06,25907710.53,Active
A001578,C06150,BR034,Current,2025-04-23,20430307.19,Active
A001579,C07380,BR005,Savings,2026-05-05,14358364.23,Active
A001580,C07273,BR002,Current,2025-07-25,71698754.8,Active
A001581,C02045,BR026,Current,2024-12-11,9685020.41,Active
A001582,C00280,BR036,Savings,2022-07-08,85010759.69,Active
A001583,C04815,BR021,Savings,2026-08-17,114308298.46,Active
A001584,C07563,BR034,Savings,2022-05-29,101551769.07,Active
A001585,C06090,BR023,Current,2025-07-13,86544530.29,Active
A001586,C02061,BR007,Current,2022-07-07,50247617.31,Active
A001587,C07823,BR011,Savings,2024-05-21,19970461.72,Active
A001588,C05785,BR044,Current,2021-04-26,323212658.61,Active
A001589,C09669,BR046,Credit,2024-08-28,88766551.26,Inactive
A001590,C03592,BR002,Savings,2023-12-15,5644384.21,Inactive
A001591,C07731,BR009,Current,2026-03-02,99099938.84,Active
A001592,C08288,BR028,Current,2019-10-27,3047733.35,Active
A001593,C09896,BR020,Savings,2026-08-26,7522639.81,Active
A001594,C02758,BR031,Savings,2020-12-18,16377765.87,Active
A001595,C08536,BR036,Savings,2024-01-27,38987302.63,Active
A001596,C06703,BR027,Savings,2025-11-09,1099304154.81,Active
A001597,C07193,BR024,Credit,2022-06-12,289656544.2,Active
A001598,C05698,BR033,Credit,2025-12-10,16989985.07,Active
A001599,C08989,BR031,Savings,2023-05-16,159346386.38,Inactive
A001600,C06332,BR028,Current,2024-03-28,5178188.8,Active
A001601,C08114,BR011,Savings,2023-07-23,20735520.7,Active
A001602,C00337,BR019,Savings,2023-09-22,7734848.57,Active
A001603,C09869,BR006,Credit,2026-06-07,13073537.71,Active
A001604,C08595,BR047,Credit,2023-08-25,58015508.3,Active
A001605,C04791,BR034,Current,2025-08-09,21249570.91,Active
A001606,C00969,BR033,Savings,2025-03-14,23296267.17,Active
A001607,C04695,BR002,Current,2026-06-04,713937980.41,Active
A001608,C01475,BR046,Current,2024-09-14,102080918.21,Active
A001609,C00689,BR026,Current,2023-05-06,17207979.78,Active
A001610,C01477,BR047,Savings,2025-03-17,292903526.87,Active
A001611,C05741,BR033,Savings,2026-04-19,4430723.75,Active
A001612,C02339,BR001,Current,2021-03-03,58238001.55,Active
A001613,C06319,BR031,Current,2022-02-10,65310400.65,Active
A001614,C08261,BR019,Savings,2024-09-04,23683141.6,Active
A001615,C03029,BR029,Current,2023-06-30,269725671.23,Active
A001616,C07584,BR008,Savings,2026-05-18,8550732.04,Active
A001617,C09026,BR043,Savings,2024-03-13,112306379.71,Active
A001618,C01017,BR035,Current,2025-02-28,165921776.39,Active
A001619,C02492,BR028,Savings,2025-12-10,111400543.15,Active
A001620,C07088,BR005,Savings,2026-06-27,54737311.26,Active
A001621,C02453,BR036,Savings,2025-05-18,800000000.0,Active
A001622,C06362,BR038,Savings,2020-06-10,39130770.93,Active
A001623,C02724,BR021,Current,2023-02-14,31649553.61,Active
A001624,C05932,BR011,Savings,2022-09-14,11309904.16,Active
A001625,C02919,BR008,Savings,2023-04-16,9096753.31,Active
A001626,C03040,BR039,Savings,2022-05-16,11991270.66,Active
A001627,C09530,BR035,Savings,2021-12-09,35629553.1,Active
A001628,C02103,BR048,Savings,2024-06-13,6790786.26,Active
A001629,C06211,BR035,Current,2021-11-10,37874723.09,Active
A001630,C06775,BR006,Savings,2026-05-08,23096664.84,Active
A001631,C08675,BR031,Savings,2025-05-15,100029400.31,Active
A001632,C09742,BR009,Savings,2026-08-09,8099476.02,Active
A001633,C03665,BR038,Savings,2026-05-15,6265681.36,Active
A001634,C00792,BR036,Savings,2026-01-08,218886762.53,Active
A001635,C01260,BR041,Savings,2026-07-30,102712079.82,Active
A001636,C06381,BR006,Savings,2018-05-19,5039069.84,Active
A001637,C02692,BR029,Savings,2025-02-15,5328926.29,Active
A001638,C06376,BR042,Current,2023-03-18,11232828.68,Active
A001639,C01120,BR008,Savings,2026-08-13,26959173.98,Closed
A001640,C03611,BR032,Savings,2020-10-05,24144515.26,Active
A001641,C05923,BR038,Credit,2019-04-26,37091692.8,Active
A001642,C01004,BR026,Current,2024-08-10,28184770.23,Active
A001643,C08070,BR015,Credit,2026-08-18,17941698.93,Closed
A001644,C08615,BR049,Current,2024-02-20,46935694.7,Active
A001645,C08120,BR002,Current,2026-04-29,43566634.15,Active
A001646,C02293,BR046,Current,2022-03-15,19988921.32,Active
A001647,C01392,BR050,Current,2024-01-20,98146867.82,Active
A001648,C09338,BR030,Current,2026-06-03,122550870.87,Active
A001649,C04332,BR044,Savings,2026-07-01,34544470.96,Active
A001650,C02102,BR018,Savings,2021-12-25,15542971.4,Active
A001651,C02976,BR028,Savings,2026-07-01,8030686.1,Active
A001652,C07872,BR038,Savings,2026-07-08,43353185.95,Inactive
A001653,C05587,BR004,Savings,2024-09-12,90845229.61,Active
A001654,C07414,BR048,Current,2024-12-01,12665079.94,Inactive
A001655,C04248,BR022,Savings,2026-01-09,23196853.99,Inactive
A001656,C00270,BR043,Savings,2026-04-12,39015972.95,Inactive
A001657,C00553,BR035,Credit,2023-11-22,11626969.33,Inactive
A001658,C08081,BR006,Current,2021-02-21,26839473.67,Active
A001659,C09393,BR039,Savings,2022-05-13,14808348.24,Active
A001660,C00584,BR026,Current,2020-05-27,14159684.86,Active
A001661,C05852,BR023,Current,2022-11-18,158920337.22,Active
A001662,C09192,BR006,Credit,2025-12-03,15280584.95,Active
A001663,C08125,BR038,Savings,2025-03-21,43091726.71,Active
A001664,C05506,BR022,Savings,2018-03-09,16988052.3,Active
A001665,C08645,BR043,Savings,2020-11-24,4491556.66,Active
A001666,C00342,BR007,Current,2025-03-27,5511473.25,Inactive
A001667,C03699,BR044,Current,2025-02-13,24024672.01,Inactive
A001668,C07184,BR039,Savings,2025-07-14,68374900.26,Active
A001669,C01546,BR011,Current,2025-11-05,329728296.17,Active
A001670,C01707,BR030,Current,2024-04-02,9187674.53,Inactive
A001671,C02001,BR004,Current,2026-05-03,523565909.62,Active
A001672,C03659,BR038,Savings,2023-12-09,11790758.31,Active
A001673,C00817,BR002,Savings,2025-08-29,70203444.69,Active
A001674,C00749,BR021,Savings,2023-11-14,7591821.03,Active
A001675,C05763,BR002,Savings,2026-07-11,31355924.85,Active
A001676,C09687,BR001,Savings,2026-01-12,12567875.16,Active
A001677,C02452,BR011,Current,2024-11-29,24394421.22,Active
A001678,C01215,BR030,Savings,2026-01-08,5772913.83,Active
A001679,C00036,BR014,Savings,2024-01-07,60048748.77,Active
A001680,C08572,BR028,Savings,2025-12-28,195622828.64,Active
A001681,C05981,BR003,Savings,2026-08-29,21013566.77,Active
A001682,C07932,BR039,Credit,2026-05-30,7897136.47,Active
A001683,C00198,BR037,Current,2021-11-06,512879367.93,Active
A001684,C01525,BR005,Savings,2023-04-29,31760283.9,Active
A001685,C03224,BR023,Current,2021-12-31,13501150.92,Active
A001686,C09912,BR030,Savings,2020-10-21,21101742.71,Active
A001687,C07846,BR038,Savings,2025-10-11,301917084.46,Active
A001688,C02870,BR036,Savings,2025-12-03,23083571.27,Active
A001689,C09846,BR021,Savings,2023-05-13,8613978.39,Active
A001690,C04818,BR022,Current,2026-01-20,16628191.78,Active
A001691,C05005,BR030,Savings,2022-08-30,32908877.39,Active
A001692,C01122,BR040,Current,2023-03-10,32743416.66,Closed
A001693,C04686,BR050,Savings,2024-01-27,111158767.25,Active
A001694,C06581,BR036,Current,2023-12-17,2565878.68,Active
A001695,C00515,BR041,Current,2025-11-06,27349982.49,Active
A001696,C00072,BR043,Credit,2025-12-29,3105281.87,Active
A001697,C03320,BR036,Savings,2020-01-01,61144800.29,Active
A001698,C08997,BR028,Current,2023-11-22,22161214.54,Active
A001699,C07180,BR017,Savings,2025-10-06,7004180.06,Active
A001700,C07907,BR038,Savings,2023-07-14,138128217.61,Active
A001701,C07000,BR021,Current,2022-12-19,54320143.73,Active
A001702,C01432,BR027,Current,2021-03-02,19075085.91,Active
A001703,C00240,BR024,Savings,2020-01-26,92406667.58,Active
A001704,C08042,BR033,Savings,2023-10-21,60544868.0,Active
A001705,C05876,BR050,Current,2022-12-23,284995893.6,Active
A001706,C07550,BR024,Savings,2020-09-05,9302078.8,Active
A001707,C02385,BR005,Savings,2023-12-22,34971543.76,Active
A001708,C07189,BR038,Savings,2023-02-21,19923946.01,Active
A001709,C09157,BR021,Savings,2026-06-29,29759523.18,Active
A001710,C04926,BR018,Savings,2026-06-02,49139675.74,Active
A001711,C02935,BR022,Savings,2026-03-30,97219088.97,Active
A001712,C01504,BR009,Credit,2026-01-06,19972048.52,Active
A001713,C05024,BR050,Savings,2026-01-25,33377227.79,Active
A001714,C06943,BR035,Savings,2024-10-15,12659586.46,Inactive
A001715,C05662,BR005,Savings,2026-06-02,9738593.17,Active
A001716,C08721,BR039,Savings,2022-05-07,15330768.27,Active
A001717,C02003,BR036,Savings,2025-05-31,12123757.49,Active
A001718,C00698,BR038,Savings,2025-12-29,4542365.25,Active
A001719,C00735,BR047,Savings,2022-06-09,6722027.6,Active
A001720,C07705,BR036,Savings,2023-06-28,131308011.31,Active
A001721,C07119,BR039,Savings,2025-02-02,11061799.1,Active
A001722,C00388,BR033,Savings,2024-01-25,15311651.99,Active
A001723,C00020,BR029,Savings,2026-03-03,18101388.38,Active
A001724,C00891,BR027,Savings,2025-05-05,99599950.62,Active
A001725,C01259,BR017,Savings,2023-05-03,37536487.13,Active
A001726,C07620,BR034,Current,2025-08-29,6228238.51,Active
A001727,C00530,BR042,Savings,2025-02-10,119247783.33,Active
A001728,C01769,BR004,Savings,2026-06-18,640311892.26,Active
A001729,C01801,BR009,Savings,2022-09-25,33007394.9,Active
A001730,C03693,BR019,Current,2026-08-16,113023874.48,Active
A001731,C07530,BR034,Current,2025-04-17,18391812.19,Active
A001732,C06487,BR023,Savings,2026-06-03,59199373.45,Active
A001733,C02337,BR047,Current,2023-11-01,13856490.98,Active
A001734,C04036,BR021,Credit,2026-08-08,22083836.54,Active
A001735,C04376,BR002,Current,2025-11-02,138144957.55,Active
A001736,C07061,BR013,Savings,2026-05-16,39024815.69,Active
A001737,C01277,BR047,Current,2019-11-27,288791202.7,Active
A001738,C08449,BR005,Savings,2026-01-30,22368435.57,Active
A001739,C07759,BR028,Current,2025-10-08,22729245.71,Active
A001740,C09446,BR050,Savings,2023-06-27,3968659.18,Active
A001741,C07898,BR011,Savings,2023-05-03,28323335.47,Active
A001742,C07396,BR002,Credit,2024-06-08,22492422.49,Active
A001743,C08825,BR008,Savings,2025-12-26,55003854.43,Active
A001744,C09011,BR011,Current,2023-10-27,11693557.27,Active
A001745,C02356,BR047,Current,2023-07-12,6806809.7,Active
A001746,C03970,BR026,Credit,2024-02-06,8690747.95,Active
A001747,C07636,BR009,Savings,2026-08-23,10014836.2,Active
A001748,C06053,BR029,Credit,2021-05-16,6128640.74,Active
A001749,C06108,BR027,Savings,2025-01-06,42105493.54,Active
A001750,C09818,BR024,Current,2021-09-01,43389110.15,Inactive
A001751,C04726,BR036,Current,2022-07-22,12825262.26,Active
A001752,C02534,BR032,Savings,2026-08-31,10955507.12,Active
A001753,C02530,BR044,Savings,2019-04-28,3510170.71,Active
A001754,C01861,BR035,Credit,2023-03-26,26175378.19,Active
A001755,C07015,BR045,Current,2023-07-20,56306066.82,Active
A001756,C05411,BR007,Savings,2026-06-03,51212842.6,Active
A001757,C02694,BR009,Savings,2025-08-03,13662059.08,Active
A001758,C07257,BR047,Current,2026-07-29,21231445.69,Active
A001759,C02768,BR003,Savings,2024-06-26,59595787.35,Active
A001760,C03866,BR022,Savings,2025-10-09,17599512.07,Active
A001761,C08049,BR049,Savings,2025-11-19,17538424.05,Inactive
A001762,C07306,BR037,Savings,2026-07-15,17313819.58,Active
A001763,C00500,BR020,Credit,2021-01-22,4797160.57,Closed
A001764,C08352,BR048,Credit,2025-06-08,4714381.25,Active
A001765,C06654,BR003,Savings,2024-08-04,7858958.3,Active
A001766,C08500,BR038,Savings,2024-06-25,33729157.14,Active
A001767,C07962,BR041,Current,2023-07-14,11470339.67,Active
A001768,C09130,BR023,Savings,2024-11-09,9819468.16,Active
A001769,C08591,BR033,Current,2025-04-17,9682406.91,Active
A001770,C02820,BR047,Savings,2026-04-13,13435825.69,Active
A001771,C08909,BR035,Savings,2026-03-17,58541537.7,Active
A001772,C09855,BR040,Current,2026-01-02,71965617.1,Active
A001773,C05356,BR046,Savings,2021-03-09,7996566.62,Inactive
A001774,C07522,BR001,Current,2025-10-10,15306027.49,Inactive
A001775,C09268,BR017,Savings,2024-06-19,61075883.67,Inactive
A001776,C04696,BR034,Current,2021-03-06,10032104.76,Inactive
A001777,C08119,BR038,Savings,2026-03-25,5831336.35,Active
A001778,C04824,BR024,Savings,2026-06-21,56335942.73,Active
A001779,C08130,BR032,Current,2024-05-24,16627553.86,Active
A001780,C08080,BR046,Savings,2024-08-17,26014210.9,Active
A001781,C00617,BR014,Credit,2025-11-18,33567457.27,Active
A001782,C05784,BR028,Savings,2023-06-09,6497882.68,Active
A001783,C01741,BR017,Credit,2025-06-27,7010253.99,Active
A001784,C00150,BR038,Savings,2026-01-07,11581863.62,Closed
A001785,C07679,BR039,Current,2025-01-10,129175475.08,Active
A001786,C00142,BR047,Savings,2024-08-19,5474187.61,Inactive
A001787,C09909,BR021,Savings,2023-12-22,9227504.77,Active
A001788,C00580,BR016,Current,2023-03-23,9335788.29,Active
A001789,C07721,BR001,Savings,2022-01-30,31863121.82,Active
A001790,C07982,BR028,Savings,2025-04-22,22889054.11,Inactive
A001791,C09299,BR029,Current,2022-02-11,30908304.13,Active
A001792,C02012,BR014,Savings,2020-10-29,1021344865.97,Active
A001793,C03511,BR004,Savings,2025-12-03,64590773.02,Inactive
A001794,C09806,BR042,Current,2021-11-15,5801550.89,Closed
A001795,C08142,BR041,Savings,2020-05-28,5831529.45,Active
A001796,C02055,BR018,Savings,2022-10-09,22095000.01,Active
A001797,C05700,BR034,Current,2024-10-26,10392004.76,Active
A001798,C01698,BR019,Savings,2024-04-01,11030587.65,Active
A001799,C03178,BR028,Savings,2023-11-03,657191780.95,Active
A001800,C04981,BR050,Savings,2024-04-20,80952825.74,Active
A001801,C08131,BR033,Savings,2026-07-04,10132898.88,Active
A001802,C00835,BR027,Savings,2025-06-14,13670650.29,Active
A001803,C00037,BR008,Savings,2025-12-22,6533033.7,Active
A001804,C04828,BR005,Savings,2020-05-30,34068576.79,Active
A001805,C01276,BR012,Credit,2025-02-03,7999009.73,Active
A001806,C01630,BR016,Current,2026-07-01,36020014.57,Active
A001807,C02895,BR001,Savings,2025-08-31,28857091.67,Active
A001808,C05777,BR038,Savings,2026-04-11,23745227.62,Active
A001809,C09453,BR040,Savings,2021-09-13,3777649.15,Active
A001810,C02089,BR008,Savings,2020-02-11,29726874.7,Active
A001811,C04407,BR039,Credit,2026-07-13,47603761.79,Active
A001812,C06154,BR012,Current,2026-01-16,259472190.83,Active
A001813,C04565,BR004,Savings,2021-12-19,91189586.74,Active
A001814,C03273,BR034,Current,2026-03-26,120622285.11,Active
A001815,C09561,BR012,Savings,2025-03-17,21422323.68,Active
A001816,C07503,BR028,Savings,2026-02-02,14413936.29,Active
A001817,C01632,BR018,Savings,2025-10-22,10679601.69,Active
A001818,C09795,BR033,Credit,2023-06-14,20859860.37,Closed
A001819,C00183,BR048,Current,2025-01-07,13644546.68,Active
A001820,C03837,BR041,Current,2026-02-09,283092799.14,Active
A001821,C01405,BR038,Current,2024-01-21,23978975.1,Inactive
A001822,C00779,BR017,Savings,2025-09-25,167201664.29,Active
A001823,C05902,BR035,Current,2024-06-18,10236607.23,Active
A001824,C01345,BR022,Savings,2026-01-30,15589598.72,Closed
A001825,C08232,BR028,Current,2024-07-18,42418949.02,Inactive
A001826,C04131,BR036,Savings,2025-09-03,214819929.73,Active
A001827,C09424,BR028,Savings,2022-04-09,10925968.91,Active
A001828,C01770,BR009,Current,2026-01-31,7107445.01,Active
A001829,C00878,BR027,Current,2023-01-16,6416367.12,Active
A001830,C03244,BR032,Current,2024-02-22,18356673.87,Active
A001831,C04871,BR021,Current,2026-07-08,94734443.75,Active
A001832,C05542,BR037,Current,2024-10-03,23088288.2,Active
A001833,C06692,BR007,Current,2020-04-30,4190919.58,Active
A001834,C03619,BR003,Current,2024-08-05,8391731.86,Active
A001835,C07124,BR031,Current,2025-08-04,51691155.5,Active
A001836,C06010,BR038,Current,2022-04-01,7771383.34,Active
A001837,C03981,BR036,Savings,2024-01-27,10998238.69,Active
A001838,C02574,BR038,Current,2026-02-23,103606807.53,Active
A001839,C08401,BR023,Savings,2023-07-14,25884261.93,Active
A001840,C08954,BR043,Savings,2026-01-26,838273104.06,Active
A001841,C02231,BR043,Savings,2025-09-01,115465113.39,Active
A001842,C01423,BR013,Savings,2025-06-06,3141593.04,Active
A001843,C01678,BR037,Savings,2025-12-09,6437926.6,Active
A001844,C07050,BR033,Savings,2025-10-17,71619029.15,Active
A001845,C04413,BR014,Savings,2022-08-11,16875689.34,Active
A001846,C08174,BR033,Credit,2024-09-08,29879866.4,Active
A001847,C09172,BR049,Savings,2026-08-14,15527265.48,Active
A001848,C00125,BR014,Savings,2024-07-30,364489942.17,Active
A001849,C01691,BR038,Savings,2026-07-20,18143059.51,Active
A001850,C06945,BR050,Current,2026-06-03,12231722.84,Active
A001851,C02064,BR033,Savings,2018-12-10,85016574.58,Active
A001852,C03723,BR002,Savings,2024-11-09,175934041.39,Inactive
A001853,C04892,BR006,Savings,2019-12-07,14026122.48,Active
A001854,C04475,BR042,Current,2022-03-09,14641793.67,Active
A001855,C01721,BR032,Savings,2020-01-12,14602341.28,Active
A001856,C05994,BR035,Savings,2020-10-17,42362742.11,Active
A001857,C00209,BR048,Current,2023-08-21,6181787.94,Inactive
A001858,C02896,BR038,Credit,2023-05-25,62098865.32,Active
A001859,C02385,BR001,Savings,2021-08-09,5852943.62,Active
A001860,C08549,BR044,Savings,2023-08-05,50606116.67,Active
A001861,C06295,BR042,Current,2020-02-07,27216973.84,Active
A001862,C05818,BR046,Savings,2022-01-02,34202664.74,Active
A001863,C05807,BR040,Current,2025-02-15,29951437.58,Active
A001864,C00764,BR018,Current,2026-04-14,6258175.63,Active
A001865,C08678,BR047,Credit,2021-07-23,437119844.87,Inactive
A001866,C08619,BR044,Savings,2026-08-08,97864680.31,Active
A001867,C02061,BR002,Current,2019-10-16,40652503.71,Active
A001868,C05318,BR017,Savings,2020-08-24,67246078.19,Inactive
A001869,C02165,BR021,Current,2023-06-26,14711599.11,Active
A001870,C07556,BR005,Savings,2024-03-21,16012415.48,Active
A001871,C02618,BR041,Savings,2026-03-05,20043153.9,Closed
A001872,C05303,BR023,Current,2025-02-06,11044075.04,Active
A001873,C08826,BR049,Current,2022-09-30,177213277.01,Active
A001874,C00634,BR045,Savings,2025-03-12,89428758.77,Active
A001875,C00339,BR027,Current,2026-01-13,7058561.28,Active
A001876,C04766,BR032,Savings,2025-08-06,67088264.28,Active
A001877,C06516,BR048,Savings,2022-11-20,50473378.51,Active
A001878,C04196,BR027,Current,2026-07-16,25390632.49,Active
A001879,C05719,BR027,Savings,2022-09-03,16116098.13,Active
A001880,C09958,BR045,Savings,2023-11-02,8845589.13,Active
A001881,C05951,BR037,Savings,2024-02-27,14752616.46,Active
A001882,C09030,BR041,Savings,2026-07-17,55672589.11,Active
A001883,C03971,BR009,Savings,2026-01-08,30053329.33,Active
A001884,C01181,BR044,Savings,2025-07-23,17654735.08,Inactive
A001885,C06919,BR028,Savings,2026-08-30,31413246.54,Active
A001886,C01997,BR038,Current,2022-09-09,23208967.45,Active
A001887,C07763,BR036,Savings,2021-09-05,20595492.33,Active
A001888,C06363,BR011,Savings,2024-07-09,158923176.05,Active
A001889,C03254,BR036,Current,2022-12-18,22684283.25,Active
A001890,C09017,BR005,Savings,2026-04-14,29811415.1,Active
A001891,C06077,BR042,Savings,2021-07-22,17067223.01,Active
A001892,C04574,BR048,Savings,2022-11-03,285611500.05,Closed
A001893,C00637,BR029,Credit,2022-10-23,9674754.83,Active
A001894,C03302,BR036,Savings,2023-08-19,8795168.33,Active
A001895,C06972,BR019,Savings,2024-02-28,4153344.23,Active
A001896,C02618,BR001,Credit,2026-01-06,7231874.31,Active
A001897,C01675,BR038,Current,2023-02-16,7066514.62,Active
A001898,C05559,BR048,Current,2026-02-07,9995890.36,Active
A001899,C07371,BR032,Savings,2025-12-06,52344431.95,Active
A001900,C02342,BR031,Savings,2026-04-09,308549902.89,Active
A001901,C02977,BR022,Credit,2024-01-10,18200766.58,Active
A001902,C02020,BR033,Current,2022-08-24,18666041.62,Active
A001903,C05199,BR029,Savings,2022-07-08,53416245.97,Active
A001904,C09663,BR020,Current,2025-01-23,9464820.67,Active
A001905,C01561,BR038,Current,2025-03-06,12553914.6,Active
A001906,C01803,BR041,Current,2026-03-05,74268512.59,Active
A001907,C06392,BR016,Current,2024-05-01,37236076.35,Active
A001908,C07980,BR017,Current,2026-06-24,43962401.45,Active
A001909,C02016,BR003,Savings,2024-12-14,511629233.93,Active
A001910,C06125,BR041,Savings,2026-08-28,40220535.57,Active
A001911,C02205,BR050,Savings,2020-09-22,90594121.99,Active
A001912,C08713,BR012,Current,2025-12-30,13065401.15,Active
A001913,C00844,BR036,Savings,2025-02-16,182569969.72,Active
A001914,C05968,BR028,Current,2026-07-22,22156797.66,Active
A001915,C08452,BR007,Current,2025-01-05,47806191.89,Active
A001916,C06385,BR022,Current,2025-11-17,160809637.78,Active
A001917,C07089,BR041,Current,2026-07-15,69136429.6,Active
A001918,C07849,BR024,Savings,2024-12-09,63462562.73,Active
A001919,C07712,BR007,Savings,2025-03-19,30644515.16,Active
A001920,C07676,BR037,Savings,2024-04-24,13971010.28,Closed
A001921,C08936,BR036,Savings,2026-02-05,20475253.9,Active
A001922,C05513,BR038,Current,2025-09-25,25472561.89,Active
A001923,C09278,BR018,Current,2026-03-18,8018053.91,Active
A001924,C03983,BR046,Current,2026-07-10,104733814.35,Active
A001925,C07725,BR030,Savings,2024-01-24,44151578.76,Inactive
A001926,C08279,BR024,Savings,2026-06-23,6978796.54,Active
A001927,C05179,BR046,Current,2026-08-06,21498374.17,Active
A001928,C07133,BR005,Savings,2025-02-01,44763775.08,Active
A001929,C01154,BR004,Savings,2026-04-23,33959490.15,Active
A001930,C07421,BR038,Credit,2025-06-24,33702589.3,Active
A001931,C09726,BR034,Current,2025-09-23,263611197.88,Active
A001932,C04089,BR023,Savings,2025-09-03,87860745.43,Active
A001933,C03390,BR011,Savings,2026-04-24,848299198.34,Active
A001934,C03063,BR019,Savings,2024-12-10,26406056.3,Active
A001935,C09347,BR016,Savings,2025-10-23,25242748.29,Inactive
A001936,C02287,BR035,Savings,2026-07-31,32956606.07,Active
A001937,C03052,BR016,Credit,2022-09-26,6763471.38,Active
A001938,C06745,BR038,Current,2025-10-26,17526890.12,Inactive
A001939,C01953,BR047,Current,2026-04-19,20380988.08,Inactive
A001940,C07263,BR014,Savings,2024-07-22,60456940.86,Active
A001941,C08128,BR016,Current,2026-04-22,21755931.14,Active
A001942,C06934,BR002,Current,2020-04-05,40181457.84,Active
A001943,C01121,BR043,Savings,2026-03-30,10704186.55,Active
A001944,C02774,BR040,Savings,2021-01-03,14360921.9,Active
A001945,C09208,BR009,Savings,2020-06-11,7780199.37,Active
A001946,C05189,BR048,Savings,2022-01-09,3591101.55,Active
A001947,C08481,BR002,Current,2019-12-25,27971774.43,Active
A001948,C09897,BR013,Savings,2021-04-15,14694351.46,Active
A001949,C07035,BR006,Current,2026-05-22,15581958.44,Active
A001950,C09029,BR016,Current,2019-02-02,6811629.05,Active
A001951,C02027,BR045,Credit,2019-10-19,12931256.66,Active
A001952,C05716,BR033,Savings,2026-06-05,172369820.38,Active
A001953,C04443,BR008,Savings,2025-02-04,15009859.28,Inactive
A001954,C08232,BR047,Current,2024-01-15,15354325.22,Active
A001955,C02703,BR047,Savings,2019-12-11,17708997.14,Active
A001956,C05810,BR027,Savings,2023-01-12,33668380.9,Active
A001957,C06469,BR004,Savings,2024-07-05,24729245.52,Active
A001958,C00281,BR037,Current,2025-11-16,5495291.91,Active
A001959,C03274,BR001,Credit,2026-06-05,41442035.99,Active
A001960,C07856,BR049,Current,2026-04-10,6479727.04,Active
A001961,C01876,BR008,Current,2025-09-07,13038026.82,Active
A001962,C05402,BR006,Savings,2026-08-28,11314533.37,Active
A001963,C05220,BR011,Current,2026-05-28,14985306.74,Active
A001964,C04122,BR027,Savings,2025-12-15,42450866.42,Active
A001965,C04188,BR019,Credit,2020-07-25,33530197.72,Active
A001966,C05014,BR023,Current,2020-03-28,29232241.35,Active
A001967,C03175,BR008,Savings,2026-05-21,70835279.57,Active
A001968,C06546,BR002,Savings,2020-02-05,238707697.69,Active
A001969,C02602,BR033,Savings,2025-03-13,9436302.38,Active
A001970,C04086,BR035,Savings,2026-02-14,11704041.45,Active
A001971,C03826,BR027,Savings,2025-06-08,4893236.86,Active
A001972,C02325,BR045,Savings,2022-05-20,40866126.47,Active
A001973,C09970,BR001,Current,2021-06-03,696473307.05,Closed
A001974,C00107,BR025,Current,2025-05-30,98819541.63,Active
A001975,C08856,BR044,Current,2024-10-15,251142064.96,Active
A001976,C09704,BR004,Current,2022-05-09,11807017.77,Active
A001977,C02069,BR029,Current,2024-03-03,11232817.41,Active
A001978,C03067,BR009,Savings,2026-07-27,10823623.01,Active
A001979,C08328,BR021,Current,2026-07-27,11619893.83,Active
A001980,C04111,BR050,Savings,2024-08-29,8847075.84,Active
A001981,C08638,BR019,Savings,2026-03-24,18631259.21,Active
A001982,C03342,BR002,Savings,2025-12-31,15353346.37,Active
A001983,C02845,BR011,Current,2026-05-08,55985150.36,Active
A001984,C04546,BR044,Savings,2026-08-24,192064427.14,Active
A001985,C03860,BR030,Savings,2026-07-30,301760809.01,Active
A001986,C01434,BR014,Current,2025-05-23,38141844.7,Inactive
A001987,C09467,BR017,Current,2025-03-20,23442471.8,Active
A001988,C04237,BR025,Savings,2021-04-22,643774774.24,Active
A001989,C04997,BR022,Savings,2025-03-26,66233250.84,Active
A001990,C04910,BR030,Current,2020-10-23,27558352.17,Active
A001991,C05863,BR023,Current,2025-04-03,53111662.55,Active
A001992,C07074,BR003,Current,2026-05-06,20529609.76,Active
A001993,C07543,BR042,Savings,2022-02-20,577627136.14,Active
A001994,C06838,BR012,Current,2026-03-03,157931174.75,Active
A001995,C03049,BR050,Current,2022-07-03,11942524.84,Active
A001996,C01189,BR016,Savings,2026-01-06,36174833.16,Active
A001997,C04556,BR023,Savings,2025-08-20,3487747.15,Active
A001998,C03859,BR041,Savings,2026-02-01,5516300.11,Active
A001999,C00833,BR012,Current,2024-01-12,13025702.99,Active
A002000,C06242,BR038,Current,2025-07-12,19905456.25,Active
A002001,C06841,BR008,Current,2026-01-28,5062924.32,Active
A002002,C06583,BR007,Savings,2026-07-27,73205763.81,Active
A002003,C06186,BR026,Savings,2026-07-25,37753003.38,Active
A002004,C07306,BR022,Current,2025-12-22,15846859.89,Active
A002005,C04639,BR047,Current,2025-07-06,31795391.44,Active
A002006,C05745,BR012,Current,2026-08-10,52854705.84,Active
A002007,C00960,BR022,Current,2023-04-17,7846885.61,Active
A002008,C00126,BR004,Savings,2024-03-30,29581502.94,Active
A002009,C08391,BR010,Current,2022-10-28,20155206.23,Active
A002010,C04654,BR014,Savings,2025-10-07,34886831.23,Active
A002011,C08147,BR021,Savings,2025-03-30,45669834.04,Active
A002012,C05194,BR009,Current,2026-01-06,52442387.91,Active
A002013,C05876,BR013,Credit,2022-12-28,41881239.46,Active
A002014,C05417,BR007,Savings,2026-08-31,31674539.84,Closed
A002015,C05697,BR046,Current,2021-10-02,10231803.33,Active
A002016,C01268,BR005,Current,2026-06-22,14961938.09,Active
A002017,C09746,BR020,Credit,2021-04-29,18986425.91,Active
A002018,C06591,BR022,Savings,2025-11-22,2793416.04,Active
A002019,C09709,BR025,Current,2022-03-27,4654694.74,Active
A002020,C08735,BR018,Savings,2025-07-05,16072610.56,Closed
A002021,C01905,BR050,Current,2024-08-13,196073012.66,Active
A002022,C01303,BR022,Savings,2025-12-22,33291937.06,Inactive
A002023,C05955,BR012,Savings,2026-08-04,4150187.43,Active
A002024,C08891,BR017,Current,2022-10-31,23576589.42,Active
A002025,C03561,BR004,Savings,2024-02-26,4988190.53,Active
A002026,C01910,BR023,Savings,2022-04-27,62524166.05,Active
A002027,C08860,BR045,Savings,2025-12-31,6401600.2,Active
A002028,C01331,BR007,Savings,2020-09-07,68716827.12,Active
A002029,C09689,BR027,Savings,2024-09-19,5136934.35,Active
A002030,C07402,BR021,Savings,2024-10-02,73448527.0,Closed
A002031,C05358,BR011,Current,2024-10-18,3768139.14,Active
A002032,C02599,BR036,Current,2025-04-02,53931045.68,Active
A002033,C03576,BR004,Current,2023-01-24,482489465.52,Active
A002034,C06936,BR027,Current,2026-06-26,16737114.4,Active
A002035,C03327,BR045,Current,2026-05-27,48788788.98,Active
A002036,C06100,BR007,Savings,2023-11-20,16877614.44,Active
A002037,C02781,BR012,Current,2024-04-23,17880438.36,Active
A002038,C02195,BR031,Savings,2026-05-24,16666995.25,Closed
A002039,C08465,BR005,Savings,2026-06-12,23546040.19,Active
A002040,C00410,BR038,Savings,2024-03-06,56674119.82,Active
A002041,C04989,BR023,Savings,2022-09-14,12636890.52,Active
A002042,C02889,BR045,Savings,2021-11-04,28683381.23,Active
A002043,C01251,BR049,Current,2026-02-20,97143347.88,Active
A002044,C00674,BR011,Savings,2026-01-14,13689855.3,Active
A002045,C08537,BR008,Savings,2026-08-12,4892152.0,Active
A002046,C05021,BR044,Credit,2025-06-26,49724134.99,Closed
A002047,C02683,BR045,Savings,2023-04-05,50350510.48,Active
A002048,C00582,BR044,Savings,2025-09-21,33043999.51,Active
A002049,C07060,BR003,Savings,2024-12-10,90473246.74,Active
A002050,C05450,BR029,Credit,2026-06-07,32349910.97,Active
A002051,C05646,BR038,Savings,2019-06-21,40848519.7,Active
A002052,C07719,BR023,Current,2025-08-16,18387713.89,Active
A002053,C00382,BR013,Savings,2024-11-30,203724457.93,Active
A002054,C02386,BR023,Savings,2025-03-14,12963312.35,Inactive
A002055,C00348,BR037,Current,2025-08-28,130956144.93,Closed
A002056,C08459,BR038,Savings,2026-08-08,3662069.82,Active
A002057,C00410,BR038,Credit,2023-08-25,56366529.3,Active
A002058,C08469,BR008,Current,2024-11-01,126410998.16,Active
A002059,C00705,BR036,Savings,2025-01-09,61539419.67,Active
A002060,C03277,BR039,Savings,2022-05-12,21878394.4,Active
A002061,C00520,BR037,Savings,2026-04-11,9247804.12,Active
A002062,C04064,BR049,Current,2022-12-24,29937859.28,Active
A002063,C00352,BR038,Savings,2021-09-10,7559160.1,Active
A002064,C05183,BR043,Savings,2024-08-11,30454674.37,Active
A002065,C01160,BR044,Savings,2023-06-08,42770813.13,Active
A002066,C00494,BR041,Current,2025-06-24,33746311.05,Active
A002067,C06276,BR038,Savings,2020-04-21,11389580.65,Active
A002068,C04151,BR007,Savings,2026-02-06,2739258.66,Active
A002069,C06717,BR011,Current,2024-05-02,23897737.72,Active
A002070,C05424,BR005,Savings,2020-05-16,13570012.97,Inactive
A002071,C09090,BR003,Current,2022-12-28,40332257.24,Active
A002072,C02246,BR003,Current,2021-06-22,54197310.71,Active
A002073,C07659,BR017,Savings,2026-03-18,218355475.47,Active
A002074,C01003,BR034,Savings,2023-05-01,6038635.29,Active
A002075,C04856,BR003,Savings,2026-03-31,111034732.48,Active
A002076,C00105,BR024,Current,2023-03-24,93185987.12,Active
A002077,C09284,BR003,Current,2026-04-05,11269952.0,Active
A002078,C07092,BR018,Credit,2025-05-07,125612216.67,Active
A002079,C08356,BR036,Savings,2020-11-07,55359396.41,Active
A002080,C00677,BR012,Current,2022-11-01,65029862.14,Active
A002081,C07950,BR044,Savings,2026-08-08,12348139.98,Active
A002082,C05728,BR030,Credit,2022-08-09,24672817.34,Active
A002083,C08889,BR025,Credit,2022-01-07,31269539.92,Active
A002084,C05020,BR004,Current,2021-01-29,13543198.09,Active
A002085,C08438,BR049,Current,2026-06-18,11748801.23,Active
A002086,C06417,BR031,Savings,2023-06-02,2544496.99,Active
A002087,C02086,BR033,Savings,2024-01-11,8049766.39,Active
A002088,C03969,BR022,Current,2023-06-02,36035640.56,Active
A002089,C05561,BR033,Credit,2024-12-11,25939066.68,Active
A002090,C07915,BR045,Current,2023-11-16,67443794.08,Active
A002091,C07604,BR040,Savings,2025-03-15,65622033.15,Active
A002092,C08454,BR003,Savings,2022-05-03,14891717.56,Active
A002093,C01177,BR011,Savings,2020-01-04,174476834.35,Active
A002094,C00259,BR018,Credit,2025-09-05,51969029.28,Active
A002095,C01044,BR008,Savings,2026-06-01,42376981.7,Active
A002096,C08703,BR044,Credit,2024-08-29,54736766.27,Active
A002097,C09129,BR023,Savings,2025-03-30,25914016.14,Active
A002098,C06770,BR025,Current,2024-07-08,78366140.61,Active
A002099,C01326,BR028,Current,2025-08-29,54589068.03,Active
A002100,C00618,BR028,Current,2023-08-26,8699597.26,Active
A002101,C07140,BR018,Savings,2024-07-24,7471404.63,Active
A002102,C01130,BR011,Credit,2026-08-04,9270534.06,Inactive
A002103,C05845,BR037,Savings,2026-05-07,22790578.22,Active
A002104,C02097,BR032,Savings,2023-02-26,8152837.66,Active
A002105,C03317,BR048,Savings,2023-11-05,13246744.32,Active
A002106,C00414,BR029,Current,2026-05-25,97168726.84,Active
A002107,C08648,BR038,Current,2024-07-18,22041528.51,Active
A002108,C06731,BR038,Savings,2024-02-22,4456516.95,Inactive
A002109,C08041,BR043,Current,2025-10-13,7115826.28,Active
A002110,C04689,BR014,Current,2024-05-28,39717182.75,Active
A002111,C09741,BR033,Credit,2026-01-03,182773824.47,Active
A002112,C02342,BR006,Savings,2026-07-01,472191028.98,Inactive
A002113,C02989,BR027,Current,2024-06-09,97027179.66,Inactive
A002114,C04045,BR048,Credit,2022-09-07,9808824.93,Inactive
A002115,C09344,BR038,Savings,2025-10-29,8082710.47,Active
A002116,C08981,BR004,Current,2026-04-17,62082084.08,Closed
A002117,C09957,BR021,Savings,2026-08-05,4468831.04,Active
A002118,C05307,BR003,Current,2026-05-31,95463179.97,Active
A002119,C02531,BR024,Savings,2024-07-29,82781815.86,Closed
A002120,C03229,BR038,Savings,2026-05-29,41622119.64,Active
A002121,C08667,BR037,Savings,2025-07-15,52614709.88,Active
A002122,C05828,BR025,Savings,2026-08-13,24375564.35,Inactive
A002123,C05358,BR011,Savings,2026-07-31,26089257.62,Active
A002124,C03389,BR012,Current,2021-08-07,56876866.05,Active
A002125,C05226,BR046,Savings,2025-12-08,14984047.55,Active
A002126,C01138,BR030,Credit,2024-02-10,124112387.24,Active
A002127,C01616,BR030,Current,2024-12-10,89030080.13,Active
A002128,C03722,BR021,Savings,2023-12-19,245514788.57,Active
A002129,C01265,BR017,Savings,2026-08-26,12743484.81,Active
A002130,C07126,BR040,Savings,2026-01-27,56195363.98,Active
A002131,C09986,BR010,Savings,2024-04-17,24914563.26,Active
A002132,C00070,BR037,Savings,2025-10-24,5453907.82,Active
A002133,C04340,BR035,Credit,2024-08-03,31421354.67,Active
A002134,C09743,BR043,Savings,2022-04-04,5298802.02,Closed
A002135,C02756,BR008,Savings,2022-11-27,25001052.75,Active
A002136,C04478,BR049,Current,2022-12-14,8930133.62,Active
A002137,C00692,BR049,Savings,2021-03-23,21962084.15,Active
A002138,C06300,BR046,Current,2025-06-18,30998058.02,Closed
A002139,C09167,BR028,Savings,2025-10-09,16958804.82,Active
A002140,C02032,BR020,Savings,2022-11-15,5745135.17,Active
A002141,C09516,BR029,Current,2025-11-02,42703631.5,Active
A002142,C09319,BR005,Credit,2025-03-28,8373926.48,Active
A002143,C06666,BR003,Savings,2026-07-24,3293809.13,Closed
A002144,C00727,BR007,Current,2025-01-25,36967253.79,Active
A002145,C01507,BR022,Savings,2025-08-08,86409873.4,Active
A002146,C09373,BR011,Current,2026-01-09,36131461.77,Active
A002147,C02162,BR018,Current,2024-04-08,48066721.99,Active
A002148,C00196,BR036,Credit,2023-01-29,8559037.32,Active
A002149,C03081,BR003,Savings,2021-11-27,18329434.17,Active
A002150,C06335,BR014,Credit,2024-08-20,7751092.22,Active
A002151,C06543,BR019,Savings,2026-07-29,2984529.4,Active
A002152,C01986,BR035,Savings,2024-01-25,5035424.11,Active
A002153,C06588,BR047,Savings,2024-05-09,10477790.81,Active
A002154,C04412,BR027,Savings,2023-05-02,30774539.18,Active
A002155,C02269,BR047,Credit,2025-06-12,19791978.29,Active
A002156,C08860,BR045,Savings,2020-07-18,16780446.37,Active
A002157,C06402,BR009,Savings,2026-04-30,19589766.23,Active
A002158,C07136,BR018,Savings,2024-06-20,194627395.44,Inactive
A002159,C03420,BR013,Current,2022-10-18,17939302.18,Active
A002160,C05903,BR037,Current,2019-08-20,13633310.03,Inactive
A002161,C00913,BR005,Savings,2024-11-01,37113793.36,Closed
A002162,C03464,BR034,Savings,2026-07-29,40692653.8,Active
A002163,C03889,BR038,Current,2024-05-26,37777829.11,Inactive
A002164,C01718,BR035,Savings,2022-01-03,12309619.18,Active
A002165,C04539,BR043,Credit,2022-10-16,6721215.07,Active
A002166,C05276,BR001,Savings,2025-06-02,33088590.82,Active
A002167,C02457,BR034,Savings,2026-07-19,5032951.78,Active
A002168,C03728,BR026,Savings,2026-02-20,71225834.17,Inactive
A002169,C03265,BR015,Current,2021-06-08,357928337.09,Closed
A002170,C02209,BR049,Savings,2021-12-26,6419516.46,Active
A002171,C04557,BR021,Savings,2024-04-29,5598817.18,Active
A002172,C06065,BR033,Savings,2025-11-07,5397664.4,Active
A002173,C05071,BR041,Savings,2023-01-03,16782564.61,Inactive
A002174,C09850,BR001,Savings,2026-05-21,79642829.77,Active
A002175,C04877,BR048,Current,2023-03-18,5580690.21,Active
A002176,C06566,BR029,Credit,2024-10-07,11278356.91,Active
A002177,C04282,BR038,Current,2025-10-08,117165193.07,Active
A002178,C09186,BR033,Current,2025-08-09,24034532.39,Active
A002179,C04019,BR006,Current,2026-08-22,14358980.83,Inactive
A002180,C02698,BR011,Savings,2023-04-28,11082066.78,Active
A002181,C08503,BR035,Current,2021-02-03,5352488.63,Active
A002182,C05715,BR043,Savings,2021-08-22,11797949.21,Active
A002183,C08721,BR038,Savings,2023-05-04,10764653.0,Active
A002184,C01245,BR026,Savings,2024-05-29,19341084.46,Active
A002185,C08976,BR007,Savings,2025-03-18,17144279.89,Active
A002186,C00612,BR043,Savings,2019-01-10,28267091.48,Active
A002187,C07837,BR038,Credit,2024-11-09,56986993.31,Active
A002188,C02940,BR025,Current,2025-09-25,3386242.84,Active
A002189,C04156,BR032,Current,2025-05-01,33146081.43,Active
A002190,C08055,BR007,Savings,2026-08-26,7093821.48,Active
A002191,C00742,BR043,Savings,2022-11-07,36862128.55,Closed
A002192,C06378,BR017,Savings,2026-07-23,14491423.11,Inactive
A002193,C02019,BR025,Current,2021-07-03,19103405.38,Active
A002194,C06079,BR001,Savings,2022-08-15,9809792.06,Inactive
A002195,C05615,BR034,Savings,2021-06-15,54868628.63,Active
A002196,C02747,BR018,Savings,2026-04-06,255983272.43,Inactive
A002197,C04023,BR026,Current,2023-12-17,46585180.8,Active
A002198,C09858,BR009,Current,2026-04-27,14967897.35,Active
A002199,C09656,BR022,Savings,2020-11-15,6914909.86,Inactive
A002200,C05949,BR002,Savings,2026-02-27,40918336.38,Active
A002201,C06367,BR011,Current,2025-06-09,12272277.51,Active
A002202,C03915,BR036,Savings,2025-04-03,18143938.69,Active
A002203,C01565,BR023,Savings,2026-02-08,515489680.1,Active
A002204,C07045,BR008,Savings,2021-04-12,87263969.52,Active
A002205,C01497,BR014,Savings,2025-05-25,7648821.02,Active
A002206,C04030,BR028,Savings,2025-11-06,59457853.97,Inactive
A002207,C05289,BR015,Savings,2021-07-30,26982176.18,Active
A002208,C00593,BR039,Savings,2019-08-14,139918426.67,Active
A002209,C06198,BR010,Savings,2021-08-28,10334083.26,Active
A002210,C07867,BR048,Savings,2025-08-23,24191963.41,Active
A002211,C04349,BR022,Savings,2026-04-19,30213092.06,Active
A002212,C06306,BR040,Savings,2022-05-31,12854807.99,Active
A002213,C02958,BR015,Current,2025-09-15,59990239.1,Active
A002214,C02918,BR027,Savings,2019-12-08,31707209.23,Active
A002215,C01777,BR001,Current,2026-01-15,22841113.58,Active
A002216,C01619,BR031,Current,2024-11-27,43080650.38,Active
A002217,C08021,BR040,Savings,2026-03-01,116766177.0,Active
A002218,C09771,BR005,Savings,2023-09-18,20434142.38,Active
A002219,C03922,BR007,Savings,2024-07-07,14401703.23,Inactive
A002220,C08849,BR009,Savings,2023-01-07,7186481.64,Active
A002221,C06298,BR005,Savings,2025-11-08,3336641.19,Active
A002222,C00783,BR024,Current,2026-02-13,403227353.02,Active
A002223,C02466,BR010,Savings,2021-10-24,2294349065.35,Active
A002224,C09362,BR008,Savings,2026-03-20,41458792.61,Active
A002225,C09020,BR038,Savings,2026-05-22,174796357.18,Inactive
A002226,C06871,BR029,Savings,2024-01-05,18256705.82,Active
A002227,C01655,BR043,Savings,2026-04-12,102893332.71,Active
A002228,C04709,BR006,Current,2025-08-17,2157720.51,Active
A002229,C04944,BR014,Savings,2025-07-11,27606704.66,Active
A002230,C06692,BR007,Savings,2025-11-15,9436430.14,Active
A002231,C04377,BR027,Current,2025-04-05,199647093.86,Active
A002232,C06233,BR030,Current,2025-09-28,11581912.79,Active
A002233,C07358,BR005,Savings,2024-05-19,62310097.55,Closed
A002234,C05772,BR028,Current,2022-01-22,8448101.38,Active
A002235,C06187,BR035,Savings,2026-03-28,80780619.99,Active
A002236,C02048,BR029,Credit,2026-03-06,54121543.2,Active
A002237,C00068,BR022,Savings,2022-05-24,379248445.4,Active
A002238,C04231,BR003,Savings,2020-03-12,4564495.3,Active
A002239,C08425,BR044,Savings,2026-03-11,68867625.79,Active
A002240,C08602,BR048,Current,2023-10-12,6240209.34,Active
A002241,C00171,BR038,Savings,2025-12-13,8979020.01,Active
A002242,C08443,BR005,Savings,2021-01-05,16823374.78,Active
A002243,C04192,BR007,Savings,2025-12-06,4157242.98,Active
A002244,C05922,BR040,Credit,2024-01-13,7768866.71,Inactive
A002245,C07046,BR024,Savings,2023-07-11,23646655.99,Inactive
A002246,C01568,BR034,Credit,2026-04-19,4842871.97,Closed
A002247,C06753,BR019,Credit,2019-01-26,62199310.43,Active
A002248,C09295,BR041,Current,2023-07-02,39313837.89,Active
A002249,C00097,BR030,Current,2025-12-25,10098920.47,Inactive
A002250,C04749,BR044,Savings,2026-08-20,7990732.65,Closed
A002251,C04568,BR018,Current,2025-08-08,17630002.25,Active
A002252,C09763,BR038,Savings,2025-06-18,29043742.47,Closed
A002253,C07055,BR047,Current,2026-06-06,19698189.49,Active
A002254,C09490,BR022,Savings,2024-06-18,10387281.26,Active
A002255,C03781,BR013,Current,2023-01-11,13474664.09,Active
A002256,C04955,BR004,Savings,2025-04-17,85466603.02,Active
A002257,C01669,BR022,Savings,2020-07-11,214035237.27,Active
A002258,C01421,BR036,Credit,2024-02-21,41562885.13,Active
A002259,C08189,BR009,Current,2026-04-29,4535514.26,Active
A002260,C05129,BR015,Savings,2021-01-21,6034183.15,Active
A002261,C02130,BR013,Current,2025-11-08,22139403.09,Active
A002262,C03192,BR038,Current,2025-09-07,5922343.86,Active
A002263,C01347,BR038,Current,2026-04-27,5741921.09,Active
A002264,C05498,BR033,Current,2025-08-02,16555759.29,Inactive
A002265,C00615,BR038,Savings,2023-10-30,6457434.51,Active
A002266,C08681,BR039,Current,2021-10-11,13485063.41,Active
A002267,C06805,BR021,Current,2025-05-05,49015032.8,Active
A002268,C06341,BR022,Current,2022-03-09,7528676.32,Active
A002269,C07614,BR045,Current,2026-06-27,18364378.93,Active
A002270,C02426,BR011,Savings,2026-03-13,16771830.5,Active
A002271,C07935,BR031,Savings,2025-05-26,33414623.72,Active
A002272,C03878,BR008,Savings,2026-06-16,13111063.8,Active
A002273,C09618,BR030,Current,2025-10-25,232351017.76,Active
A002274,C03713,BR005,Savings,2026-02-01,12715780.16,Active
A002275,C01789,BR026,Credit,2020-09-21,13307262.01,Active
A002276,C02792,BR006,Savings,2026-08-24,91612379.54,Active
A002277,C04940,BR038,Current,2025-10-06,8379956.8,Active
A002278,C04331,BR011,Current,2022-03-16,190931394.07,Inactive
A002279,C04797,BR043,Current,2021-12-18,3421674.85,Active
A002280,C07791,BR018,Savings,2024-03-22,12513115.15,Active
A002281,C01507,BR022,Savings,2024-10-26,143651225.73,Active
A002282,C07367,BR003,Savings,2024-10-08,21965394.63,Active
A002283,C08006,BR019,Current,2025-11-04,6876994.7,Active
A002284,C02437,BR040,Current,2023-01-15,7857384.63,Active
A002285,C09508,BR047,Current,2026-04-07,6703408.67,Active
A002286,C04222,BR048,Savings,2025-10-09,24226142.18,Active
A002287,C05756,BR007,Current,2025-12-15,8298802.43,Active
A002288,C00058,BR045,Savings,2023-07-20,95642070.99,Active
A002289,C08150,BR007,Current,2024-12-15,96258533.07,Active
A002290,C08262,BR035,Current,2026-01-21,99759767.99,Active
A002291,C01881,BR028,Savings,2023-04-16,19271960.37,Active
A002292,C03104,BR018,Savings,2026-08-19,7839185.9,Active
A002293,C03430,BR029,Current,2023-12-26,4664263.72,Active
A002294,C02778,BR013,Credit,2024-05-12,65952166.84,Active
A002295,C07831,BR038,Savings,2023-11-07,13636929.64,Active
A002296,C08384,BR038,Current,2023-12-04,17022516.46,Active
A002297,C05667,BR005,Current,2023-08-27,48537113.03,Active
A002298,C05615,BR025,Savings,2022-02-06,98511512.02,Active
A002299,C01005,BR026,Savings,2025-08-24,55112561.44,Active
A002300,C03008,BR038,Savings,2024-12-03,157600489.7,Active
A002301,C03243,BR028,Credit,2023-04-03,4311841.37,Active
A002302,C05565,BR028,Savings,2025-10-03,601507744.48,Active
A002303,C06864,BR005,Current,2020-10-16,31160834.27,Active
A002304,C07835,BR014,Savings,2025-05-17,752296354.81,Active
A002305,C06487,BR040,Current,2026-08-05,4286047.99,Active
A002306,C05445,BR025,Current,2024-03-18,19292037.34,Active
A002307,C05341,BR040,Savings,2026-07-30,8785010.41,Active
A002308,C09243,BR037,Credit,2026-07-12,4870206.06,Inactive
A002309,C03902,BR007,Savings,2024-01-10,10772062.98,Active
A002310,C01816,BR037,Savings,2025-02-01,7272265.07,Active
A002311,C01436,BR005,Credit,2019-10-22,31332333.25,Closed
A002312,C04995,BR028,Credit,2023-03-07,114568279.73,Active
A002313,C01015,BR019,Credit,2023-03-19,5966107.03,Active
A002314,C04774,BR023,Savings,2022-03-14,8403708.95,Active
A002315,C03699,BR044,Current,2026-08-18,11061739.48,Active
A002316,C09312,BR022,Current,2021-11-26,14155823.35,Active
A002317,C00106,BR035,Credit,2025-10-20,33553890.6,Active
A002318,C02212,BR028,Savings,2024-08-20,129745425.25,Inactive
A002319,C02456,BR039,Savings,2024-07-04,15629556.61,Inactive
A002320,C08545,BR047,Current,2024-03-28,284124941.01,Inactive
A002321,C09827,BR025,Current,2025-08-05,3630487.63,Active
A002322,C03993,BR039,Savings,2026-03-26,42167437.59,Active
A002323,C01837,BR004,Current,2025-07-23,10489480.76,Active
A002324,C00758,BR034,Current,2024-07-16,52035303.07,Active
A002325,C08373,BR007,Current,2026-07-20,17547958.79,Active
A002326,C05881,BR031,Savings,2022-02-26,75813590.29,Active
A002327,C03958,BR007,Current,2024-03-11,24364019.37,Active
A002328,C07847,BR032,Savings,2026-03-20,4770420.69,Active
A002329,C01364,BR008,Savings,2026-03-17,9175325.01,Closed
A002330,C02370,BR026,Savings,2024-06-14,13101703.14,Active
A002331,C01912,BR001,Savings,2023-05-28,7456035.89,Active
A002332,C00946,BR028,Savings,2025-06-02,258859255.97,Active
A002333,C07568,BR027,Savings,2020-05-01,5025368.95,Active
A002334,C01148,BR041,Savings,2025-06-15,15068812.73,Active
A002335,C01300,BR033,Savings,2024-04-09,94463640.04,Active
A002336,C04692,BR046,Savings,2019-06-05,6717813.14,Active
A002337,C01769,BR019,Savings,2026-04-24,1652652065.99,Active
A002338,C09313,BR033,Current,2025-07-13,15781854.18,Inactive
A002339,C03919,BR042,Current,2026-07-03,182097172.89,Active
A002340,C04002,BR034,Current,2026-07-26,4073158.58,Active
A002341,C09755,BR016,Current,2023-03-11,15736840.82,Active
A002342,C06818,BR002,Current,2022-10-02,12178345.0,Active
A002343,C01521,BR029,Savings,2023-01-27,28063868.4,Active
A002344,C04131,BR030,Savings,2025-04-18,72360997.75,Active
A002345,C04442,BR018,Savings,2024-03-02,5772326.33,Active
A002346,C03134,BR037,Current,2025-02-28,57089764.11,Active
A002347,C08794,BR009,Savings,2026-08-06,108523208.17,Active
A002348,C01107,BR038,Savings,2024-03-31,12240660.42,Active
A002349,C02679,BR019,Current,2026-08-31,89772043.45,Active
A002350,C07394,BR008,Current,2020-09-04,111481204.17,Active
A002351,C01913,BR041,Current,2024-02-26,4782507.11,Active
A002352,C06229,BR038,Savings,2026-01-05,17016876.33,Active
A002353,C00030,BR011,Savings,2026-07-10,244162594.89,Active
A002354,C02781,BR042,Current,2026-05-04,22508436.39,Active
A002355,C08364,BR040,Savings,2021-11-06,8297088.43,Active
A002356,C07336,BR010,Savings,2026-05-11,9246903.3,Active
A002357,C01109,BR015,Current,2020-06-21,56732490.99,Active
A002358,C00707,BR048,Savings,2026-05-07,40156321.45,Active
A002359,C07825,BR019,Savings,2023-11-03,7965612.26,Inactive
A002360,C09270,BR017,Credit,2026-06-06,37843520.91,Active
A002361,C04913,BR050,Current,2023-02-13,14141709.91,Active
A002362,C07260,BR035,Savings,2025-06-09,8512235.09,Active
A002363,C09521,BR029,Current,2026-07-14,39527803.87,Active
A002364,C05494,BR023,Credit,2025-10-09,7019950.02,Inactive
A002365,C09188,BR002,Savings,2026-08-28,8706774.89,Inactive
A002366,C08678,BR047,Current,2020-03-26,142056815.61,Active
A002367,C02252,BR036,Savings,2019-03-20,30994410.19,Active
A002368,C05577,BR028,Savings,2026-03-19,152266006.46,Active
A002369,C04282,BR038,Savings,2025-12-14,453342648.74,Inactive
A002370,C08359,BR041,Current,2019-11-13,15613287.58,Active
A002371,C07818,BR014,Savings,2023-03-29,23399984.56,Active
A002372,C08050,BR042,Current,2020-12-14,76368304.48,Active
A002373,C07622,BR038,Savings,2025-11-12,5273565.7,Active
A002374,C00281,BR022,Savings,2025-05-06,22278073.42,Active
A002375,C02236,BR027,Current,2023-09-17,39596634.98,Active
A002376,C09470,BR010,Current,2026-02-12,587117280.37,Active
A002377,C05134,BR005,Current,2024-11-05,5902135.29,Active
A002378,C04186,BR008,Savings,2025-01-10,49441640.6,Active
A002379,C09326,BR033,Current,2019-11-28,11233910.07,Active
A002380,C08070,BR015,Current,2026-08-31,25727849.46,Active
A002381,C04087,BR005,Savings,2020-09-11,17267877.83,Closed
A002382,C00675,BR019,Savings,2025-10-15,15241946.4,Active
A002383,C06763,BR033,Savings,2022-10-05,299464171.96,Active
A002384,C08847,BR024,Current,2025-01-25,3450308.59,Active
A002385,C05780,BR022,Savings,2026-01-17,152510133.09,Active
A002386,C02848,BR007,Current,2024-12-28,6316084.14,Active
A002387,C07464,BR016,Credit,2023-03-27,3638342.98,Active
A002388,C08715,BR048,Credit,2019-12-29,8435378.53,Inactive
A002389,C09171,BR016,Credit,2026-06-04,26004394.22,Active
A002390,C09600,BR039,Current,2026-03-29,9343979.97,Active
A002391,C00076,BR021,Current,2021-01-27,11491961.87,Active
A002392,C06954,BR038,Current,2023-03-27,3781067.35,Active
A002393,C09846,BR008,Savings,2022-03-15,7931401.4,Active
A002394,C05726,BR011,Current,2021-09-24,57906957.06,Active
A002395,C07204,BR011,Credit,2025-11-04,25077487.7,Active
A002396,C07801,BR025,Current,2022-05-15,24768808.9,Active
A002397,C04031,BR041,Current,2026-05-31,10423294.99,Active
A002398,C04742,BR043,Savings,2026-03-02,171194314.89,Active
A002399,C08320,BR002,Current,2024-10-02,245149082.62,Active
A002400,C02607,BR021,Current,2026-06-15,18194760.08,Active
A002401,C01941,BR039,Savings,2023-06-17,41737116.76,Active
A002402,C06967,BR022,Savings,2026-02-04,27003534.24,Active
A002403,C01379,BR016,Current,2025-11-06,147025296.53,Closed
A002404,C06877,BR038,Current,2023-08-26,3717395.48,Active
A002405,C08856,BR044,Credit,2024-10-22,230614075.08,Inactive
A002406,C04606,BR023,Savings,2023-02-25,8080302.69,Active
A002407,C04210,BR009,Credit,2021-12-31,9979161.27,Active
A002408,C00853,BR035,Current,2022-04-14,8549120.98,Inactive
A002409,C08893,BR034,Savings,2026-06-07,31995649.7,Active
A002410,C00851,BR044,Current,2024-09-21,12990411.64,Active
A002411,C09892,BR002,Current,2023-06-15,22052876.06,Active
A002412,C07092,BR040,Savings,2024-11-21,84365398.8,Active
A002413,C01311,BR020,Savings,2023-02-11,13901775.95,Closed
A002414,C07316,BR016,Current,2025-12-22,7033067.47,Active
A002415,C06801,BR028,Current,2023-05-05,284440771.05,Inactive
A002416,C00502,BR018,Savings,2026-02-17,4652177.08,Active
A002417,C00200,BR009,Savings,2026-07-15,20860415.76,Active
A002418,C05416,BR042,Savings,2025-12-15,104134803.69,Active
A002419,C01603,BR007,Current,2025-03-01,37770758.93,Active
A002420,C08025,BR038,Current,2026-07-08,211386805.65,Active
A002421,C01166,BR011,Current,2022-05-26,72664620.47,Active
A002422,C09776,BR029,Current,2025-07-30,22928155.33,Active
A002423,C05197,BR047,Current,2021-09-27,61556113.25,Closed
A002424,C06441,BR001,Current,2020-07-23,14237919.43,Active
A002425,C04403,BR028,Current,2025-03-05,6391080.98,Active
A002426,C01294,BR034,Savings,2026-04-21,11028421.47,Inactive
A002427,C05434,BR050,Savings,2026-06-09,32097380.92,Active
A002428,C06164,BR045,Savings,2023-04-02,20196385.44,Active
A002429,C01731,BR002,Savings,2020-06-30,820158915.6,Active
A002430,C09993,BR040,Credit,2023-11-27,13615611.07,Active
A002431,C09134,BR020,Savings,2025-07-01,4101210.45,Active
A002432,C02584,BR026,Current,2023-03-24,33966368.36,Active
A002433,C05789,BR038,Current,2022-03-14,3621944.48,Active
A002434,C04487,BR013,Savings,2022-10-03,4354833.5,Active
A002435,C05116,BR027,Current,2022-05-17,13005592.94,Active
A002436,C03531,BR011,Current,2026-08-06,18347226.11,Active
A002437,C05571,BR022,Current,2020-03-19,21027859.47,Inactive
A002438,C03126,BR030,Current,2022-06-01,76380616.12,Active
A002439,C02614,BR042,Current,2022-06-19,274254709.22,Active
A002440,C08438,BR036,Savings,2026-07-01,15802764.2,Inactive
A002441,C06556,BR033,Current,2026-04-14,165057567.32,Active
A002442,C01382,BR048,Savings,2023-03-24,138780677.81,Active
A002443,C04980,BR023,Current,2025-02-01,5332132.3,Active
A002444,C09536,BR019,Current,2021-04-05,13095462.7,Active
A002445,C00220,BR018,Savings,2022-07-06,81998963.89,Active
A002446,C03755,BR038,Savings,2025-12-13,56203612.65,Inactive
A002447,C02321,BR010,Savings,2026-05-17,49888587.42,Active
A002448,C04486,BR018,Current,2026-08-22,401173346.59,Inactive
A002449,C07908,BR008,Current,2026-02-22,10311236.86,Active
A002450,C06576,BR004,Savings,2023-12-06,45898545.54,Inactive
A002451,C06526,BR047,Current,2023-05-06,10190169.55,Active
A002452,C01028,BR031,Savings,2025-11-27,47165275.73,Active
A002453,C00390,BR030,Savings,2020-06-05,72703792.57,Active
A002454,C09498,BR019,Current,2023-01-17,5184068.51,Active
A002455,C04566,BR045,Current,2026-08-06,4475656.17,Active
A002456,C00765,BR007,Savings,2025-12-28,87662494.12,Active
A002457,C00277,BR050,Savings,2020-12-17,292734384.09,Active
A002458,C06834,BR035,Savings,2024-12-21,21236321.67,Active
A002459,C09329,BR045,Savings,2021-06-19,8092586.7,Active
A002460,C02533,BR042,Current,2023-06-30,19391580.49,Active
A002461,C03989,BR038,Credit,2026-03-19,48207466.82,Closed
A002462,C06520,BR017,Credit,2026-04-02,8901676.72,Active
A002463,C00959,BR009,Credit,2020-05-08,110281631.55,Active
A002464,C01952,BR036,Current,2025-04-19,4871749.83,Active
A002465,C04864,BR046,Current,2022-04-14,75667072.77,Active
A002466,C03181,BR003,Savings,2026-08-31,18594743.72,Active
A002467,C02628,BR008,Current,2020-04-17,59923631.53,Active
A002468,C00049,BR049,Savings,2025-03-25,11819502.28,Active
A002469,C02992,BR007,Current,2024-01-16,9974378.56,Active
A002470,C03321,BR044,Current,2023-04-15,242453277.86,Active
A002471,C05087,BR038,Savings,2024-05-31,2117114.52,Active
A002472,C09669,BR037,Savings,2025-03-25,74697798.63,Active
A002473,C00533,BR030,Current,2023-05-19,13411965.5,Active
A002474,C02144,BR011,Savings,2023-08-06,22175308.29,Closed
A002475,C05959,BR009,Current,2026-08-21,9870348.92,Active
A002476,C01808,BR043,Current,2022-04-22,8094794.09,Active
A002477,C01296,BR013,Savings,2024-10-31,14906990.22,Active
A002478,C08948,BR018,Current,2022-01-08,96354939.52,Active
A002479,C03260,BR021,Current,2025-07-15,88448712.65,Active
A002480,C09313,BR007,Savings,2026-06-18,3382431.38,Active
A002481,C06165,BR021,Current,2025-10-18,36770839.28,Active
A002482,C09515,BR027,Current,2024-12-22,25931700.18,Active
A002483,C03583,BR028,Savings,2025-02-16,41833460.98,Closed
A002484,C04406,BR040,Savings,2020-09-24,25456232.67,Active
A002485,C06005,BR038,Current,2022-09-29,16399676.03,Active
A002486,C02187,BR008,Savings,2025-10-03,6691526.44,Active
A002487,C08689,BR012,Current,2026-01-14,19414366.33,Active
A002488,C06214,BR025,Current,2024-04-16,99836276.88,Active
A002489,C08639,BR031,Savings,2023-01-17,7945650.91,Active
A002490,C07895,BR038,Current,2024-02-07,36018253.69,Active
A002491,C04264,BR026,Current,2025-12-11,80789761.9,Active
A002492,C01782,BR024,Current,2025-11-04,8570996.85,Active
A002493,C06573,BR027,Credit,2022-01-08,63201067.23,Active
A002494,C01183,BR035,Savings,2020-12-30,23788621.91,Active
A002495,C06070,BR002,Current,2023-05-28,805719.98,Active
A002496,C02440,BR021,Savings,2026-03-13,10164861.14,Active
A002497,C09924,BR037,Savings,2026-05-13,30361165.47,Active
A002498,C05890,BR028,Current,2022-03-13,7910665.01,Active
A002499,C09718,BR037,Savings,2023-07-19,72292034.88,Active
A002500,C05204,BR020,Current,2025-11-05,19911331.82,Active
A002501,C03672,BR040,Current,2024-10-02,18488386.81,Active
A002502,C02326,BR033,Current,2026-02-04,35528978.61,Closed
A002503,C07296,BR038,Current,2025-01-20,124916498.11,Active
A002504,C09005,BR038,Savings,2023-11-28,23756299.67,Active
A002505,C09560,BR033,Current,2025-12-16,17623690.7,Active
A002506,C07794,BR042,Current,2025-07-15,979823287.63,Active
A002507,C09951,BR031,Savings,2026-05-10,271757987.92,Active
A002508,C09584,BR049,Current,2025-12-07,11891306.49,Active
A002509,C05169,BR010,Credit,2024-10-11,21075796.31,Active
A002510,C03881,BR025,Savings,2019-02-11,34917266.05,Active
A002511,C07158,BR020,Savings,2025-12-14,14104721.46,Active
A002512,C01593,BR018,Savings,2026-03-26,623625874.83,Active
A002513,C03191,BR046,Credit,2024-03-27,10844131.39,Active
A002514,C09107,BR043,Current,2025-02-15,16101504.34,Active
A002515,C04774,BR018,Savings,2023-06-05,23225577.83,Inactive
A002516,C00393,BR030,Current,2023-03-25,6212293.94,Active
A002517,C09228,BR002,Credit,2025-07-26,19983129.09,Active
A002518,C08456,BR038,Current,2026-08-19,359841011.84,Active
A002519,C08603,BR032,Current,2025-03-25,11764654.43,Active
A002520,C01980,BR038,Savings,2025-10-01,38326185.92,Active
A002521,C00202,BR038,Current,2025-01-24,7279420.28,Active
A002522,C06544,BR021,Savings,2021-08-10,18689687.32,Active
A002523,C05570,BR048,Savings,2025-07-29,1120650486.92,Active
A002524,C02530,BR003,Savings,2024-05-16,8522867.08,Active
A002525,C07024,BR047,Current,2023-12-04,11828849.43,Active
A002526,C05022,BR038,Current,2026-03-20,97934006.8,Active
A002527,C08672,BR038,Savings,2025-10-08,21923586.21,Active
A002528,C03882,BR017,Savings,2024-05-29,10005072.55,Active
A002529,C01099,BR034,Current,2025-12-20,140311361.9,Active
A002530,C02645,BR033,Savings,2026-06-16,9521718.62,Active
A002531,C04202,BR046,Savings,2026-01-24,4289273.89,Active
A002532,C01594,BR028,Savings,2023-12-01,44967560.74,Active
A002533,C09453,BR045,Savings,2026-04-02,6206535.13,Active
A002534,C04003,BR012,Current,2026-02-23,106635907.79,Active
A002535,C07891,BR046,Current,2021-04-17,236622786.29,Active
A002536,C00356,BR004,Savings,2026-08-08,356135726.27,Active
A002537,C05428,BR046,Savings,2024-09-03,5018410.98,Active
A002538,C05010,BR018,Savings,2025-06-08,164000937.63,Active
A002539,C04228,BR045,Savings,2026-08-02,22372470.77,Active
A002540,C02392,BR048,Savings,2023-08-08,29319334.58,Active
A002541,C01942,BR024,Savings,2024-04-09,32539943.53,Active
A002542,C06427,BR049,Savings,2024-04-25,56464099.84,Active
A002543,C07039,BR023,Savings,2024-12-16,32003201.52,Active
A002544,C02076,BR005,Current,2024-08-23,14401264.52,Active
A002545,C09462,BR030,Savings,2022-05-27,17929984.21,Active
A002546,C00652,BR026,Savings,2026-07-21,57497151.06,Active
A002547,C01412,BR038,Savings,2025-01-03,97155657.98,Active
A002548,C08101,BR014,Current,2025-11-01,19526072.54,Closed
A002549,C07764,BR038,Current,2025-07-28,7242953.35,Active
A002550,C03534,BR015,Savings,2022-11-18,20573981.15,Closed
A002551,C02569,BR038,Current,2026-03-30,12113016.06,Active
A002552,C09196,BR050,Savings,2026-01-30,8568266.88,Active
A002553,C02675,BR029,Savings,2024-01-07,28161345.53,Active
A002554,C08420,BR037,Savings,2024-04-05,46438682.5,Active
A002555,C05210,BR033,Credit,2022-01-28,10409471.67,Active
A002556,C03307,BR017,Savings,2023-09-17,84138329.98,Active
A002557,C04337,BR036,Savings,2025-12-01,45037681.12,Active
A002558,C02983,BR002,Savings,2024-01-30,17501340.24,Active
A002559,C06210,BR001,Savings,2022-02-17,22889558.99,Inactive
A002560,C05019,BR007,Savings,2023-09-28,11821692.28,Active
A002561,C03849,BR004,Current,2026-03-11,14087086.15,Active
A002562,C06339,BR010,Savings,2019-12-29,14424792.31,Active
A002563,C04355,BR039,Credit,2023-08-19,98232881.34,Active
A002564,C07233,BR004,Savings,2021-08-30,11837543.61,Active
A002565,C04756,BR038,Current,2026-03-24,204389309.38,Active
A002566,C01764,BR041,Savings,2025-06-16,11128587.08,Active
A002567,C00437,BR030,Savings,2026-04-06,3827673.94,Active
A002568,C03775,BR039,Current,2026-01-30,134597317.1,Active
A002569,C08350,BR032,Savings,2026-03-26,11543877.94,Closed
A002570,C03076,BR009,Current,2021-09-19,42887741.14,Active
A002571,C04418,BR025,Credit,2023-01-18,213872538.71,Active
A002572,C04194,BR049,Savings,2026-08-05,31951580.61,Active
A002573,C00965,BR048,Current,2025-03-29,12802345.87,Active
A002574,C07275,BR013,Savings,2025-09-24,18866692.33,Active
A002575,C05720,BR006,Savings,2025-08-29,5411043.91,Active
A002576,C00999,BR007,Savings,2024-04-29,1719951503.1,Active
A002577,C05768,BR013,Savings,2026-06-08,7588283.42,Active
A002578,C05951,BR038,Current,2022-02-19,12242694.98,Active
A002579,C08947,BR011,Credit,2020-06-22,16236136.25,Active
A002580,C07511,BR030,Current,2025-04-18,74204055.59,Active
A002581,C06253,BR018,Current,2019-06-26,8868907.1,Active
A002582,C09138,BR012,Savings,2026-01-03,45765084.02,Active
A002583,C08311,BR014,Current,2026-07-18,32081310.33,Active
A002584,C08273,BR001,Current,2020-07-29,19408050.7,Active
A002585,C08324,BR018,Savings,2026-01-29,10896130.83,Active
A002586,C04810,BR030,Credit,2026-02-18,35144597.17,Active
A002587,C05672,BR046,Savings,2022-12-05,10344710.18,Active
A002588,C06006,BR001,Current,2025-02-05,52686732.75,Inactive
A002589,C03640,BR034,Current,2026-08-04,16395828.35,Active
A002590,C05857,BR029,Savings,2025-08-21,40120018.44,Active
A002591,C03602,BR047,Current,2026-07-05,13694495.18,Active
A002592,C08468,BR038,Savings,2022-07-16,15883435.07,Active
A002593,C06568,BR036,Current,2026-04-22,188636404.73,Active
A002594,C00594,BR041,Current,2022-06-29,371583736.91,Active
A002595,C08859,BR027,Savings,2024-06-27,52265874.09,Inactive
A002596,C01349,BR010,Savings,2021-11-26,30257917.83,Active
A002597,C01985,BR001,Savings,2026-07-31,24034179.13,Active
A002598,C00166,BR024,Current,2026-03-05,9999061.6,Active
A002599,C01945,BR018,Savings,2026-01-31,98365236.44,Closed
A002600,C00595,BR022,Savings,2020-04-16,42219922.46,Active
A002601,C04357,BR038,Savings,2022-08-12,20260555.32,Active
A002602,C01239,BR039,Savings,2026-05-05,108859939.49,Active
A002603,C04452,BR022,Savings,2024-02-23,3124811.9,Inactive
A002604,C07389,BR014,Credit,2026-08-26,82199043.12,Active
A002605,C08204,BR041,Savings,2023-01-10,20904200.52,Active
A002606,C02616,BR038,Current,2024-05-28,327328832.23,Active
A002607,C04754,BR019,Savings,2022-09-26,19975155.42,Inactive
A002608,C07024,BR047,Savings,2025-08-05,5127777.89,Active
A002609,C06064,BR031,Savings,2026-08-25,188150412.61,Active
A002610,C04136,BR011,Credit,2026-08-29,34329352.0,Active
A002611,C07620,BR034,Savings,2022-08-08,15006861.56,Active
A002612,C06137,BR014,Credit,2021-10-22,101488137.69,Active
A002613,C01411,BR020,Savings,2026-02-11,54568774.43,Active
A002614,C00818,BR020,Current,2024-04-03,15235761.88,Active
A002615,C06354,BR029,Current,2021-04-03,15968501.23,Active
A002616,C03545,BR015,Savings,2023-11-10,29513853.16,Active
A002617,C04605,BR022,Savings,2019-03-04,63713500.08,Active
A002618,C03024,BR038,Current,2025-06-27,6398324.52,Active
A002619,C07698,BR049,Current,2025-07-06,7069462.5,Active
A002620,C00966,BR008,Savings,2024-03-25,108923147.36,Active
A002621,C05789,BR038,Savings,2026-05-04,48771866.16,Active
A002622,C07849,BR043,Savings,2025-07-09,79882636.4,Active
A002623,C03968,BR043,Current,2026-06-17,33835279.15,Active
A002624,C09328,BR049,Current,2026-01-13,12694342.37,Active
A002625,C02886,BR050,Savings,2025-11-14,6580459.24,Active
A002626,C07212,BR004,Credit,2023-01-29,8784362.63,Closed
A002627,C07138,BR030,Savings,2025-11-11,11761333.42,Active
A002628,C05651,BR035,Savings,2026-05-15,7131991.66,Active
A002629,C04526,BR032,Savings,2025-05-30,8050430.93,Active
A002630,C06086,BR027,Savings,2024-01-08,84284706.82,Active
A002631,C06091,BR028,Current,2026-04-08,17815677.9,Inactive
A002632,C00397,BR023,Savings,2023-08-16,4801200.23,Active
A002633,C08592,BR030,Current,2023-07-24,20597208.96,Active
A002634,C04134,BR047,Savings,2021-03-18,61232183.81,Active
A002635,C02224,BR038,Savings,2023-12-08,26689211.5,Active
A002636,C04393,BR019,Savings,2025-04-30,138154814.31,Active
A002637,C04579,BR027,Savings,2020-05-07,9702826.71,Active
A002638,C04155,BR014,Savings,2025-09-25,24517039.27,Active
A002639,C08342,BR007,Savings,2026-07-22,7678969.58,Active
A002640,C09451,BR046,Current,2026-08-28,202079276.57,Active
A002641,C08839,BR002,Current,2023-03-22,7914853.95,Active
A002642,C04077,BR022,Savings,2026-06-24,19890652.31,Active
A002643,C00735,BR047,Savings,2018-10-09,12909492.4,Active
A002644,C06754,BR011,Savings,2025-11-23,6649452.96,Active
A002645,C09418,BR007,Savings,2026-06-25,30839082.89,Active
A002646,C04104,BR008,Current,2026-04-11,9177407.47,Active
A002647,C01302,BR036,Savings,2026-03-21,3849689.4,Active
A002648,C00836,BR030,Credit,2021-06-21,10639965.92,Active
A002649,C06263,BR003,Savings,2026-06-26,7448513.23,Active
A002650,C01090,BR028,Savings,2021-10-08,45095250.77,Active
A002651,C04781,BR025,Savings,2022-09-12,41027434.42,Active
A002652,C08968,BR031,Savings,2025-09-02,48376190.12,Active
A002653,C02352,BR049,Current,2021-11-28,61553591.04,Active
A002654,C08058,BR018,Savings,2022-08-13,57776809.87,Active
A002655,C03104,BR018,Savings,2026-05-11,5161898.74,Active
A002656,C01668,BR033,Savings,2025-04-05,7021555.0,Active
A002657,C03969,BR022,Savings,2023-08-04,158988408.69,Active
A002658,C02104,BR049,Savings,2019-06-17,22447079.09,Active
A002659,C07480,BR048,Current,2025-08-04,18662595.65,Active
A002660,C02090,BR011,Credit,2025-05-25,5154823.67,Active
A002661,C05810,BR027,Current,2025-04-10,85842900.25,Active
A002662,C04641,BR038,Savings,2026-01-10,2374944.87,Active
A002663,C00087,BR003,Savings,2024-09-24,29438176.55,Active
A002664,C03601,BR035,Current,2026-06-21,18447154.33,Active
A002665,C08223,BR002,Savings,2021-09-02,5113398.44,Active
A002666,C06195,BR030,Savings,2019-06-24,54663195.88,Active
A002667,C02642,BR019,Savings,2026-08-19,3564837.51,Active
A002668,C07502,BR021,Savings,2022-11-30,22926538.98,Active
A002669,C05460,BR046,Savings,2022-05-14,23387170.82,Active
A002670,C09349,BR044,Current,2026-08-19,5563980.95,Active
A002671,C05506,BR046,Current,2019-11-21,14552599.66,Active
A002672,C07053,BR026,Savings,2026-04-06,25438076.98,Active
A002673,C03551,BR049,Savings,2022-05-18,10908743.39,Inactive
A002674,C09236,BR010,Savings,2024-04-12,6383708.64,Active
A002675,C06140,BR045,Savings,2024-11-30,9159121.31,Active
A002676,C07947,BR041,Savings,2023-04-12,25114745.55,Active
A002677,C01147,BR018,Savings,2024-11-22,15831104.9,Active
A002678,C05214,BR046,Current,2025-10-09,16165616.83,Active
A002679,C02936,BR015,Current,2024-05-20,6662620.68,Active
A002680,C09137,BR034,Current,2026-04-25,9816269.46,Active
A002681,C07324,BR001,Savings,2025-06-25,7128557.6,Active
A002682,C06888,BR010,Savings,2023-05-03,33938322.39,Active
A002683,C06044,BR046,Credit,2025-06-08,9328653.26,Active
A002684,C02865,BR024,Savings,2024-08-08,84283431.56,Active
A002685,C09175,BR005,Savings,2024-07-21,9487160.76,Inactive
A002686,C08302,BR038,Savings,2025-09-30,11579636.32,Active
A002687,C07778,BR038,Current,2023-01-14,130121288.29,Active
A002688,C03321,BR027,Savings,2022-08-22,234470462.28,Active
A002689,C04784,BR037,Current,2022-04-24,5159692.04,Active
A002690,C06345,BR050,Credit,2025-12-07,118681578.97,Active
A002691,C03768,BR018,Savings,2025-08-20,96362911.16,Active
A002692,C08999,BR031,Savings,2025-12-06,19510988.11,Active
A002693,C06440,BR046,Credit,2026-03-05,24747417.18,Active
A002694,C04235,BR021,Current,2021-02-13,21614479.19,Active
A002695,C03399,BR035,Savings,2024-06-14,15348736.46,Active
A002696,C00622,BR038,Savings,2025-11-01,101617151.15,Inactive
A002697,C03161,BR028,Savings,2026-08-09,5365959.5,Active
A002698,C03455,BR007,Savings,2025-12-30,9383157.98,Active
A002699,C01518,BR044,Current,2022-06-28,32522029.58,Active
A002700,C02044,BR039,Savings,2020-05-04,16812442.46,Active
A002701,C04844,BR005,Current,2024-02-16,27505572.71,Active
A002702,C09275,BR022,Savings,2022-09-19,17181880.08,Active
A002703,C04437,BR003,Current,2023-04-30,45028491.87,Active
A002704,C07487,BR043,Savings,2021-01-04,6699557.75,Active
A002705,C06424,BR029,Savings,2023-07-13,43904556.73,Active
A002706,C03979,BR019,Savings,2024-06-15,38276931.18,Active
A002707,C02079,BR027,Savings,2026-04-11,5696311.78,Active
A002708,C00847,BR028,Current,2026-01-12,24843161.64,Active
A002709,C05936,BR012,Savings,2026-04-08,14492311.32,Active
A002710,C07037,BR009,Savings,2026-08-28,52322119.74,Active
A002711,C09451,BR037,Current,2026-07-13,21327412.18,Active
A002712,C02688,BR008,Savings,2024-11-22,6681879.19,Active
A002713,C00508,BR034,Savings,2026-08-03,131328935.34,Active
A002714,C04724,BR011,Current,2025-06-04,28763960.05,Active
A002715,C05048,BR007,Savings,2019-10-02,12673102.28,Inactive
A002716,C05985,BR013,Current,2026-08-14,141728922.25,Active
A002717,C02933,BR047,Current,2026-07-25,31952750.46,Active
A002718,C00663,BR044,Savings,2025-10-21,89145922.5,Active
A002719,C05372,BR005,Current,2025-06-21,48249868.29,Active
A002720,C06237,BR035,Savings,2024-01-25,108936431.37,Active
A002721,C01677,BR037,Savings,2026-06-29,22145580.87,Active
A002722,C06646,BR001,Savings,2026-06-20,128225150.62,Active
A002723,C06550,BR008,Current,2026-03-08,146614827.03,Active
A002724,C03287,BR037,Savings,2024-06-16,5044600.9,Active
A002725,C04324,BR038,Savings,2025-12-19,9975247.8,Active
A002726,C08762,BR045,Savings,2025-07-08,21178609.63,Active
A002727,C09968,BR003,Current,2025-06-15,134952634.53,Active
A002728,C06971,BR010,Current,2025-07-26,12656881.29,Closed
A002729,C07294,BR047,Savings,2025-11-05,21172463.75,Inactive
A002730,C03514,BR036,Savings,2021-09-10,4606678.98,Active
A002731,C07933,BR024,Savings,2025-04-27,213302901.75,Inactive
A002732,C00606,BR043,Savings,2022-06-23,5769462.2,Active
A002733,C08585,BR013,Savings,2026-04-30,137582116.22,Active
A002734,C01732,BR047,Current,2024-05-12,16484331.73,Active
A002735,C01425,BR042,Current,2026-07-06,12890569.26,Active
A002736,C00374,BR011,Current,2020-08-30,12084481.58,Active
A002737,C01062,BR027,Savings,2026-05-08,9003377.58,Active
A002738,C07002,BR041,Savings,2025-12-26,42275475.51,Active
A002739,C07955,BR022,Savings,2026-08-04,15152120.19,Active
A002740,C02087,BR032,Savings,2026-08-27,5433986.23,Active
A002741,C08756,BR046,Savings,2025-10-27,11032903.55,Active
A002742,C00514,BR003,Savings,2026-06-06,16621905.32,Active
A002743,C04577,BR037,Current,2020-07-31,30762438.8,Active
A002744,C06143,BR049,Current,2024-03-18,9247510.91,Active
A002745,C03523,BR027,Current,2019-07-20,9755477.83,Active
A002746,C02589,BR040,Credit,2024-11-11,15283837.58,Active
A002747,C08071,BR003,Savings,2025-07-11,147440397.39,Active
A002748,C00554,BR033,Savings,2025-03-23,5018075.9,Active
A002749,C09165,BR010,Savings,2024-08-06,22473434.12,Inactive
A002750,C05124,BR047,Savings,2022-06-29,241455002.43,Active
A002751,C07360,BR039,Current,2023-01-04,11571025.08,Active
A002752,C00866,BR047,Current,2026-06-19,74389202.02,Active
A002753,C09030,BR001,Savings,2026-08-24,12818312.61,Active
A002754,C09955,BR033,Savings,2026-06-23,27434605.78,Active
A002755,C01272,BR038,Savings,2025-10-13,26660452.05,Active
A002756,C03776,BR013,Current,2026-05-11,5835915.02,Active
A002757,C00538,BR038,Current,2022-06-24,3427169.63,Active
A002758,C06600,BR029,Current,2023-07-31,142126015.81,Active
A002759,C06157,BR021,Current,2020-06-09,37470138.16,Active
A002760,C08990,BR038,Credit,2024-05-20,3961821.27,Active
A002761,C06988,BR022,Savings,2018-07-16,34089177.99,Active
A002762,C01579,BR023,Savings,2022-11-28,39190247.24,Active
A002763,C03672,BR040,Credit,2025-11-24,8085208.01,Active
A002764,C08060,BR034,Savings,2024-05-07,72787826.67,Active
A002765,C04537,BR048,Savings,2025-12-23,92771999.56,Active
A002766,C03341,BR015,Savings,2025-09-23,128111928.26,Active
A002767,C06939,BR005,Savings,2024-08-21,10384265.08,Active
A002768,C04733,BR047,Current,2025-12-08,67616149.12,Active
A002769,C09430,BR047,Savings,2022-10-10,7337909.37,Active
A002770,C01779,BR036,Savings,2025-09-10,138519218.35,Active
A002771,C01741,BR042,Savings,2026-04-30,50201537.85,Active
A002772,C09730,BR005,Savings,2025-02-09,18512368.95,Active
A002773,C08844,BR023,Savings,2024-01-16,23955194.66,Inactive
A002774,C01262,BR027,Savings,2022-08-29,13440466.71,Active
A002775,C02418,BR040,Savings,2024-04-05,97968411.87,Active
A002776,C02254,BR004,Current,2024-07-30,31638398.65,Active
A002777,C05387,BR022,Savings,2026-01-30,39829877.61,Active
A002778,C00422,BR047,Credit,2021-02-23,96294560.5,Active
A002779,C07281,BR038,Current,2026-04-29,26177075.63,Active
A002780,C01216,BR021,Current,2026-08-17,51618910.0,Active
A002781,C03114,BR048,Savings,2025-11-29,71261982.82,Active
A002782,C07470,BR041,Savings,2020-02-04,15862186.02,Active
A002783,C02369,BR044,Savings,2026-07-16,37298807.69,Active
A002784,C01891,BR035,Savings,2026-04-23,1771658.04,Active
A002785,C07796,BR036,Current,2026-03-16,237133831.41,Active
A002786,C07634,BR001,Current,2026-05-01,8392540.47,Active
A002787,C02180,BR025,Savings,2023-06-21,12368739.01,Active
A002788,C01470,BR038,Savings,2026-01-13,21347481.89,Active
A002789,C07893,BR029,Current,2024-06-16,71852612.87,Closed
A002790,C09792,BR039,Savings,2023-04-01,17552789.88,Active
A002791,C02415,BR007,Current,2025-07-12,53421034.65,Active
A002792,C02072,BR036,Savings,2018-07-28,11030610.32,Closed
A002793,C00655,BR050,Current,2026-04-19,6287170.62,Active
A002794,C05825,BR025,Savings,2023-08-07,284704367.47,Active
A002795,C03001,BR008,Savings,2024-09-10,115672345.5,Active
A002796,C09063,BR047,Current,2025-10-26,69814476.04,Active
A002797,C01583,BR003,Credit,2021-04-16,698431483.48,Active
A002798,C05950,BR040,Credit,2025-04-13,5202684.21,Active
A002799,C03185,BR027,Savings,2025-12-03,25137429.2,Active
A002800,C09862,BR044,Savings,2025-08-17,6827043.76,Active
A002801,C06215,BR010,Current,2020-04-09,15089447.27,Active
A002802,C05317,BR038,Savings,2026-05-20,14118396.71,Active
A002803,C06500,BR008,Savings,2026-07-10,4112039.6,Active
A002804,C00870,BR040,Savings,2026-08-31,45288778.75,Active
A002805,C08698,BR050,Current,2026-06-04,374524696.03,Active
A002806,C08757,BR048,Savings,2021-11-25,18151480.45,Active
A002807,C04767,BR007,Credit,2025-10-12,13034155.96,Active
A002808,C02673,BR008,Savings,2019-02-27,63966683.47,Inactive
A002809,C07768,BR005,Savings,2022-04-14,60622245.77,Active
A002810,C02406,BR002,Current,2022-01-27,75040831.19,Active
A002811,C08379,BR002,Savings,2025-11-03,160066384.76,Active
A002812,C07203,BR038,Current,2020-04-29,10885825.85,Active
A002813,C08557,BR029,Savings,2024-04-04,8255119.96,Inactive
A002814,C03908,BR044,Current,2026-02-21,2472043.33,Active
A002815,C06768,BR029,Savings,2023-05-23,165460832.27,Active
A002816,C06113,BR038,Current,2026-05-20,41256439.62,Active
A002817,C09744,BR038,Current,2025-04-04,17028757.92,Active
A002818,C02772,BR021,Savings,2024-08-22,52180342.77,Active
A002819,C01807,BR019,Current,2026-02-22,84307043.12,Active
A002820,C03836,BR022,Savings,2022-09-03,6436256.34,Inactive
A002821,C05543,BR021,Savings,2026-06-15,45996603.21,Active
A002822,C04794,BR047,Credit,2026-04-05,17883036.2,Active
A002823,C04824,BR010,Current,2026-07-06,140719487.67,Active
A002824,C02706,BR037,Savings,2025-05-01,27244887.17,Active
A002825,C09681,BR003,Current,2026-08-03,16932955.68,Inactive
A002826,C01027,BR011,Savings,2026-07-11,14862006.51,Active
A002827,C00269,BR041,Current,2024-11-10,12161408.39,Active
A002828,C05645,BR013,Savings,2022-04-28,36195759.4,Active
A002829,C09149,BR019,Savings,2025-08-18,21666147.75,Active
A002830,C05380,BR049,Savings,2026-03-14,59221369.84,Closed
A002831,C05903,BR046,Current,2022-12-28,1767643.47,Active
A002832,C03832,BR038,Current,2023-01-26,9781320.16,Active
A002833,C03365,BR036,Savings,2024-07-03,5536913.8,Inactive
A002834,C01233,BR039,Savings,2025-12-28,84122251.27,Active
A002835,C01901,BR041,Current,2021-05-29,269733956.78,Active
A002836,C09833,BR030,Current,2023-09-20,9239690.88,Active
A002837,C03781,BR003,Savings,2022-12-11,26040568.89,Active
A002838,C04159,BR024,Current,2023-04-15,55533988.68,Active
A002839,C09948,BR034,Savings,2026-04-11,2942421250.21,Active
A002840,C01965,BR032,Savings,2024-12-03,8300759.05,Active
A002841,C03509,BR050,Savings,2025-05-22,3495057.26,Active
A002842,C07033,BR039,Current,2023-08-13,118328438.9,Inactive
A002843,C02267,BR047,Current,2023-03-23,54404016.8,Active
A002844,C00315,BR024,Savings,2022-11-09,28760478.62,Active
A002845,C08121,BR011,Savings,2026-08-03,54224228.71,Active
A002846,C08012,BR041,Current,2023-07-13,12524176.1,Inactive
A002847,C04278,BR008,Savings,2021-02-06,9210928.41,Active
A002848,C08473,BR031,Savings,2024-04-04,16451208.29,Active
A002849,C00463,BR031,Savings,2019-10-09,63474573.19,Active
A002850,C01577,BR026,Current,2025-08-29,127254936.66,Active
A002851,C00257,BR035,Savings,2025-01-27,760326067.07,Active
A002852,C00791,BR033,Current,2025-08-23,166614906.39,Closed
A002853,C08636,BR021,Current,2025-11-17,22567805.1,Active
A002854,C01766,BR028,Savings,2026-08-24,95021412.73,Active
A002855,C09110,BR037,Savings,2025-06-19,28320659.4,Closed
A002856,C08929,BR003,Savings,2024-06-25,3119449.91,Active
A002857,C06831,BR050,Savings,2026-07-31,92705347.9,Active
A002858,C07357,BR023,Current,2025-06-03,82993415.61,Active
A002859,C00831,BR029,Savings,2025-03-27,17787830.04,Active
A002860,C09599,BR017,Savings,2023-10-28,75240537.81,Active
A002861,C06996,BR049,Current,2025-04-18,108237239.51,Active
A002862,C04669,BR037,Savings,2026-01-05,9472263.19,Closed
A002863,C01540,BR039,Credit,2024-10-24,37027798.62,Closed
A002864,C06561,BR029,Credit,2024-08-30,21910588.72,Active
A002865,C09176,BR034,Savings,2022-10-31,16921734.95,Active
A002866,C03170,BR050,Savings,2019-03-07,8585175.57,Active
A002867,C02346,BR046,Current,2021-08-24,28797935.75,Active
A002868,C02955,BR022,Current,2024-12-24,412922908.49,Active
A002869,C04263,BR033,Current,2025-11-01,8196141.43,Active
A002870,C01781,BR034,Savings,2021-11-05,76889056.25,Active
A002871,C07443,BR034,Savings,2024-06-04,124261034.28,Active
A002872,C00261,BR021,Current,2020-02-08,23319945.68,Active
A002873,C00114,BR013,Current,2026-08-10,22146010.68,Active
A002874,C06857,BR005,Savings,2025-09-21,85353256.99,Active
A002875,C01549,BR014,Savings,2024-07-07,34079833.89,Active
A002876,C01756,BR022,Current,2024-02-20,40378093.76,Inactive
A002877,C09095,BR044,Savings,2019-10-03,27055986.51,Active
A002878,C04114,BR038,Savings,2024-06-06,9375399.47,Active
A002879,C07883,BR014,Savings,2021-11-18,6434028.3,Closed
A002880,C00678,BR048,Savings,2025-12-04,54667468.01,Active
A002881,C05279,BR018,Current,2023-12-09,71591446.14,Active
A002882,C06773,BR012,Current,2025-03-01,18791543.07,Active
A002883,C00549,BR028,Current,2024-01-18,354438878.12,Active
A002884,C05361,BR022,Savings,2022-07-13,13624798.16,Active
A002885,C05937,BR009,Savings,2024-11-21,12194673.58,Active
A002886,C09759,BR036,Savings,2026-03-09,14137134.27,Active
A002887,C06695,BR019,Savings,2025-01-23,75001249.89,Active
A002888,C03162,BR015,Current,2025-09-22,46547392.93,Active
A002889,C06846,BR038,Current,2024-11-14,35795881.57,Active
A002890,C08263,BR008,Savings,2023-06-28,22401311.42,Active
A002891,C02468,BR050,Current,2020-08-30,167411882.3,Active
A002892,C05821,BR037,Savings,2026-07-01,442975093.07,Active
A002893,C08664,BR005,Savings,2025-08-25,10602394.54,Active
A002894,C04737,BR010,Savings,2025-11-15,263962953.33,Active
A002895,C04879,BR040,Savings,2026-05-02,188849371.09,Active
A002896,C07104,BR025,Savings,2026-08-13,36915523.17,Closed
A002897,C02323,BR023,Current,2026-07-14,141530869.6,Active
A002898,C08505,BR028,Savings,2021-04-25,7437260.25,Active
A002899,C05594,BR011,Savings,2026-06-11,7288456.04,Active
A002900,C01524,BR020,Credit,2025-11-22,749903822.29,Active
A002901,C06651,BR009,Current,2023-04-11,20381082.09,Active
A002902,C09311,BR047,Savings,2026-02-12,642035838.21,Active
A002903,C05794,BR021,Savings,2024-10-15,43124388.69,Active
A002904,C08372,BR047,Credit,2021-11-21,3339664.36,Inactive
A002905,C06167,BR038,Savings,2020-08-15,43360596.89,Closed
A002906,C09212,BR038,Savings,2025-09-05,26004343.59,Active
A002907,C07753,BR031,Current,2023-07-09,81198484.57,Active
A002908,C00935,BR021,Current,2024-11-26,10638494.82,Active
A002909,C05502,BR011,Current,2025-01-03,92641287.04,Active
A002910,C06770,BR020,Savings,2024-10-21,143007985.58,Inactive
A002911,C09229,BR032,Credit,2026-02-22,30171688.67,Active
A002912,C08424,BR046,Credit,2026-02-24,17801402.95,Active
A002913,C01672,BR010,Savings,2026-04-13,29941025.31,Active
A002914,C09075,BR013,Current,2025-09-23,14646312.62,Active
A002915,C02941,BR040,Current,2025-07-31,25118663.3,Inactive
A002916,C08809,BR035,Savings,2021-05-21,38329780.2,Active
A002917,C09709,BR016,Savings,2021-08-05,20638220.08,Active
A002918,C02269,BR028,Savings,2022-08-13,14277333.83,Active
A002919,C09573,BR047,Current,2023-01-24,70879271.38,Closed
A002920,C05259,BR044,Current,2025-09-26,12465842.94,Active
A002921,C03357,BR005,Savings,2025-05-18,5854826.47,Active
A002922,C03046,BR049,Savings,2025-12-01,8654082.16,Active
A002923,C00921,BR025,Savings,2025-07-22,10748594.1,Inactive
A002924,C03286,BR025,Savings,2024-10-30,86614971.1,Active
A002925,C03000,BR004,Credit,2024-10-30,9608022.2,Active
A002926,C04342,BR003,Savings,2026-03-07,7483845.82,Active
A002927,C06168,BR040,Current,2025-09-02,27546263.17,Active
A002928,C05852,BR018,Savings,2026-08-28,470795742.41,Active
A002929,C05930,BR040,Savings,2023-05-02,9744144.8,Active
A002930,C05282,BR025,Current,2025-01-09,114025438.1,Active
A002931,C01791,BR022,Savings,2023-09-25,10438740.01,Active
A002932,C09289,BR019,Savings,2024-09-04,83610754.6,Active
A002933,C03482,BR050,Savings,2023-12-22,32723237.25,Closed
A002934,C04358,BR036,Savings,2026-07-09,9254013.29,Active
A002935,C07813,BR025,Current,2024-06-16,5871563.28,Active
A002936,C03716,BR047,Savings,2020-10-01,13355690.31,Active
A002937,C07371,BR017,Savings,2026-02-22,5039355.46,Active
A002938,C02752,BR038,Current,2024-12-23,65878535.69,Active
A002939,C02070,BR049,Savings,2021-03-30,65731640.44,Active
A002940,C01763,BR007,Current,2021-06-27,2089872.17,Active
A002941,C06139,BR029,Current,2020-04-10,22932573.7,Active
A002942,C04210,BR050,Credit,2024-02-01,12960397.84,Active
A002943,C07443,BR016,Savings,2024-01-09,182975845.37,Closed
A002944,C05987,BR034,Current,2025-07-31,93027860.22,Active
A002945,C08085,BR030,Savings,2022-08-26,27018911.79,Active
A002946,C02103,BR041,Current,2023-06-13,38864498.68,Active
A002947,C09440,BR047,Current,2026-03-18,13499822.47,Active
A002948,C01979,BR030,Credit,2025-11-30,14990124.99,Active
A002949,C08369,BR022,Savings,2025-07-02,4259771.93,Active
A002950,C02133,BR022,Savings,2026-03-09,40434379.36,Inactive
A002951,C06085,BR038,Current,2020-06-15,13349678.22,Closed
A002952,C08619,BR011,Current,2026-08-09,6709106.35,Active
A002953,C09458,BR040,Current,2026-08-06,134267271.28,Active
A002954,C04154,BR029,Credit,2024-02-22,2622754.88,Active
A002955,C09475,BR049,Current,2022-06-12,10640110.01,Active
A002956,C01954,BR030,Current,2020-08-07,31022074.57,Active
A002957,C09875,BR022,Savings,2025-07-10,10568445.47,Active
A002958,C02305,BR005,Current,2026-07-22,8446166.25,Active
A002959,C08108,BR033,Savings,2024-06-19,10752371.81,Active
A002960,C09809,BR009,Current,2025-11-23,3004486.85,Active
A002961,C06369,BR038,Savings,2026-03-16,26587281.08,Active
A002962,C02399,BR004,Savings,2026-08-14,73406053.52,Active
A002963,C01218,BR015,Savings,2024-06-24,12063574.17,Active
A002964,C06879,BR022,Current,2025-11-22,66284666.98,Active
A002965,C01593,BR018,Savings,2026-08-14,80792367.03,Active
A002966,C07563,BR020,Savings,2024-05-06,25299891.26,Active
A002967,C05740,BR015,Credit,2026-08-07,14388069.67,Active
A002968,C03387,BR047,Savings,2024-09-17,5046732.29,Active
A002969,C00277,BR009,Current,2022-04-02,554654862.93,Active
A002970,C03335,BR040,Savings,2021-04-10,22351779.86,Active
A002971,C06038,BR018,Current,2025-09-28,17680667.3,Active
A002972,C01344,BR034,Credit,2025-06-06,169812612.48,Active
A002973,C02276,BR048,Savings,2023-05-23,81719422.91,Active
A002974,C07023,BR012,Savings,2026-07-27,174162696.02,Active
A002975,C06687,BR046,Credit,2025-12-27,214235172.75,Active
A002976,C03275,BR025,Current,2023-11-25,23900527.01,Active
A002977,C00147,BR038,Credit,2026-01-15,8245794.42,Active
A002978,C07906,BR048,Current,2021-12-01,13509884.82,Inactive
A002979,C09555,BR011,Savings,2018-01-24,40412333.71,Active
A002980,C01870,BR038,Credit,2023-04-23,28041544.1,Active
A002981,C04037,BR023,Current,2026-06-18,10962575.74,Active
A002982,C06480,BR001,Current,2026-05-17,11400740.76,Active
A002983,C02853,BR003,Savings,2021-05-18,7507343.85,Active
A002984,C09501,BR003,Current,2021-11-27,147384069.85,Active
A002985,C07766,BR007,Savings,2021-12-18,473137106.06,Active
A002986,C07565,BR023,Current,2023-11-09,8492670.66,Active
A002987,C03284,BR044,Current,2026-03-20,24348263.61,Active
A002988,C07365,BR005,Savings,2023-02-02,13214533.06,Active
A002989,C03092,BR035,Savings,2025-10-18,7358782.83,Active
A002990,C03987,BR033,Savings,2025-01-06,8480042.6,Active
A002991,C03992,BR038,Savings,2026-01-01,108555589.46,Inactive
A002992,C08221,BR015,Credit,2023-03-08,31793380.38,Active
A002993,C01554,BR046,Savings,2026-06-16,56899631.89,Active
A002994,C06596,BR037,Savings,2025-05-23,117112565.23,Active
A002995,C08632,BR030,Current,2020-02-19,242076682.3,Active
A002996,C06887,BR010,Current,2022-08-22,33142526.47,Active
A002997,C00042,BR007,Current,2025-03-08,19937175.4,Inactive
A002998,C06955,BR041,Savings,2025-08-18,29153493.58,Active
A002999,C02300,BR046,Savings,2023-05-23,13900576.97,Active
A003000,C08068,BR043,Savings,2025-06-05,40393818.66,Active
A003001,C05407,BR038,Savings,2025-12-18,372863559.86,Active
A003002,C07591,BR025,Current,2021-11-03,19741726.26,Active
A003003,C04005,BR001,Credit,2026-01-11,67932449.52,Active
A003004,C00255,BR023,Credit,2025-06-18,764727377.18,Active
A003005,C01432,BR027,Savings,2021-11-06,29420899.51,Active
A003006,C08388,BR019,Savings,2026-02-19,1999676.54,Active
A003007,C07087,BR044,Current,2024-09-10,79846955.44,Closed
A003008,C05626,BR023,Current,2024-06-09,10939396.46,Active
A003009,C07238,BR013,Savings,2019-09-03,20602547.94,Active
A003010,C03863,BR033,Savings,2025-08-26,12847170.3,Active
A003011,C03709,BR021,Current,2026-02-25,14011933.05,Active
A003012,C02052,BR010,Savings,2025-07-22,7519352.22,Active
A003013,C00311,BR046,Savings,2026-03-26,133780057.24,Active
A003014,C01746,BR027,Savings,2026-06-11,56378280.02,Inactive
A003015,C04632,BR007,Savings,2022-08-15,7613421.23,Active
A003016,C00397,BR018,Savings,2019-03-20,4905741.15,Active
A003017,C00749,BR035,Credit,2020-02-16,15241969.54,Active
A003018,C03904,BR031,Credit,2026-05-06,14660043.63,Active
A003019,C08726,BR002,Current,2022-12-10,181576959.83,Active
A003020,C02968,BR009,Savings,2021-07-06,5610805.2,Active
A003021,C07054,BR030,Current,2024-10-13,9754083.92,Active
A003022,C04234,BR024,Savings,2025-05-07,2690932.02,Active
A003023,C02431,BR023,Current,2023-08-16,209456311.37,Active
A003024,C01716,BR028,Savings,2025-10-24,427677264.89,Active
A003025,C03616,BR027,Savings,2026-07-02,57836704.2,Active
A003026,C06523,BR023,Savings,2026-08-24,5208193.29,Active
A003027,C02842,BR046,Savings,2024-07-13,5605057.72,Active
A003028,C00108,BR015,Savings,2023-06-16,20894035.2,Active
A003029,C02905,BR039,Savings,2026-05-13,6184895.84,Active
A003030,C06148,BR010,Savings,2025-11-07,16301457.8,Active
A003031,C03662,BR030,Credit,2023-09-14,76892326.8,Active
A003032,C09799,BR039,Savings,2024-10-10,11358656.07,Active
A003033,C05441,BR028,Savings,2026-01-24,40813606.72,Active
A003034,C05425,BR041,Savings,2023-01-22,20361705.71,Active
A003035,C09263,BR048,Savings,2026-08-12,5626101.82,Active
A003036,C07289,BR020,Savings,2025-10-29,59384771.73,Active
A003037,C06694,BR045,Savings,2025-12-12,46106131.06,Active
A003038,C04731,BR030,Credit,2026-08-16,71314986.98,Active
A003039,C00513,BR015,Credit,2026-07-05,7317111.57,Active
A003040,C07930,BR010,Current,2019-09-28,10669981.19,Active
A003041,C02925,BR030,Credit,2021-02-01,65043788.1,Active
A003042,C03416,BR032,Savings,2025-09-02,475699741.41,Inactive
A003043,C00066,BR003,Savings,2024-01-24,34458512.51,Active
A003044,C09754,BR003,Current,2022-04-02,6545907.84,Active
A003045,C04964,BR010,Savings,2026-08-31,33675745.27,Active
A003046,C00897,BR022,Credit,2021-06-12,24586529.0,Active
A003047,C08553,BR033,Savings,2023-07-28,56068490.67,Active
A003048,C00256,BR029,Savings,2021-03-13,6288236.62,Active
A003049,C06804,BR005,Savings,2026-05-18,384106296.59,Closed
A003050,C01955,BR031,Savings,2024-03-14,6426174.49,Active
A003051,C01995,BR028,Savings,2024-09-12,34021574.94,Active
A003052,C05940,BR048,Savings,2025-08-13,36426943.04,Active
A003053,C01176,BR044,Savings,2024-05-18,23247908.14,Active
A003054,C01584,BR012,Savings,2024-10-03,14063138.86,Inactive
A003055,C04494,BR024,Current,2026-07-16,9578780.56,Active
A003056,C03175,BR021,Current,2025-05-06,74443807.59,Active
A003057,C06190,BR019,Current,2025-03-24,35589004.82,Active
A003058,C06367,BR011,Current,2026-08-20,5779078.69,Active
A003059,C01740,BR027,Credit,2020-08-12,59950369.57,Active
A003060,C00376,BR005,Current,2023-10-31,8220699.88,Active
A003061,C05533,BR029,Current,2026-08-14,77866408.06,Active
A003062,C07062,BR047,Savings,2024-04-10,8673786.98,Active
A003063,C08682,BR001,Current,2026-05-18,3645834.22,Active
A003064,C08962,BR005,Savings,2022-04-26,6449097.27,Active
A003065,C03803,BR008,Current,2026-01-18,55603948.56,Closed
A003066,C07467,BR009,Savings,2026-08-09,18273150.01,Closed
A003067,C08736,BR017,Savings,2024-09-13,17777610.78,Active
A003068,C00102,BR038,Current,2021-02-24,11964695.71,Active
A003069,C06551,BR033,Savings,2025-03-19,14393113.48,Active
A003070,C01567,BR015,Current,2026-04-28,248162460.96,Inactive
A003071,C04473,BR027,Savings,2021-09-27,22864672.32,Active
A003072,C08677,BR046,Current,2025-09-27,16259824.07,Active
A003073,C06652,BR040,Savings,2023-07-07,5876936.56,Active
A003074,C06025,BR018,Savings,2023-02-06,428766618.02,Active
A003075,C09312,BR046,Savings,2022-07-14,2098151.38,Active
A003076,C01434,BR024,Savings,2025-03-28,20887221.51,Active
A003077,C07151,BR007,Credit,2025-01-15,4857698.25,Active
A003078,C09349,BR044,Savings,2025-08-16,13890513.6,Active
A003079,C01419,BR036,Current,2022-07-27,5768131.04,Closed
A003080,C01588,BR004,Current,2026-08-21,80158255.5,Active
A003081,C02831,BR043,Savings,2025-12-12,23823512.58,Active
A003082,C01228,BR023,Savings,2023-10-19,49914516.35,Active
A003083,C08836,BR045,Savings,2025-08-28,4370878.76,Closed
A003084,C07278,BR010,Savings,2021-05-18,32734467.2,Active
A003085,C06632,BR045,Savings,2023-11-11,16659362.41,Active
A003086,C03173,BR046,Savings,2023-01-18,10459560.9,Active
A003087,C09836,BR027,Current,2021-03-04,27548150.62,Active
A003088,C00519,BR039,Savings,2025-10-05,12420027.87,Active
A003089,C01218,BR015,Current,2026-06-12,26630964.41,Active
A003090,C02755,BR017,Savings,2026-01-05,158240714.63,Active
A003091,C03392,BR034,Current,2021-06-01,51363546.67,Active
A003092,C04916,BR025,Current,2025-07-23,31910344.73,Active
A003093,C03687,BR039,Savings,2024-04-25,49223473.82,Active
A003094,C05013,BR034,Current,2025-10-28,14585453.29,Inactive
A003095,C04186,BR021,Current,2025-04-09,11369386.94,Active
A003096,C07474,BR015,Current,2023-10-24,12791882.31,Active
A003097,C06677,BR038,Savings,2023-03-18,15394204.31,Active
A003098,C07701,BR010,Current,2026-01-24,67971280.54,Active
A003099,C04703,BR005,Savings,2023-02-19,19631217.93,Active
A003100,C06301,BR021,Credit,2023-07-09,238986057.26,Active
A003101,C00980,BR045,Current,2022-12-10,29345725.29,Active
A003102,C04644,BR047,Current,2019-06-02,35351023.45,Inactive
A003103,C06676,BR038,Savings,2023-07-18,40347489.19,Active
A003104,C06540,BR023,Current,2026-03-30,236768249.25,Active
A003105,C09131,BR003,Savings,2026-05-24,7225398.66,Inactive
A003106,C08559,BR025,Savings,2022-06-15,7222277.46,Active
A003107,C04712,BR023,Current,2025-03-14,20834420.53,Active
A003108,C02074,BR041,Current,2025-04-17,5802413.05,Inactive
A003109,C02594,BR021,Current,2024-05-23,10114478.42,Active
A003110,C09879,BR049,Savings,2025-08-01,173087198.35,Active
A003111,C08836,BR045,Current,2025-12-25,27062137.55,Closed
A003112,C02581,BR029,Current,2023-10-24,319949788.92,Active
A003113,C04093,BR005,Savings,2024-09-24,401240289.11,Active
A003114,C00583,BR015,Current,2025-09-04,52166474.26,Closed
A003115,C01195,BR007,Current,2026-07-31,15627700.46,Inactive
A003116,C09421,BR033,Savings,2024-05-31,13297546.3,Active
A003117,C08953,BR018,Savings,2020-04-25,313778545.23,Active
A003118,C02532,BR042,Current,2026-08-22,14717058.08,Active
A003119,C07595,BR032,Savings,2024-08-29,7118071.51,Inactive
A003120,C08117,BR030,Savings,2023-05-07,438652425.69,Active
A003121,C09543,BR006,Credit,2021-10-09,4860394.4,Active
A003122,C08714,BR038,Savings,2026-05-18,48436226.21,Active
A003123,C01627,BR002,Current,2025-07-26,73612253.56,Inactive
A003124,C06304,BR009,Credit,2025-07-14,2460605.73,Active
A003125,C03770,BR045,Credit,2026-07-11,27750210.62,Active
A003126,C03406,BR030,Savings,2025-05-08,2902366.95,Inactive
A003127,C05673,BR016,Current,2021-04-11,25628893.15,Inactive
A003128,C05344,BR006,Savings,2023-07-30,5332407.2,Active
A003129,C07259,BR041,Savings,2026-02-26,10849459.34,Active
A003130,C00794,BR003,Savings,2025-11-06,22722479.45,Active
A003131,C05215,BR038,Savings,2022-10-22,87056890.32,Active
A003132,C06576,BR045,Savings,2024-12-25,86794479.47,Active
A003133,C07719,BR040,Current,2024-04-16,3070833.85,Active
A003134,C00743,BR039,Savings,2025-07-21,32169098.16,Active
A003135,C06507,BR009,Current,2022-06-12,12459899.87,Active
A003136,C03883,BR031,Current,2026-01-16,15862780.64,Active
A003137,C06249,BR018,Current,2021-03-29,23437577.84,Active
A003138,C04658,BR042,Savings,2026-08-03,2528807.47,Inactive
A003139,C02753,BR045,Current,2026-04-19,15078647.64,Active
A003140,C09438,BR038,Current,2026-05-07,252188807.36,Active
A003141,C08942,BR029,Savings,2025-09-15,39865772.59,Active
A003142,C00737,BR025,Savings,2026-04-09,26835917.94,Active
A003143,C07137,BR004,Savings,2026-02-17,4081435.08,Active
A003144,C07103,BR020,Current,2018-07-04,41188161.92,Inactive
A003145,C04872,BR034,Savings,2023-01-19,21491774.31,Active
A003146,C00641,BR040,Savings,2022-09-18,4350352.7,Inactive
A003147,C01805,BR038,Savings,2025-03-11,15684181.93,Active
A003148,C06908,BR042,Current,2026-08-05,34326274.87,Closed
A003149,C09707,BR042,Savings,2026-08-27,5679226.84,Inactive
A003150,C05212,BR026,Savings,2024-01-26,45155499.15,Active
A003151,C00117,BR033,Current,2022-01-06,104358296.33,Active
A003152,C09873,BR017,Savings,2025-10-28,7965091.73,Inactive
A003153,C09409,BR006,Savings,2024-02-07,7055119.57,Active
A003154,C09480,BR003,Credit,2026-07-23,209742428.46,Active
A003155,C07907,BR038,Savings,2024-02-01,56730690.28,Closed
A003156,C07460,BR038,Current,2023-08-29,138058782.19,Active
A003157,C07208,BR018,Savings,2026-02-24,21417726.16,Active
A003158,C01924,BR009,Current,2026-01-22,25457107.92,Active
A003159,C08996,BR007,Current,2026-08-11,25586863.54,Active
A003160,C07057,BR028,Current,2023-08-04,281705393.88,Active
A003161,C06501,BR038,Savings,2026-07-23,18387620.55,Active
A003162,C06942,BR050,Current,2023-05-31,8916145.48,Active
A003163,C01991,BR047,Savings,2023-07-18,258368745.13,Active
A003164,C03636,BR019,Current,2025-10-08,37465268.41,Active
A003165,C01566,BR047,Current,2024-04-12,35673769.27,Closed
A003166,C00108,BR025,Current,2023-05-19,28313619.65,Active
A003167,C06718,BR040,Credit,2020-02-11,22733437.22,Active
A003168,C01991,BR047,Savings,2024-03-16,33480825.3,Active
A003169,C03268,BR033,Savings,2024-05-14,24895602.72,Active
A003170,C00537,BR030,Credit,2026-06-07,16435808.26,Active
A003171,C01778,BR028,Savings,2019-06-08,193713738.41,Active
A003172,C04327,BR008,Savings,2025-10-23,28616559.31,Active
A003173,C02387,BR017,Current,2019-12-23,23297698.46,Active
A003174,C09587,BR038,Savings,2026-01-02,3898806.04,Active
A003175,C09438,BR038,Savings,2023-02-28,325946326.51,Active
A003176,C02430,BR014,Savings,2024-10-13,9599743.63,Active
A003177,C01364,BR021,Savings,2024-11-02,18355751.17,Closed
A003178,C01384,BR004,Current,2026-07-22,10757590.34,Active
A003179,C06708,BR038,Current,2025-08-26,65947870.66,Active
A003180,C06850,BR049,Current,2025-05-01,21655886.8,Inactive
A003181,C05317,BR038,Savings,2023-12-16,10615760.22,Inactive
A003182,C09301,BR006,Savings,2022-10-28,16532422.17,Active
A003183,C07435,BR021,Credit,2023-03-30,27617187.41,Active
A003184,C01032,BR044,Savings,2024-05-22,7707000.1,Active
A003185,C06289,BR005,Savings,2025-02-22,591562894.48,Inactive
A003186,C08587,BR027,Savings,2025-10-06,5606331.07,Active
A003187,C06687,BR037,Savings,2023-10-19,191336601.59,Active
A003188,C03940,BR020,Credit,2025-02-26,32706364.28,Active
A003189,C09783,BR007,Savings,2026-04-26,12103156.09,Active
A003190,C02596,BR016,Savings,2024-01-07,165180280.33,Active
A003191,C05228,BR028,Savings,2024-07-30,40549889.82,Active
A003192,C06596,BR022,Credit,2021-11-02,41162637.17,Active
A003193,C09486,BR038,Current,2018-12-14,27248253.96,Active
A003194,C01489,BR036,Current,2023-06-20,15811549.5,Active
A003195,C02368,BR008,Savings,2021-09-13,8058122.01,Inactive
A003196,C06949,BR019,Credit,2025-08-14,6373335.04,Active
A003197,C08081,BR006,Savings,2021-01-02,33247011.02,Active
A003198,C06350,BR007,Savings,2021-10-17,9297019.17,Active
A003199,C08135,BR028,Current,2024-06-08,13825975.66,Inactive
A003200,C09427,BR004,Savings,2025-04-09,7179497.96,Active
A003201,C05551,BR021,Current,2026-08-27,8244314.83,Active
A003202,C06060,BR009,Savings,2021-07-15,13551630.08,Active
A003203,C08786,BR013,Current,2022-03-03,20462542.82,Active
A003204,C03649,BR037,Savings,2022-05-11,1891486.2,Active
A003205,C00193,BR030,Savings,2023-12-23,15204417.95,Active
A003206,C07660,BR043,Current,2026-08-02,8257760.22,Active
A003207,C03066,BR016,Current,2019-08-18,46059789.48,Active
A003208,C07556,BR041,Current,2026-06-24,157945860.29,Active
A003209,C09198,BR049,Current,2026-06-21,11252912.38,Active
A003210,C05090,BR039,Current,2022-02-19,3782054.39,Active
A003211,C04874,BR027,Savings,2026-06-09,16470185.01,Active
A003212,C02182,BR014,Savings,2025-04-11,296957695.98,Active
A003213,C09538,BR009,Savings,2023-12-03,72612037.97,Active
A003214,C05406,BR011,Current,2024-05-09,56901498.46,Active
A003215,C07127,BR040,Current,2022-04-25,29974594.64,Active
A003216,C04226,BR023,Savings,2019-12-15,9381080.39,Active
A003217,C02551,BR023,Savings,2024-03-07,25797135.38,Active
A003218,C06965,BR002,Current,2024-05-27,18542312.61,Active
A003219,C05308,BR048,Current,2021-02-04,18194307.38,Active
A003220,C09515,BR027,Credit,2025-05-29,4312278.08,Active
A003221,C04088,BR038,Current,2025-07-28,35074924.44,Active
A003222,C08409,BR049,Current,2026-01-19,16351127.64,Active
A003223,C01938,BR049,Current,2026-06-15,13837428.39,Active
A003224,C01768,BR038,Savings,2026-07-24,9280588.91,Active
A003225,C01085,BR044,Savings,2025-07-22,7949881.33,Active
A003226,C05797,BR036,Savings,2026-07-12,19333842.66,Active
A003227,C03608,BR015,Credit,2022-05-20,3701432.7,Active
A003228,C02722,BR036,Current,2021-07-03,28209229.42,Active
A003229,C00162,BR040,Savings,2023-06-15,6454424.42,Closed
A003230,C09653,BR022,Savings,2022-11-25,2889564.08,Active
A003231,C04181,BR015,Current,2023-02-12,286389667.09,Inactive
A003232,C05651,BR035,Savings,2026-07-14,7550249.14,Active
A003233,C03659,BR038,Current,2023-08-11,8417584.17,Active
A003234,C00279,BR047,Savings,2024-08-15,37176649.62,Active
A003235,C08386,BR039,Savings,2026-05-17,292987007.5,Active
A003236,C04990,BR024,Current,2024-11-21,4400195.35,Active
A003237,C02846,BR044,Current,2022-09-30,6980466.53,Closed
A003238,C07253,BR040,Savings,2025-07-24,7403161.53,Active
A003239,C01285,BR018,Current,2026-02-01,31686525.62,Active
A003240,C02228,BR007,Credit,2024-11-11,1298855611.39,Active
A003241,C01444,BR035,Savings,2026-02-06,6320814.98,Active
A003242,C00854,BR040,Savings,2020-07-27,215368038.42,Active
A003243,C07223,BR044,Current,2026-01-29,8506434.8,Inactive
A003244,C02378,BR013,Savings,2022-04-07,19627831.3,Active
A003245,C09159,BR032,Savings,2021-09-25,5424291.23,Active
A003246,C03553,BR007,Credit,2024-01-27,13605931.95,Active
A003247,C04177,BR027,Savings,2025-10-23,74013516.71,Active
A003248,C06842,BR031,Savings,2026-08-29,11657194.65,Inactive
A003249,C00230,BR049,Savings,2021-06-23,20410041.01,Active
A003250,C02828,BR007,Current,2024-07-20,6702130.82,Inactive
A003251,C04962,BR006,Savings,2022-07-09,7396978.18,Active
A003252,C00697,BR044,Savings,2024-02-08,21292351.36,Active
A003253,C06445,BR013,Current,2025-03-08,1024091768.5,Active
A003254,C00039,BR033,Savings,2026-03-04,14728718.77,Active
A003255,C06869,BR023,Credit,2025-05-21,22443180.85,Closed
A003256,C02285,BR028,Savings,2025-07-01,136003774.89,Inactive
A003257,C08120,BR002,Savings,2023-04-18,29149983.65,Active
A003258,C01849,BR001,Savings,2021-02-16,41040497.64,Active
A003259,C03897,BR025,Savings,2026-07-08,8056200.29,Active
A003260,C05472,BR015,Savings,2024-11-20,8636440.56,Active
A003261,C00971,BR015,Current,2018-04-24,308607516.16,Active
A003262,C08977,BR044,Savings,2021-08-18,22524521.33,Active
A003263,C08445,BR018,Savings,2025-06-28,21730195.2,Active
A003264,C07842,BR015,Current,2026-03-25,20106412.69,Active
A003265,C07269,BR021,Savings,2022-11-05,5214355.41,Active
A003266,C04823,BR017,Current,2025-10-24,70711101.11,Active
A003267,C06745,BR038,Credit,2026-02-23,22007872.4,Active
A003268,C07517,BR005,Savings,2021-02-02,132719610.82,Active
A003269,C00763,BR018,Savings,2025-02-17,23246666.2,Active
A003270,C04144,BR027,Savings,2026-06-27,138072282.09,Active
A003271,C01825,BR032,Current,2023-04-11,11280552.68,Active
A003272,C03505,BR030,Current,2023-08-13,31692452.22,Active
A003273,C00773,BR030,Savings,2024-05-03,6993906.49,Active
A003274,C04413,BR010,Savings,2023-12-08,5452830.51,Active
A003275,C08515,BR019,Current,2026-08-20,32615175.89,Active
A003276,C08814,BR038,Savings,2024-04-04,15744458.43,Active
A003277,C04489,BR008,Credit,2019-03-08,11008194.72,Active
A003278,C02288,BR038,Current,2023-08-13,19595612.53,Active
A003279,C02264,BR022,Savings,2025-04-19,57330392.77,Active
A003280,C01177,BR027,Savings,2021-02-06,315554113.4,Active
A003281,C03878,BR008,Savings,2025-10-12,2489641.6,Active
A003282,C01841,BR012,Savings,2026-06-12,67535668.91,Active
A003283,C06014,BR020,Current,2023-01-01,38968972.41,Active
A003284,C09770,BR011,Savings,2026-08-18,14003378.52,Active
A003285,C02607,BR035,Current,2025-12-06,233354344.99,Active
A003286,C07254,BR011,Savings,2024-12-26,21550596.06,Active
A003287,C02370,BR026,Current,2021-07-21,3446759.15,Active
A003288,C05532,BR003,Current,2024-11-24,16374348.61,Active
A003289,C09903,BR047,Savings,2024-04-06,19023046.86,Active
A003290,C02374,BR035,Savings,2021-11-25,830657699.06,Active
A003291,C03232,BR009,Current,2022-10-30,64312850.17,Active
A003292,C04707,BR013,Current,2022-12-29,151023355.72,Active
A003293,C00101,BR003,Current,2026-04-19,108892645.46,Active
A003294,C03803,BR021,Savings,2025-09-02,25764583.55,Active
A003295,C09999,BR046,Current,2024-06-11,71123789.3,Active
A003296,C08613,BR008,Savings,2020-08-16,4654097.11,Active
A003297,C07917,BR012,Current,2026-02-21,15506310.5,Active
A003298,C00679,BR039,Savings,2025-04-10,468794926.76,Active
A003299,C07153,BR038,Current,2023-01-14,34448528.98,Active
A003300,C06725,BR046,Savings,2024-04-03,43351769.13,Active
A003301,C08879,BR014,Savings,2020-12-29,33527936.39,Active
A003302,C08701,BR005,Savings,2026-05-11,5006019.4,Active
A003303,C04631,BR014,Savings,2020-02-14,44733203.44,Active
A003304,C04875,BR029,Current,2026-06-27,11721194.58,Active
A003305,C08083,BR038,Current,2023-08-30,8046658.8,Active
A003306,C04373,BR013,Savings,2025-05-31,35568924.71,Active
A003307,C01726,BR031,Credit,2026-07-02,14399689.89,Active
A003308,C02631,BR009,Savings,2026-07-08,302311021.3,Inactive
A003309,C06065,BR033,Savings,2023-01-29,7581717.57,Closed
A003310,C05541,BR035,Savings,2025-12-01,3753633.04,Active
A003311,C02135,BR011,Current,2024-04-13,11985523.86,Active
A003312,C03067,BR009,Savings,2026-07-02,28202995.63,Active
A003313,C05158,BR011,Credit,2023-09-17,41805442.93,Active
A003314,C05182,BR023,Savings,2025-08-01,31530532.65,Active
A003315,C07645,BR018,Savings,2025-01-16,18014772.64,Active
A003316,C07795,BR008,Savings,2023-03-15,28715745.26,Inactive
A003317,C03717,BR015,Current,2024-12-11,19171108.13,Active
A003318,C09361,BR046,Savings,2025-07-03,11422119.24,Active
A003319,C03671,BR042,Savings,2025-10-05,22278529.05,Active
A003320,C04039,BR002,Savings,2025-11-10,115684899.49,Active
A003321,C03791,BR037,Current,2023-01-07,198490420.73,Active
A003322,C03424,BR009,Savings,2022-06-11,12956824.18,Active
A003323,C08505,BR028,Savings,2025-06-03,27629066.02,Active
A003324,C06268,BR044,Savings,2025-06-01,32328544.48,Active
A003325,C01462,BR035,Current,2024-09-04,5942287.97,Active
A003326,C04653,BR038,Savings,2026-07-24,30382178.68,Active
A003327,C07751,BR036,Current,2026-08-01,4797029.06,Closed
A003328,C08802,BR045,Current,2023-10-02,30659121.34,Active
A003329,C04162,BR038,Current,2026-05-14,72186250.39,Active
A003330,C06149,BR037,Current,2025-06-08,36508054.09,Active
A003331,C05001,BR007,Savings,2021-08-23,78805401.5,Active
A003332,C08765,BR001,Current,2025-07-25,61736591.69,Active
A003333,C06496,BR004,Savings,2026-04-14,16280907.99,Active
A003334,C08296,BR036,Current,2023-01-02,22872469.88,Active
A003335,C09368,BR030,Current,2026-06-20,14854364.8,Active
A003336,C03221,BR019,Savings,2021-03-14,8257661.07,Active
A003337,C05482,BR037,Savings,2023-08-18,170897745.17,Active
A003338,C02811,BR034,Savings,2026-02-06,17798959.27,Active
A003339,C00897,BR022,Credit,2026-07-27,6388901.39,Active
A003340,C08814,BR038,Current,2026-05-15,6247362.7,Active
A003341,C03726,BR003,Current,2023-08-19,105375171.36,Active
A003342,C07088,BR048,Savings,2026-08-30,74844684.17,Active
A003343,C06305,BR034,Savings,2026-04-28,31747539.22,Active
A003344,C07200,BR006,Current,2025-10-18,10677311.54,Active
A003345,C06353,BR045,Savings,2025-07-19,53257970.26,Active
A003346,C07865,BR046,Current,2025-12-09,107610046.45,Active
A003347,C07368,BR001,Savings,2023-12-15,7833663.66,Active
A003348,C09499,BR044,Savings,2025-11-11,50467886.69,Active
A003349,C07853,BR038,Current,2026-01-16,9145726.21,Active
A003350,C08666,BR047,Savings,2023-05-09,69077921.21,Active
A003351,C03645,BR038,Savings,2026-03-19,276644203.04,Inactive
A003352,C04140,BR032,Savings,2026-05-17,4985925.99,Active
A003353,C02602,BR007,Current,2025-08-16,42286008.66,Inactive
A003354,C07319,BR044,Savings,2019-09-27,27066034.6,Active
A003355,C08434,BR044,Savings,2026-08-18,239585854.81,Active
A003356,C05547,BR024,Current,2025-02-21,184453802.61,Inactive
A003357,C08013,BR046,Current,2023-11-30,47144276.75,Active
A003358,C07647,BR011,Savings,2025-05-15,31455811.75,Active
A003359,C07890,BR039,Current,2026-03-12,5249081.56,Active
A003360,C00944,BR038,Savings,2022-08-23,5807048.23,Inactive
A003361,C02406,BR007,Current,2025-02-10,102941386.56,Active
A003362,C01046,BR022,Current,2025-07-12,3855841.54,Active
A003363,C01037,BR027,Savings,2023-02-05,24542384.49,Active
A003364,C09562,BR033,Savings,2023-06-01,2718588.16,Active
A003365,C02859,BR026,Current,2022-03-20,879822218.77,Active
A003366,C05796,BR049,Current,2024-12-08,11596344.88,Active
A003367,C07604,BR023,Savings,2023-04-02,87413042.26,Active
A003368,C07254,BR011,Savings,2024-01-16,8242901.16,Active
A003369,C02719,BR047,Current,2024-02-29,3284548.08,Active
A003370,C02494,BR044,Current,2025-11-19,40278040.69,Active
A003371,C07672,BR030,Savings,2026-03-04,43667814.35,Active
A003372,C01881,BR047,Savings,2026-07-24,11323271.0,Active
A003373,C06988,BR022,Savings,2023-12-07,25472357.71,Inactive
A003374,C07456,BR038,Savings,2025-01-24,60849441.47,Active
A003375,C06559,BR002,Savings,2026-08-31,97902249.39,Active
A003376,C06759,BR033,Savings,2022-11-23,27532346.79,Active
A003377,C06672,BR037,Savings,2023-09-21,23385546.04,Active
A003378,C04704,BR006,Current,2026-08-13,43852243.99,Active
A003379,C09972,BR033,Savings,2019-10-20,115035768.18,Active
A003380,C03500,BR050,Current,2026-08-17,15340829.9,Active
A003381,C05347,BR015,Credit,2025-05-09,8157314.64,Active
A003382,C02655,BR017,Savings,2024-05-09,10229195.1,Active
A003383,C05925,BR022,Savings,2025-07-05,28676882.73,Active
A003384,C06719,BR003,Current,2022-04-06,4511316.36,Active
A003385,C04626,BR040,Current,2026-07-02,36331896.39,Active
A003386,C03850,BR013,Current,2024-03-01,11978761.66,Active
A003387,C04924,BR028,Current,2026-02-10,7792529.18,Active
A003388,C02240,BR044,Current,2024-12-30,6228097.19,Active
A003389,C07277,BR050,Credit,2025-06-16,25727087.61,Active
A003390,C04473,BR044,Credit,2024-01-27,14825328.72,Active
A003391,C01732,BR028,Savings,2025-07-04,53466879.09,Active
A003392,C05932,BR044,Savings,2025-07-17,5460769.32,Active
A003393,C05398,BR049,Savings,2026-05-28,220390782.79,Active
A003394,C06033,BR027,Savings,2021-12-06,74998778.29,Active
A003395,C04752,BR019,Savings,2023-07-17,8219955.59,Active
A003396,C03939,BR038,Savings,2023-12-28,15073603.97,Active
A003397,C08927,BR045,Savings,2023-06-17,19368553.83,Active
A003398,C09378,BR038,Current,2024-10-08,22101325.68,Active
A003399,C08900,BR008,Credit,2022-05-21,229601139.24,Active
A003400,C03720,BR041,Savings,2024-04-22,5287112.51,Inactive
A003401,C09725,BR024,Savings,2021-05-06,101337735.95,Active
A003402,C09898,BR037,Current,2023-03-08,50864572.57,Active
A003403,C06270,BR019,Savings,2025-12-05,21158906.02,Inactive
A003404,C00613,BR038,Current,2022-03-18,21181241.4,Active
A003405,C01626,BR012,Credit,2025-11-04,6810834.78,Active
A003406,C02678,BR018,Current,2022-08-19,42572989.16,Inactive
A003407,C03731,BR028,Current,2024-04-21,22586777.12,Active
A003408,C03599,BR030,Savings,2025-03-22,15283499.92,Active
A003409,C03465,BR038,Savings,2024-06-15,12583075.9,Active
A003410,C03376,BR009,Savings,2022-03-08,126800808.16,Active
A003411,C09437,BR032,Current,2020-06-23,133517101.1,Active
A003412,C05670,BR018,Current,2026-06-08,9819263.42,Active
A003413,C01269,BR038,Current,2026-08-21,7586783.28,Active
A003414,C05019,BR046,Credit,2023-02-22,5465824.72,Active
A003415,C03638,BR024,Credit,2025-11-12,81895538.86,Active
A003416,C04688,BR050,Savings,2025-01-16,4804351.07,Active
A003417,C08708,BR001,Current,2026-01-11,16241877.99,Active
A003418,C03597,BR047,Credit,2025-06-29,39706687.89,Active
A003419,C08195,BR028,Savings,2019-10-07,11305421.45,Active
A003420,C08115,BR031,Current,2026-05-24,9767756.19,Active
A003421,C05339,BR038,Credit,2023-01-01,74167497.86,Active
A003422,C02279,BR019,Current,2025-10-01,50189791.85,Active
A003423,C09952,BR022,Savings,2022-12-05,8136595.95,Active
A003424,C03300,BR023,Current,2026-07-15,16764452.9,Active
A003425,C08419,BR048,Savings,2026-04-22,19511280.69,Inactive
A003426,C05222,BR028,Savings,2026-06-09,17654285.16,Closed
A003427,C09123,BR035,Current,2022-02-13,64058002.33,Active
A003428,C07181,BR045,Savings,2025-06-10,16084146.78,Active
A003429,C05463,BR006,Savings,2025-12-29,94451931.87,Active
A003430,C01026,BR042,Savings,2024-09-01,26022981.13,Active
A003431,C05432,BR004,Current,2025-10-14,38860797.8,Active
A003432,C09961,BR042,Credit,2026-06-20,31739741.05,Closed
A003433,C06051,BR003,Savings,2022-08-02,23069652.98,Active
A003434,C04074,BR024,Savings,2022-12-11,4310657.12,Active
A003435,C04369,BR041,Credit,2020-11-09,10150673.13,Active
A003436,C09597,BR002,Savings,2024-02-07,141970810.94,Active
A003437,C07823,BR044,Credit,2021-12-09,18326885.94,Active
A003438,C07355,BR039,Current,2026-07-23,142638959.42,Active
A003439,C07822,BR003,Savings,2025-05-14,299778202.99,Active
A003440,C07783,BR039,Savings,2025-03-29,5850222.16,Active
A003441,C06755,BR009,Current,2025-04-22,869798255.33,Closed
A003442,C07902,BR036,Savings,2025-12-09,11516254.03,Active
A003443,C09761,BR030,Savings,2026-04-04,31700424.01,Active
A003444,C05375,BR016,Savings,2025-06-02,338646421.89,Active
A003445,C05356,BR046,Current,2025-05-02,82240989.4,Active
A003446,C07289,BR024,Savings,2025-09-01,16645164.44,Active
A003447,C00218,BR048,Current,2025-09-15,8985739.51,Active
A003448,C03294,BR026,Current,2026-04-29,107333291.88,Active
A003449,C09074,BR024,Current,2024-04-27,19437504.58,Active
A003450,C01052,BR002,Savings,2023-03-18,177451015.28,Active
A003451,C01036,BR024,Current,2026-02-10,21466475.52,Active
A003452,C05744,BR002,Savings,2023-06-25,108646762.9,Active
A003453,C06452,BR006,Credit,2025-10-24,13720991.59,Active
A003454,C09749,BR002,Savings,2026-06-20,323188968.73,Active
A003455,C02036,BR037,Savings,2024-06-22,9252940.21,Active
A003456,C08165,BR036,Current,2024-01-26,374828214.06,Active
A003457,C00425,BR037,Savings,2025-12-20,18045520.78,Active
A003458,C04013,BR012,Credit,2025-09-24,18784247.6,Active
A003459,C00060,BR030,Savings,2023-08-09,15828313.68,Active
A003460,C04583,BR046,Savings,2023-04-05,9209110.15,Active
A003461,C05142,BR013,Current,2026-07-31,7409167.6,Active
A003462,C08439,BR038,Savings,2024-05-04,11110729.04,Active
A003463,C04378,BR007,Savings,2025-03-15,37385402.82,Active
A003464,C09998,BR028,Credit,2026-04-26,206807087.55,Active
A003465,C06852,BR001,Current,2022-11-15,14104283.87,Active
A003466,C09787,BR037,Current,2026-08-15,7062392.17,Active
A003467,C00331,BR014,Current,2026-06-02,14056870.96,Inactive
A003468,C07214,BR005,Savings,2026-08-17,79948489.76,Active
A003469,C04200,BR049,Current,2023-02-12,33355559.81,Inactive
A003470,C00212,BR015,Current,2025-03-09,23304450.58,Active
A003471,C09019,BR029,Current,2026-07-12,32401286.69,Active
A003472,C09483,BR013,Savings,2026-08-25,51444496.58,Active
A003473,C02578,BR009,Savings,2019-07-15,5964094.49,Active
A003474,C02092,BR046,Savings,2025-01-02,10961819.78,Inactive
A003475,C07892,BR009,Current,2022-04-19,9826402.49,Active
A003476,C09163,BR019,Current,2025-01-24,120663624.63,Active
A003477,C05904,BR016,Credit,2024-02-15,89487974.95,Active
A003478,C05779,BR010,Savings,2025-07-03,27470130.03,Active
A003479,C02502,BR029,Credit,2025-08-07,9999552.29,Active
A003480,C04312,BR017,Savings,2025-11-09,44952745.66,Active
A003481,C08423,BR037,Credit,2021-06-05,14190649.11,Active
A003482,C06170,BR022,Savings,2026-01-22,26145749.72,Active
A003483,C01633,BR025,Current,2026-03-28,39031749.33,Active
A003484,C09604,BR043,Current,2026-02-20,174620256.89,Active
A003485,C00639,BR039,Savings,2025-07-12,20019622.71,Active
A003486,C06248,BR043,Current,2024-03-10,28890930.61,Active
A003487,C03228,BR011,Savings,2021-07-23,60423538.08,Active
A003488,C01680,BR027,Savings,2025-10-15,22622187.86,Active
A003489,C09886,BR038,Credit,2024-10-25,8367315.29,Active
A003490,C02663,BR003,Savings,2025-12-30,120320876.67,Active
A003491,C02975,BR028,Current,2023-09-11,14559231.02,Active
A003492,C09401,BR050,Savings,2023-08-19,2292514.6,Active
A003493,C06595,BR008,Savings,2026-08-18,21707300.23,Active
A003494,C06057,BR023,Savings,2026-05-21,16467203.25,Active
A003495,C07876,BR047,Current,2026-04-04,37833101.42,Active
A003496,C01341,BR029,Savings,2024-02-03,8231557.76,Active
A003497,C05722,BR028,Current,2024-02-12,27883353.75,Active
A003498,C06366,BR040,Savings,2022-01-03,90026424.81,Active
A003499,C05089,BR015,Current,2020-10-09,20331920.94,Active
A003500,C08766,BR049,Savings,2025-05-05,16169335.17,Active
A003501,C01543,BR004,Savings,2024-08-31,15250574.1,Active
A003502,C09123,BR008,Savings,2021-09-17,6379365.48,Active
A003503,C08970,BR035,Savings,2025-09-05,72586912.63,Active
A003504,C08308,BR008,Savings,2023-05-16,11351223.52,Active
A003505,C05512,BR004,Savings,2024-03-18,35382494.55,Active
A003506,C04776,BR010,Savings,2025-06-23,20318067.04,Active
A003507,C02426,BR027,Current,2025-05-31,12008953.59,Active
A003508,C08039,BR048,Current,2026-08-22,59570358.05,Active
A003509,C07741,BR044,Current,2026-08-06,66273575.71,Active
A003510,C04103,BR038,Savings,2026-06-15,118211730.33,Active
A003511,C04723,BR015,Current,2025-03-14,13124925.53,Inactive
A003512,C00426,BR004,Current,2024-01-21,1290590528.33,Active
A003513,C06609,BR039,Savings,2026-05-11,16079385.08,Active
A003514,C02262,BR044,Current,2023-09-23,16464088.98,Active
A003515,C05884,BR047,Current,2026-01-21,72538494.79,Active
A003516,C09706,BR049,Current,2023-03-21,17553612.02,Active
A003517,C01068,BR037,Credit,2025-04-23,185249417.86,Active
A003518,C01017,BR008,Savings,2025-03-25,144621115.49,Active
A003519,C07709,BR023,Savings,2025-12-25,81587817.99,Active
A003520,C00329,BR017,Current,2025-11-22,58504886.83,Active
A003521,C05895,BR013,Savings,2023-08-26,30157652.77,Active
A003522,C00547,BR021,Savings,2024-10-21,58868129.62,Active
A003523,C01190,BR023,Savings,2023-03-10,30440768.74,Active
A003524,C06999,BR040,Savings,2024-12-30,59830584.3,Active
A003525,C06537,BR038,Savings,2025-08-02,106844101.82,Active
A003526,C01468,BR026,Current,2025-08-14,24186883.88,Active
A003527,C02743,BR046,Current,2025-02-03,1038199561.6,Active
A003528,C08751,BR048,Credit,2024-10-18,6248949.82,Active
A003529,C00788,BR042,Current,2026-07-07,58827998.17,Active
A003530,C08017,BR008,Current,2025-01-26,136431003.58,Active
A003531,C08330,BR039,Current,2025-12-31,5139782.85,Active
A003532,C02229,BR011,Savings,2024-01-24,9077467.14,Closed
A003533,C04906,BR009,Current,2020-09-25,20112469.51,Active
A003534,C06941,BR019,Current,2026-06-16,27803606.68,Inactive
A003535,C06627,BR002,Savings,2025-10-25,7024239.24,Active
A003536,C05908,BR015,Current,2024-10-10,45400970.94,Active
A003537,C00923,BR038,Savings,2026-07-15,3611747.26,Active
A003538,C09739,BR031,Savings,2024-11-11,17805937.48,Active
A003539,C06513,BR042,Savings,2026-06-08,8350647.49,Closed
A003540,C08208,BR026,Current,2019-06-14,1323927871.18,Active
A003541,C00571,BR017,Credit,2026-04-08,20819649.76,Active
A003542,C03730,BR010,Savings,2022-06-27,305141791.8,Active
A003543,C07120,BR007,Savings,2023-11-08,51072589.05,Active
A003544,C00828,BR029,Savings,2023-10-10,28099660.11,Active
A003545,C05648,BR016,Savings,2024-05-06,5021620.95,Active
A003546,C03687,BR039,Savings,2025-04-26,9118792.9,Active
A003547,C02541,BR039,Savings,2026-04-03,49047764.9,Active
A003548,C01681,BR028,Savings,2026-08-15,6744401.32,Active
A003549,C05865,BR040,Current,2022-08-16,473242970.56,Active
A003550,C01149,BR030,Savings,2026-02-01,22634214.45,Active
A003551,C03862,BR012,Current,2020-11-11,10393122.44,Active
A003552,C01204,BR048,Savings,2023-10-25,70539442.09,Active
A003553,C02701,BR013,Savings,2023-08-28,3708645.47,Active
A003554,C00399,BR038,Savings,2024-08-14,366670737.99,Active
A003555,C03053,BR017,Savings,2022-02-13,12593565.86,Active
A003556,C06490,BR001,Credit,2026-08-14,54409350.17,Active
A003557,C05839,BR034,Current,2024-06-02,8584170.99,Active
A003558,C09028,BR041,Current,2022-04-08,79611194.44,Active
A003559,C01129,BR038,Savings,2023-06-02,12523763.75,Active
A003560,C08817,BR016,Savings,2024-10-13,10963252.29,Active
A003561,C04777,BR029,Credit,2021-12-28,5307253.62,Active
A003562,C06109,BR025,Current,2026-01-14,25773539.43,Active
A003563,C06639,BR018,Savings,2023-03-02,11908316.49,Active
A003564,C05582,BR011,Current,2024-06-05,253726336.51,Inactive
A003565,C02960,BR012,Current,2026-02-13,12812493.03,Active
A003566,C08799,BR014,Current,2021-01-20,74142682.32,Active
A003567,C06391,BR023,Current,2026-06-20,230426348.24,Active
A003568,C03706,BR033,Savings,2025-08-10,12655909.52,Inactive
A003569,C01187,BR010,Current,2026-02-17,44016159.11,Active
A003570,C01720,BR003,Current,2026-08-15,50764985.16,Active
A003571,C02915,BR028,Current,2024-05-06,7911030.75,Active
A003572,C00246,BR040,Current,2025-03-04,11148061.58,Active
A003573,C02937,BR041,Current,2024-03-13,8406617.3,Active
A003574,C01407,BR010,Savings,2026-04-25,47637466.19,Active
A003575,C08531,BR038,Savings,2026-02-07,15298632.64,Active
A003576,C01754,BR008,Current,2024-03-04,13822018.07,Active
A003577,C05888,BR027,Savings,2024-02-17,10386240.37,Active
A003578,C05324,BR025,Savings,2025-11-21,11956432.38,Active
A003579,C07095,BR007,Savings,2026-04-16,196779205.06,Active
A003580,C00253,BR046,Savings,2021-11-11,105978323.84,Active
A003581,C04460,BR023,Current,2026-06-20,337195052.76,Active
A003582,C09488,BR009,Savings,2025-05-21,7449725.45,Active
A003583,C05070,BR032,Savings,2022-04-06,20557396.03,Active
A003584,C08750,BR041,Current,2025-10-19,82557160.22,Active
A003585,C00411,BR004,Savings,2026-03-06,25609260.07,Active
A003586,C00339,BR027,Current,2021-10-22,26192800.15,Closed
A003587,C05522,BR026,Savings,2025-05-08,17679050.64,Active
A003588,C01029,BR037,Current,2026-02-27,14529684.16,Active
A003589,C01240,BR003,Savings,2026-03-08,10596142.73,Inactive
A003590,C05574,BR012,Credit,2026-05-30,8134236.79,Active
A003591,C07299,BR036,Current,2021-02-26,74756388.39,Active
A003592,C08855,BR027,Savings,2020-05-01,5367590.63,Closed
A003593,C04692,BR037,Savings,2022-10-16,9327484.92,Active
A003594,C05998,BR048,Current,2025-04-30,36362320.98,Active
A003595,C00308,BR047,Savings,2023-11-15,16229977.22,Active
A003596,C03215,BR044,Current,2026-07-29,30636182.23,Closed
A003597,C00057,BR028,Savings,2021-04-27,223805496.47,Active
A003598,C08833,BR022,Savings,2026-01-13,70675997.37,Active
A003599,C01533,BR049,Current,2022-06-18,17706129.31,Active
A003600,C04570,BR037,Credit,2023-05-28,64763003.64,Active
A003601,C08640,BR049,Savings,2024-02-20,7830024.14,Active
A003602,C02237,BR018,Current,2024-09-26,6998358.3,Active
A003603,C06156,BR024,Current,2026-08-14,29446365.77,Active
A003604,C09353,BR002,Savings,2018-05-15,17724573.77,Inactive
A003605,C03407,BR033,Savings,2022-06-20,65715358.07,Active
A003606,C05869,BR015,Savings,2026-08-27,761716748.02,Closed
A003607,C03155,BR023,Savings,2026-04-28,47950898.62,Active
A003608,C02183,BR023,Credit,2022-08-09,29380287.18,Active
A003609,C09673,BR002,Credit,2025-05-17,64616755.96,Active
A003610,C05483,BR002,Savings,2026-05-16,39707415.89,Active
A003611,C04450,BR020,Savings,2026-06-05,10165331.92,Active
A003612,C06896,BR011,Savings,2021-04-30,38295349.37,Active
A003613,C08465,BR041,Credit,2022-10-04,7936291.81,Active
A003614,C05973,BR043,Savings,2019-03-28,47501495.89,Active
A003615,C02465,BR008,Current,2024-12-04,7658750.03,Closed
A003616,C01429,BR043,Savings,2024-07-01,9487390.31,Inactive
A003617,C07434,BR023,Current,2023-04-16,29767098.23,Closed
A003618,C04831,BR023,Savings,2023-06-30,63110399.62,Active
A003619,C04633,BR025,Current,2025-07-20,31528565.42,Active
A003620,C02634,BR023,Savings,2026-04-15,41217405.69,Active
A003621,C02816,BR035,Current,2026-06-20,10235757.51,Active
A003622,C02150,BR034,Savings,2026-04-07,19813355.41,Active
A003623,C09398,BR011,Current,2025-12-22,3993760.93,Active
A003624,C02542,BR031,Current,2026-06-10,532275476.54,Active
A003625,C09513,BR042,Savings,2023-08-16,3015604.43,Active
A003626,C09234,BR025,Current,2026-08-25,99661673.55,Active
A003627,C06069,BR022,Credit,2021-08-14,18427701.31,Active
A003628,C07720,BR040,Savings,2026-03-04,17476485.79,Active
A003629,C07349,BR018,Current,2026-06-23,47826961.53,Active
A003630,C07775,BR048,Current,2025-10-17,23281790.71,Inactive
A003631,C05825,BR016,Savings,2024-03-23,105191625.46,Active
A003632,C04507,BR047,Current,2022-01-18,69065800.88,Inactive
A003633,C05313,BR026,Savings,2026-02-18,25675325.84,Active
A003634,C02803,BR038,Current,2023-06-30,13895525.53,Active
A003635,C02106,BR020,Current,2026-05-29,22898511.95,Active
A003636,C03652,BR038,Savings,2019-11-22,13563016.85,Active
A003637,C03988,BR018,Savings,2023-05-31,17839441.03,Active
A003638,C06133,BR009,Current,2025-07-20,23755843.78,Active
A003639,C00262,BR035,Current,2022-09-23,60551111.9,Active
A003640,C02263,BR018,Current,2021-11-11,130433547.89,Active
A003641,C08073,BR019,Current,2021-07-16,18707292.21,Active
A003642,C00826,BR025,Current,2026-06-13,183938341.28,Active
A003643,C03764,BR029,Savings,2024-02-21,19055789.75,Active
A003644,C04708,BR039,Current,2025-03-22,451442046.19,Active
A003645,C02979,BR050,Current,2022-06-16,14502329.85,Active
A003646,C06476,BR001,Current,2025-07-10,27094889.3,Active
A003647,C08800,BR050,Current,2026-07-26,12926789.56,Active
A003648,C06815,BR037,Savings,2026-05-13,58223991.09,Active
A003649,C04819,BR033,Credit,2025-04-02,36317103.58,Active
A003650,C00564,BR044,Savings,2026-05-25,9812131.68,Closed
A003651,C07940,BR002,Savings,2025-03-09,713020314.54,Active
A003652,C03146,BR015,Savings,2020-06-30,173500669.48,Active
A003653,C05150,BR024,Current,2022-12-16,23606066.8,Active
A003654,C00912,BR035,Savings,2025-05-17,5521567.49,Active
A003655,C05114,BR049,Savings,2022-01-15,15329424.15,Active
A003656,C05652,BR038,Savings,2024-04-09,12761721.77,Active
A003657,C03738,BR030,Savings,2025-10-11,10087033.6,Active
A003658,C07361,BR002,Current,2024-11-12,16814665.82,Active
A003659,C07920,BR026,Savings,2020-08-01,137067167.3,Active
A003660,C06723,BR040,Savings,2026-07-22,10393785.43,Inactive
A003661,C09628,BR045,Credit,2024-12-24,13078165.21,Active
A003662,C03465,BR038,Savings,2021-05-02,12369120.12,Active
A003663,C07588,BR022,Savings,2026-08-23,888051725.67,Active
A003664,C07926,BR017,Savings,2021-12-16,66823592.69,Active
A003665,C04288,BR019,Savings,2018-06-14,5587464.88,Active
A003666,C03799,BR044,Savings,2026-03-07,4260141.3,Active
A003667,C06704,BR045,Current,2025-01-26,467835532.44,Active
A003668,C06491,BR023,Savings,2021-07-11,8162127.1,Active
A003669,C06886,BR029,Savings,2025-02-21,25611201.27,Closed
A003670,C07485,BR045,Current,2021-06-12,5171041.97,Active
A003671,C02124,BR041,Savings,2019-12-04,9746619.12,Active
A003672,C07461,BR003,Current,2026-01-25,31520194.64,Active
A003673,C08418,BR038,Savings,2026-05-03,108446193.29,Active
A003674,C02936,BR016,Current,2022-06-04,25207163.84,Active
A003675,C08269,BR024,Savings,2026-07-12,19667161.72,Active
A003676,C04516,BR038,Current,2021-02-22,6292139.43,Active
A003677,C06999,BR023,Savings,2024-11-11,47464972.3,Active
A003678,C03285,BR005,Credit,2026-04-27,94259010.77,Active
A003679,C03107,BR018,Current,2026-08-08,3887852.99,Inactive
A003680,C03691,BR015,Savings,2026-08-23,12368368.0,Active
A003681,C06663,BR006,Current,2026-07-08,50479861.96,Active
A003682,C04506,BR036,Current,2024-06-24,303071489.05,Active
A003683,C04732,BR031,Savings,2024-07-10,4559506.94,Active
A003684,C00204,BR031,Savings,2026-08-08,52291830.87,Active
A003685,C08375,BR006,Current,2025-10-22,9056623.25,Active
A003686,C05906,BR010,Savings,2018-09-28,83120987.32,Active
A003687,C08181,BR026,Current,2026-07-18,56860077.29,Active
A003688,C08430,BR038,Savings,2025-05-26,133443936.53,Active
A003689,C08657,BR022,Credit,2026-05-11,62920591.76,Active
A003690,C01388,BR030,Savings,2024-10-06,39195185.87,Active
A003691,C07020,BR038,Current,2023-06-03,6057411.05,Active
A003692,C05643,BR016,Savings,2023-03-27,35492111.24,Active
A003693,C02318,BR045,Current,2025-08-16,31513909.85,Active
A003694,C06182,BR046,Savings,2025-03-17,13289491.54,Active
A003695,C04094,BR009,Savings,2025-02-17,37315144.08,Active
A003696,C02141,BR045,Savings,2025-09-16,58496787.84,Active
A003697,C05483,BR002,Savings,2024-12-17,5451995.69,Active
A003698,C08793,BR029,Savings,2020-01-18,32799793.23,Active
A003699,C08102,BR006,Savings,2023-01-25,326927623.38,Active
A003700,C09504,BR035,Current,2022-03-23,566432339.39,Closed
A003701,C01953,BR028,Savings,2026-03-20,64377196.21,Active
A003702,C02434,BR049,Savings,2025-02-09,8416945.06,Active
A003703,C08245,BR050,Savings,2021-10-21,13374455.71,Active
A003704,C03834,BR046,Current,2021-06-23,240031649.58,Active
A003705,C05673,BR015,Savings,2026-05-29,25611349.31,Active
A003706,C00115,BR038,Current,2022-11-13,8569625.27,Active
A003707,C02424,BR035,Savings,2024-03-21,6986893.51,Active
A003708,C05880,BR041,Current,2025-08-21,9831442.71,Active
A003709,C09230,BR017,Current,2023-08-27,47709776.8,Inactive
A003710,C05851,BR004,Current,2022-06-08,94459419.44,Active
A003711,C04687,BR002,Credit,2024-07-09,15971371.0,Inactive
A003712,C03456,BR027,Current,2025-08-29,18754625.3,Active
A003713,C02298,BR028,Savings,2024-05-27,44409689.32,Active
A003714,C03946,BR016,Current,2025-01-29,330717993.37,Active
A003715,C06400,BR033,Current,2025-07-22,2896463.13,Active
A003716,C02433,BR029,Credit,2025-07-10,16845023.21,Active
A003717,C00001,BR032,Savings,2025-03-05,38413260.18,Active
A003718,C00369,BR041,Current,2026-06-24,4798260.58,Inactive
A003719,C09062,BR011,Savings,2026-06-29,22082662.22,Active
A003720,C02818,BR001,Savings,2025-05-06,9200324.17,Active
A003721,C07246,BR029,Savings,2024-09-12,140299222.06,Active
A003722,C05410,BR042,Current,2025-10-29,17029858.1,Active
A003723,C09410,BR027,Current,2021-09-10,483812020.86,Active
A003724,C05178,BR049,Credit,2022-04-21,15798410.29,Active
A003725,C03632,BR029,Current,2024-06-07,43411120.73,Active
A003726,C01117,BR023,Credit,2026-07-05,19805874.45,Active
A003727,C02085,BR009,Credit,2022-10-27,8531039.6,Active
A003728,C06380,BR028,Credit,2026-06-25,16232610.99,Active
A003729,C03012,BR002,Current,2024-12-11,11166803.09,Active
A003730,C03968,BR043,Savings,2025-01-29,89631477.46,Active
A003731,C04697,BR015,Savings,2026-03-21,10721321.6,Active
A003732,C05708,BR038,Savings,2026-03-23,8728570.52,Active
A003733,C07630,BR036,Savings,2025-01-19,91975035.19,Active
A003734,C02617,BR036,Credit,2026-08-21,83186025.81,Active
A003735,C09707,BR042,Savings,2026-08-19,35135600.55,Active
A003736,C06822,BR014,Current,2025-02-21,10762689.72,Active
A003737,C00764,BR023,Savings,2019-05-01,3075191.34,Active
A003738,C02354,BR047,Savings,2025-09-05,261605204.88,Closed
A003739,C07213,BR010,Current,2026-01-17,4083300.44,Active
A003740,C04467,BR043,Savings,2024-12-04,20917534.54,Active
A003741,C01360,BR031,Savings,2023-01-08,3931149.43,Active
A003742,C01666,BR024,Savings,2024-07-28,6802929.66,Active
A003743,C06052,BR044,Current,2022-11-22,11225440.04,Active
A003744,C02568,BR042,Savings,2020-06-02,51583955.54,Closed
A003745,C06111,BR038,Savings,2025-09-05,6358154.16,Active
A003746,C00274,BR048,Savings,2026-08-01,80697703.92,Active
A003747,C08410,BR022,Current,2026-07-29,556637609.04,Active
A003748,C00928,BR031,Savings,2020-11-01,49170735.7,Active
A003749,C09094,BR020,Current,2022-05-24,137893681.03,Active
A003750,C09657,BR025,Current,2025-10-17,35987647.78,Active
A003751,C09512,BR045,Current,2024-11-28,29948997.4,Active
A003752,C03264,BR026,Savings,2023-09-26,5701628.43,Active
A003753,C04984,BR008,Savings,2025-10-17,20001432.27,Active
A003754,C09702,BR013,Savings,2023-09-20,144906586.13,Active
A003755,C01870,BR038,Savings,2022-05-10,40955103.57,Active
A003756,C04040,BR005,Savings,2026-07-08,9433265.26,Active
A003757,C07512,BR024,Current,2026-05-03,7889212.86,Closed
A003758,C00630,BR023,Savings,2025-09-15,27830946.64,Active
A003759,C05613,BR038,Savings,2022-02-20,14191246.13,Active
A003760,C07597,BR042,Current,2021-11-27,63907358.33,Active
A003761,C06145,BR001,Savings,2026-01-27,5380139.31,Active
A003762,C09146,BR014,Savings,2024-11-09,76313561.18,Active
A003763,C00782,BR041,Current,2026-08-04,53769951.36,Active
A003764,C00221,BR010,Savings,2026-05-15,94856415.3,Active
A003765,C02891,BR002,Current,2023-07-16,6011512.87,Active
A003766,C08661,BR040,Current,2025-03-31,403532956.96,Active
A003767,C00073,BR005,Savings,2025-05-22,10558060.37,Active
A003768,C07514,BR001,Savings,2021-01-30,5521296.25,Active
A003769,C06621,BR025,Savings,2025-03-21,5187350.01,Active
A003770,C09844,BR026,Savings,2020-12-20,5849954.54,Active
A003771,C01709,BR042,Current,2026-02-08,12716889.03,Inactive
A003772,C08514,BR040,Savings,2023-09-05,385572599.94,Active
A003773,C00871,BR021,Savings,2026-02-21,18613909.19,Active
A003774,C00067,BR005,Savings,2026-08-31,447633800.55,Active
A003775,C02634,BR040,Current,2026-04-06,8176233.5,Active
A003776,C07534,BR032,Savings,2025-08-09,34979862.11,Active
A003777,C09686,BR049,Savings,2023-07-02,10530436.52,Active
A003778,C03493,BR001,Savings,2020-08-16,21502517.24,Active
A003779,C01064,BR022,Current,2023-05-08,13153999.47,Active
A003780,C02753,BR019,Current,2020-11-23,20257947.52,Active
A003781,C04203,BR038,Current,2026-07-20,12636478.47,Inactive
A003782,C03221,BR045,Current,2026-04-30,20551996.76,Active
A003783,C07240,BR036,Savings,2025-06-20,14911595.1,Active
A003784,C09845,BR041,Savings,2026-05-06,28763943.98,Active
A003785,C09148,BR043,Current,2022-08-01,7792035.84,Active
A003786,C03261,BR033,Current,2025-06-08,3640558.6,Active
A003787,C01106,BR019,Credit,2024-02-06,6885131.73,Active
A003788,C03060,BR038,Savings,2026-06-06,823091922.71,Active
A003789,C03432,BR012,Savings,2026-02-08,13255375.19,Closed
A003790,C08266,BR023,Savings,2026-05-18,16146447.19,Active
A003791,C02603,BR047,Savings,2020-12-15,6456845.66,Active
A003792,C09781,BR021,Current,2026-06-01,83756538.75,Closed
A003793,C07925,BR042,Savings,2025-05-21,6618045.51,Inactive
A003794,C03775,BR004,Current,2018-08-09,7444125.37,Active
A003795,C03587,BR039,Savings,2025-05-16,10870614.76,Inactive
A003796,C07393,BR031,Credit,2026-05-04,21415779.44,Active
A003797,C04322,BR028,Savings,2019-06-11,23325058.75,Active
A003798,C08569,BR011,Savings,2025-08-31,23838123.32,Active
A003799,C03497,BR022,Current,2021-09-18,4210506.33,Inactive
A003800,C01610,BR047,Current,2025-12-10,14920238.81,Active
A003801,C02832,BR038,Savings,2020-12-03,69705508.86,Active
A003802,C08075,BR009,Current,2026-05-31,27371407.41,Active
A003803,C08004,BR025,Savings,2023-02-21,15193036.75,Active
A003804,C06813,BR048,Current,2026-08-30,12276764.7,Active
A003805,C04199,BR049,Savings,2025-01-16,114445028.26,Active
A003806,C09382,BR002,Credit,2026-02-25,84681705.62,Active
A003807,C00544,BR016,Savings,2024-08-05,9665798.98,Active
A003808,C09913,BR013,Savings,2025-01-27,734025019.72,Active
A003809,C02788,BR024,Savings,2019-12-19,16897457.79,Inactive
A003810,C09371,BR033,Credit,2021-08-19,14248307.08,Active
A003811,C05595,BR038,Savings,2024-04-08,3659949.89,Active
A003812,C03398,BR003,Savings,2024-08-19,7230408.85,Inactive
A003813,C03586,BR046,Credit,2025-01-01,115514518.9,Inactive
A003814,C08433,BR045,Savings,2026-03-06,5412397.83,Active
A003815,C05218,BR022,Savings,2023-05-29,4802208.64,Active
A003816,C05748,BR040,Savings,2023-02-04,423853604.44,Active
A003817,C01499,BR034,Savings,2022-10-15,5056218.95,Active
A003818,C01277,BR047,Savings,2021-05-17,254014478.37,Active
A003819,C00997,BR040,Savings,2022-09-05,13069594.08,Active
A003820,C01805,BR038,Credit,2024-06-09,9857049.69,Active
A003821,C05758,BR011,Current,2024-08-20,118958787.32,Active
A003822,C02566,BR024,Credit,2025-10-06,203902611.97,Active
A003823,C00015,BR047,Savings,2021-04-30,139921115.18,Active
A003824,C00127,BR002,Savings,2025-03-13,9972690.12,Active
A003825,C00920,BR039,Credit,2026-01-20,29534113.61,Active
A003826,C09644,BR038,Savings,2022-01-16,18886467.32,Active
A003827,C06930,BR018,Savings,2025-12-15,36219022.55,Active
A003828,C05207,BR028,Savings,2026-08-22,528489383.98,Active
A003829,C01755,BR020,Current,2025-10-15,1486994669.62,Active
A003830,C04722,BR038,Current,2022-12-08,17303712.61,Active
A003831,C06685,BR046,Current,2020-07-18,17912505.85,Active
A003832,C09638,BR003,Savings,2025-12-27,100206353.53,Active
A003833,C08078,BR007,Savings,2025-10-19,13383988.7,Active
A003834,C06904,BR027,Savings,2021-05-31,144848395.31,Active
A003835,C08695,BR022,Current,2026-01-06,94439129.19,Active
A003836,C05174,BR050,Savings,2023-12-25,138899776.55,Active
A003837,C03403,BR042,Current,2026-08-13,31933323.36,Active
A003838,C08116,BR008,Savings,2026-07-24,21132538.18,Active
A003839,C02671,BR023,Savings,2025-10-04,113661878.33,Active
A003840,C01018,BR029,Current,2024-05-23,6684466.29,Active
A003841,C09159,BR026,Savings,2022-01-13,9657814.02,Closed
A003842,C09208,BR003,Savings,2025-09-04,29451856.98,Active
A003843,C09334,BR017,Savings,2025-04-11,46850193.86,Active
A003844,C08889,BR020,Savings,2026-05-21,3176265.14,Active
A003845,C02126,BR038,Current,2025-10-30,9523473.86,Active
A003846,C03607,BR041,Savings,2022-01-28,81333749.74,Active
A003847,C05922,BR023,Credit,2022-11-14,7423351.44,Inactive
A003848,C02670,BR017,Savings,2022-09-22,7768168.99,Closed
A003849,C04815,BR029,Savings,2025-09-14,111549735.12,Active
A003850,C07788,BR032,Current,2026-07-04,53151747.16,Active
A003851,C05007,BR038,Savings,2026-03-15,19293150.67,Active
A003852,C06960,BR035,Savings,2024-12-03,13087653.2,Active
A003853,C05576,BR037,Savings,2021-09-20,21729580.19,Active
A003854,C03263,BR047,Savings,2025-05-22,28000472.33,Active
A003855,C06853,BR010,Current,2024-05-29,19362768.56,Active
A003856,C03214,BR030,Savings,2023-11-06,61385413.46,Inactive
A003857,C03442,BR008,Savings,2021-09-18,81635257.84,Active
A003858,C05069,BR047,Savings,2025-08-29,42847377.16,Active
A003859,C03824,BR032,Savings,2023-07-05,8943759.84,Active
A003860,C06704,BR006,Savings,2025-09-04,366617661.87,Active
A003861,C07076,BR001,Savings,2026-03-20,5685267.28,Active
A003862,C07836,BR015,Savings,2026-06-30,30837816.75,Closed
A003863,C02057,BR028,Current,2023-09-14,13622133.2,Active
A003864,C02985,BR039,Current,2020-05-30,19971515.85,Active
A003865,C07510,BR001,Savings,2023-12-10,11673896.68,Active
A003866,C07489,BR009,Current,2026-02-18,23979349.02,Active
A003867,C02572,BR015,Current,2025-08-29,105660425.24,Inactive
A003868,C05011,BR036,Savings,2023-01-29,6768835.46,Active
A003869,C07840,BR043,Savings,2026-06-23,7089651.99,Active
A003870,C03062,BR028,Current,2026-08-16,78459967.26,Active
A003871,C01167,BR022,Current,2018-10-17,126941760.79,Active
A003872,C02932,BR049,Savings,2025-02-27,294728184.13,Active
A003873,C00944,BR033,Current,2020-10-05,19114417.37,Active
A003874,C09273,BR030,Current,2021-03-31,33584858.42,Closed
A003875,C09682,BR008,Current,2026-05-22,4127902.68,Active
A003876,C05627,BR023,Savings,2025-08-29,327371538.5,Active
A003877,C08610,BR044,Savings,2021-03-15,122242525.14,Active
A003878,C07387,BR048,Current,2024-11-23,14416402.09,Active
A003879,C06115,BR028,Current,2020-10-17,71288812.06,Active
A003880,C05034,BR035,Current,2026-06-07,6186010.45,Active
A003881,C06132,BR020,Credit,2026-07-01,45020857.29,Active
A003882,C05683,BR047,Current,2024-05-26,69158343.36,Inactive
A003883,C02239,BR024,Savings,2025-10-20,158654614.53,Active
A003884,C05322,BR032,Savings,2021-02-12,6695502.25,Active
A003885,C06988,BR037,Savings,2025-09-23,8552929.13,Active
A003886,C04373,BR009,Savings,2025-10-04,5751758.3,Active
A003887,C06803,BR038,Current,2024-07-08,15184808.1,Active
A003888,C06696,BR048,Credit,2026-01-14,35844086.82,Active
A003889,C06281,BR017,Current,2026-05-05,9204167.22,Active
A003890,C02419,BR030,Current,2025-12-26,4999764.33,Active
A003891,C01272,BR038,Current,2026-01-24,18944984.98,Active
A003892,C01247,BR038,Savings,2021-12-14,76936822.52,Active
A003893,C07724,BR012,Savings,2021-01-23,33455956.46,Inactive
A003894,C09285,BR045,Savings,2024-08-09,58199154.38,Closed
A003895,C08548,BR001,Credit,2026-03-18,12181577.6,Active
A003896,C01467,BR043,Savings,2025-11-13,13308805.84,Active
A003897,C06018,BR032,Current,2025-10-07,16106992.42,Active
A003898,C09408,BR019,Current,2026-06-16,10957244.76,Active
A003899,C06395,BR038,Savings,2025-12-25,9624721.21,Inactive
A003900,C05820,BR014,Current,2026-05-25,21906036.88,Closed
A003901,C03290,BR005,Savings,2024-08-12,9542356.18,Active
A003902,C04120,BR031,Savings,2025-11-21,131984292.9,Active
A003903,C04140,BR017,Credit,2026-08-15,29613982.06,Active
A003904,C08550,BR038,Savings,2022-03-09,10289868.62,Active
A003905,C05875,BR039,Current,2021-07-24,42420808.13,Active
A003906,C08813,BR005,Credit,2025-05-04,14659475.87,Active
A003907,C09724,BR003,Credit,2025-08-22,5143702.26,Active
A003908,C00260,BR041,Savings,2025-12-27,25162575.59,Closed
A003909,C07721,BR048,Current,2022-07-17,39751856.29,Active
A003910,C04274,BR002,Savings,2021-09-16,11130034.01,Active
A003911,C06094,BR050,Savings,2026-08-07,34198489.23,Active
A003912,C03362,BR047,Savings,2024-10-17,2461151.34,Active
A003913,C00955,BR042,Current,2021-09-25,60644282.29,Active
A003914,C09836,BR011,Savings,2021-04-22,20735576.33,Active
A003915,C01909,BR015,Current,2020-12-04,8583976.66,Active
A003916,C09736,BR032,Savings,2026-02-03,6458868.02,Active
A003917,C02075,BR019,Savings,2026-06-12,54459842.58,Active
A003918,C03556,BR046,Savings,2025-06-10,40552758.95,Active
A003919,C01500,BR044,Savings,2022-08-07,4921753.68,Active
A003920,C07130,BR048,Current,2024-12-08,8977212.09,Active
A003921,C04026,BR028,Savings,2022-03-28,39514053.47,Active
A003922,C05326,BR005,Savings,2026-08-17,22273357.49,Active
A003923,C03643,BR001,Savings,2026-04-11,17311178.56,Active
A003924,C06875,BR018,Savings,2025-09-07,50811074.86,Inactive
A003925,C05095,BR044,Credit,2026-05-14,15370560.94,Active
A003926,C00746,BR029,Current,2024-04-22,54901808.34,Active
A003927,C09571,BR037,Current,2025-10-14,7542406.51,Active
A003928,C03455,BR002,Current,2026-01-28,6321801.54,Active
A003929,C09703,BR023,Savings,2020-07-19,28087557.32,Active
A003930,C02794,BR003,Savings,2026-02-19,14292362.38,Active
A003931,C03688,BR006,Savings,2018-10-20,19291434.64,Active
A003932,C05944,BR045,Savings,2026-08-31,16935106.07,Active
A003933,C09698,BR008,Savings,2024-03-21,108926115.63,Active
A003934,C02550,BR007,Savings,2022-01-18,12234687.67,Active
A003935,C06231,BR049,Current,2025-03-14,10203433.08,Active
A003936,C05099,BR030,Current,2025-02-14,7813288.5,Active
A003937,C07034,BR016,Credit,2026-07-12,4839807.24,Active
A003938,C02537,BR034,Savings,2024-03-12,36474136.31,Active
A003939,C09913,BR009,Savings,2025-10-18,261281658.71,Active
A003940,C09771,BR041,Current,2025-03-08,4160430.75,Active
A003941,C02579,BR013,Current,2023-07-14,4964047.71,Active
A003942,C03834,BR046,Savings,2024-03-14,165923121.82,Active
A003943,C04603,BR031,Savings,2026-03-11,17946476.3,Closed
A003944,C08332,BR046,Credit,2025-05-14,58308094.44,Active
A003945,C00985,BR002,Savings,2023-09-03,92324520.6,Active
A003946,C04989,BR018,Credit,2025-07-15,4012644.2,Active
A003947,C05489,BR012,Savings,2025-06-18,32738089.69,Active
A003948,C04645,BR030,Current,2022-05-10,73995211.14,Active
A003949,C05781,BR038,Savings,2023-06-20,138595490.58,Inactive
A003950,C09765,BR018,Current,2023-10-14,16366117.23,Inactive
A003951,C05677,BR015,Savings,2023-01-30,3354337.05,Inactive
A003952,C07772,BR037,Savings,2022-10-31,377776038.21,Active
A003953,C04846,BR023,Current,2025-12-27,19618929.38,Active
A003954,C00031,BR037,Current,2023-01-27,2597272.78,Active
A003955,C05608,BR043,Current,2024-06-22,71043249.26,Active
A003956,C05418,BR033,Savings,2026-08-05,19240477.76,Active
A003957,C03532,BR001,Current,2019-12-26,25678148.91,Active
A003958,C06443,BR041,Savings,2023-05-22,5903979.94,Active
A003959,C00759,BR038,Savings,2021-01-17,26063717.65,Closed
A003960,C06497,BR006,Current,2023-10-01,35861122.46,Active
A003961,C09722,BR044,Current,2025-04-26,18373415.01,Active
A003962,C01544,BR038,Current,2023-12-05,79476910.36,Active
A003963,C00093,BR047,Savings,2023-11-08,7338831.99,Active
A003964,C06503,BR033,Savings,2022-08-03,12617499.09,Active
A003965,C00668,BR039,Savings,2026-04-13,9958501.31,Active
A003966,C09438,BR038,Current,2022-06-28,553094937.72,Active
A003967,C06699,BR041,Savings,2024-07-02,44128837.8,Active
A003968,C09070,BR028,Credit,2024-06-01,23565193.66,Active
A003969,C02165,BR035,Savings,2023-02-27,44466528.64,Active
A003970,C03162,BR025,Savings,2026-02-27,66578376.44,Inactive
A003971,C03537,BR023,Current,2024-09-22,123132093.82,Active
A003972,C05117,BR025,Savings,2026-07-20,8542150.79,Active
A003973,C00672,BR031,Savings,2024-10-08,25241245.74,Active
A003974,C02905,BR045,Current,2025-12-24,23346463.75,Active
A003975,C00280,BR049,Current,2021-07-14,66178865.74,Closed
A003976,C09716,BR048,Savings,2020-05-20,886569672.82,Active
A003977,C01877,BR050,Savings,2024-07-03,15963065.93,Inactive
A003978,C01673,BR043,Current,2020-07-02,36229417.33,Inactive
A003979,C01923,BR002,Current,2021-10-24,62980310.2,Active
A003980,C07887,BR028,Current,2026-07-26,12366724.82,Closed
A003981,C07017,BR041,Current,2025-07-22,586338426.03,Closed
A003982,C02801,BR037,Savings,2024-10-17,9006944.23,Active
A003983,C02064,BR002,Savings,2024-07-05,38824696.35,Active
A003984,C06027,BR016,Savings,2026-08-20,12828669.55,Active
A003985,C06808,BR047,Current,2022-12-08,30821313.24,Active
A003986,C02968,BR003,Savings,2025-03-21,7084887.38,Active
A003987,C05142,BR003,Credit,2025-09-22,24075537.43,Active
A003988,C04515,BR017,Savings,2024-07-20,9945607.42,Active
A003989,C01159,BR001,Current,2026-05-08,26481899.74,Inactive
A003990,C09816,BR007,Savings,2025-02-11,19059768.49,Active
A003991,C06610,BR002,Savings,2026-07-16,65955050.09,Active
A003992,C08363,BR044,Savings,2025-02-09,22817323.03,Active
A003993,C03924,BR005,Savings,2022-12-04,174509517.88,Active
A003994,C01533,BR030,Savings,2024-05-01,20688085.02,Active
A003995,C07887,BR047,Credit,2026-02-05,19243339.52,Active
A003996,C09018,BR037,Current,2026-04-22,38085614.35,Active
A003997,C04982,BR038,Savings,2021-09-29,25612696.2,Inactive
A003998,C08844,BR010,Current,2024-07-04,17744952.18,Inactive
A003999,C03735,BR007,Current,2026-02-28,92386872.94,Active
A004000,C09744,BR038,Current,2024-04-29,23072320.46,Active
A004001,C03740,BR023,Savings,2023-02-09,8766620.51,Active
A004002,C05436,BR046,Savings,2024-11-08,48538971.36,Active
A004003,C01253,BR005,Savings,2020-09-09,216981215.95,Active
A004004,C03698,BR028,Current,2026-03-28,66658404.13,Active
A004005,C04224,BR049,Savings,2021-06-08,41754570.31,Active
A004006,C07728,BR036,Savings,2022-12-30,8783321.64,Active
A004007,C03388,BR036,Savings,2026-07-23,37414878.89,Active
A004008,C02606,BR049,Savings,2025-11-19,22985560.07,Active
A004009,C07182,BR028,Savings,2025-04-13,128448276.83,Active
A004010,C04097,BR019,Savings,2021-07-02,30732823.01,Active
A004011,C00475,BR032,Current,2024-10-17,12372354.05,Active
A004012,C01527,BR026,Credit,2023-11-24,19531453.01,Active
A004013,C02316,BR046,Current,2026-08-30,18353199.55,Active
A004014,C05668,BR038,Savings,2022-07-28,43863498.92,Active
A004015,C05090,BR004,Savings,2023-12-31,19300344.7,Active
A004016,C09254,BR047,Savings,2023-12-24,942090847.87,Active
A004017,C04598,BR045,Savings,2024-11-04,11481575.38,Active
A004018,C04955,BR019,Current,2025-11-01,89016799.36,Inactive
A004019,C06563,BR035,Current,2022-06-20,17697392.88,Active
A004020,C02226,BR007,Credit,2018-06-09,11945069.04,Active
A004021,C05287,BR037,Savings,2023-08-19,601516607.18,Active
A004022,C04690,BR016,Current,2026-04-19,203137004.31,Active
A004023,C07965,BR017,Current,2025-04-15,43561189.99,Active
A004024,C08578,BR030,Savings,2024-03-04,24754682.19,Active
A004025,C06547,BR015,Credit,2025-05-18,41524707.61,Closed
A004026,C01084,BR004,Current,2025-09-15,58349917.74,Active
A004027,C00045,BR012,Savings,2026-02-14,17159146.76,Active
A004028,C06191,BR041,Credit,2025-11-20,8412277.01,Active
A004029,C05187,BR046,Savings,2024-09-19,36295501.98,Active
A004030,C08519,BR006,Current,2022-10-05,113102750.08,Active
A004031,C08789,BR003,Savings,2024-02-17,3634539.57,Active
A004032,C00481,BR024,Credit,2025-03-15,9850497.36,Active
A004033,C00622,BR039,Current,2025-12-21,18752518.64,Active
A004034,C04832,BR029,Current,2024-05-18,17642838.68,Active
A004035,C06359,BR036,Current,2023-03-15,16056379.86,Active
A004036,C06097,BR027,Savings,2022-12-26,17020758.7,Active
A004037,C05318,BR042,Savings,2024-07-24,34938253.47,Active
A004038,C03749,BR047,Savings,2025-10-19,18626142.6,Active
A004039,C05531,BR037,Current,2026-06-27,15089834.01,Active
A004040,C07178,BR027,Credit,2020-06-14,5783534.01,Active
A004041,C09695,BR011,Savings,2024-12-21,730392157.51,Active
A004042,C02106,BR034,Savings,2026-06-29,29321857.77,Active
A004043,C02714,BR038,Savings,2025-09-22,11896693.82,Active
A004044,C03080,BR028,Savings,2023-03-07,12796672.07,Active
A004045,C02335,BR040,Savings,2026-05-18,26817679.45,Inactive
A004046,C06024,BR050,Savings,2025-08-27,12775377.51,Active
A004047,C07710,BR029,Current,2026-05-03,3200553.11,Active
A004048,C00743,BR004,Savings,2024-04-20,22144727.83,Active
A004049,C01446,BR007,Current,2026-04-25,7825931.29,Active
A004050,C00587,BR022,Savings,2025-12-17,10981101.59,Active
A004051,C02660,BR006,Current,2026-08-28,1123528668.96,Active
A004052,C01933,BR030,Savings,2025-11-21,13475421.84,Active
A004053,C00452,BR033,Credit,2025-07-17,15020833.69,Active
A004054,C01545,BR001,Savings,2024-01-22,22551103.97,Active
A004055,C03219,BR019,Savings,2026-01-10,22473062.2,Active
A004056,C04126,BR024,Current,2024-04-20,7190005.86,Active
A004057,C02802,BR038,Current,2026-04-12,76693554.82,Active
A004058,C02089,BR021,Current,2019-09-26,15440164.88,Active
A004059,C04321,BR018,Savings,2024-06-29,18646747.21,Active
A004060,C03965,BR028,Current,2025-07-17,18905024.89,Active
A004061,C05378,BR023,Current,2024-08-13,489427086.01,Active
A004062,C09540,BR036,Savings,2025-06-14,5855388.71,Active
A004063,C07913,BR032,Savings,2023-04-29,32855642.55,Active
A004064,C06466,BR010,Savings,2024-09-27,38657888.14,Active
A004065,C03193,BR015,Savings,2025-10-15,112953408.15,Inactive
A004066,C05893,BR038,Current,2026-04-21,50744632.98,Inactive
A004067,C06545,BR039,Savings,2024-11-30,56814105.17,Inactive
A004068,C02208,BR031,Savings,2025-03-25,2597277.83,Active
A004069,C09486,BR038,Savings,2023-05-19,8683605.68,Active
A004070,C07171,BR042,Current,2021-05-09,38297934.26,Active
A004071,C04128,BR014,Savings,2025-04-02,61741018.3,Active
A004072,C04708,BR045,Current,2024-04-16,1255268501.78,Active
A004073,C04223,BR013,Current,2019-04-23,4475447.76,Active
A004074,C03535,BR047,Current,2020-07-03,6161798.42,Active
A004075,C06023,BR025,Savings,2022-05-27,55140248.68,Active
A004076,C09423,BR049,Savings,2025-04-25,20946459.26,Active
A004077,C01425,BR017,Credit,2026-07-26,12558956.56,Active
A004078,C09870,BR020,Current,2025-06-03,10132324.91,Active
A004079,C09854,BR018,Current,2021-01-10,46729111.64,Active
A004080,C02370,BR023,Savings,2019-10-04,50340311.69,Active
A004081,C03869,BR029,Current,2024-08-19,10767651.29,Active
A004082,C07105,BR025,Current,2024-08-31,3819944.74,Active
A004083,C05811,BR039,Savings,2025-09-12,2669959.06,Active
A004084,C06593,BR018,Savings,2024-05-31,94587914.58,Active
A004085,C03263,BR047,Savings,2024-09-18,25350911.83,Active
A004086,C01219,BR045,Current,2025-11-10,15775347.39,Active
A004087,C04435,BR003,Current,2020-07-20,14172786.97,Active
A004088,C04996,BR038,Current,2023-12-09,7880695.09,Active
A004089,C02964,BR035,Current,2025-01-16,126534182.67,Active
A004090,C03394,BR040,Current,2019-05-02,57431819.95,Active
A004091,C08066,BR002,Savings,2025-12-27,2546062.53,Active
A004092,C06707,BR043,Current,2021-02-12,75775559.19,Inactive
A004093,C02406,BR033,Savings,2022-01-20,40560017.47,Active
A004094,C03069,BR047,Savings,2026-08-23,4552503.98,Active
A004095,C03539,BR028,Savings,2022-04-12,36271906.83,Active
A004096,C00997,BR040,Current,2024-01-20,20323716.11,Active
A004097,C05417,BR033,Current,2023-10-31,20739082.41,Active
A004098,C04125,BR034,Current,2026-07-11,48244431.42,Active
A004099,C08053,BR040,Savings,2024-05-07,15105749.59,Active
A004100,C04059,BR029,Savings,2025-01-04,3674705.15,Active
A004101,C07948,BR027,Current,2026-05-26,12397744.58,Active
A004102,C01065,BR047,Savings,2026-08-23,30312533.81,Active
A004103,C08165,BR030,Savings,2025-08-22,133285900.03,Active
A004104,C02640,BR003,Savings,2025-05-01,23867016.61,Active
A004105,C02209,BR049,Savings,2020-03-25,17520908.26,Active
A004106,C08694,BR033,Savings,2025-12-06,24001172.36,Active
A004107,C09830,BR046,Savings,2022-11-16,11269003.72,Active
A004108,C00934,BR002,Current,2025-03-22,139128411.31,Active
A004109,C03677,BR038,Credit,2020-05-07,10776069.43,Active
A004110,C00585,BR023,Savings,2021-05-13,174810864.92,Active
A004111,C01499,BR016,Savings,2021-12-03,19762008.91,Closed
A004112,C05680,BR018,Savings,2026-04-26,69208855.59,Active
A004113,C08696,BR028,Savings,2025-10-02,17773785.31,Closed
A004114,C03371,BR022,Savings,2025-07-15,14787195.54,Active
A004115,C07388,BR042,Current,2022-04-29,53781815.78,Inactive
A004116,C07179,BR034,Current,2025-12-02,18254293.25,Active
A004117,C07029,BR027,Savings,2024-10-02,14980660.41,Active
A004118,C05851,BR045,Savings,2023-10-30,67699787.07,Inactive
A004119,C04364,BR011,Savings,2024-11-21,144352119.37,Active
A004120,C00644,BR007,Savings,2023-09-08,26426858.82,Active
A004121,C02908,BR039,Savings,2021-03-14,12048942.5,Active
A004122,C04642,BR031,Savings,2026-05-02,5950867.39,Active
A004123,C03857,BR035,Savings,2026-04-02,7289796.94,Active
A004124,C09971,BR038,Savings,2021-03-31,12945136.65,Active
A004125,C03853,BR044,Savings,2024-11-26,1029753939.9,Active
A004126,C07403,BR047,Current,2019-04-27,12279226.08,Active
A004127,C09139,BR022,Current,2021-08-14,9325488.15,Active
A004128,C02296,BR029,Current,2024-11-06,3667369.88,Active
A004129,C06790,BR011,Savings,2025-08-29,50344196.51,Active
A004130,C01210,BR005,Credit,2026-07-25,23647862.21,Active
A004131,C08354,BR033,Current,2024-10-23,139663172.59,Active
A004132,C04932,BR004,Savings,2025-05-19,32375457.22,Active
A004133,C06231,BR005,Savings,2024-05-01,13147952.17,Active
A004134,C05684,BR037,Current,2026-04-19,16050222.43,Active
A004135,C00218,BR005,Savings,2024-10-20,49349703.35,Active
A004136,C07258,BR038,Savings,2025-01-28,90715955.54,Active
A004137,C09127,BR047,Current,2023-02-07,24000398.47,Active
A004138,C02030,BR048,Credit,2020-02-29,147144064.39,Active
A004139,C04694,BR011,Current,2022-02-25,25088141.07,Active
A004140,C09860,BR046,Savings,2025-01-10,13538193.85,Active
A004141,C01362,BR046,Savings,2021-09-13,14598855.38,Active
A004142,C05065,BR008,Current,2024-11-13,27942883.49,Active
A004143,C03595,BR047,Current,2026-07-08,27906300.54,Active
A004144,C05028,BR045,Credit,2024-01-13,181234079.75,Active
A004145,C08627,BR002,Savings,2026-05-09,23311056.78,Active
A004146,C03567,BR016,Savings,2024-11-06,121467964.85,Inactive
A004147,C04972,BR021,Credit,2023-04-13,58537248.49,Active
A004148,C09050,BR019,Savings,2021-06-26,9422784.06,Active
A004149,C01299,BR020,Credit,2023-05-19,28009808.17,Active
A004150,C06329,BR031,Savings,2020-01-21,9475430.13,Active
A004151,C04901,BR001,Current,2025-12-22,344251450.8,Inactive
A004152,C01964,BR011,Savings,2022-11-21,45207761.82,Active
A004153,C09979,BR028,Savings,2019-09-21,929260760.02,Active
A004154,C09472,BR030,Current,2026-05-27,19096045.39,Active
A004155,C03107,BR018,Savings,2026-06-08,11835914.81,Active
A004156,C09893,BR032,Credit,2026-05-21,13590174.56,Active
A004157,C06033,BR044,Current,2024-06-12,146846633.62,Active
A004158,C08770,BR022,Savings,2026-03-31,14568341.43,Active
A004159,C09766,BR027,Savings,2025-06-07,54121361.47,Active
A004160,C02499,BR027,Current,2021-11-18,39672966.3,Active
A004161,C04540,BR006,Current,2023-06-27,90844270.93,Active
A004162,C08496,BR038,Current,2026-06-23,9452181.34,Active
A004163,C02204,BR038,Current,2026-02-05,22003518.06,Active
A004164,C00441,BR032,Current,2025-06-10,157886989.99,Active
A004165,C02408,BR028,Savings,2019-11-20,6698688.42,Inactive
A004166,C09463,BR047,Savings,2024-03-03,12777516.08,Active
A004167,C09847,BR049,Savings,2023-04-07,67312656.33,Active
A004168,C03015,BR020,Savings,2024-02-10,21539316.37,Active
A004169,C03414,BR011,Current,2025-09-08,124515780.72,Active
A004170,C02878,BR047,Current,2023-07-02,9649162.0,Active
A004171,C04933,BR009,Current,2023-08-17,4544188.94,Active
A004172,C02111,BR036,Savings,2021-01-08,34243241.09,Active
A004173,C08683,BR046,Savings,2025-04-21,36527483.33,Active
A004174,C09188,BR002,Current,2026-08-30,18634180.68,Active
A004175,C06975,BR014,Savings,2025-02-06,13496973.59,Active
A004176,C09417,BR013,Savings,2026-05-07,17081659.18,Active
A004177,C08827,BR007,Current,2023-01-09,1311491517.96,Active
A004178,C01564,BR038,Savings,2025-10-14,671036655.88,Active
A004179,C08850,BR040,Credit,2024-07-27,4060476.26,Active
A004180,C01613,BR016,Savings,2026-07-22,32956058.89,Inactive
A004181,C06129,BR032,Savings,2023-05-12,13237477.13,Active
A004182,C00685,BR033,Savings,2024-08-08,34685919.0,Active
A004183,C08901,BR036,Savings,2024-01-05,32261051.35,Inactive
A004184,C00651,BR019,Current,2023-09-11,46332610.65,Inactive
A004185,C04817,BR036,Current,2026-05-07,18840751.05,Inactive
A004186,C06097,BR011,Current,2023-08-03,7362422.43,Active
A004187,C04914,BR041,Savings,2022-08-02,31505741.28,Active
A004188,C09240,BR036,Savings,2020-11-15,16484956.9,Active
A004189,C02737,BR038,Savings,2025-08-01,12440728.28,Active
A004190,C06883,BR029,Current,2022-07-05,10247882.48,Inactive
A004191,C04823,BR042,Savings,2025-05-04,33552744.27,Active
A004192,C07586,BR020,Savings,2024-10-26,54095218.25,Active
A004193,C01484,BR028,Current,2026-04-01,5764786.7,Active
A004194,C06439,BR017,Savings,2025-04-29,123642359.96,Active
A004195,C05564,BR018,Credit,2025-06-05,259828917.85,Active
A004196,C01751,BR029,Savings,2024-07-31,4637763.67,Active
A004197,C00802,BR048,Current,2025-06-14,393900291.93,Active
A004198,C05027,BR043,Savings,2021-04-30,7702461.68,Active
A004199,C08575,BR011,Savings,2026-07-06,26512050.76,Active
A004200,C07493,BR028,Savings,2026-01-21,46284554.26,Active
A004201,C03491,BR005,Savings,2026-01-18,6591830.42,Active
A004202,C03992,BR038,Savings,2022-11-26,50873687.12,Active
A004203,C08481,BR007,Credit,2021-09-25,5193162.93,Active
A004204,C05767,BR048,Savings,2026-01-06,10934666.05,Active
A004205,C02571,BR033,Current,2024-01-13,48557673.95,Active
A004206,C04198,BR037,Current,2026-04-17,20257828.33,Active
A004207,C00358,BR035,Credit,2026-08-27,24116141.55,Active
A004208,C04404,BR042,Savings,2022-03-09,95979117.18,Active
A004209,C08590,BR001,Savings,2024-11-04,67844309.52,Inactive
A004210,C04678,BR033,Savings,2023-09-02,283720919.71,Active
A004211,C02329,BR012,Savings,2026-06-25,7678238.9,Active
A004212,C06397,BR048,Savings,2022-01-03,182643730.41,Closed
A004213,C06590,BR010,Credit,2025-10-29,130915142.0,Active
A004214,C06157,BR035,Savings,2023-09-25,23341544.9,Active
A004215,C05775,BR017,Savings,2024-12-05,14061917.41,Active
A004216,C03986,BR006,Savings,2023-05-07,11579391.83,Active
A004217,C02789,BR018,Current,2026-08-23,24224290.81,Active
A004218,C08334,BR047,Savings,2022-03-29,4797239.34,Active
A004219,C04375,BR028,Savings,2026-05-24,15150518.65,Inactive
A004220,C09102,BR018,Current,2025-05-18,19735867.67,Active
A004221,C03078,BR016,Savings,2025-11-08,21088224.03,Active
A004222,C04804,BR038,Savings,2022-11-29,6350844.67,Active
A004223,C04661,BR022,Credit,2022-10-25,13937991.65,Active
A004224,C07635,BR012,Savings,2023-02-26,22632065.48,Closed
A004225,C00310,BR049,Savings,2024-01-05,90901468.16,Active
A004226,C08878,BR033,Savings,2026-03-05,23486213.83,Active
A004227,C02490,BR016,Savings,2025-05-27,37579770.08,Active
A004228,C08614,BR043,Savings,2025-08-01,4208262.78,Active
A004229,C07699,BR049,Savings,2025-08-19,16049133.26,Active
A004230,C07820,BR020,Savings,2023-01-07,5610094.76,Active
A004231,C03167,BR015,Credit,2025-01-19,7506672.86,Active
A004232,C06684,BR020,Current,2025-08-18,737861279.18,Active
A004233,C02085,BR050,Savings,2026-08-13,17449828.95,Inactive
A004234,C08065,BR020,Savings,2024-09-05,53749007.46,Active
A004235,C04685,BR024,Current,2023-03-15,8581639.66,Active
A004236,C04108,BR049,Current,2025-07-15,24650259.96,Active
A004237,C07548,BR033,Savings,2024-02-12,17772049.13,Active
A004238,C07115,BR024,Savings,2025-11-19,34186710.44,Active
A004239,C09483,BR050,Savings,2025-10-07,3157533.59,Active
A004240,C00517,BR012,Current,2026-04-07,298654658.48,Active
A004241,C06169,BR011,Savings,2025-10-07,33997642.26,Active
A004242,C03512,BR021,Savings,2025-10-30,22878724.18,Active
A004243,C02004,BR002,Current,2020-05-20,230329683.09,Active
A004244,C07227,BR009,Savings,2023-01-29,16879979.19,Active
A004245,C04797,BR031,Savings,2020-12-08,9278508.95,Active
A004246,C03027,BR011,Savings,2025-07-31,4793260.97,Active
A004247,C07167,BR023,Current,2026-07-13,4740021.98,Active
A004248,C06828,BR026,Savings,2021-11-10,20275354.41,Active
A004249,C03679,BR033,Current,2025-12-27,47886386.6,Active
A004250,C03149,BR047,Credit,2026-07-25,10931875.98,Active
A004251,C02427,BR045,Credit,2026-05-18,9616437.09,Active
A004252,C03929,BR009,Current,2022-03-08,130355247.72,Active
A004253,C08311,BR006,Current,2026-06-03,8665004.11,Inactive
A004254,C00417,BR038,Credit,2026-04-20,18683420.52,Active
A004255,C09245,BR049,Savings,2023-02-15,15510099.02,Active
A004256,C02264,BR046,Savings,2025-07-22,10810044.57,Active
A004257,C04848,BR029,Current,2026-08-26,14814696.19,Active
A004258,C02108,BR040,Current,2025-03-24,61471391.81,Closed
A004259,C06767,BR033,Current,2025-07-17,24329182.52,Active
A004260,C02112,BR013,Savings,2023-11-05,171876672.22,Active
A004261,C02306,BR029,Current,2025-11-28,7192902.04,Inactive
A004262,C04378,BR033,Savings,2026-08-08,36046116.02,Active
A004263,C02812,BR003,Savings,2025-10-04,583561319.23,Active
A004264,C06221,BR041,Savings,2024-11-09,4519373.26,Active
A004265,C01075,BR005,Current,2024-11-28,23101158.96,Active
A004266,C03307,BR032,Savings,2025-11-26,55853642.29,Active
A004267,C06915,BR038,Savings,2026-04-16,4355359.95,Active
A004268,C02388,BR040,Savings,2020-02-21,16641020.92,Active
A004269,C00630,BR040,Savings,2020-12-07,23087336.74,Active
A004270,C07148,BR045,Savings,2023-07-12,88956926.68,Active
A004271,C07163,BR026,Savings,2025-11-13,13745882.62,Active
A004272,C09408,BR004,Current,2026-07-03,11514210.06,Active
A004273,C02113,BR050,Credit,2024-09-05,107912488.67,Active
A004274,C02242,BR049,Savings,2022-09-03,5824042.98,Active
A004275,C07433,BR005,Savings,2026-05-01,30156116.96,Inactive
A004276,C04646,BR027,Savings,2024-10-28,15186222.13,Active
A004277,C00642,BR005,Savings,2023-03-25,43987261.48,Active
A004278,C09936,BR004,Savings,2023-03-18,14430311.52,Active
A004279,C04897,BR036,Credit,2025-05-20,4921946.54,Active
A004280,C04911,BR009,Savings,2021-06-23,9315296.89,Active
A004281,C04356,BR034,Savings,2026-03-20,14447230.57,Active
A004282,C06402,BR013,Current,2025-09-25,27011013.59,Active
A004283,C03608,BR020,Current,2024-08-27,22491922.21,Active
A004284,C07825,BR045,Current,2024-03-20,40747476.28,Active
A004285,C05806,BR027,Savings,2025-12-05,4695823.21,Active
A004286,C05746,BR028,Savings,2024-09-12,147466195.41,Active
A004287,C01621,BR003,Savings,2023-03-28,85525410.5,Active
A004288,C07610,BR028,Savings,2026-04-15,3082062.11,Active
A004289,C01513,BR042,Current,2026-08-11,108561061.86,Active
A004290,C02734,BR039,Current,2026-07-10,8221405.54,Active
A004291,C05266,BR028,Savings,2022-08-21,11335593.74,Active
A004292,C05400,BR023,Current,2021-09-18,24317468.1,Active
A004293,C09790,BR027,Current,2026-06-17,545546544.64,Active
A004294,C00879,BR046,Savings,2025-08-31,8701479.47,Active
A004295,C06253,BR023,Savings,2021-11-08,5062148.49,Active
A004296,C00721,BR008,Current,2026-02-12,24674318.85,Active
A004297,C05900,BR038,Current,2025-01-16,23334943.44,Active
A004298,C06101,BR004,Savings,2024-08-06,11942155.2,Active
A004299,C06611,BR031,Savings,2023-12-19,109004340.59,Active
A004300,C02669,BR031,Credit,2025-02-10,245002783.01,Active
A004301,C07485,BR019,Savings,2025-06-03,7740142.89,Active
A004302,C01673,BR036,Savings,2022-07-15,15047621.61,Active
A004303,C08141,BR040,Savings,2026-08-08,22720699.79,Active
A004304,C06452,BR024,Savings,2025-12-25,19210373.45,Closed
A004305,C05232,BR044,Savings,2026-05-16,22542002.46,Closed
A004306,C06319,BR010,Savings,2024-12-13,46975276.12,Active
A004307,C03072,BR038,Current,2025-05-26,242098198.31,Active
A004308,C07094,BR002,Savings,2026-07-24,11406068.25,Active
A004309,C06575,BR033,Savings,2022-10-22,13638786.47,Active
A004310,C05103,BR008,Savings,2025-06-16,5223279.56,Active
A004311,C06404,BR037,Savings,2026-02-10,69848459.1,Active
A004312,C01922,BR011,Savings,2026-06-19,22961993.45,Active
A004313,C00146,BR016,Savings,2025-01-28,136426234.72,Active
A004314,C07722,BR041,Savings,2019-10-26,52331725.37,Active
A004315,C09561,BR012,Savings,2022-10-08,22742561.34,Active
A004316,C07410,BR019,Savings,2023-05-02,436794883.66,Active
A004317,C06876,BR013,Savings,2022-05-08,10496208.66,Active
A004318,C08985,BR020,Savings,2026-01-02,8834441.37,Active
A004319,C03346,BR004,Credit,2025-06-09,760618536.6,Active
A004320,C07379,BR002,Credit,2024-07-30,32101619.56,Active
A004321,C06888,BR014,Savings,2020-09-22,37641898.21,Inactive
A004322,C09824,BR037,Credit,2023-10-25,26749797.7,Active
A004323,C00989,BR027,Current,2025-09-11,25238160.49,Closed
A004324,C00859,BR027,Current,2025-02-05,6153389.65,Active
A004325,C04545,BR041,Savings,2026-07-13,23113471.86,Active
A004326,C08235,BR007,Current,2026-02-08,6478007.86,Active
A004327,C06045,BR023,Savings,2025-09-22,2148168.95,Active
A004328,C07533,BR038,Savings,2026-06-20,13196719.42,Active
A004329,C04850,BR049,Savings,2026-07-02,95822443.14,Active
A004330,C03112,BR020,Savings,2021-06-21,73808733.98,Active
A004331,C05001,BR033,Current,2024-12-20,148670976.8,Active
A004332,C09193,BR021,Savings,2026-05-30,20310361.7,Active
A004333,C07355,BR004,Savings,2026-05-18,88679248.3,Active
A004334,C00581,BR012,Current,2025-08-23,493541129.15,Active
A004335,C08776,BR022,Savings,2022-11-14,10538076.15,Active
A004336,C06430,BR035,Savings,2024-02-08,736210736.24,Active
A004337,C01648,BR035,Savings,2025-07-25,20022402.23,Active
A004338,C02910,BR047,Savings,2019-06-26,99747982.24,Inactive
A004339,C03807,BR016,Current,2025-02-04,9104365.49,Closed
A004340,C02039,BR048,Current,2019-01-15,4291283.79,Active
A004341,C01317,BR011,Current,2021-02-26,56320375.12,Active
A004342,C01064,BR046,Savings,2020-08-06,18805648.67,Active
A004343,C09702,BR009,Savings,2023-04-22,58600134.91,Active
A004344,C00003,BR039,Current,2024-09-04,98124359.79,Active
A004345,C09374,BR018,Savings,2026-01-24,12455480.16,Active
A004346,C05650,BR023,Current,2024-12-06,21168490.71,Active
A004347,C05176,BR018,Credit,2026-02-20,40376573.24,Active
A004348,C05213,BR037,Savings,2025-08-15,91565049.48,Active
A004349,C02938,BR036,Savings,2023-06-23,8982577.65,Active
A004350,C09540,BR036,Current,2019-06-01,4381643.35,Active
A004351,C00780,BR014,Current,2025-05-22,13143494.25,Active
A004352,C00838,BR002,Current,2026-08-24,51269921.78,Active
A004353,C02770,BR022,Savings,2026-01-31,4670140.12,Active
A004354,C09037,BR045,Current,2021-03-26,16503360.08,Active
A004355,C07808,BR007,Savings,2025-02-07,28392125.96,Active
A004356,C00912,BR008,Savings,2022-07-14,94450392.47,Active
A004357,C04657,BR040,Savings,2021-01-09,235942178.47,Closed
A004358,C06078,BR028,Current,2025-10-03,9047149.33,Active
A004359,C02196,BR024,Savings,2021-03-18,137631441.37,Active
A004360,C07266,BR022,Credit,2023-12-23,37354869.17,Active
A004361,C04720,BR018,Savings,2025-04-10,7494120.18,Active
A004362,C07882,BR046,Savings,2025-06-25,260201416.27,Inactive
A004363,C06031,BR018,Credit,2025-10-27,3417467.91,Active
A004364,C09989,BR016,Credit,2023-05-18,30423875.4,Active
A004365,C00793,BR034,Savings,2026-03-22,37888848.19,Active
A004366,C08542,BR007,Savings,2026-05-20,29508260.82,Active
A004367,C00817,BR007,Savings,2022-06-06,26005262.92,Active
A004368,C05401,BR038,Current,2025-05-02,24380192.84,Active
A004369,C04914,BR005,Current,2022-03-30,3935011.85,Active
A004370,C03414,BR027,Current,2023-04-20,83317186.31,Active
A004371,C06636,BR032,Savings,2025-04-13,17674311.63,Active
A004372,C00358,BR035,Credit,2026-08-06,19224716.63,Active
A004373,C03428,BR031,Current,2020-12-18,116311531.48,Inactive
A004374,C06230,BR033,Savings,2025-10-02,79551380.79,Active
A004375,C05449,BR011,Current,2023-03-21,3120853.71,Inactive
A004376,C05793,BR002,Current,2026-06-29,23015019.12,Active
A004377,C00307,BR026,Credit,2020-09-18,16218242.91,Active
A004378,C08037,BR021,Credit,2025-08-27,7285997.59,Active
A004379,C03521,BR027,Current,2025-08-07,4273923.53,Active
A004380,C06018,BR042,Current,2022-12-19,51422095.31,Active
A004381,C06541,BR029,Current,2025-09-11,40168802.28,Active
A004382,C03105,BR007,Savings,2025-05-01,26385539.85,Active
A004383,C06667,BR035,Savings,2026-02-18,203749892.7,Inactive
A004384,C09556,BR045,Savings,2022-07-30,2002614.87,Active
A004385,C05414,BR039,Current,2022-10-18,27654640.43,Active
A004386,C02734,BR045,Current,2026-01-28,20113668.73,Inactive
A004387,C02719,BR028,Savings,2021-05-27,11115275.73,Active
A004388,C05911,BR011,Current,2024-08-11,36888330.21,Active
A004389,C06417,BR006,Savings,2025-10-17,29560772.48,Active
A004390,C07283,BR031,Credit,2024-03-25,402948815.45,Active
A004391,C00346,BR004,Savings,2024-07-17,15426656.2,Active
A004392,C05959,BR050,Savings,2026-07-29,15624252.82,Active
A004393,C05721,BR008,Savings,2025-07-22,128764421.59,Active
A004394,C06401,BR016,Savings,2026-07-20,43894682.8,Active
A004395,C08140,BR011,Savings,2025-01-15,107793226.22,Inactive
A004396,C03759,BR040,Current,2025-06-23,41997620.99,Active
A004397,C02629,BR018,Savings,2021-02-09,43697650.59,Inactive
A004398,C09466,BR022,Credit,2019-12-29,116107517.26,Active
A004399,C05082,BR015,Credit,2025-08-11,8649206.58,Active
A004400,C03747,BR047,Current,2023-12-23,15999010.24,Active
A004401,C07280,BR022,Savings,2024-06-09,7576270.78,Active
A004402,C09585,BR010,Current,2026-04-07,49965884.94,Active
A004403,C03382,BR042,Current,2025-02-12,249146187.8,Active
A004404,C06222,BR024,Current,2020-11-13,26180874.08,Inactive
A004405,C01859,BR002,Current,2022-08-03,237860943.53,Active
A004406,C05945,BR010,Savings,2026-04-16,88968626.73,Active
A004407,C00702,BR044,Current,2026-04-16,27628842.77,Active
A004408,C05067,BR049,Current,2026-06-25,39958036.61,Active
A004409,C05389,BR004,Current,2019-07-14,14931234.96,Active
A004410,C07998,BR005,Current,2023-08-15,84082573.58,Active
A004411,C02399,BR019,Credit,2024-03-15,153789726.29,Active
A004412,C08153,BR036,Current,2025-10-18,587062640.43,Active
A004413,C07170,BR049,Credit,2025-08-27,8196290.1,Active
A004414,C04076,BR030,Current,2025-09-28,60853519.55,Active
A004415,C09675,BR020,Savings,2026-06-03,13034865.79,Active
A004416,C04993,BR041,Current,2023-05-20,18433814.25,Active
A004417,C08356,BR049,Savings,2023-10-22,6788542.96,Active
A004418,C08246,BR024,Credit,2025-10-29,7453029.81,Active
A004419,C04611,BR041,Current,2024-03-09,9517539.43,Active
A004420,C00542,BR038,Current,2026-08-18,28916163.12,Inactive
A004421,C08213,BR013,Savings,2026-03-02,34404722.39,Active
A004422,C05790,BR002,Savings,2022-03-27,22534394.29,Active
A004423,C04209,BR007,Savings,2023-03-05,124559251.45,Active
A004424,C04987,BR036,Savings,2023-01-01,25354255.0,Active
A004425,C01092,BR034,Savings,2024-12-28,47487625.51,Active
A004426,C06345,BR009,Savings,2025-08-04,80573113.31,Active
A004427,C00783,BR031,Current,2026-06-30,83159976.26,Active
A004428,C06291,BR011,Savings,2026-05-13,22541584.01,Active
A004429,C01011,BR002,Savings,2024-12-15,18482991.51,Active
A004430,C02350,BR027,Current,2026-02-14,12983760.35,Active
A004431,C08914,BR041,Savings,2026-03-18,23249090.71,Active
A004432,C05571,BR022,Current,2019-11-14,6133980.23,Active
A004433,C06141,BR015,Current,2025-08-02,32376180.07,Active
A004434,C04390,BR022,Current,2025-12-27,22496234.44,Active
A004435,C01081,BR024,Savings,2026-02-27,20342452.48,Active
A004436,C02893,BR048,Current,2025-01-05,26218138.26,Active
A004437,C06464,BR019,Savings,2026-02-02,11253623.11,Active
A004438,C03468,BR002,Credit,2022-02-21,395230146.85,Active
A004439,C05186,BR047,Current,2026-03-18,15121105.13,Active
A004440,C06102,BR014,Credit,2025-11-20,14850166.03,Active
A004441,C09882,BR030,Current,2021-05-22,8762010.08,Active
A004442,C01399,BR034,Savings,2026-04-25,5551257.67,Active
A004443,C01361,BR002,Current,2024-06-09,11456571.8,Active
A004444,C08008,BR048,Current,2026-05-02,10962626.26,Active
A004445,C00100,BR009,Current,2025-11-05,8320026.26,Active
A004446,C05228,BR047,Current,2023-03-08,29656852.94,Active
A004447,C08760,BR047,Current,2025-10-01,35215347.71,Active
A004448,C03195,BR029,Savings,2025-04-13,13076841.93,Active
A004449,C09646,BR022,Savings,2026-04-13,38134598.62,Active
A004450,C06297,BR038,Current,2023-08-02,31042389.8,Active
A004451,C02489,BR023,Savings,2025-01-26,39689446.03,Inactive
A004452,C00761,BR048,Current,2024-04-30,52904067.72,Active
A004453,C00262,BR029,Savings,2022-03-29,138521884.32,Active
A004454,C06925,BR041,Savings,2023-08-17,6408811.78,Active
A004455,C03251,BR043,Savings,2024-07-16,12029368.52,Active
A004456,C03090,BR040,Savings,2022-07-21,12970085.01,Closed
A004457,C06040,BR038,Savings,2023-11-03,9462891.87,Active
A004458,C08149,BR033,Credit,2024-04-07,11230115.02,Active
A004459,C08297,BR009,Current,2025-11-27,10108225.1,Closed
A004460,C02297,BR032,Savings,2019-01-18,40219460.35,Active
A004461,C02519,BR037,Savings,2024-04-30,29760470.09,Active
A004462,C07827,BR050,Current,2026-07-07,12962884.02,Closed
A004463,C06274,BR028,Savings,2026-08-21,17622904.29,Active
A004464,C03316,BR037,Current,2026-08-14,17099884.31,Active
A004465,C02585,BR045,Current,2025-06-26,15671305.13,Active
A004466,C09953,BR019,Savings,2025-03-13,16156037.81,Inactive
A004467,C02346,BR037,Current,2021-12-11,11748392.53,Active
A004468,C03910,BR024,Savings,2026-08-17,215919238.65,Active
A004469,C08888,BR048,Current,2026-08-31,136257703.01,Active
A004470,C04671,BR031,Credit,2022-11-25,15222214.29,Active
A004471,C02400,BR045,Current,2026-03-20,10489834.57,Active
A004472,C09643,BR003,Current,2024-08-26,318262489.29,Active
A004473,C01699,BR040,Savings,2025-09-23,20950183.69,Active
A004474,C03160,BR007,Current,2026-05-31,49799367.1,Active
A004475,C02766,BR042,Credit,2023-10-13,5000871.34,Active
A004476,C08127,BR038,Savings,2025-08-23,593331320.03,Active
A004477,C06148,BR006,Current,2022-09-15,36944955.31,Active
A004478,C08873,BR001,Current,2026-07-05,28256505.26,Active
A004479,C04101,BR006,Savings,2023-08-09,12976363.36,Active
A004480,C00652,BR026,Savings,2026-03-28,37972569.87,Active
A004481,C03942,BR036,Savings,2025-05-14,21167646.14,Active
A004482,C09872,BR039,Savings,2019-05-20,262762979.87,Active
A004483,C06074,BR002,Savings,2026-07-26,73034306.87,Active
A004484,C09936,BR045,Savings,2022-05-18,10796322.37,Active
A004485,C02522,BR030,Savings,2025-01-14,26687117.21,Inactive
A004486,C03483,BR038,Credit,2025-11-10,18016293.98,Active
A004487,C02980,BR013,Current,2024-11-21,18043610.12,Active
A004488,C08745,BR005,Credit,2022-03-24,397991486.58,Active
A004489,C01820,BR019,Current,2023-08-12,119434756.43,Active
A004490,C06649,BR013,Credit,2024-04-16,12163902.05,Active
A004491,C00961,BR011,Savings,2023-04-23,1364513159.8,Inactive
A004492,C06495,BR001,Credit,2025-01-11,33705812.79,Active
A004493,C04604,BR049,Savings,2018-06-04,23900125.76,Closed
A004494,C09153,BR038,Credit,2026-03-03,22554852.62,Active
A004495,C04105,BR038,Credit,2026-06-12,2841635.33,Active
A004496,C07633,BR027,Current,2026-07-24,25702443.19,Active
A004497,C09552,BR006,Credit,2026-07-26,117681759.08,Active
A004498,C00407,BR042,Savings,2025-05-15,39419924.82,Active
A004499,C02383,BR049,Savings,2021-02-02,38182598.85,Active
A004500,C06224,BR008,Current,2026-01-13,27232724.72,Active
A004501,C08887,BR045,Savings,2026-04-24,15697625.37,Inactive
A004502,C05483,BR033,Savings,2024-07-06,17138362.99,Active
A004503,C02577,BR042,Savings,2026-08-31,24743145.9,Closed
A004504,C01048,BR014,Current,2025-05-26,8190908.34,Active
A004505,C04056,BR016,Savings,2026-03-02,118848492.47,Active
A004506,C01096,BR007,Savings,2024-05-26,43534531.23,Active
A004507,C05663,BR021,Savings,2023-11-21,9802970.36,Active
A004508,C05765,BR008,Current,2019-02-13,37281976.06,Active
A004509,C05045,BR016,Current,2023-11-13,13981385.97,Active
A004510,C04010,BR047,Savings,2026-01-27,17354588.81,Active
A004511,C02439,BR040,Credit,2024-07-28,35182275.15,Active
A004512,C02662,BR048,Current,2026-04-02,5888925.02,Active
A004513,C09496,BR015,Savings,2020-03-09,97696671.99,Active
A004514,C01804,BR048,Savings,2026-07-13,4414251.05,Active
A004515,C06110,BR050,Savings,2026-02-10,108578883.98,Active
A004516,C06484,BR027,Current,2026-04-30,13763867.0,Active
A004517,C09919,BR033,Current,2026-08-20,70625693.64,Active
A004518,C01822,BR022,Savings,2021-06-09,4354667.1,Active
A004519,C02284,BR043,Current,2026-06-22,44904450.33,Closed
A004520,C07445,BR027,Current,2025-02-01,89556354.5,Active
A004521,C01571,BR021,Savings,2024-02-08,31594385.87,Active
A004522,C06878,BR037,Savings,2021-09-02,3921109.13,Active
A004523,C00044,BR047,Savings,2024-07-09,18326210.22,Active
A004524,C00319,BR019,Savings,2025-02-13,5865520.07,Active
A004525,C01081,BR014,Savings,2023-10-17,5100736.78,Active
A004526,C02560,BR007,Savings,2024-06-04,17641679.97,Active
A004527,C00472,BR015,Current,2025-10-13,21530499.47,Active
A004528,C03068,BR029,Savings,2025-07-07,15485895.54,Active
A004529,C01893,BR002,Savings,2024-10-17,13174391.16,Inactive
A004530,C09336,BR040,Current,2025-04-20,64791725.81,Active
A004531,C03798,BR041,Savings,2026-05-24,88598242.5,Active
A004532,C00203,BR040,Savings,2026-03-09,666797454.66,Active
A004533,C09357,BR037,Current,2025-10-31,16816960.01,Active
A004534,C07152,BR047,Current,2026-07-20,6232323.21,Active
A004535,C00750,BR007,Savings,2026-08-11,117559902.48,Active
A004536,C08518,BR014,Savings,2026-07-10,8876544.53,Active
A004537,C05514,BR028,Savings,2025-07-20,13946956.2,Active
A004538,C08847,BR024,Current,2025-03-24,19151333.48,Active
A004539,C00864,BR019,Savings,2024-12-09,3173756.01,Inactive
A004540,C02307,BR002,Savings,2024-12-09,25929340.05,Active
A004541,C07974,BR024,Savings,2022-01-26,724513570.53,Active
A004542,C08933,BR033,Credit,2026-02-28,50269781.04,Active
A004543,C03575,BR007,Savings,2024-11-04,9161341.41,Inactive
A004544,C05939,BR028,Savings,2025-07-04,17136332.53,Closed
A004545,C06139,BR029,Current,2026-06-15,11017799.74,Inactive
A004546,C00974,BR027,Savings,2024-11-09,20949628.35,Active
A004547,C05954,BR008,Current,2026-02-03,77187797.62,Active
A004548,C08743,BR046,Savings,2020-12-12,17583000.62,Active
A004549,C08973,BR011,Savings,2026-04-22,8555407.07,Active
A004550,C03629,BR011,Savings,2026-04-04,408629555.4,Active
A004551,C05260,BR049,Current,2026-07-02,36311027.05,Active
A004552,C07167,BR040,Current,2026-08-14,9524349.53,Active
A004553,C01165,BR007,Credit,2022-10-06,31196466.69,Active
A004554,C03190,BR012,Savings,2022-09-19,14393863.16,Active
A004555,C02190,BR002,Savings,2020-04-02,26994564.36,Active
A004556,C08427,BR049,Savings,2021-10-14,87546191.55,Active
A004557,C07516,BR018,Credit,2024-02-08,14604379.73,Active
A004558,C04296,BR003,Savings,2021-07-23,102190366.51,Active
A004559,C00304,BR005,Current,2026-05-17,187081608.04,Active
A004560,C04414,BR011,Current,2022-03-12,18118400.72,Active
A004561,C04552,BR027,Savings,2025-05-24,111832052.69,Active
A004562,C07949,BR049,Savings,2023-05-08,11170342.45,Active
A004563,C00560,BR047,Savings,2026-04-08,52707585.38,Active
A004564,C00077,BR002,Credit,2024-02-14,25036127.7,Active
A004565,C07264,BR018,Current,2025-05-10,15962096.92,Active
A004566,C01127,BR046,Savings,2026-04-18,13598061.74,Active
A004567,C03752,BR037,Current,2024-07-01,32798304.32,Inactive
A004568,C02270,BR023,Current,2025-10-06,9235797.25,Active
A004569,C04719,BR007,Savings,2020-12-13,3602940.03,Active
A004570,C07430,BR044,Current,2025-02-10,15894448.23,Active
A004571,C06046,BR016,Current,2022-08-09,38863435.98,Inactive
A004572,C01245,BR012,Current,2022-12-25,53575788.02,Active
A004573,C01213,BR048,Current,2026-02-09,13766182.57,Active
A004574,C09187,BR013,Savings,2026-03-03,82478528.55,Active
A004575,C03200,BR038,Savings,2026-08-21,22729747.91,Active
A004576,C05156,BR047,Current,2025-11-06,12140787.67,Active
A004577,C04634,BR011,Savings,2026-02-01,22673003.87,Active
A004578,C09219,BR003,Savings,2022-05-10,14009403.75,Inactive
A004579,C00035,BR006,Current,2026-06-10,33688104.97,Active
A004580,C05636,BR014,Current,2025-10-27,26747328.83,Active
A004581,C02927,BR011,Savings,2021-07-08,28680930.72,Active
A004582,C08187,BR034,Savings,2025-08-02,12727895.56,Active
A004583,C01757,BR018,Savings,2024-12-22,70020780.17,Active
A004584,C07442,BR041,Savings,2024-12-03,22091209.19,Active
A004585,C06238,BR029,Current,2026-03-20,18281423.66,Closed
A004586,C01072,BR030,Current,2023-09-02,8160421.46,Active
A004587,C07690,BR008,Savings,2026-07-09,323848462.6,Active
A004588,C08437,BR028,Savings,2023-05-01,16437314.25,Active
A004589,C08172,BR015,Savings,2024-12-12,46092605.1,Closed
A004590,C09130,BR040,Savings,2024-10-29,11872163.81,Active
A004591,C09707,BR012,Savings,2026-08-27,13136704.55,Active
A004592,C03111,BR006,Savings,2023-09-24,15686284.47,Active
A004593,C09758,BR027,Savings,2025-11-07,3661542.87,Active
A004594,C09178,BR008,Savings,2026-05-12,314101669.56,Active
A004595,C00153,BR038,Savings,2024-11-11,11091435.73,Active
A004596,C08461,BR018,Savings,2025-07-01,14751472.1,Closed
A004597,C01992,BR049,Credit,2026-02-25,801235096.24,Active
A004598,C05876,BR050,Credit,2023-10-03,336535445.44,Active
A004599,C04596,BR021,Credit,2021-01-14,25809740.54,Active
A004600,C05353,BR048,Savings,2022-12-18,130372458.17,Active
A004601,C06365,BR013,Current,2024-11-15,11378488.96,Active
A004602,C03002,BR033,Current,2026-08-07,24162959.18,Active
A004603,C03953,BR038,Current,2025-04-02,22080229.12,Active
A004604,C05595,BR038,Savings,2026-05-06,33046339.03,Active
A004605,C09981,BR022,Savings,2020-10-16,13876120.4,Active
A004606,C00189,BR041,Credit,2025-07-27,11214975.75,Inactive
A004607,C04613,BR040,Savings,2025-09-28,60946071.8,Active
A004608,C05271,BR033,Credit,2025-06-24,15720831.56,Active
A004609,C07595,BR032,Current,2021-05-09,6650624.1,Active
A004610,C06624,BR036,Savings,2026-08-11,48820832.96,Inactive
A004611,C03735,BR033,Current,2024-05-05,28071639.34,Active
A004612,C03355,BR030,Savings,2024-10-04,915773.72,Active
A004613,C07619,BR001,Credit,2026-07-26,137084478.24,Active
A004614,C00861,BR036,Current,2026-01-12,31081443.77,Active
A004615,C04543,BR004,Savings,2026-05-06,20889790.66,Active
A004616,C00940,BR036,Current,2026-07-26,123466305.3,Active
A004617,C02216,BR023,Savings,2024-12-02,333898572.03,Active
A004618,C07598,BR038,Current,2024-10-31,65845338.31,Active
A004619,C09887,BR037,Savings,2023-04-18,9759283.56,Active
A004620,C09232,BR038,Savings,2023-01-25,46418855.52,Active
A004621,C03547,BR046,Savings,2026-08-03,6492952.48,Active
A004622,C06201,BR036,Savings,2026-04-08,19315999.91,Active
A004623,C04899,BR039,Savings,2019-10-09,184538760.1,Active
A004624,C00209,BR001,Savings,2026-04-04,20352493.22,Active
A004625,C06142,BR024,Savings,2022-01-29,944662624.35,Active
A004626,C02211,BR027,Savings,2025-09-02,549442942.1,Active
A004627,C07229,BR025,Savings,2025-10-24,108047549.57,Inactive
A004628,C04643,BR026,Savings,2026-05-14,20116051.86,Active
A004629,C04685,BR010,Current,2022-04-20,24503226.79,Active
A004630,C03337,BR022,Savings,2023-10-22,61077849.17,Active
A004631,C05273,BR025,Savings,2025-09-29,5293878.32,Active
A004632,C05381,BR008,Current,2024-12-06,32178062.46,Active
A004633,C07090,BR027,Savings,2025-04-06,37994599.89,Active
A004634,C04459,BR047,Current,2025-12-14,18350067.44,Active
A004635,C03626,BR014,Savings,2026-03-23,9673108.4,Active
A004636,C06724,BR018,Savings,2026-01-22,4314047.28,Active
A004637,C04764,BR011,Savings,2024-03-23,84952442.9,Closed
A004638,C06820,BR019,Credit,2024-09-19,5098212.18,Active
A004639,C06917,BR023,Current,2026-04-27,4557891.83,Active
A004640,C09657,BR020,Current,2023-11-23,14753273.33,Active
A004641,C02616,BR038,Current,2026-01-07,189979762.54,Active
A004642,C08469,BR029,Savings,2025-06-20,461360991.97,Active
A004643,C03408,BR047,Savings,2023-02-02,13205239.98,Active
A004644,C03389,BR032,Current,2022-08-29,52320195.22,Active
A004645,C00069,BR036,Savings,2024-06-02,24254109.77,Active
A004646,C07125,BR016,Credit,2023-03-31,44035888.39,Active
A004647,C06832,BR022,Savings,2026-06-23,7807938.79,Active
A004648,C02081,BR050,Current,2022-04-16,33930396.45,Active
A004649,C05312,BR008,Current,2026-07-08,11528413.93,Active
A004650,C04825,BR040,Savings,2021-01-01,5990941.68,Active
A004651,C01401,BR035,Current,2024-04-16,71336399.68,Active
A004652,C01557,BR043,Savings,2026-02-03,18181037.8,Active
A004653,C05654,BR030,Savings,2024-07-30,7745517.1,Active
A004654,C05302,BR015,Current,2025-03-01,21081104.22,Active
A004655,C09719,BR039,Current,2019-12-31,5047857.54,Active
A004656,C02116,BR028,Credit,2025-10-12,6161426.23,Closed
A004657,C08821,BR005,Savings,2026-01-04,13701103.31,Active
A004658,C05386,BR038,Savings,2026-01-14,25989252.17,Active
A004659,C07069,BR014,Credit,2019-01-14,30023182.53,Active
A004660,C01066,BR041,Savings,2026-07-06,247324210.78,Active
A004661,C07852,BR018,Current,2025-07-23,258957007.74,Active
A004662,C02295,BR038,Savings,2026-04-06,13545428.99,Active
A004663,C06595,BR021,Savings,2026-08-15,6566032.56,Active
A004664,C06628,BR004,Current,2021-09-26,128370432.58,Active
A004665,C04542,BR017,Current,2025-07-26,18009652.61,Active
A004666,C06092,BR022,Current,2025-09-13,8063542.71,Active
A004667,C04159,BR024,Current,2024-04-05,40203480.08,Active
A004668,C05715,BR014,Current,2022-10-28,4655929.72,Active
A004669,C04462,BR036,Current,2020-11-30,22134395.71,Active
A004670,C05036,BR043,Current,2024-11-22,6709059.72,Inactive
A004671,C04048,BR027,Savings,2025-10-04,45047284.64,Active
A004672,C02015,BR025,Savings,2023-09-22,23088619.95,Active
A004673,C06648,BR021,Current,2025-11-25,8735069.08,Active
A004674,C09321,BR033,Current,2025-02-23,9928634.41,Active
A004675,C03218,BR043,Savings,2026-06-11,7832827.14,Active
A004676,C02517,BR013,Current,2026-05-18,62556743.1,Active
A004677,C02708,BR002,Savings,2023-09-12,51924265.12,Active
A004678,C09700,BR021,Savings,2025-07-13,364736410.04,Active
A004679,C09766,BR044,Savings,2026-08-05,69455559.37,Inactive
A004680,C09332,BR036,Savings,2020-03-11,17906859.48,Active
A004681,C01624,BR033,Current,2025-04-18,9172965.67,Active
A004682,C02473,BR046,Current,2025-03-22,69508883.91,Active
A004683,C08153,BR030,Credit,2026-08-15,479668270.42,Active
A004684,C05616,BR009,Savings,2025-01-27,7520589.24,Active
A004685,C00241,BR002,Current,2023-11-12,35855869.82,Active
A004686,C06671,BR015,Savings,2026-05-30,38723033.98,Closed
A004687,C09572,BR024,Savings,2025-11-26,122311549.37,Active
A004688,C06659,BR010,Savings,2023-09-08,84010358.2,Active
A004689,C06449,BR038,Current,2024-01-14,1371039.27,Active
A004690,C02988,BR029,Credit,2022-02-20,21062266.19,Active
A004691,C01000,BR020,Current,2025-12-19,60830745.94,Active
A004692,C04212,BR038,Savings,2025-10-08,12317618.94,Active
A004693,C05717,BR013,Savings,2025-11-02,3287568.84,Active
A004694,C01764,BR005,Savings,2024-01-16,22262886.06,Active
A004695,C06501,BR038,Savings,2026-04-12,4707633.61,Active
A004696,C08497,BR038,Current,2026-08-03,86914407.88,Active
A004697,C05547,BR043,Savings,2023-10-25,30931534.16,Active
A004698,C01205,BR042,Credit,2026-01-09,10304571.75,Active
A004699,C02159,BR037,Current,2025-05-16,39681757.82,Closed
A004700,C02791,BR024,Savings,2025-09-07,8252019.01,Active
A004701,C03759,BR040,Current,2025-11-17,121793841.11,Closed
A004702,C05729,BR006,Savings,2026-07-07,32094241.09,Active
A004703,C06681,BR036,Current,2026-01-28,34224937.63,Active
A004704,C02163,BR036,Current,2019-09-05,30230232.72,Inactive
A004705,C07289,BR001,Savings,2025-01-09,21818026.67,Active
A004706,C05582,BR027,Current,2025-08-10,255521318.67,Active
A004707,C09006,BR037,Savings,2026-06-06,4886370.03,Active
A004708,C09240,BR036,Savings,2021-04-05,10974099.98,Active
A004709,C04445,BR041,Savings,2025-11-27,36462923.2,Active
A004710,C06310,BR038,Current,2026-01-29,87619181.84,Active
A004711,C01779,BR030,Credit,2025-09-07,101038699.91,Active
A004712,C08333,BR048,Savings,2025-12-02,6099873.84,Active
A004713,C06858,BR023,Savings,2023-03-25,40877153.87,Active
A004714,C06154,BR026,Current,2022-11-10,517114001.59,Active
A004715,C04129,BR030,Credit,2021-07-24,5589277.92,Active
A004716,C02038,BR041,Credit,2023-12-14,23241618.85,Active
A004717,C02324,BR047,Savings,2019-05-29,9097653.23,Closed
A004718,C08124,BR023,Savings,2024-01-03,21890998.81,Active
A004719,C08119,BR038,Savings,2024-07-16,13241854.51,Active
A004720,C09242,BR034,Savings,2021-07-20,106628464.6,Closed
A004721,C07938,BR048,Current,2025-11-14,4180727.78,Active
A004722,C06405,BR024,Credit,2023-10-22,70232324.67,Active
A004723,C06062,BR044,Savings,2021-07-13,42845107.51,Active
A004724,C06933,BR038,Current,2026-05-28,135150386.9,Active
A004725,C03901,BR046,Savings,2019-12-05,13317215.93,Active
A004726,C03608,BR025,Credit,2023-11-12,13342724.63,Active
A004727,C04600,BR032,Savings,2024-05-31,5949590.39,Active
A004728,C00023,BR003,Current,2026-02-24,12108716.74,Inactive
A004729,C04242,BR030,Savings,2022-11-07,18225154.81,Active
A004730,C04609,BR030,Savings,2022-03-21,36311737.49,Active
A004731,C03627,BR039,Credit,2023-10-17,9133141.33,Closed
A004732,C01750,BR038,Current,2024-06-27,70045290.85,Active
A004733,C01383,BR019,Current,2022-02-10,7019411.74,Active
A004734,C05161,BR044,Savings,2024-12-29,17962932.78,Active
A004735,C00086,BR038,Savings,2024-02-10,28080454.4,Inactive
A004736,C05016,BR007,Current,2026-02-18,24822949.59,Active
A004737,C05753,BR038,Savings,2025-08-04,5882021.77,Active
A004738,C00013,BR027,Savings,2026-05-20,88661955.15,Active
A004739,C01198,BR006,Current,2026-08-24,8725067.27,Active
A004740,C05949,BR033,Current,2026-07-01,162351160.33,Active
A004741,C02207,BR007,Current,2022-12-28,71457847.38,Active
A004742,C01221,BR043,Savings,2022-12-28,27615226.29,Active
A004743,C07405,BR038,Current,2025-07-29,68591233.89,Active
A004744,C07394,BR008,Savings,2024-03-20,110272815.16,Active
A004745,C06993,BR027,Savings,2025-07-25,18233399.54,Inactive
A004746,C01739,BR028,Savings,2025-02-14,9960361.74,Active
A004747,C09781,BR035,Credit,2025-09-05,53108408.18,Active
A004748,C00576,BR024,Savings,2026-07-25,6807647.98,Active
A004749,C00691,BR050,Current,2025-11-29,10938082.47,Inactive
A004750,C08217,BR049,Savings,2025-06-10,43949944.36,Active
A004751,C09483,BR003,Savings,2024-03-29,32593699.08,Active
A004752,C02717,BR048,Current,2021-04-06,42573434.74,Inactive
A004753,C01221,BR043,Savings,2023-04-27,87149563.06,Active
A004754,C08817,BR005,Savings,2026-08-28,15666008.85,Closed
A004755,C07399,BR006,Savings,2021-03-31,31963165.43,Active
A004756,C08929,BR050,Savings,2024-04-10,35857216.08,Active
A004757,C02280,BR038,Current,2025-11-11,26175560.12,Active
A004758,C09221,BR012,Savings,2026-08-18,19893496.63,Active
A004759,C02765,BR012,Savings,2026-07-20,6482675.33,Active
A004760,C08631,BR033,Savings,2026-06-12,6378635.04,Active
A004761,C06517,BR048,Credit,2026-03-01,7625497.34,Active
A004762,C03490,BR033,Current,2021-04-06,27373817.77,Active
A004763,C04618,BR007,Savings,2023-04-06,15906282.29,Active
A004764,C01137,BR004,Savings,2024-12-06,701246136.29,Active
A004765,C04594,BR045,Savings,2026-07-24,161416591.62,Active
A004766,C03283,BR048,Savings,2023-03-18,8392082.32,Active
A004767,C08793,BR035,Current,2020-03-07,15389872.5,Active
A004768,C08771,BR033,Current,2026-08-26,346380614.21,Active
A004769,C06756,BR018,Savings,2022-10-03,11540009.1,Active
A004770,C04151,BR032,Savings,2022-06-02,9778400.45,Active
A004771,C00498,BR008,Savings,2025-10-27,38700580.65,Active
A004772,C07802,BR027,Savings,2024-03-17,15636807.38,Active
A004773,C08232,BR028,Savings,2025-02-09,15158569.75,Active
A004774,C06957,BR042,Savings,2025-10-26,45607959.98,Active
A004775,C09511,BR022,Current,2025-11-14,25744477.69,Active
A004776,C05589,BR042,Savings,2025-04-01,39585044.55,Active
A004777,C07146,BR029,Current,2025-04-04,21584481.86,Active
A004778,C01971,BR038,Savings,2024-10-03,22061492.97,Active
A004779,C08624,BR032,Savings,2026-07-27,10783726.17,Active
A004780,C06571,BR017,Current,2025-09-12,19339929.91,Active
A004781,C06450,BR039,Credit,2026-03-09,17402012.29,Active
A004782,C09685,BR047,Current,2020-11-20,14535031.5,Active
A004783,C06411,BR038,Current,2023-10-31,15156134.77,Active
A004784,C00123,BR018,Current,2026-08-06,83535685.42,Active
A004785,C08179,BR044,Savings,2025-11-18,16642830.77,Active
A004786,C09519,BR008,Savings,2021-04-25,83445694.63,Active
A004787,C05679,BR039,Savings,2023-01-03,6202539.77,Active
A004788,C03793,BR034,Credit,2019-07-15,13280296.1,Active
A004789,C08577,BR047,Current,2026-05-15,96302151.05,Active
A004790,C03543,BR047,Credit,2023-02-01,16214099.19,Active
A004791,C07923,BR030,Current,2026-03-21,32170516.89,Active
A004792,C09414,BR039,Savings,2025-03-17,123480993.73,Active
A004793,C09934,BR038,Current,2025-09-05,7476184.54,Active
A004794,C07646,BR010,Current,2026-07-23,13128015.24,Active
A004795,C03645,BR038,Current,2023-12-30,64334174.63,Active
A004796,C01485,BR048,Current,2024-06-06,14947908.82,Active
A004797,C06079,BR048,Savings,2023-01-04,14964265.83,Active
A004798,C02947,BR027,Credit,2023-11-25,24465587.45,Active
A004799,C03349,BR020,Current,2025-04-11,17286276.0,Active
A004800,C08241,BR024,Savings,2025-08-15,40144530.53,Active
A004801,C08182,BR048,Savings,2023-02-13,94701404.49,Active
A004802,C09308,BR001,Current,2023-09-24,44728606.82,Active
A004803,C01378,BR005,Savings,2021-11-13,240834182.76,Active
A004804,C01711,BR002,Savings,2022-07-03,24314708.56,Active
A004805,C09462,BR049,Credit,2026-05-17,4123554.73,Active
A004806,C05264,BR002,Current,2021-04-08,5110748.49,Active
A004807,C06674,BR008,Savings,2024-12-25,15128917.32,Active
A004808,C06804,BR042,Current,2026-06-30,748948969.21,Active
A004809,C02864,BR021,Current,2026-06-23,42677785.83,Active
A004810,C01234,BR047,Savings,2025-08-31,68720847.6,Active
A004811,C03113,BR028,Savings,2024-11-07,168108014.38,Active
A004812,C09136,BR028,Credit,2026-08-25,84151115.07,Active
A004813,C07871,BR040,Current,2020-07-22,27386115.38,Active
A004814,C03822,BR004,Current,2021-09-01,14903394.0,Active
A004815,C01508,BR007,Credit,2018-10-12,9142407.02,Active
A004816,C05408,BR022,Savings,2021-04-06,31269241.21,Active
A004817,C06228,BR046,Current,2022-10-28,14695039.57,Active
A004818,C00022,BR009,Current,2024-03-22,32703675.1,Inactive
A004819,C02253,BR045,Current,2023-10-13,28000609.2,Active
A004820,C05849,BR023,Current,2025-09-21,14750341.5,Closed
A004821,C03216,BR035,Credit,2021-10-17,2163822.26,Active
A004822,C06022,BR023,Savings,2024-06-23,55662737.19,Active
A004823,C06410,BR037,Savings,2026-05-15,94042599.21,Active
A004824,C06764,BR049,Savings,2020-07-14,6439410.49,Active
A004825,C06915,BR038,Savings,2022-11-11,33222917.59,Active
A004826,C01664,BR038,Current,2026-01-17,38894600.68,Active
A004827,C06577,BR046,Savings,2026-01-15,39265095.45,Active
A004828,C05960,BR013,Current,2026-04-07,11817894.45,Active
A004829,C04392,BR050,Current,2026-07-18,33241687.05,Active
A004830,C03269,BR043,Savings,2025-11-08,14984317.79,Active
A004831,C09839,BR022,Current,2022-08-22,4915863.08,Active
A004832,C08959,BR012,Savings,2023-06-26,13375080.97,Active
A004833,C01427,BR040,Credit,2026-08-26,7581473.27,Active
A004834,C00509,BR011,Savings,2023-09-11,36401446.7,Active
A004835,C06128,BR027,Savings,2021-06-02,24356429.91,Active
A004836,C01380,BR007,Current,2025-02-19,11670270.73,Active
A004837,C02277,BR046,Savings,2024-09-05,392152801.86,Active
A004838,C09902,BR020,Current,2022-10-23,32019385.97,Active
A004839,C02848,BR010,Current,2025-09-17,8207334.73,Active
A004840,C02395,BR042,Current,2025-10-09,51970359.75,Active
A004841,C03904,BR043,Credit,2023-12-09,15656120.44,Inactive
A004842,C05891,BR010,Current,2022-10-27,31567207.52,Active
A004843,C07014,BR009,Savings,2022-05-15,18059297.91,Active
A004844,C08925,BR013,Current,2018-11-10,42925912.97,Active
A004845,C03209,BR037,Savings,2024-11-23,19743816.66,Active
A004846,C00219,BR005,Current,2024-11-07,12903210.21,Closed
A004847,C05009,BR032,Current,2026-05-04,55917395.32,Active
A004848,C09982,BR007,Savings,2026-02-21,156232930.77,Active
A004849,C00779,BR017,Savings,2026-01-18,1010530744.6,Active
A004850,C06261,BR047,Savings,2025-07-04,14919044.13,Active
A004851,C07149,BR031,Savings,2026-05-27,54929587.84,Active
A004852,C04816,BR048,Savings,2026-08-21,38978550.7,Active
A004853,C03896,BR016,Credit,2024-05-22,6237052.58,Active
A004854,C07344,BR047,Savings,2025-07-30,140747714.41,Active
A004855,C00002,BR050,Savings,2026-06-02,22615127.52,Active
A004856,C05237,BR023,Current,2026-05-08,14222019.63,Active
A004857,C01511,BR004,Savings,2025-04-23,22524480.16,Active
A004858,C08190,BR046,Savings,2019-11-30,16810633.09,Inactive
A004859,C01645,BR018,Current,2020-12-10,32389178.24,Active
A004860,C00769,BR050,Current,2022-11-14,155852081.69,Inactive
A004861,C01573,BR048,Current,2026-02-14,149191971.22,Active
A004862,C05845,BR022,Savings,2026-06-28,18670915.48,Active
A004863,C00199,BR002,Savings,2025-10-11,24873921.11,Active
A004864,C02380,BR001,Savings,2025-07-23,16684277.21,Active
A004865,C08294,BR047,Savings,2025-06-08,122124330.77,Inactive
A004866,C05391,BR017,Current,2024-07-15,5243948.4,Active
A004867,C01767,BR019,Savings,2026-02-17,59769931.68,Active
A004868,C00821,BR019,Savings,2026-07-20,15114753.24,Active
A004869,C03756,BR047,Savings,2025-10-21,18086795.37,Active
A004870,C06793,BR049,Credit,2026-07-13,12003127.47,Active
A004871,C03710,BR048,Current,2021-03-24,5872143.21,Active
A004872,C03370,BR018,Current,2025-08-23,14365714.64,Active
A004873,C05798,BR040,Current,2026-03-10,3999843.95,Active
A004874,C02068,BR030,Savings,2022-07-03,290562879.38,Active
A004875,C02986,BR005,Savings,2024-07-19,10537615.77,Active
A004876,C09922,BR008,Current,2021-07-18,72823642.59,Active
A004877,C07380,BR041,Savings,2023-03-15,9588769.97,Active
A004878,C00456,BR027,Savings,2025-12-25,4490237.21,Active
A004879,C04189,BR007,Savings,2026-03-24,11189496.71,Active
A004880,C02227,BR049,Current,2019-01-28,31585757.32,Active
A004881,C05938,BR045,Savings,2019-12-05,41149790.84,Active
A004882,C04014,BR045,Credit,2019-12-27,2463653223.32,Active
A004883,C04384,BR038,Current,2023-12-14,58053820.96,Active
A004884,C04016,BR006,Savings,2025-12-06,5757479.89,Inactive
A004885,C08722,BR038,Current,2024-03-26,10818959.67,Closed
A004886,C00660,BR024,Savings,2026-03-08,14729049.4,Active
A004887,C00747,BR038,Savings,2024-10-11,14007632.14,Active
A004888,C04532,BR038,Current,2023-06-19,15858043.77,Active
A004889,C04451,BR030,Savings,2020-02-27,102937636.95,Active
A004890,C06750,BR009,Current,2025-09-29,6311724.68,Active
A004891,C00432,BR022,Current,2024-08-07,8475886.86,Active
A004892,C09677,BR011,Current,2025-05-27,252826829.44,Active
A004893,C04568,BR018,Savings,2025-03-26,9163838.37,Active
A004894,C03189,BR022,Current,2024-09-28,105375808.61,Active
A004895,C07815,BR049,Savings,2021-03-12,34321641.3,Active
A004896,C07114,BR045,Credit,2026-03-26,112457564.54,Active
A004897,C08513,BR012,Savings,2025-12-30,17487086.73,Active
A004898,C09469,BR030,Current,2026-07-31,31783230.78,Active
A004899,C08364,BR040,Current,2024-08-02,7341883.05,Active
A004900,C03203,BR007,Savings,2023-10-05,10084097.7,Active
A004901,C02763,BR022,Current,2021-01-04,23024532.36,Active
A004902,C05120,BR042,Savings,2025-10-05,2864800.73,Inactive
A004903,C00495,BR034,Savings,2025-09-07,46586800.96,Active
A004904,C04185,BR003,Savings,2026-05-15,19120558.19,Active
A004905,C03835,BR038,Savings,2022-11-14,16953522.06,Active
A004906,C02998,BR044,Current,2026-07-22,25550774.27,Inactive
A004907,C04227,BR005,Savings,2025-08-08,5358922.35,Active
A004908,C09977,BR018,Savings,2024-11-28,10904584.2,Active
A004909,C03012,BR033,Credit,2024-10-21,28616803.53,Active
A004910,C04561,BR002,Current,2022-10-22,18697604.73,Active
A004911,C01650,BR030,Current,2024-12-21,28183650.54,Active
A004912,C00190,BR016,Current,2023-06-05,11246142.06,Inactive
A004913,C08469,BR035,Savings,2026-02-12,292713517.96,Closed
A004914,C04510,BR043,Current,2019-11-10,428721493.08,Inactive
A004915,C06017,BR049,Savings,2026-07-13,18606369.93,Active
A004916,C00969,BR007,Current,2021-06-09,8483366.2,Active
A004917,C03936,BR013,Savings,2026-03-03,24729040.26,Active
A004918,C05671,BR010,Current,2026-08-23,2345577.61,Active
A004919,C04480,BR032,Credit,2024-01-14,10461638.51,Closed
A004920,C04033,BR019,Credit,2022-03-19,16962340.32,Closed
A004921,C03526,BR025,Savings,2020-06-07,11382655.49,Active
A004922,C03524,BR027,Credit,2024-10-13,22268862.94,Inactive
A004923,C04309,BR034,Current,2024-01-03,27507868.86,Active
A004924,C08247,BR018,Savings,2025-03-05,5525313.3,Active
A004925,C00403,BR023,Savings,2020-11-26,14211322.34,Active
A004926,C09252,BR038,Savings,2026-02-06,89045800.76,Active
A004927,C04723,BR015,Current,2023-10-18,15239822.82,Active
A004928,C05376,BR011,Savings,2024-07-11,38216178.31,Active
A004929,C08656,BR016,Savings,2024-01-05,77072215.25,Active
A004930,C00552,BR046,Credit,2021-09-23,21115651.12,Active
A004931,C03982,BR041,Savings,2021-11-23,14343931.7,Active
A004932,C03460,BR041,Current,2023-07-08,571519167.62,Active
A004933,C06042,BR029,Current,2026-07-26,45734202.83,Active
A004934,C04789,BR045,Savings,2024-09-13,16744731.39,Active
A004935,C07617,BR022,Current,2026-07-31,654200212.91,Active
A004936,C08604,BR044,Current,2019-04-30,48053421.93,Active
A004937,C04279,BR007,Credit,2025-03-25,206862766.07,Active
A004938,C06132,BR025,Current,2025-12-24,61088525.64,Active
A004939,C00589,BR033,Savings,2023-06-21,34370412.27,Active
A004940,C09329,BR004,Credit,2025-03-07,18303039.32,Inactive
A004941,C03893,BR003,Credit,2025-12-02,855526571.68,Active
A004942,C05456,BR041,Savings,2026-01-05,23640417.85,Active
A004943,C06743,BR041,Savings,2022-05-08,18701143.32,Inactive
A004944,C04555,BR001,Savings,2025-08-07,21226021.65,Active
A004945,C07921,BR008,Savings,2025-07-18,95649761.64,Inactive
A004946,C09596,BR011,Savings,2025-11-30,18982483.58,Active
A004947,C01853,BR007,Current,2024-12-22,13210134.66,Active
A004948,C00654,BR030,Current,2023-03-10,12264031.73,Active
A004949,C07874,BR050,Current,2023-01-20,61472513.79,Active
A004950,C03408,BR028,Credit,2023-09-09,21978672.03,Active
A004951,C03490,BR033,Current,2024-07-31,9482104.29,Active
A004952,C05989,BR036,Current,2022-11-10,12014524.06,Active
A004953,C04440,BR046,Current,2026-08-14,34919903.37,Active
A004954,C04842,BR041,Savings,2025-05-17,47784242.85,Active
A004955,C09525,BR033,Savings,2026-08-30,4583340.3,Active
A004956,C00306,BR038,Current,2022-04-23,4861227.07,Active
A004957,C04844,BR001,Savings,2021-05-11,3761695.25,Active
A004958,C00877,BR046,Current,2025-02-01,5306849.34,Active
A004959,C05209,BR007,Savings,2025-02-15,5831985.15,Active
A004960,C07010,BR050,Current,2024-04-26,45433063.22,Active
A004961,C09932,BR033,Current,2023-12-29,14455960.65,Active
A004962,C05118,BR001,Current,2026-08-28,11217099.66,Active
A004963,C06284,BR014,Savings,2026-01-13,4727137.08,Active
A004964,C05699,BR017,Current,2026-03-20,13377164.12,Active
A004965,C00112,BR025,Savings,2026-05-05,3736643.51,Active
A004966,C06930,BR040,Current,2026-08-11,11162014.64,Closed
A004967,C05234,BR001,Savings,2026-03-21,78229413.85,Active
A004968,C06206,BR012,Current,2026-01-19,25510574.8,Active
A004969,C04252,BR049,Current,2025-10-24,295921621.25,Active
A004970,C00229,BR018,Current,2024-11-01,26220697.65,Active
A004971,C07769,BR027,Current,2025-05-09,9882995.54,Active
A004972,C08026,BR045,Savings,2025-10-25,7905099.1,Active
A004973,C07216,BR028,Credit,2022-07-11,58636296.83,Inactive
A004974,C09417,BR003,Credit,2021-03-04,6014844.39,Active
A004975,C04483,BR035,Savings,2025-07-18,11299440.52,Active
A004976,C00843,BR039,Current,2024-05-15,19160997.39,Active
A004977,C02381,BR010,Savings,2026-03-16,165495795.54,Active
A004978,C01446,BR007,Credit,2026-04-15,25242628.29,Active
A004979,C03150,BR018,Savings,2026-03-31,64548086.13,Active
A004980,C00667,BR039,Savings,2026-02-24,25512753.47,Active
A004981,C09193,BR035,Savings,2022-12-11,23970826.89,Active
A004982,C03322,BR007,Current,2026-01-12,12349807.76,Active
A004983,C04623,BR043,Credit,2022-01-06,58943369.22,Active
A004984,C06288,BR040,Current,2024-01-17,8809067.23,Active
A004985,C05147,BR039,Current,2022-11-27,44130298.07,Active
A004986,C02250,BR047,Savings,2019-10-18,182086145.95,Active
A004987,C02648,BR027,Current,2025-10-05,1443229977.46,Inactive
A004988,C00021,BR003,Current,2020-04-17,17241082.14,Active
A004989,C07305,BR023,Current,2025-01-19,7981941.13,Active
A004990,C01422,BR046,Current,2021-07-25,79003129.8,Active
A004991,C07003,BR017,Savings,2025-10-18,11476357.24,Active
A004992,C03963,BR041,Savings,2024-02-20,7824158.13,Active
A004993,C04459,BR032,Savings,2025-06-15,12887022.59,Active
A004994,C01187,BR024,Savings,2025-12-30,40239259.9,Closed
A004995,C01605,BR037,Credit,2024-03-11,22850414.59,Active
A004996,C09708,BR025,Savings,2025-10-20,9239756.16,Active
A004997,C04866,BR019,Savings,2026-03-09,11918154.97,Active
A004998,C08607,BR040,Savings,2026-01-26,32533596.39,Active
A004999,C05984,BR038,Savings,2024-06-19,123793131.96,Active
A005000,C08981,BR045,Savings,2025-05-02,80877513.85,Active
A005001,C06194,BR038,Current,2026-03-24,17197242.03,Active
A005002,C09900,BR036,Current,2026-06-16,353448397.59,Active
A005003,C03170,BR013,Credit,2021-10-28,10624112.14,Active
A005004,C07231,BR030,Current,2026-07-13,14969710.69,Active
A005005,C01189,BR034,Savings,2026-03-13,22214017.34,Closed
A005006,C08828,BR044,Current,2026-06-07,13559948.68,Active
A005007,C02157,BR029,Savings,2025-06-21,20986183.77,Active
A005008,C02751,BR018,Savings,2026-01-24,44538700.7,Active
A005009,C03792,BR020,Current,2023-03-27,9252883.94,Active
A005010,C03203,BR033,Current,2022-05-31,8336085.97,Active
A005011,C09340,BR035,Current,2025-02-28,9544309.41,Closed
A005012,C00603,BR019,Savings,2024-07-29,42005267.98,Active
A005013,C09586,BR046,Current,2025-01-24,132987320.6,Active
A005014,C03044,BR018,Savings,2025-01-06,6337673.25,Active
A005015,C05334,BR049,Current,2025-05-18,21285984.22,Active
A005016,C08635,BR038,Savings,2025-12-24,10974609.21,Active
A005017,C09174,BR033,Current,2024-04-03,8689735.77,Active
A005018,C05711,BR018,Current,2024-10-07,4569750.59,Closed
A005019,C04194,BR030,Current,2021-11-18,32641521.91,Closed
A005020,C05628,BR011,Savings,2026-06-08,30794078.96,Active
A005021,C08304,BR009,Credit,2023-03-25,77142349.51,Active
A005022,C01232,BR010,Savings,2026-07-09,7035728.26,Active
A005023,C09892,BR033,Credit,2022-04-07,27902753.03,Active
A005024,C05906,BR031,Current,2024-01-07,11479567.78,Active
A005025,C08958,BR004,Savings,2026-01-12,13470203.21,Active
A005026,C00042,BR007,Current,2025-09-27,13838613.86,Closed
A005027,C07104,BR025,Savings,2026-08-15,19107988.03,Active
A005028,C08676,BR011,Savings,2022-08-18,15156871.79,Active
A005029,C08113,BR004,Savings,2023-08-03,338090835.45,Active
A005030,C06254,BR008,Savings,2025-12-10,9907862.37,Active
A005031,C08569,BR011,Savings,2026-07-10,4255731.67,Active
A005032,C05826,BR001,Current,2025-09-24,36563152.21,Active
A005033,C02813,BR032,Savings,2026-04-04,26651195.05,Active
A005034,C07799,BR036,Savings,2022-10-22,11744612.57,Active
A005035,C09255,BR019,Savings,2025-06-24,8818417.03,Active
A005036,C08681,BR004,Savings,2022-11-23,4871820.5,Active
A005037,C08234,BR040,Current,2025-04-30,3789872.92,Active
A005038,C08912,BR038,Savings,2025-08-16,8546182.54,Active
A005039,C06114,BR006,Credit,2023-01-12,148957887.61,Active
A005040,C08378,BR038,Credit,2025-03-19,9606059.01,Active
A005041,C00646,BR025,Credit,2026-07-04,20664941.59,Active
A005042,C00408,BR028,Current,2024-05-02,9259058.2,Active
A005043,C09661,BR046,Current,2026-08-30,25006694.22,Active
A005044,C04188,BR019,Current,2026-04-27,11320888.51,Active
A005045,C07868,BR028,Current,2022-06-25,33774553.46,Active
A005046,C07191,BR033,Savings,2023-09-26,66271469.95,Active
A005047,C00271,BR030,Current,2025-07-15,65056136.51,Active
A005048,C03842,BR014,Savings,2026-07-05,62800162.03,Active
A005049,C03849,BR039,Savings,2026-02-03,22137585.01,Active
A005050,C06127,BR018,Current,2025-01-23,13442255.61,Inactive
A005051,C08404,BR008,Credit,2025-08-16,98964173.04,Active
A005052,C01758,BR036,Current,2025-08-24,99865399.25,Active
A005053,C05151,BR040,Credit,2023-07-01,14528914.96,Closed
A005054,C00459,BR038,Savings,2026-04-14,21344741.66,Active
A005055,C05481,BR038,Current,2024-10-30,92553368.8,Active
A005056,C06636,BR026,Savings,2022-03-20,11649605.22,Active
A005057,C08837,BR019,Current,2024-12-18,5765228.34,Active
A005058,C06706,BR039,Savings,2026-01-26,10381265.71,Active
A005059,C00656,BR013,Current,2023-02-01,28436265.37,Active
A005060,C02039,BR001,Savings,2025-12-16,14627165.08,Active
A005061,C00158,BR038,Current,2026-05-09,19073114.29,Active
A005062,C05954,BR008,Savings,2024-02-06,65622312.34,Active
A005063,C09549,BR005,Current,2024-06-17,6426128.11,Active
A005064,C01453,BR019,Current,2026-06-20,12393181.34,Active
A005065,C01081,BR043,Current,2025-12-24,6619934.53,Active
A005066,C02167,BR038,Credit,2023-04-22,6290363.52,Active
A005067,C06258,BR038,Savings,2022-03-24,39352499.33,Active
A005068,C00952,BR019,Savings,2026-05-25,10718609.08,Active
A005069,C01353,BR047,Current,2026-07-04,8288445.37,Active
A005070,C02693,BR016,Savings,2026-07-25,248290247.27,Active
A005071,C04798,BR050,Savings,2021-04-20,28790291.49,Inactive
A005072,C08265,BR002,Savings,2025-09-06,61680644.41,Active
A005073,C09130,BR040,Credit,2025-11-13,21118707.55,Active
A005074,C07874,BR013,Savings,2024-05-25,12421384.53,Active
A005075,C03043,BR040,Savings,2018-08-14,8618460.37,Active
A005076,C06236,BR031,Current,2024-11-02,21928851.3,Active
A005077,C00938,BR042,Credit,2026-08-11,11572234.98,Active
A005078,C05978,BR005,Current,2025-07-28,15933895.11,Active
A005079,C06745,BR038,Savings,2026-01-25,33958554.27,Active
A005080,C04528,BR012,Savings,2025-03-20,31094180.64,Active
A005081,C00119,BR038,Current,2026-06-24,54432496.1,Active
A005082,C06910,BR006,Savings,2026-01-26,22128701.65,Active
A005083,C03148,BR047,Savings,2025-05-20,36325764.76,Active
A005084,C03374,BR032,Savings,2026-05-08,21507065.95,Inactive
A005085,C07066,BR033,Current,2020-10-06,16892106.57,Active
A005086,C08258,BR001,Savings,2020-08-07,473957020.9,Active
A005087,C03487,BR007,Current,2023-01-30,64962833.0,Closed
A005088,C01711,BR033,Savings,2023-05-20,79464248.81,Active
A005089,C02679,BR045,Savings,2026-08-29,42568597.75,Inactive
A005090,C05216,BR016,Current,2026-03-03,32631940.21,Active
A005091,C06146,BR038,Savings,2025-11-15,6571167.68,Inactive
A005092,C07924,BR007,Credit,2024-10-16,22455274.72,Active
A005093,C00376,BR005,Savings,2026-08-24,23776131.11,Active
A005094,C06843,BR045,Credit,2025-03-30,15674432.76,Active
A005095,C01437,BR002,Savings,2026-08-16,10092480.81,Active
A005096,C08162,BR034,Credit,2026-06-19,16792932.51,Active
A005097,C04352,BR047,Current,2026-08-18,18572063.1,Active
A005098,C09651,BR005,Current,2025-04-28,280053925.33,Active
A005099,C01356,BR038,Current,2024-06-07,7464645.73,Active
A005100,C05572,BR018,Current,2024-07-07,54211181.46,Active
A005101,C08891,BR017,Current,2025-02-02,18837294.35,Active
A005102,C08618,BR012,Savings,2022-10-03,285171319.91,Active
A005103,C09947,BR044,Current,2023-01-30,323080114.28,Inactive
A005104,C00681,BR013,Savings,2026-07-09,169232400.21,Inactive
A005105,C00808,BR050,Credit,2023-11-05,1571195.82,Closed
A005106,C02044,BR039,Savings,2025-08-25,9296990.31,Active
A005107,C00994,BR028,Current,2026-04-16,3721604.23,Active
A005108,C07451,BR006,Savings,2026-02-02,5762647.77,Active
A005109,C02771,BR009,Current,2023-11-29,102693599.71,Active
A005110,C09557,BR017,Current,2024-01-11,121600894.85,Inactive
A005111,C04664,BR035,Savings,2026-07-15,32114323.36,Active
A005112,C03569,BR016,Savings,2021-07-11,328162671.34,Active
A005113,C03940,BR025,Savings,2024-11-05,27522979.14,Active
A005114,C05427,BR007,Savings,2022-06-17,85172750.13,Active
A005115,C03138,BR012,Savings,2022-03-16,34421760.27,Active
A005116,C09636,BR027,Current,2024-08-25,7784813.95,Closed
A005117,C00780,BR006,Credit,2026-06-24,9806030.42,Active
A005118,C03194,BR029,Savings,2026-08-02,22469774.66,Active
A005119,C06766,BR025,Savings,2026-05-01,99837050.88,Active
A005120,C02508,BR027,Savings,2023-08-01,16050600.12,Active
A005121,C02275,BR004,Savings,2024-07-04,5040842.74,Active
A005122,C01896,BR004,Savings,2026-06-22,16246883.99,Active
A005123,C05620,BR004,Current,2026-05-02,32346288.47,Active
A005124,C08485,BR018,Credit,2024-10-28,228593079.52,Active
A005125,C07042,BR045,Savings,2026-08-05,42948418.99,Active
A005126,C06419,BR012,Current,2026-02-01,7462546.07,Active
A005127,C06043,BR007,Savings,2026-04-22,80367523.57,Active
A005128,C01277,BR028,Current,2019-10-24,234336015.27,Active
A005129,C02952,BR029,Current,2026-03-29,49652398.42,Closed
A005130,C05229,BR018,Savings,2025-11-24,34856463.55,Active
A005131,C04854,BR047,Current,2025-08-19,72804086.79,Active
A005132,C01393,BR012,Savings,2026-07-23,90175473.97,Active
A005133,C02245,BR028,Savings,2025-03-08,9839812.06,Active
A005134,C01049,BR003,Savings,2021-05-14,8083776.55,Active
A005135,C05601,BR038,Savings,2026-06-11,42594807.82,Inactive
A005136,C09566,BR013,Credit,2026-08-25,41654339.82,Active
A005137,C05918,BR009,Savings,2025-09-17,47822560.23,Inactive
A005138,C08498,BR011,Savings,2026-08-09,78182027.14,Inactive
A005139,C05472,BR020,Savings,2024-02-21,34408229.12,Active
A005140,C05439,BR002,Credit,2022-03-28,14425229.01,Active
A005141,C01698,BR039,Current,2023-04-20,7400933.23,Active
A005142,C01604,BR029,Savings,2020-09-11,36869757.28,Active
A005143,C06943,BR035,Savings,2023-08-28,55431411.28,Active
A005144,C01960,BR021,Savings,2026-07-15,6629760.12,Active
A005145,C08599,BR033,Current,2026-03-28,6530643.16,Active
A005146,C08156,BR038,Current,2025-02-05,15487538.74,Active
A005147,C02976,BR047,Savings,2026-08-19,32231785.26,Active
A005148,C04086,BR008,Current,2022-09-27,6055668.93,Inactive
A005149,C02871,BR002,Savings,2024-09-12,93778690.55,Active
A005150,C02511,BR023,Savings,2026-01-02,9353107.47,Active
A005151,C08611,BR001,Savings,2022-04-17,26277511.07,Active
A005152,C02528,BR023,Savings,2022-06-17,45764370.86,Active
A005153,C04870,BR010,Current,2026-04-09,27812695.84,Active
A005154,C00738,BR001,Current,2021-12-14,13216662.61,Active
A005155,C01040,BR037,Savings,2021-10-01,41513898.22,Active
A005156,C05207,BR028,Current,2026-08-19,368295320.92,Active
A005157,C06057,BR018,Savings,2026-03-11,3182514.32,Active
A005158,C08971,BR026,Savings,2024-09-05,54090600.85,Active
A005159,C05326,BR001,Savings,2026-05-06,19647911.69,Active
A005160,C01698,BR045,Current,2022-10-06,3635135.47,Active
A005161,C08709,BR024,Credit,2023-11-07,13226611.69,Active
A005162,C04643,BR017,Savings,2026-05-05,2308403.93,Active
A005163,C06460,BR023,Savings,2023-12-12,1011951575.98,Active
A005164,C04127,BR047,Current,2025-05-18,75814936.58,Active
A005165,C04819,BR033,Savings,2023-10-07,9797016.36,Inactive
A005166,C07755,BR049,Current,2025-05-12,31950057.79,Active
A005167,C06219,BR003,Current,2020-08-03,10853530.89,Active
A005168,C07947,BR001,Savings,2025-04-18,18593642.5,Active
A005169,C09863,BR038,Savings,2019-05-12,15312270.22,Active
A005170,C05983,BR050,Savings,2024-05-23,10290803.83,Active
A005171,C00878,BR027,Current,2026-03-02,18979641.57,Active
A005172,C00907,BR038,Current,2024-05-26,27845160.42,Active
A005173,C03932,BR020,Current,2026-07-20,70287361.47,Inactive
A005174,C07514,BR001,Savings,2022-11-01,10377144.49,Active
A005175,C01660,BR015,Current,2025-08-26,11404867.92,Active
A005176,C00165,BR037,Savings,2024-10-11,55679004.02,Active
A005177,C08380,BR029,Savings,2020-03-23,18812054.07,Inactive
A005178,C04564,BR023,Current,2023-11-29,5701681.72,Closed
A005179,C08103,BR035,Credit,2024-08-23,24824353.83,Inactive
A005180,C00938,BR042,Savings,2022-12-25,13953228.58,Active
A005181,C07710,BR021,Current,2026-01-02,16316013.98,Active
A005182,C08524,BR021,Savings,2026-04-07,130615390.45,Active
A005183,C05096,BR043,Savings,2021-04-18,7147989.93,Active
A005184,C00638,BR017,Savings,2026-08-29,20154930.65,Active
A005185,C07601,BR040,Current,2022-07-21,18581139.17,Active
A005186,C05172,BR046,Savings,2024-11-09,70293550.48,Active
A005187,C08001,BR037,Current,2026-06-01,7138489.79,Active
A005188,C07837,BR038,Savings,2023-09-02,121351766.55,Active
A005189,C08709,BR012,Current,2020-10-16,130901458.61,Active
A005190,C09502,BR020,Credit,2024-10-27,383298774.55,Active
A005191,C00766,BR044,Savings,2026-03-31,6371330.19,Active
A005192,C09655,BR044,Savings,2024-08-05,9836411.65,Active
A005193,C08854,BR025,Savings,2021-09-26,14293201.76,Closed
A005194,C08430,BR038,Savings,2025-10-19,129537811.56,Active
A005195,C09292,BR036,Current,2026-03-28,4226011.67,Closed
A005196,C07902,BR030,Savings,2021-11-03,9554453.97,Active
A005197,C09261,BR044,Savings,2026-08-19,60349691.92,Active
A005198,C02836,BR039,Savings,2022-04-19,75472739.82,Active
A005199,C00925,BR035,Current,2025-01-24,32172078.08,Active
A005200,C04403,BR028,Savings,2023-05-15,12604122.95,Active
A005201,C06282,BR003,Current,2026-03-19,11700871.77,Active
A005202,C07452,BR021,Current,2024-10-07,6540258.59,Active
A005203,C06044,BR037,Savings,2026-07-05,13649134.78,Active
A005204,C03858,BR041,Savings,2022-04-03,9729037.04,Inactive
A005205,C06845,BR002,Savings,2025-08-09,22298493.39,Active
A005206,C08917,BR022,Savings,2026-08-03,7387490.91,Active
A005207,C03058,BR048,Current,2024-10-27,16117691.16,Active
A005208,C01089,BR024,Current,2026-04-28,7856483.63,Active
A005209,C03260,BR008,Savings,2025-12-23,52572789.08,Active
A005210,C03188,BR022,Savings,2025-06-24,19027465.79,Active
A005211,C00231,BR021,Credit,2025-01-17,18098415.4,Active
A005212,C03077,BR011,Savings,2019-10-26,250714642.12,Active
A005213,C09183,BR024,Credit,2026-05-17,66250247.58,Active
A005214,C03681,BR039,Credit,2025-09-08,4688745.42,Active
A005215,C08686,BR040,Savings,2022-01-13,46074592.05,Closed
A005216,C03206,BR011,Credit,2025-09-04,606617396.04,Active
A005217,C08059,BR001,Credit,2023-05-08,25259659.62,Inactive
A005218,C08953,BR040,Savings,2026-03-27,97700568.8,Active
A005219,C01765,BR020,Savings,2026-07-15,9315299.98,Active
A005220,C07796,BR049,Savings,2025-08-25,63297410.15,Active
A005221,C05639,BR038,Current,2025-06-26,3200160.64,Active
A005222,C08570,BR020,Savings,2025-10-09,149155845.45,Active
A005223,C00207,BR005,Current,2025-04-04,47997925.53,Active
A005224,C08139,BR041,Current,2025-02-05,338790222.75,Active
A005225,C05411,BR007,Savings,2022-10-01,38471124.83,Active
A005226,C05866,BR047,Savings,2025-11-18,86847445.76,Active
A005227,C08556,BR022,Credit,2022-04-27,43220063.33,Active
A005228,C05975,BR030,Credit,2025-01-21,285727446.26,Active
A005229,C04479,BR002,Credit,2026-03-06,9530144.4,Active
A005230,C06480,BR041,Savings,2026-05-17,3371089.76,Active
A005231,C05195,BR003,Savings,2026-07-26,176772280.8,Active
A005232,C02109,BR047,Savings,2025-06-13,78928636.24,Active
A005233,C01622,BR034,Current,2023-03-13,8369354.11,Inactive
A005234,C04069,BR038,Credit,2026-02-01,18824063.65,Active
A005235,C01707,BR036,Savings,2026-06-20,16953164.28,Active
A005236,C02089,BR029,Savings,2022-04-17,17161310.88,Active
A005237,C08447,BR036,Current,2025-09-11,12608507.08,Active
A005238,C09574,BR014,Current,2021-11-22,54923248.46,Active
A005239,C03360,BR002,Savings,2022-05-21,13478858.41,Inactive
A005240,C02934,BR024,Savings,2023-11-18,54790009.13,Active
A005241,C02946,BR015,Savings,2026-06-24,23555132.62,Active
A005242,C03620,BR047,Savings,2026-08-16,19865534.89,Active
A005243,C01892,BR031,Savings,2022-01-28,13700473.56,Active
A005244,C05491,BR009,Current,2024-08-17,32694784.05,Active
A005245,C06332,BR047,Savings,2023-07-02,16419072.48,Active
A005246,C00575,BR033,Current,2025-03-15,7115996.15,Active
A005247,C04786,BR044,Credit,2023-08-24,6928590.82,Active
A005248,C04001,BR029,Savings,2020-03-22,21031848.81,Active
A005249,C06756,BR023,Savings,2025-01-21,7258310.53,Active
A005250,C06969,BR050,Savings,2024-12-26,14271511.62,Active
A005251,C01760,BR030,Current,2026-06-03,34945784.0,Active
A005252,C00478,BR044,Current,2020-10-02,19129398.56,Active
A005253,C07304,BR037,Credit,2026-01-20,8417747.75,Active
A005254,C09365,BR036,Savings,2026-05-15,46341607.63,Active
A005255,C07041,BR013,Savings,2024-07-30,23251052.29,Active
A005256,C01145,BR007,Current,2023-03-08,163119282.18,Active
A005257,C02553,BR028,Credit,2022-04-27,16358306.23,Active
A005258,C06519,BR035,Savings,2026-07-14,19545254.17,Active
A005259,C08476,BR033,Current,2026-08-30,29422993.79,Active
A005260,C00497,BR015,Current,2025-11-16,263019634.24,Active
A005261,C04310,BR009,Current,2023-01-14,4650595.77,Active
A005262,C09620,BR011,Current,2021-12-30,39367549.98,Active
A005263,C06717,BR011,Current,2024-01-21,55899443.77,Active
A005264,C00800,BR021,Current,2025-12-23,2986849.1,Active
A005265,C02635,BR040,Savings,2021-09-06,21997374.14,Active
A005266,C05946,BR011,Savings,2022-01-07,123268044.11,Active
A005267,C09066,BR023,Savings,2021-09-17,11547212.56,Active
A005268,C09016,BR028,Savings,2021-12-19,56767303.23,Active
A005269,C02258,BR045,Savings,2026-08-18,25593369.95,Active
A005270,C08736,BR026,Savings,2021-01-11,9171169.36,Active
A005271,C01464,BR029,Savings,2026-05-08,12606981.38,Active
A005272,C07855,BR022,Savings,2021-12-24,28731616.07,Active
A005273,C00438,BR050,Savings,2025-11-21,273105118.33,Inactive
A005274,C08906,BR017,Current,2026-05-26,116584417.63,Active
A005275,C06445,BR003,Current,2024-09-21,389444260.89,Active
A005276,C08803,BR044,Savings,2025-12-23,9923763.29,Active
A005277,C00712,BR045,Current,2025-09-21,6683021.25,Active
A005278,C05783,BR032,Savings,2024-09-29,850305543.37,Inactive
A005279,C05157,BR047,Current,2025-05-15,71852236.46,Active
A005280,C08660,BR034,Credit,2024-11-26,878745897.21,Active
A005281,C00026,BR036,Credit,2026-07-02,11523733.59,Inactive
A005282,C00593,BR004,Savings,2021-07-27,208200639.01,Active
A005283,C09073,BR023,Savings,2025-12-15,21003504.66,Active
A005284,C06143,BR036,Current,2024-04-26,14109120.75,Active
A005285,C06976,BR048,Current,2024-08-27,5718047.02,Active
A005286,C07583,BR031,Current,2024-07-20,64196254.31,Active
A005287,C08741,BR038,Savings,2024-12-20,51580205.94,Inactive
A005288,C01136,BR006,Current,2024-05-13,31504280.27,Active
A005289,C02902,BR038,Savings,2026-03-30,29415904.71,Active
A005290,C00852,BR047,Savings,2020-06-25,5476575.46,Active
A005291,C01305,BR010,Savings,2023-04-01,6727072.69,Active
A005292,C02465,BR029,Current,2025-11-19,11785179.05,Active
A005293,C00752,BR027,Current,2023-04-29,43644359.53,Active
A005294,C06888,BR014,Savings,2026-08-04,267881868.72,Active
A005295,C03822,BR026,Current,2024-01-19,12780360.95,Inactive
A005296,C08406,BR002,Savings,2026-05-28,30564812.69,Active
A005297,C08178,BR038,Savings,2025-10-10,114614326.2,Inactive
A005298,C08444,BR038,Savings,2025-10-01,18527723.17,Active
A005299,C00780,BR043,Savings,2025-05-29,15491742.96,Active
A005300,C06488,BR027,Savings,2025-04-10,40356592.62,Active
A005301,C00405,BR015,Current,2024-02-04,44901066.77,Active
A005302,C03540,BR037,Savings,2022-05-25,59687251.18,Active
A005303,C05596,BR028,Savings,2022-10-16,32491236.55,Active
A005304,C02984,BR004,Current,2023-10-31,28029557.59,Inactive
A005305,C04019,BR010,Current,2026-02-05,4874020.27,Active
A005306,C07334,BR013,Savings,2020-11-16,11652092.29,Active
A005307,C07300,BR038,Current,2024-06-21,16162571.24,Active
A005308,C01877,BR013,Current,2024-07-04,10162392.76,Active
A005309,C04519,BR028,Current,2025-06-03,12970979.88,Active
A005310,C09737,BR024,Current,2026-01-14,4945479.08,Closed
A005311,C00496,BR044,Current,2026-01-04,40077348.79,Active
A005312,C04653,BR038,Current,2026-05-15,22346326.99,Active
A005313,C06330,BR047,Current,2026-07-12,15360321.54,Active
A005314,C06630,BR002,Current,2025-02-21,8633308.3,Active
A005315,C07381,BR046,Savings,2022-07-20,43270556.34,Active
A005316,C09883,BR007,Credit,2022-03-20,5652542.71,Active
A005317,C00915,BR043,Savings,2023-08-24,11232123.34,Active
A005318,C04166,BR043,Credit,2025-05-02,10009405.28,Active
A005319,C01331,BR033,Savings,2022-11-20,24534500.32,Active
A005320,C04647,BR015,Savings,2026-06-09,15589243.45,Active
A005321,C06173,BR022,Savings,2023-01-29,13756590.3,Active
A005322,C01495,BR044,Current,2022-08-24,3430399.88,Active
A005323,C01676,BR018,Current,2024-04-30,146576982.92,Active
A005324,C04128,BR024,Current,2021-08-21,68686217.76,Active
A005325,C00146,BR015,Savings,2025-07-05,86746437.09,Active
A005326,C01220,BR009,Current,2020-09-17,8241642.24,Active
A005327,C03386,BR011,Current,2025-06-07,42433854.58,Active
A005328,C07931,BR045,Savings,2024-02-17,228498138.94,Active
A005329,C00549,BR047,Savings,2022-10-08,23121423.91,Active
A005330,C07224,BR024,Savings,2026-02-24,6453941.17,Inactive
A005331,C02434,BR049,Savings,2021-05-16,49030567.16,Closed
A005332,C01902,BR041,Credit,2023-03-14,25044326.28,Active
A005333,C08441,BR016,Savings,2019-08-10,11561494.95,Active
A005334,C06325,BR047,Current,2025-12-30,40663352.32,Active
A005335,C05729,BR006,Savings,2026-08-28,109380072.0,Active
A005336,C07626,BR045,Savings,2026-06-26,18068647.87,Active
A005337,C03011,BR033,Savings,2026-05-17,17966336.54,Inactive
A005338,C07842,BR025,Savings,2023-10-02,21763641.9,Active
A005339,C03991,BR017,Savings,2022-05-28,22479509.43,Inactive
A005340,C07487,BR006,Current,2026-05-11,86906136.33,Inactive
A005341,C09330,BR008,Credit,2020-08-16,299471395.4,Active
A005342,C02272,BR028,Credit,2024-12-28,13155138.6,Active
A005343,C05579,BR005,Current,2019-07-12,33656338.48,Active
A005344,C06142,BR010,Current,2022-04-02,335766253.92,Active
A005345,C04231,BR050,Credit,2019-05-27,66577036.5,Active
A005346,C05060,BR023,Credit,2023-09-09,32971323.64,Active
A005347,C03920,BR025,Savings,2026-01-30,9709608.92,Active
A005348,C05855,BR020,Savings,2025-01-18,15364863.21,Active
A005349,C07726,BR038,Savings,2024-02-27,5316948.25,Active
A005350,C05394,BR024,Savings,2021-09-28,6908515.12,Active
A005351,C07942,BR040,Savings,2026-04-22,16904893.28,Active
A005352,C08378,BR038,Savings,2024-05-22,10099506.07,Inactive
A005353,C06622,BR005,Current,2023-04-08,38505719.25,Active
A005354,C01115,BR005,Savings,2025-04-19,22196237.95,Active
A005355,C08432,BR047,Savings,2022-09-03,14044770.66,Active
A005356,C04882,BR038,Savings,2026-04-08,4280243.51,Inactive
A005357,C01921,BR050,Savings,2023-08-01,2851749.39,Active
A005358,C03823,BR046,Savings,2022-09-06,9507120.1,Active
A005359,C02949,BR010,Credit,2025-12-25,26317682.04,Active
A005360,C00447,BR037,Current,2026-05-04,21623672.21,Active
A005361,C00583,BR006,Savings,2026-04-19,176320802.2,Active
A005362,C06019,BR023,Savings,2024-12-02,13872125.81,Active
A005363,C00366,BR035,Savings,2026-08-01,12130137.99,Inactive
A005364,C08346,BR025,Current,2026-08-14,70115407.52,Closed
A005365,C06105,BR004,Current,2024-11-09,6036259.19,Active
A005366,C09748,BR027,Credit,2026-08-18,106666799.26,Active
A005367,C09631,BR038,Current,2019-10-11,13510807.76,Active
A005368,C01474,BR030,Credit,2026-07-12,8183527.37,Active
A005369,C00541,BR001,Savings,2026-08-14,9225277.34,Active
A005370,C04362,BR008,Savings,2022-01-28,5618603.98,Inactive
A005371,C01845,BR038,Savings,2026-05-11,10837972.1,Active
A005372,C01752,BR033,Current,2024-02-02,12383288.93,Active
A005373,C09324,BR038,Current,2025-08-04,10614527.03,Active
A005374,C04894,BR038,Credit,2024-01-07,15676673.56,Active
A005375,C06502,BR024,Current,2025-05-31,14086837.31,Closed
A005376,C02626,BR007,Current,2025-04-14,94025367.39,Active
A005377,C03552,BR032,Current,2022-03-06,154809381.07,Closed
A005378,C01817,BR028,Savings,2025-04-16,24106197.93,Active
A005379,C05435,BR003,Current,2024-02-04,32192131.96,Active
A005380,C09126,BR025,Current,2026-07-07,7613041.91,Active
A005381,C05558,BR007,Savings,2025-04-21,9985742.1,Active
A005382,C04154,BR021,Current,2026-02-09,25303115.95,Active
A005383,C04173,BR018,Current,2024-11-07,128003934.88,Inactive
A005384,C08887,BR004,Credit,2025-01-19,8715941.52,Active
A005385,C08405,BR018,Savings,2022-04-28,24466806.0,Active
A005386,C05421,BR036,Savings,2024-08-24,7051388.22,Active
A005387,C00089,BR046,Current,2024-03-08,22040788.96,Active
A005388,C03711,BR035,Savings,2025-06-21,78540883.18,Active
A005389,C08564,BR024,Current,2026-08-22,4955518.07,Active
A005390,C05819,BR028,Savings,2024-07-20,10599333.73,Active
A005391,C04681,BR007,Savings,2025-05-26,85958485.15,Active
A005392,C08993,BR037,Savings,2024-11-15,92201176.3,Active
A005393,C08939,BR033,Savings,2023-05-27,94482079.58,Active
A005394,C00641,BR023,Current,2020-07-06,4725195.7,Active
A005395,C07377,BR013,Current,2026-05-15,638120150.07,Active
A005396,C06185,BR008,Current,2025-12-25,1975025.38,Active
A005397,C09132,BR036,Current,2025-04-24,349934070.43,Active
A005398,C02909,BR003,Savings,2022-12-31,24854134.16,Active
A005399,C08280,BR021,Current,2025-08-28,684196550.23,Active
A005400,C01519,BR027,Savings,2023-07-09,45720090.92,Active
A005401,C09817,BR038,Savings,2026-02-12,165569315.19,Inactive
A005402,C08795,BR007,Savings,2025-11-16,9787229.2,Active
A005403,C07212,BR004,Current,2024-12-15,13154611.75,Active
A005404,C04446,BR049,Savings,2025-11-02,10605708.84,Active
A005405,C02656,BR038,Credit,2019-01-18,6043230.5,Active
A005406,C08411,BR046,Savings,2024-12-21,52658405.32,Active
A005407,C00963,BR027,Credit,2026-08-10,15587424.3,Active
A005408,C04653,BR038,Savings,2026-07-09,35798461.01,Active
A005409,C04550,BR028,Savings,2024-12-16,807305490.86,Active
A005410,C00384,BR002,Savings,2026-01-19,40628446.94,Active
A005411,C05898,BR016,Savings,2024-11-22,39684155.38,Active
A005412,C05823,BR030,Credit,2025-05-19,22438575.45,Inactive
A005413,C00605,BR008,Credit,2024-05-20,38605522.24,Active
A005414,C06139,BR035,Current,2021-07-18,21480184.65,Active
A005415,C05136,BR011,Savings,2024-12-01,6617223.65,Active
A005416,C04920,BR018,Credit,2026-04-28,54229058.28,Active
A005417,C06720,BR002,Savings,2019-09-01,141411963.32,Active
A005418,C09075,BR050,Current,2026-07-18,76113271.19,Active
A005419,C01819,BR050,Savings,2024-08-05,41259983.0,Active
A005420,C01526,BR005,Savings,2020-01-31,4231091.87,Active
A005421,C03038,BR015,Current,2025-07-17,8236513.71,Closed
A005422,C09745,BR002,Savings,2026-08-31,12257211.08,Active
A005423,C06265,BR040,Current,2026-05-17,89711408.52,Active
A005424,C05224,BR010,Current,2021-11-22,6370410.31,Active
A005425,C08890,BR038,Current,2026-05-18,3827475.5,Active
A005426,C01982,BR007,Credit,2023-11-15,110214089.55,Active
A005427,C09783,BR033,Current,2026-05-08,30970120.86,Closed
A005428,C07640,BR003,Current,2025-10-04,52777873.76,Active
A005429,C04711,BR017,Current,2024-09-06,13207447.43,Inactive
A005430,C06760,BR039,Savings,2024-08-08,27613818.41,Active
A005431,C04584,BR006,Savings,2022-07-29,13218039.15,Active
A005432,C05613,BR038,Current,2026-01-15,17661153.05,Active
A005433,C09870,BR015,Savings,2024-03-16,23016752.47,Active
A005434,C09747,BR022,Savings,2025-09-29,10628181.31,Inactive
A005435,C00442,BR018,Savings,2025-05-12,13131271.9,Active
A005436,C07178,BR011,Current,2021-05-22,18203511.64,Active
A005437,C05618,BR037,Savings,2024-10-16,700978049.15,Inactive
A005438,C06721,BR013,Current,2026-02-03,185682410.36,Active
A005439,C09906,BR032,Current,2026-07-12,1338553.38,Active
A005440,C04296,BR009,Savings,2022-12-25,128732272.31,Active
A005441,C03511,BR045,Savings,2025-06-19,153151523.01,Active
A005442,C03581,BR025,Current,2023-01-30,410740030.1,Active
A005443,C03366,BR022,Savings,2025-10-19,18591133.55,Active
A005444,C03466,BR044,Savings,2024-04-22,9550583.82,Active
A005445,C05081,BR033,Credit,2025-07-03,522215266.97,Active
A005446,C05481,BR038,Savings,2024-07-26,145364358.59,Inactive
A005447,C03617,BR009,Current,2022-10-22,83227188.03,Active
A005448,C04053,BR038,Savings,2023-05-12,110062552.7,Active
A005449,C08502,BR006,Savings,2026-02-27,26773373.65,Active
A005450,C00531,BR038,Savings,2023-02-12,17088736.08,Active
A005451,C09487,BR040,Current,2025-04-20,5862451.33,Active
A005452,C05630,BR045,Savings,2024-12-31,30323619.8,Active
A005453,C08989,BR014,Current,2024-04-24,26443062.46,Active
A005454,C00832,BR022,Current,2022-05-02,5159878.16,Active
A005455,C03843,BR020,Current,2026-01-28,51356719.07,Active
A005456,C02357,BR005,Savings,2023-12-23,18554566.61,Closed
A005457,C05173,BR050,Savings,2021-02-06,9315438.62,Active
A005458,C07611,BR006,Credit,2025-05-10,9390487.33,Active
A005459,C06671,BR016,Credit,2025-04-16,12979067.11,Active
A005460,C03118,BR045,Current,2025-03-03,288340198.33,Active
A005461,C05714,BR035,Current,2026-07-22,49304221.77,Active
A005462,C04675,BR028,Current,2024-08-09,129303766.91,Active
A005463,C02442,BR028,Savings,2023-08-17,11569690.72,Active
A005464,C04381,BR028,Current,2023-03-28,80291176.25,Active
A005465,C02203,BR027,Savings,2024-09-21,22228586.51,Active
A005466,C03975,BR038,Current,2023-06-24,40599396.26,Active
A005467,C01010,BR027,Current,2024-06-07,18416761.35,Active
A005468,C07748,BR011,Savings,2025-07-27,116382876.58,Active
A005469,C01267,BR035,Current,2019-12-01,8653383.72,Active
A005470,C00291,BR023,Savings,2023-05-01,6462673.41,Active
A005471,C08641,BR038,Savings,2026-07-16,16074231.68,Active
A005472,C01843,BR045,Savings,2026-07-09,11244428.75,Active
A005473,C04456,BR018,Savings,2023-02-10,48977083.83,Active
A005474,C04175,BR036,Savings,2026-05-27,27139082.85,Active
A005475,C06054,BR027,Savings,2026-03-05,8983863.12,Active
A005476,C06120,BR026,Savings,2025-02-07,21090035.76,Active
A005477,C00765,BR033,Current,2025-07-05,41336782.26,Active
A005478,C07696,BR042,Savings,2026-08-29,4918514.94,Active
A005479,C08452,BR007,Credit,2026-06-08,39098412.53,Active
A005480,C00038,BR046,Savings,2025-12-05,346886716.3,Active
A005481,C00169,BR040,Current,2025-03-23,82018760.87,Closed
A005482,C06822,BR043,Savings,2025-02-28,14386527.76,Active
A005483,C04830,BR027,Savings,2022-10-01,64359374.9,Active
A005484,C09857,BR039,Current,2020-08-17,11555967.19,Active
A005485,C07359,BR009,Savings,2022-07-15,20398404.98,Active
A005486,C01020,BR018,Current,2025-10-30,176935705.75,Active
A005487,C00434,BR028,Credit,2025-06-13,10209187.16,Active
A005488,C04018,BR038,Current,2026-08-11,105506195.6,Inactive
A005489,C07813,BR010,Current,2025-07-13,71995480.75,Closed
A005490,C09265,BR030,Current,2026-02-09,202857867.84,Active
A005491,C05555,BR018,Current,2025-04-17,24681077.79,Active
A005492,C03007,BR039,Credit,2023-04-25,326235107.21,Active
A005493,C08967,BR009,Credit,2026-08-01,11893094.16,Active
A005494,C01353,BR028,Savings,2026-08-31,7705748.98,Active
A005495,C07660,BR031,Savings,2026-05-16,9848041.01,Active
A005496,C02523,BR011,Current,2024-12-10,39645072.78,Active
A005497,C02413,BR001,Credit,2024-09-20,16535196.97,Active
A005498,C01943,BR013,Current,2023-09-13,98682532.94,Active
A005499,C09296,BR026,Savings,2018-06-12,92076018.3,Inactive
A005500,C05769,BR033,Savings,2025-09-23,14851563.11,Active
A005501,C07991,BR040,Savings,2026-06-23,87815217.39,Active
A005502,C00445,BR006,Current,2021-07-16,269738588.93,Active
A005503,C00891,BR011,Credit,2025-01-12,123477992.53,Active
A005504,C03550,BR018,Savings,2025-03-17,152594304.07,Active
A005505,C05639,BR038,Savings,2023-07-14,17473442.39,Active
A005506,C04429,BR041,Current,2024-08-05,4118871.6,Active
A005507,C07265,BR038,Credit,2025-05-02,82008850.81,Active
A005508,C04529,BR034,Credit,2025-09-08,79384107.7,Active
A005509,C08069,BR015,Savings,2025-01-30,9802058.17,Active
A005510,C00505,BR040,Current,2024-01-07,51950985.82,Active
A005511,C09214,BR005,Savings,2025-10-03,18257588.36,Active
A005512,C07616,BR022,Current,2026-08-25,117602314.87,Active
A005513,C09322,BR005,Current,2026-08-29,128487308.23,Active
A005514,C08479,BR005,Current,2025-02-16,62027946.12,Active
A005515,C00377,BR044,Credit,2026-05-20,49831101.0,Active
A005516,C08015,BR010,Savings,2026-03-16,7840507.95,Active
A005517,C05120,BR032,Savings,2022-05-09,32558480.09,Active
A005518,C07654,BR030,Savings,2023-01-26,11031749.86,Active
A005519,C04942,BR021,Current,2023-11-19,13437418.03,Active
A005520,C03563,BR001,Savings,2024-03-18,145873789.11,Active
A005521,C06119,BR044,Current,2025-05-17,90330473.35,Active
A005522,C09715,BR017,Current,2025-02-23,78251925.48,Active
A005523,C05410,BR026,Credit,2026-08-24,6981506.11,Active
A005524,C00392,BR015,Savings,2024-11-17,735230530.77,Active
A005525,C05141,BR038,Savings,2026-01-03,11979389.2,Active
A005526,C00056,BR034,Savings,2024-03-09,99289496.29,Inactive
A005527,C05525,BR028,Current,2026-01-04,208365690.29,Closed
A005528,C07819,BR015,Savings,2025-12-26,4571375.09,Active
A005529,C08947,BR011,Savings,2024-07-16,8401046.57,Active
A005530,C02362,BR036,Savings,2022-01-25,17335511.76,Active
A005531,C00411,BR039,Savings,2024-10-04,19260763.62,Active
A005532,C02784,BR017,Current,2020-04-15,173204830.52,Closed
A005533,C06631,BR040,Savings,2025-11-29,30017264.65,Active
A005534,C08459,BR038,Credit,2026-06-01,16209493.7,Active
A005535,C04430,BR039,Savings,2025-05-13,19120746.27,Active
A005536,C05504,BR016,Savings,2026-02-11,19548741.56,Active
A005537,C09775,BR017,Savings,2026-06-24,28594888.54,Active
A005538,C01078,BR002,Savings,2026-04-09,71705238.09,Active
A005539,C00138,BR011,Current,2023-08-29,95197900.43,Active
A005540,C02913,BR039,Current,2025-05-14,505108794.9,Active
A005541,C02674,BR028,Current,2026-02-09,7160354.2,Active
A005542,C07121,BR050,Current,2024-03-30,5435828.09,Active
A005543,C00400,BR002,Savings,2026-04-28,12433869.09,Active
A005544,C05872,BR050,Current,2026-07-21,1688888743.41,Inactive
A005545,C03980,BR050,Credit,2023-06-22,7788530.41,Active
A005546,C03500,BR047,Current,2026-08-31,38366811.38,Active
A005547,C04071,BR040,Savings,2023-11-02,1243549250.63,Active
A005548,C02034,BR038,Savings,2024-06-03,15555642.31,Active
A005549,C01574,BR041,Current,2024-07-03,8707387.94,Active
A005550,C00426,BR019,Current,2026-08-02,527521068.8,Inactive
A005551,C01326,BR047,Savings,2020-04-25,17532256.88,Active
A005552,C08925,BR013,Current,2024-05-12,7544109.17,Active
A005553,C03464,BR025,Credit,2022-11-17,8855227.3,Active
A005554,C06906,BR018,Current,2025-08-30,21561602.76,Active
A005555,C05995,BR017,Savings,2025-04-13,31652037.66,Active
A005556,C01264,BR041,Savings,2023-05-17,63820438.63,Active
A005557,C00083,BR006,Savings,2023-03-24,331168166.61,Inactive
A005558,C07754,BR025,Savings,2018-12-05,127749796.23,Inactive
A005559,C06010,BR038,Savings,2026-04-06,13066617.48,Active
A005560,C05328,BR005,Savings,2022-11-06,11805772.69,Active
A005561,C02112,BR050,Savings,2023-05-02,47147833.59,Active
A005562,C04407,BR004,Savings,2026-08-11,46578888.33,Active
A005563,C06841,BR008,Current,2025-06-18,126869171.23,Active
A005564,C02873,BR035,Savings,2023-04-30,12821056.69,Active
A005565,C04575,BR036,Credit,2026-06-05,44705514.38,Active
A005566,C02410,BR046,Savings,2025-02-15,57699290.16,Active
A005567,C05908,BR015,Credit,2026-04-12,70352550.13,Active
A005568,C08869,BR011,Savings,2021-09-25,469973824.8,Active
A005569,C06701,BR049,Savings,2025-09-11,16281556.87,Active
A005570,C02106,BR034,Credit,2026-08-18,4130111.15,Closed
A005571,C02351,BR047,Savings,2025-02-17,4333917.17,Active
A005572,C05166,BR047,Current,2025-08-21,363948337.64,Active
A005573,C01392,BR013,Current,2021-09-20,10677293.35,Active
A005574,C05632,BR044,Current,2020-09-06,300705948.37,Active
A005575,C07725,BR036,Current,2026-01-12,12413590.12,Active
A005576,C02367,BR001,Credit,2026-08-04,71435389.57,Active
A005577,C00443,BR005,Savings,2026-01-06,10246509.23,Active
A005578,C03449,BR008,Current,2026-03-12,69256052.2,Active
A005579,C07507,BR024,Savings,2026-08-18,114037094.13,Active
A005580,C02152,BR039,Current,2019-08-05,23539590.78,Closed
A005581,C08370,BR038,Savings,2021-06-01,55912717.85,Active
A005582,C07519,BR043,Current,2026-07-22,23797581.2,Inactive
A005583,C02580,BR028,Savings,2021-01-13,58103212.07,Active
A005584,C00983,BR010,Savings,2025-11-14,72287222.8,Active
A005585,C02790,BR048,Current,2026-05-11,11433329.71,Active
A005586,C03416,BR042,Savings,2025-04-01,287298896.03,Active
A005587,C05066,BR025,Current,2024-12-16,54824626.69,Closed
A005588,C08564,BR006,Savings,2026-08-30,29735189.22,Active
A005589,C08547,BR003,Savings,2021-11-17,220390864.77,Closed
A005590,C02609,BR027,Savings,2026-08-27,19277688.09,Active
A005591,C02023,BR037,Credit,2026-03-06,82232465.74,Closed
A005592,C02612,BR028,Savings,2026-08-19,491316432.57,Active
A005593,C06080,BR017,Current,2026-02-18,823908913.57,Active
A005594,C05271,BR002,Savings,2024-07-17,12309306.56,Active
A005595,C07216,BR028,Current,2022-07-20,44835121.57,Active
A005596,C03325,BR041,Credit,2025-01-19,103348629.43,Active
A005597,C05593,BR009,Savings,2023-10-16,2188087.1,Closed
A005598,C05455,BR023,Savings,2024-10-26,30412233.43,Active
A005599,C02948,BR029,Credit,2022-03-06,32832311.11,Closed
A005600,C08778,BR047,Current,2025-12-01,29826236.02,Active
A005601,C04211,BR013,Savings,2025-08-26,150368542.91,Active
A005602,C04177,BR027,Savings,2024-08-20,100781161.96,Active
A005603,C06956,BR005,Credit,2025-06-27,23173164.82,Active
A005604,C02082,BR009,Savings,2024-05-03,172644779.54,Inactive
A005605,C07141,BR036,Savings,2019-06-15,10090032.57,Closed
A005606,C04627,BR041,Savings,2026-08-08,28298079.18,Inactive
A005607,C07327,BR042,Credit,2025-07-19,38033556.79,Active
A005608,C00563,BR025,Savings,2026-01-02,61320627.01,Active
A005609,C03197,BR007,Savings,2023-06-10,6193039.33,Active
A005610,C00766,BR044,Savings,2023-06-15,20798129.46,Active
A005611,C05223,BR007,Savings,2025-08-10,6950814.46,Active
A005612,C00816,BR002,Current,2018-12-28,39617907.37,Active
A005613,C04311,BR017,Savings,2021-06-25,19990805.02,Active
A005614,C00846,BR041,Savings,2023-02-05,15958871.04,Active
A005615,C04172,BR019,Current,2026-08-24,37489143.48,Active
A005616,C03744,BR018,Current,2026-06-23,11371486.54,Active
A005617,C04906,BR009,Savings,2023-04-22,13474635.31,Active
A005618,C07682,BR049,Savings,2022-10-26,92765946.66,Active
A005619,C01222,BR033,Credit,2022-03-18,7527681.71,Active
A005620,C08831,BR013,Savings,2024-08-29,8411453.8,Active
A005621,C01960,BR029,Savings,2026-08-26,36632254.9,Active
A005622,C09790,BR027,Current,2026-05-07,225601263.78,Active
A005623,C07172,BR018,Savings,2026-04-21,38630087.98,Active
A005624,C02366,BR011,Savings,2022-12-26,568944687.29,Active
A005625,C07853,BR038,Credit,2026-06-08,4349345.53,Active
A005626,C03889,BR038,Current,2024-07-04,22927868.93,Active
A005627,C03916,BR028,Current,2023-12-29,115325955.06,Inactive
A005628,C03732,BR046,Savings,2023-02-14,21039320.42,Active
A005629,C03795,BR014,Credit,2026-03-11,13390544.45,Active
A005630,C00609,BR042,Savings,2024-01-11,7070959.87,Active
A005631,C09683,BR028,Current,2022-01-23,205280137.56,Active
A005632,C02193,BR019,Credit,2026-03-17,13829258.52,Active
A005633,C04907,BR048,Credit,2021-10-17,7398855.11,Active
A005634,C05515,BR047,Savings,2024-09-09,21628786.81,Active
A005635,C09579,BR003,Current,2025-11-15,8279861.36,Active
A005636,C04570,BR022,Savings,2019-05-28,41168212.4,Active
A005637,C02404,BR047,Savings,2026-08-30,61509756.6,Active
A005638,C05991,BR015,Current,2025-04-08,50211706.65,Active
A005639,C06512,BR031,Current,2024-03-24,7230125.54,Active
A005640,C09281,BR037,Savings,2019-11-16,28593505.48,Active
A005641,C01426,BR032,Savings,2020-01-15,13694413.14,Active
A005642,C02096,BR026,Current,2024-02-24,40848665.71,Active
A005643,C06614,BR042,Current,2025-11-01,7571889.34,Inactive
A005644,C09917,BR033,Savings,2024-10-19,3765954.59,Active
A005645,C06947,BR004,Current,2026-08-14,88780397.71,Inactive
A005646,C08909,BR035,Current,2026-03-09,66210121.14,Inactive
A005647,C09226,BR027,Credit,2023-04-28,116014758.94,Inactive
A005648,C03627,BR019,Savings,2024-09-16,196438530.03,Closed
A005649,C03761,BR034,Current,2022-12-30,19564124.33,Inactive
A005650,C00895,BR044,Current,2026-08-25,18110501.62,Active
A005651,C03046,BR036,Savings,2026-05-09,2674493.63,Active
A005652,C05712,BR047,Savings,2024-03-14,21123964.48,Active
A005653,C00191,BR047,Savings,2025-08-01,17166922.28,Active
A005654,C02857,BR035,Savings,2020-01-05,10827760.39,Active
A005655,C02215,BR049,Savings,2024-08-30,13445266.45,Inactive
A005656,C04863,BR022,Savings,2022-07-23,14204655.2,Active
A005657,C05898,BR015,Savings,2026-02-01,12989052.39,Active
A005658,C06448,BR025,Savings,2026-04-17,345442812.62,Active
A005659,C05165,BR041,Savings,2022-08-26,260146135.37,Closed
A005660,C08617,BR041,Savings,2026-03-15,17175795.94,Inactive
A005661,C03462,BR018,Savings,2020-01-04,10858295.33,Active
A005662,C00734,BR026,Savings,2026-04-05,28072631.97,Active
A005663,C02423,BR037,Savings,2026-08-26,17278469.02,Active
A005664,C00208,BR036,Current,2024-11-10,279780312.21,Active
A005665,C02407,BR040,Savings,2024-04-16,3213227.37,Active
A005666,C09427,BR019,Savings,2025-05-25,18223223.21,Active
A005667,C03654,BR039,Current,2024-05-23,11709367.73,Closed
A005668,C01465,BR020,Current,2022-03-13,76669821.92,Active
A005669,C03850,BR050,Savings,2026-04-30,5824562.23,Inactive
A005670,C01564,BR038,Savings,2026-02-25,218180817.17,Active
A005671,C00671,BR043,Savings,2025-08-26,145728726.79,Active
A005672,C00372,BR011,Savings,2026-08-17,217787721.33,Active
A005673,C00142,BR028,Current,2023-05-09,37548507.92,Active
A005674,C02390,BR016,Savings,2026-01-30,24092583.22,Active
A005675,C06264,BR027,Savings,2026-02-23,6014806.59,Inactive
A005676,C01315,BR021,Current,2024-03-19,65546507.73,Active
A005677,C04689,BR031,Credit,2025-12-12,7141637.42,Active
A005678,C03510,BR048,Savings,2020-09-14,12101435.74,Active
A005679,C06172,BR046,Credit,2025-09-26,26405492.18,Active
A005680,C02954,BR024,Current,2024-06-17,27475173.93,Active
A005681,C03788,BR024,Current,2024-07-16,119413509.99,Active
A005682,C03825,BR013,Savings,2026-01-26,254093515.22,Active
A005683,C05284,BR040,Savings,2026-01-21,9230423.21,Active
A005684,C07152,BR028,Current,2026-01-19,113940485.61,Active
A005685,C02572,BR016,Savings,2025-08-15,77828436.94,Active
A005686,C08457,BR013,Savings,2022-12-11,13179111.23,Active
A005687,C06762,BR010,Current,2023-01-21,8475714.94,Active
A005688,C08005,BR048,Savings,2024-10-03,18243091.86,Active
A005689,C02219,BR003,Credit,2022-12-27,17574841.89,Active
A005690,C08178,BR038,Savings,2024-02-18,79096473.31,Active
A005691,C08313,BR021,Current,2026-01-10,104505038.7,Inactive
A005692,C04800,BR047,Savings,2026-02-25,61490346.99,Active
A005693,C02049,BR037,Savings,2024-06-03,52746094.95,Inactive
A005694,C04523,BR044,Savings,2023-09-19,15526017.96,Active
A005695,C04862,BR006,Savings,2024-05-15,50832337.54,Active
A005696,C07714,BR050,Current,2024-01-17,98328654.7,Active
A005697,C06244,BR035,Current,2021-03-06,53736796.14,Active
A005698,C02878,BR028,Current,2023-05-28,9852210.12,Active
A005699,C04960,BR020,Current,2026-02-28,28799564.71,Active
A005700,C09937,BR045,Current,2024-08-27,16220664.69,Active
A005701,C09396,BR017,Current,2025-08-11,21154780.29,Active
A005702,C08857,BR033,Credit,2019-12-27,294229502.01,Active
A005703,C00465,BR047,Current,2024-11-27,111127520.08,Active
A005704,C07511,BR036,Current,2020-01-29,58396020.67,Active
A005705,C03412,BR042,Savings,2022-02-18,5054641.5,Active
A005706,C03038,BR016,Savings,2024-11-19,5646413.68,Active
A005707,C02943,BR047,Savings,2026-03-26,32300632.01,Active
A005708,C00792,BR049,Savings,2026-02-12,297869675.25,Active
A005709,C09620,BR027,Savings,2023-01-16,18883690.23,Active
A005710,C06869,BR040,Current,2023-09-04,9409099.24,Active
A005711,C06254,BR029,Credit,2026-05-22,6959881.98,Active
A005712,C00805,BR005,Savings,2025-01-23,7562213.43,Active
A005713,C06358,BR010,Current,2020-12-30,52222689.15,Active
A005714,C06706,BR045,Credit,2025-07-01,42993733.57,Active
A005715,C09139,BR037,Current,2023-08-05,14644948.2,Active
A005716,C04969,BR028,Savings,2023-09-15,109942776.93,Active
A005717,C00884,BR003,Savings,2025-12-04,95241676.17,Active
A005718,C03681,BR004,Savings,2025-11-16,6025022.96,Active
A005719,C01263,BR038,Savings,2024-06-19,9350052.45,Active
A005720,C05296,BR047,Savings,2026-08-01,200162133.58,Active
A005721,C02990,BR003,Current,2023-09-12,20908795.49,Active
A005722,C07009,BR032,Savings,2021-03-31,10299669.44,Active
A005723,C09837,BR032,Current,2025-10-12,33786786.24,Active
A005724,C06332,BR028,Savings,2024-08-12,6921954.1,Active
A005725,C02267,BR028,Savings,2023-09-04,7263438.26,Active
A005726,C07244,BR040,Savings,2021-10-17,15084619.36,Active
A005727,C08174,BR033,Current,2025-12-02,17477243.35,Active
A005728,C09478,BR038,Credit,2025-08-29,13318133.11,Active
A005729,C08051,BR012,Savings,2019-11-29,14536738.72,Active
A005730,C07479,BR023,Current,2021-08-05,6471912.4,Inactive
A005731,C03315,BR036,Savings,2022-06-25,18964315.58,Active
A005732,C09673,BR007,Current,2025-05-23,196053911.57,Active
A005733,C02462,BR007,Savings,2025-12-31,13168358.33,Active
A005734,C06207,BR041,Current,2023-03-11,70416382.37,Active
A005735,C00646,BR025,Savings,2026-08-26,16029824.89,Active
A005736,C06905,BR036,Savings,2023-05-21,174997210.97,Active
A005737,C06222,BR031,Savings,2025-09-06,7332172.1,Closed
A005738,C09140,BR034,Savings,2023-10-09,47881445.47,Active
A005739,C05953,BR048,Savings,2026-06-05,21010619.34,Active
A005740,C02153,BR006,Savings,2025-04-22,15348147.12,Active
A005741,C09590,BR024,Current,2019-08-04,39592561.92,Active
A005742,C04026,BR047,Current,2025-02-13,5826407.16,Inactive
A005743,C07308,BR020,Savings,2020-09-28,115290901.2,Active
A005744,C01459,BR027,Savings,2021-10-17,21163920.16,Active
A005745,C01934,BR039,Current,2023-06-17,7097099.29,Active
A005746,C02420,BR031,Current,2026-08-16,21683697.25,Active
A005747,C09671,BR036,Current,2025-02-07,18815751.12,Active
A005748,C03010,BR029,Current,2024-01-27,13001434.6,Active
A005749,C08983,BR017,Credit,2024-10-15,29913331.34,Active
A005750,C06040,BR038,Savings,2022-02-17,9493874.48,Active
A005751,C03890,BR041,Savings,2022-12-17,18621320.69,Active
A005752,C05404,BR033,Current,2026-03-03,13500290.11,Active
A005753,C05245,BR016,Savings,2020-01-16,9173260.11,Active
A005754,C01931,BR025,Current,2025-07-14,113754875.02,Active
A005755,C05928,BR006,Savings,2025-06-16,12703297.47,Active
A005756,C02136,BR002,Current,2026-03-14,4616537.82,Active
A005757,C06966,BR020,Current,2025-01-08,3550886.59,Inactive
A005758,C07392,BR015,Current,2024-11-14,28199272.38,Active
A005759,C02407,BR018,Current,2024-07-09,5649517.34,Inactive
A005760,C08637,BR049,Savings,2023-02-14,97280229.76,Active
A005761,C06476,BR048,Savings,2024-03-04,15674132.09,Active
A005762,C01435,BR017,Savings,2021-02-07,61809334.13,Active
A005763,C02886,BR013,Current,2024-03-02,71764144.2,Active
A005764,C09455,BR021,Savings,2024-08-13,17318744.57,Active
A005765,C03409,BR050,Savings,2024-04-03,27455238.49,Closed
A005766,C02851,BR049,Current,2026-07-25,18838509.89,Active
A005767,C03166,BR009,Savings,2024-12-30,12463678.1,Active
A005768,C08023,BR023,Savings,2025-04-15,14772675.15,Active
A005769,C00801,BR018,Credit,2026-01-24,222073091.94,Active
A005770,C02393,BR008,Savings,2024-02-04,35821004.35,Active
A005771,C00531,BR038,Savings,2025-04-07,71495845.74,Active
A005772,C04056,BR015,Savings,2026-08-11,17910083.45,Active
A005773,C04386,BR007,Current,2025-08-22,43300781.73,Active
A005774,C00837,BR035,Savings,2018-04-14,10544840.05,Active
A005775,C09471,BR045,Savings,2026-03-30,5799824.44,Active
A005776,C05438,BR045,Savings,2022-05-17,646496935.19,Active
A005777,C03999,BR001,Current,2025-08-08,9386919.22,Active
A005778,C00423,BR031,Credit,2024-04-28,1301862.39,Active
A005779,C00131,BR045,Current,2019-08-27,2512299411.97,Active
A005780,C02818,BR041,Savings,2026-05-23,9502636.54,Active
A005781,C04815,BR035,Savings,2026-02-13,53432169.35,Active
A005782,C06724,BR040,Savings,2025-06-03,57130581.73,Active
A005783,C00736,BR047,Savings,2025-12-01,34337931.55,Active
A005784,C08814,BR038,Savings,2026-08-25,37238192.34,Active
A005785,C09875,BR037,Current,2022-08-17,9375465.71,Active
A005786,C04831,BR023,Savings,2026-07-18,5201847.47,Inactive
A005787,C02361,BR007,Current,2026-04-23,58710841.91,Active
A005788,C09256,BR002,Savings,2026-08-13,152657140.9,Active
A005789,C04475,BR042,Current,2025-05-09,31313552.43,Closed
A005790,C05154,BR023,Savings,2023-05-06,103480740.93,Active
A005791,C06433,BR036,Current,2026-07-10,24223700.36,Closed
A005792,C06216,BR025,Current,2024-07-11,33768081.34,Active
A005793,C01031,BR027,Savings,2022-09-06,16400943.88,Active
A005794,C08739,BR014,Savings,2026-06-26,7135196.57,Active
A005795,C01528,BR038,Savings,2025-11-06,4937690.87,Active
A005796,C01576,BR047,Current,2025-06-28,20838721.48,Active
A005797,C02028,BR005,Credit,2026-08-02,37885552.76,Active
A005798,C02999,BR020,Savings,2024-12-02,11038124.47,Inactive
A005799,C07937,BR021,Savings,2026-08-28,68966274.52,Active
A005800,C05343,BR047,Current,2022-12-30,6034721.37,Active
A005801,C02126,BR038,Current,2026-02-19,15086856.25,Active
A005802,C07558,BR007,Savings,2018-10-23,27552990.86,Active
A005803,C07131,BR012,Savings,2025-12-20,28255055.31,Active
A005804,C03318,BR037,Savings,2026-06-26,23200901.64,Inactive
A005805,C08145,BR008,Current,2026-05-03,51889933.8,Active
A005806,C03123,BR038,Credit,2025-09-03,8916887.64,Active
A005807,C00812,BR032,Current,2026-02-19,28342821.26,Active
A005808,C07070,BR002,Savings,2022-08-28,28721596.95,Active
A005809,C00505,BR040,Credit,2025-08-21,70925508.12,Closed
A005810,C06286,BR049,Current,2022-04-11,59365087.4,Active
A005811,C00074,BR038,Savings,2023-08-19,38162290.79,Inactive
A005812,C03598,BR023,Savings,2026-06-30,11246885.76,Active
A005813,C09793,BR045,Savings,2026-02-24,635669601.65,Closed
A005814,C01800,BR001,Savings,2022-02-17,13444574.76,Inactive
A005815,C06518,BR034,Savings,2022-09-30,6488451.97,Active
A005816,C05525,BR028,Savings,2024-04-09,247310623.78,Active
A005817,C07007,BR043,Current,2025-08-10,87014203.3,Active
A005818,C05211,BR044,Current,2026-08-26,198212159.68,Active
A005819,C01546,BR011,Current,2026-03-04,115041003.88,Active
A005820,C09544,BR038,Current,2026-02-23,5344401.49,Inactive
A005821,C06467,BR046,Savings,2024-05-22,61620133.02,Active
A005822,C05002,BR041,Savings,2025-10-10,69976068.7,Active
A005823,C04995,BR047,Current,2022-04-20,53131146.51,Active
A005824,C04146,BR032,Current,2024-08-29,47751671.28,Closed
A005825,C02662,BR048,Current,2026-07-27,13510123.13,Active
A005826,C07729,BR019,Savings,2023-01-23,5830658.17,Active
A005827,C03934,BR040,Savings,2023-05-02,10272611.24,Active
A005828,C06932,BR003,Savings,2026-07-18,5383075.48,Inactive
A005829,C07228,BR033,Credit,2021-02-02,7563056.74,Active
A005830,C01618,BR026,Savings,2025-12-26,172316810.66,Active
A005831,C02179,BR047,Savings,2024-03-14,3270710.07,Active
A005832,C02759,BR010,Current,2022-08-27,230669023.15,Active
A005833,C04315,BR021,Savings,2021-07-15,92734313.07,Inactive
A005834,C05982,BR042,Current,2025-10-25,8662708.87,Active
A005835,C00769,BR009,Current,2021-07-22,93434163.74,Active
A005836,C06303,BR038,Current,2026-08-31,44575766.49,Active
A005837,C05799,BR036,Current,2020-08-04,12333057.5,Active
A005838,C04725,BR028,Credit,2023-08-17,633785632.35,Active
A005839,C06847,BR027,Credit,2024-03-04,17456814.75,Active
A005840,C06232,BR033,Savings,2022-10-14,52969565.2,Active
A005841,C01647,BR027,Savings,2023-11-21,3192864.1,Active
A005842,C00289,BR028,Savings,2023-12-05,28109898.61,Active
A005843,C01778,BR047,Current,2019-06-18,254721549.39,Inactive
A005844,C01993,BR005,Savings,2021-06-07,49879048.27,Inactive
A005845,C01152,BR047,Current,2024-02-21,27402170.62,Active
A005846,C08742,BR039,Savings,2024-10-31,143433501.52,Active
A005847,C09671,BR036,Savings,2022-03-07,50200721.12,Active
A005848,C05802,BR038,Current,2026-03-21,109604065.44,Inactive
A005849,C07124,BR010,Current,2024-09-15,126529280.59,Active
A005850,C07083,BR041,Savings,2021-03-10,109327317.55,Active
A005851,C03438,BR042,Current,2025-10-02,27858429.77,Active
A005852,C04710,BR038,Savings,2026-03-22,34581330.97,Active
A005853,C05122,BR023,Savings,2026-08-06,9972942.42,Active
A005854,C08280,BR029,Current,2022-01-20,585721792.79,Active
A005855,C09578,BR029,Savings,2025-04-02,30438984.66,Active
A005856,C02457,BR020,Savings,2026-03-20,13036760.13,Active
A005857,C06008,BR011,Credit,2026-07-11,13023593.45,Inactive
A005858,C02558,BR026,Savings,2026-04-29,28282463.62,Closed
A005859,C08792,BR015,Credit,2023-07-25,25733340.06,Active
A005860,C00145,BR003,Savings,2025-03-18,39443469.08,Active
A005861,C05001,BR002,Credit,2024-07-02,47722316.36,Active
A005862,C06377,BR022,Savings,2024-03-06,35437080.89,Active
A005863,C08292,BR050,Current,2023-12-08,35939671.99,Active
A005864,C04711,BR026,Current,2022-08-18,9659426.54,Active
A005865,C05265,BR034,Current,2026-01-03,17101923.86,Active
A005866,C00608,BR036,Credit,2022-10-29,17972452.5,Closed
A005867,C09953,BR045,Savings,2023-04-18,17570408.53,Active
A005868,C07194,BR044,Savings,2026-08-23,25729792.45,Active
A005869,C06494,BR007,Savings,2026-05-15,20516261.17,Active
A005870,C06924,BR017,Current,2024-05-23,28077526.99,Active
A005871,C07730,BR048,Savings,2026-07-08,110748360.69,Active
A005872,C04702,BR049,Savings,2026-02-22,127277398.85,Active
A005873,C04380,BR016,Savings,2025-07-04,18613543.5,Active
A005874,C06866,BR010,Savings,2026-08-31,53910092.37,Active
A005875,C04573,BR027,Savings,2026-02-16,6175811.05,Active
A005876,C08310,BR005,Credit,2021-06-02,65309578.48,Active
A005877,C07044,BR045,Savings,2022-09-29,17368160.62,Active
A005878,C08628,BR022,Credit,2021-03-23,18316278.93,Active
A005879,C05388,BR015,Savings,2026-03-19,34913375.13,Active
A005880,C07918,BR027,Credit,2026-07-13,42687131.14,Active
A005881,C09391,BR032,Current,2022-02-24,19630311.28,Active
A005882,C03374,BR042,Savings,2025-10-26,22685712.08,Active
A005883,C05517,BR018,Current,2025-04-28,85519374.95,Active
A005884,C03261,BR033,Current,2022-09-07,27711031.2,Closed
A005885,C00933,BR039,Credit,2024-05-20,112496074.97,Active
A005886,C01828,BR029,Current,2025-06-15,14360189.01,Active
A005887,C01506,BR019,Current,2026-08-30,83900892.8,Closed
A005888,C00041,BR022,Savings,2022-01-27,9690088.03,Active
A005889,C06162,BR003,Current,2024-12-28,221438855.59,Active
A005890,C06683,BR007,Savings,2024-04-19,5076468.59,Active
A005891,C07499,BR043,Current,2023-03-02,28758789.16,Active
A005892,C01886,BR021,Savings,2025-10-31,47337598.9,Active
A005893,C04285,BR038,Current,2022-10-29,3261786.15,Active
A005894,C06891,BR037,Savings,2024-08-04,16763613.25,Active
A005895,C07681,BR048,Savings,2024-04-15,26585911.54,Active
A005896,C01451,BR038,Credit,2026-08-30,18349844.21,Active
A005897,C07919,BR035,Current,2021-10-20,20299067.51,Active
A005898,C09732,BR003,Savings,2026-05-20,16727076.12,Active
A005899,C06897,BR003,Current,2026-08-21,6250440.49,Active
A005900,C01833,BR011,Savings,2021-07-27,99732008.62,Active
A005901,C03178,BR028,Current,2023-07-30,233948934.72,Active
A005902,C03509,BR009,Savings,2021-05-25,21229233.96,Active
A005903,C02403,BR037,Savings,2025-05-03,8940383.27,Active
A005904,C03769,BR004,Savings,2023-11-28,16263484.85,Active
A005905,C05310,BR047,Savings,2022-09-07,7159498.25,Active
A005906,C06638,BR018,Current,2025-05-01,4711304.56,Active
A005907,C00974,BR027,Current,2023-11-06,35920358.81,Active
A005908,C00430,BR001,Savings,2024-05-16,9230892.95,Active
A005909,C06727,BR049,Savings,2022-01-17,55821700.81,Active
A005910,C01930,BR028,Savings,2025-05-04,6401841.16,Active
A005911,C01145,BR033,Savings,2023-07-27,85443164.63,Active
A005912,C08684,BR034,Current,2024-12-20,8456060.37,Active
A005913,C07614,BR019,Savings,2026-04-12,160240361.37,Active
A005914,C03997,BR032,Current,2024-12-02,19099872.5,Active
A005915,C04047,BR042,Savings,2025-11-29,9493331.19,Inactive
A005916,C05660,BR002,Savings,2021-10-10,29613686.69,Active
A005917,C02428,BR040,Current,2021-12-30,15095589.57,Active
A005918,C03964,BR029,Savings,2026-05-03,81212929.81,Closed
A005919,C07733,BR018,Current,2023-08-25,4655001.71,Active
A005920,C04195,BR002,Savings,2025-03-27,330651267.76,Active
A005921,C00249,BR038,Savings,2024-10-12,100193957.48,Active
A005922,C06067,BR038,Current,2024-11-15,43593308.28,Active
A005923,C00263,BR046,Savings,2026-07-23,8219713.03,Inactive
A005924,C08256,BR035,Savings,2026-07-18,92808395.07,Active
A005925,C02725,BR042,Savings,2021-03-16,23418934.33,Active
A005926,C04855,BR027,Savings,2024-02-12,4448294.22,Inactive
A005927,C03385,BR015,Current,2025-07-02,7628503.63,Active
A005928,C05655,BR030,Current,2024-09-13,216312917.1,Active
A005929,C08379,BR007,Savings,2025-12-17,191002598.9,Inactive
A005930,C02218,BR050,Credit,2026-02-17,15218700.78,Active
A005931,C01133,BR022,Savings,2026-02-19,16911339.34,Active
A005932,C03533,BR040,Current,2024-01-26,35403101.99,Active
A005933,C01999,BR009,Savings,2026-07-18,201751461.82,Active
A005934,C00886,BR007,Current,2026-03-31,6806217.49,Active
A005935,C09850,BR005,Savings,2026-03-15,144509523.57,Active
A005936,C09583,BR040,Savings,2026-05-07,206119540.2,Active
A005937,C09916,BR046,Savings,2026-02-11,15589141.97,Closed
A005938,C05897,BR013,Current,2025-12-09,157488838.79,Active
A005939,C00625,BR034,Savings,2025-10-20,65769879.0,Active
A005940,C00391,BR047,Savings,2026-01-25,18586309.11,Active
A005941,C06104,BR042,Savings,2025-04-05,13037225.27,Inactive
A005942,C08629,BR019,Savings,2022-12-07,14218840.98,Closed
A005943,C07431,BR020,Current,2025-11-20,8278484.16,Active
A005944,C06357,BR040,Savings,2021-05-16,46810988.85,Active
A005945,C01120,BR029,Current,2026-01-22,21369733.79,Active
A005946,C01663,BR022,Credit,2024-08-05,306977144.45,Active
A005947,C05350,BR018,Current,2025-10-18,19493976.93,Active
A005948,C05958,BR005,Savings,2024-11-11,4554434.08,Active
A005949,C00785,BR045,Credit,2020-06-17,13928751.28,Active
A005950,C00415,BR007,Savings,2026-08-17,34197224.34,Active
A005951,C05299,BR044,Savings,2022-12-27,36553598.69,Active
A005952,C06251,BR027,Current,2025-12-19,15199633.75,Active
A005953,C03507,BR038,Savings,2024-09-20,3401997.48,Active
A005954,C05271,BR007,Savings,2025-09-28,5278703.84,Active
A005955,C00240,BR031,Savings,2023-10-13,140806872.94,Active
A005956,C07788,BR042,Savings,2026-07-07,11712103.17,Active
A005957,C07762,BR044,Current,2021-05-25,64438320.41,Active
A005958,C08133,BR037,Savings,2026-02-27,21200074.36,Active
A005959,C09251,BR001,Current,2026-04-02,115982996.69,Active
A005960,C01550,BR009,Current,2025-10-26,6339909.93,Active
A005961,C08025,BR038,Savings,2026-06-22,61096395.49,Inactive
A005962,C04453,BR006,Current,2022-12-02,194770941.44,Active
A005963,C05137,BR034,Savings,2025-06-30,6396153.6,Active
A005964,C07703,BR011,Credit,2023-07-19,25512402.39,Active
A005965,C05332,BR042,Current,2018-12-23,29954000.66,Active
A005966,C09446,BR050,Credit,2021-06-11,20639360.5,Active
A005967,C06444,BR027,Savings,2026-08-24,180454632.0,Active
A005968,C01657,BR037,Savings,2025-10-01,19543333.47,Active
A005969,C08301,BR019,Savings,2026-08-31,3247571.48,Closed
A005970,C01751,BR035,Savings,2023-08-28,43226667.85,Active
A005971,C05306,BR013,Savings,2022-12-15,5309671.99,Active
A005972,C00804,BR047,Current,2026-08-24,6120740.07,Active
A005973,C00602,BR050,Current,2025-07-21,86724048.68,Active
A005974,C09155,BR046,Savings,2024-05-24,17661336.1,Active
A005975,C03855,BR015,Savings,2021-12-22,76028070.12,Active
A005976,C05127,BR005,Savings,2023-10-01,6171536.59,Active
A005977,C00045,BR017,Savings,2026-04-04,37141264.27,Active
A005978,C03542,BR033,Savings,2026-01-26,3893431.26,Active
A005979,C04767,BR007,Savings,2025-11-07,4578791.09,Active
A005980,C06002,BR002,Savings,2021-04-24,13769609.91,Active
A005981,C06147,BR007,Savings,2021-12-05,5455711.36,Active
A005982,C07660,BR024,Current,2026-07-27,39890987.54,Active
A005983,C09637,BR019,Current,2024-12-28,35067556.61,Active
A005984,C01776,BR001,Savings,2023-06-29,237922654.85,Active
A005985,C07194,BR011,Savings,2026-08-12,34334405.72,Active
A005986,C07071,BR013,Current,2026-07-12,40289657.15,Active
A005987,C02457,BR020,Current,2025-09-06,67879561.98,Active
A005988,C08464,BR044,Current,2022-11-09,84680570.34,Active
A005989,C04847,BR019,Savings,2022-12-09,6670337.94,Active
A005990,C00388,BR002,Savings,2023-04-10,13813465.82,Active
A005991,C04242,BR030,Savings,2025-03-20,9532602.04,Active
A005992,C08332,BR022,Savings,2026-05-10,48695798.04,Active
A005993,C06351,BR002,Savings,2025-02-20,16924003.68,Active
A005994,C00004,BR022,Savings,2023-11-19,11689451.22,Active
A005995,C02509,BR038,Current,2025-11-12,8217634.99,Active
A005996,C07032,BR044,Savings,2026-06-18,12326214.9,Active
A005997,C05684,BR022,Current,2024-05-16,23271582.3,Active
A005998,C07562,BR050,Credit,2023-12-22,156259592.59,Active
A005999,C07515,BR032,Current,2026-01-08,4160815.42,Active
A006000,C03289,BR022,Credit,2025-09-22,64701596.35,Active
A006001,C09712,BR040,Current,2026-02-25,13396260.98,Active
A006002,C03544,BR040,Savings,2021-11-15,5824272.99,Active
A006003,C03990,BR022,Current,2020-11-17,13630168.59,Active
A006004,C07509,BR035,Savings,2024-01-31,88732263.58,Active
A006005,C01665,BR008,Savings,2024-11-24,22717097.56,Inactive
A006006,C06344,BR027,Savings,2022-10-11,84439664.74,Active
A006007,C02137,BR038,Credit,2025-08-18,7413411.12,Active
A006008,C04268,BR047,Savings,2024-03-05,75013959.52,Active
A006009,C01330,BR044,Current,2024-11-17,142938629.64,Active
A006010,C06390,BR022,Current,2026-04-10,23341339.05,Active
A006011,C07686,BR009,Current,2024-03-14,33512389.51,Active
A006012,C04207,BR024,Current,2024-03-02,18242199.04,Active
A006013,C02911,BR018,Savings,2024-01-06,41975701.26,Active
A006014,C02309,BR030,Savings,2025-05-19,83249073.52,Active
A006015,C07502,BR021,Savings,2025-11-25,15020984.19,Active
A006016,C05943,BR036,Savings,2022-12-09,24934016.21,Inactive
A006017,C03486,BR029,Current,2025-03-03,52938784.58,Active
A006018,C08418,BR038,Savings,2024-09-29,230548364.65,Active
A006019,C06839,BR016,Savings,2025-04-22,121148849.83,Inactive
A006020,C03080,BR028,Current,2022-11-28,22676739.06,Active
A006021,C08469,BR029,Savings,2025-04-20,610798479.12,Active
A006022,C00481,BR024,Current,2026-07-14,33001299.25,Active
A006023,C06848,BR043,Current,2024-05-16,42395225.62,Active
A006024,C08385,BR048,Current,2022-07-11,12413479.44,Active
A006025,C09931,BR030,Savings,2025-01-30,43055898.34,Active
A006026,C04496,BR049,Savings,2024-07-08,19736037.76,Active
A006027,C03812,BR018,Current,2026-03-13,25249225.93,Active
A006028,C06410,BR046,Credit,2026-03-30,210480110.08,Active
A006029,C05770,BR017,Credit,2023-02-17,27267622.28,Active
A006030,C04078,BR048,Current,2025-03-29,31213373.84,Active
A006031,C02868,BR031,Credit,2026-08-21,10984831.59,Inactive
A006032,C04654,BR031,Credit,2026-07-05,228342048.0,Inactive
A006033,C02524,BR036,Current,2025-08-06,26169629.79,Active
A006034,C02680,BR049,Savings,2024-11-16,16591703.4,Active
A006035,C06849,BR048,Current,2026-04-02,36194591.83,Inactive
A006036,C03948,BR012,Savings,2025-12-08,118903780.56,Active
A006037,C08401,BR023,Savings,2026-07-27,5887965.96,Active
A006038,C04070,BR006,Savings,2026-08-08,7885803.38,Active
A006039,C05382,BR028,Savings,2021-01-24,128546980.97,Active
A006040,C08353,BR002,Savings,2022-08-04,21102807.21,Active
A006041,C09764,BR020,Savings,2025-08-01,17474557.12,Active
A006042,C04519,BR028,Current,2023-01-07,13677355.85,Active
A006043,C00769,BR009,Credit,2023-04-18,186406884.46,Inactive
A006044,C05056,BR002,Current,2026-02-04,121152253.52,Active
A006045,C06411,BR038,Credit,2026-07-23,8810105.09,Active
A006046,C04670,BR047,Current,2025-06-21,13881386.19,Active
A006047,C02917,BR035,Savings,2026-06-02,62584500.07,Active
A006048,C03101,BR023,Savings,2021-06-03,26959673.69,Inactive
A006049,C06460,BR040,Current,2024-01-31,930617090.81,Active
A006050,C06511,BR041,Current,2024-01-31,54860655.24,Inactive
A006051,C09111,BR018,Current,2024-12-21,136828652.66,Active
A006052,C02260,BR048,Savings,2023-07-25,112563379.25,Active
A006053,C01503,BR029,Savings,2026-03-29,9471126.12,Active
A006054,C02126,BR038,Savings,2026-01-06,7693822.69,Active
A006055,C09648,BR040,Savings,2023-08-20,48595242.53,Active
A006056,C01609,BR029,Savings,2019-12-21,16548840.8,Active
A006057,C02199,BR019,Savings,2026-01-13,4989311.59,Inactive
A006058,C08621,BR027,Current,2025-09-22,11648761.02,Active
A006059,C04896,BR023,Savings,2023-11-20,95677933.56,Active
A006060,C08303,BR015,Savings,2026-07-05,8944614.42,Active
A006061,C05862,BR040,Current,2022-07-23,6661346.57,Active
A006062,C00567,BR039,Current,2024-08-14,69178231.48,Active
A006063,C06335,BR043,Savings,2023-05-20,6400803.09,Active
A006064,C02155,BR028,Savings,2026-02-25,24932072.64,Active
A006065,C06612,BR028,Credit,2021-08-02,3167701.75,Active
A006066,C06920,BR008,Savings,2024-06-12,16125310.91,Active
A006067,C02960,BR017,Current,2021-03-09,22729374.34,Active
A006068,C05168,BR015,Savings,2026-03-16,13951921.06,Active
A006069,C08280,BR029,Savings,2022-04-16,839252380.35,Closed
A006070,C05464,BR036,Current,2026-07-04,5010828.21,Active
A006071,C02699,BR038,Savings,2026-06-26,48972748.18,Active
A006072,C07295,BR030,Current,2025-05-17,11519283.81,Active
A006073,C08867,BR006,Savings,2025-08-29,26528771.38,Active
A006074,C05947,BR003,Savings,2022-01-21,17865228.29,Active
A006075,C08861,BR008,Savings,2023-03-11,1944239040.49,Inactive
A006076,C01670,BR032,Savings,2025-12-14,7872860.64,Active
A006077,C05632,BR044,Current,2020-01-02,30130393.28,Active
A006078,C04622,BR008,Current,2026-04-02,62760217.12,Active
A006079,C05357,BR023,Savings,2021-04-27,4774853.7,Active
A006080,C04371,BR012,Credit,2026-08-21,25906667.56,Active
A006081,C00478,BR044,Current,2026-01-15,6855931.35,Inactive
A006082,C01578,BR001,Savings,2025-07-16,2865077.84,Active
A006083,C02890,BR018,Current,2023-08-27,11114195.51,Active
A006084,C03927,BR042,Current,2023-04-13,30804173.1,Inactive
A006085,C04334,BR049,Current,2026-08-28,5644227.44,Closed
A006086,C06899,BR025,Savings,2024-01-02,23781928.45,Active
A006087,C08323,BR023,Savings,2023-10-17,27614501.46,Active
A006088,C05633,BR008,Current,2024-11-02,32846445.52,Active
A006089,C07232,BR023,Current,2022-03-23,12501406.65,Active
A006090,C03995,BR045,Current,2019-01-12,52969170.68,Active
A006091,C02429,BR010,Savings,2024-10-14,25242379.22,Active
A006092,C05331,BR044,Current,2025-11-30,12168567.95,Active
A006093,C00987,BR033,Current,2025-06-13,20911235.25,Active
A006094,C07695,BR010,Savings,2026-07-28,8669746.52,Active
A006095,C09021,BR047,Savings,2021-05-30,36561901.07,Active
A006096,C07717,BR037,Savings,2025-09-04,36549161.79,Inactive
A006097,C09435,BR010,Current,2021-10-21,87065505.77,Active
A006098,C00978,BR025,Savings,2026-07-12,18040425.96,Active
A006099,C09355,BR038,Savings,2025-09-02,6746424.77,Active
A006100,C07110,BR002,Savings,2024-08-04,5085640.9,Active
A006101,C02202,BR045,Current,2025-05-18,11098016.58,Active
A006102,C01323,BR033,Savings,2023-07-01,75252222.49,Active
A006103,C08963,BR046,Savings,2024-12-15,818959926.12,Active
A006104,C01892,BR024,Current,2021-03-11,31374404.01,Active
A006105,C05829,BR001,Savings,2025-01-28,91050077.42,Active
A006106,C07983,BR023,Savings,2026-03-12,38880054.78,Active
A006107,C09598,BR007,Current,2025-09-04,7051647.36,Active
A006108,C01156,BR007,Savings,2022-06-28,35513741.67,Active
A006109,C03923,BR023,Savings,2025-02-06,46003916.52,Active
A006110,C02392,BR005,Savings,2023-05-18,40439451.27,Active
A006111,C09421,BR002,Current,2024-02-06,14840694.4,Active
A006112,C07469,BR030,Savings,2023-12-16,19751431.33,Inactive
A006113,C00535,BR012,Savings,2023-08-03,26901335.5,Active
A006114,C03488,BR049,Savings,2025-08-29,28665285.0,Active
A006115,C05692,BR030,Savings,2024-01-12,58114813.48,Active
A006116,C03862,BR012,Savings,2022-06-27,11145574.78,Active
A006117,C08897,BR007,Savings,2025-02-06,13202602.6,Active
A006118,C01956,BR043,Current,2023-11-17,20788924.44,Active
A006119,C07128,BR005,Savings,2023-07-18,2262041.36,Inactive
A006120,C03288,BR010,Current,2025-01-21,42493482.52,Active
A006121,C05180,BR049,Savings,2024-12-02,44933304.47,Active
A006122,C03087,BR016,Credit,2024-09-06,1544019626.77,Active
A006123,C09430,BR047,Current,2023-12-25,44897029.84,Active
A006124,C09179,BR038,Savings,2022-03-26,52552173.26,Active
A006125,C09214,BR041,Credit,2025-01-02,8915675.67,Active
A006126,C02796,BR038,Savings,2026-08-29,4142623.37,Active
A006127,C00497,BR034,Current,2025-01-09,37382736.99,Active
A006128,C06946,BR038,Current,2023-05-24,10494868.46,Active
A006129,C06697,BR019,Current,2024-06-01,2246708.86,Active
A006130,C08179,BR043,Current,2026-04-10,10254428.38,Active
A006131,C07059,BR028,Current,2021-10-10,12765009.3,Active
A006132,C00155,BR028,Savings,2026-08-19,5325536.32,Active
A006133,C06335,BR006,Savings,2026-03-19,6525138.13,Active
A006134,C07593,BR033,Credit,2023-12-03,12573248.02,Active
A006135,C02720,BR022,Savings,2021-11-03,19947013.64,Active
A006136,C02784,BR042,Savings,2019-04-20,42881940.38,Active
A006137,C07734,BR048,Credit,2025-05-22,18950916.39,Active
A006138,C03182,BR049,Credit,2026-07-28,16735412.9,Closed
A006139,C07397,BR039,Savings,2022-11-30,15573315.24,Active
A006140,C05635,BR019,Savings,2025-04-01,8903450.53,Closed
A006141,C05554,BR028,Savings,2025-05-13,5162115.75,Active
A006142,C04127,BR028,Savings,2024-10-15,262314199.66,Active
A006143,C05701,BR041,Savings,2020-06-08,24836017.9,Active
A006144,C08418,BR038,Savings,2023-12-06,161747874.37,Active
A006145,C07788,BR012,Savings,2026-08-30,14029278.3,Closed
A006146,C07297,BR021,Current,2026-01-08,13155367.46,Inactive
A006147,C07894,BR003,Current,2023-10-05,22210784.2,Active
A006148,C00738,BR001,Current,2024-06-08,3456648.65,Active
A006149,C01651,BR028,Savings,2023-02-17,6149282.61,Active
A006150,C03282,BR001,Savings,2026-06-27,7923478.38,Active
A006151,C02547,BR004,Savings,2026-08-18,10426984.02,Active
A006152,C00087,BR009,Savings,2024-11-09,7420850.38,Active
A006153,C02093,BR022,Savings,2025-12-14,19575835.08,Active
A006154,C03935,BR011,Current,2021-06-23,16009911.33,Active
A006155,C04663,BR027,Current,2024-06-27,45711136.39,Active
A006156,C04262,BR036,Current,2025-01-18,108533353.01,Active
A006157,C08020,BR038,Current,2022-04-17,33050327.21,Active
A006158,C00936,BR015,Savings,2020-10-01,16876031.69,Active
A006159,C01239,BR004,Current,2026-01-21,88578994.7,Active
A006160,C08240,BR028,Savings,2026-04-05,14830587.12,Active
A006161,C04383,BR046,Savings,2026-06-17,6297738.15,Active
A006162,C05437,BR037,Current,2024-12-09,42097502.79,Inactive
A006163,C04633,BR015,Savings,2022-04-14,94661802.21,Active
A006164,C09798,BR045,Current,2025-05-28,7041140.38,Inactive
A006165,C05870,BR035,Current,2026-08-07,89435439.19,Active
A006166,C06314,BR008,Savings,2024-09-06,12320818.26,Active
A006167,C04293,BR041,Current,2025-09-15,16799960.3,Active
A006168,C03864,BR040,Savings,2026-07-28,163251634.14,Active
A006169,C08598,BR040,Savings,2025-07-12,17013813.87,Active
A006170,C01060,BR050,Savings,2023-12-02,7413392.3,Active
A006171,C08771,BR033,Savings,2026-05-13,398014979.46,Active
A006172,C03020,BR013,Current,2026-03-30,43797077.83,Active
A006173,C05375,BR034,Current,2025-10-10,431263915.0,Active
A006174,C08948,BR007,Current,2021-02-15,452790461.19,Active
A006175,C03563,BR005,Savings,2025-03-09,672968395.88,Active
A006176,C03686,BR032,Current,2025-09-04,4880284.54,Active
A006177,C01003,BR025,Credit,2023-04-04,59334294.45,Active
A006178,C00970,BR019,Savings,2025-01-07,6446763.4,Active
A006179,C08509,BR043,Current,2025-08-24,30319134.02,Active
A006180,C07101,BR016,Current,2021-05-15,134944505.8,Active
A006181,C09111,BR040,Savings,2025-11-19,42542781.01,Active
A006182,C07183,BR042,Savings,2022-08-15,33621277.0,Active
A006183,C04084,BR029,Credit,2025-09-25,113351722.28,Active
A006184,C04063,BR044,Current,2026-03-29,300368990.07,Active
A006185,C06667,BR035,Savings,2026-03-14,408558926.8,Active
A006186,C09089,BR049,Current,2023-06-05,320890033.37,Active
A006187,C08368,BR025,Savings,2026-07-29,9936751.72,Active
A006188,C09829,BR033,Savings,2024-06-21,3718669.65,Active
A006189,C00768,BR028,Savings,2025-08-23,11628606.61,Active
A006190,C09384,BR038,Current,2024-08-05,12029133.34,Active
A006191,C06107,BR028,Current,2023-04-17,18498631.33,Active
A006192,C03616,BR044,Savings,2024-02-03,29543225.35,Active
A006193,C08744,BR018,Savings,2026-08-16,12389389.64,Active
A006194,C05719,BR044,Savings,2023-05-16,23784909.26,Active
A006195,C03252,BR023,Current,2021-05-24,25750600.35,Active
A006196,C07386,BR047,Credit,2026-01-28,21761797.22,Active
A006197,C08669,BR040,Savings,2022-02-23,26395023.48,Closed
A006198,C03551,BR049,Savings,2020-05-02,67317813.9,Active
A006199,C04878,BR015,Current,2022-02-22,12936354.15,Active
A006200,C06135,BR032,Savings,2020-12-31,2262426.49,Active
A006201,C05170,BR003,Current,2024-10-23,227585603.89,Active
A006202,C03093,BR044,Current,2026-07-08,17278955.38,Active
A006203,C09105,BR037,Savings,2026-05-13,4405623.79,Active
A006204,C00355,BR005,Savings,2024-03-30,20251147.55,Active
A006205,C06631,BR023,Current,2025-09-14,19759471.65,Inactive
A006206,C02664,BR025,Savings,2026-06-17,930729304.14,Active
A006207,C03737,BR049,Savings,2025-11-25,11708313.98,Active
A006208,C09064,BR047,Savings,2026-03-20,15144645.79,Inactive
A006209,C03712,BR002,Savings,2024-12-07,8969267.04,Active
A006210,C07202,BR044,Current,2022-01-31,24201366.35,Active
A006211,C00474,BR025,Savings,2021-03-13,46227894.62,Active
A006212,C00012,BR036,Savings,2023-11-18,7342341.43,Active
A006213,C06227,BR031,Savings,2026-01-31,76292020.96,Active
A006214,C08030,BR021,Savings,2025-03-05,5625777.63,Active
A006215,C00848,BR044,Credit,2026-07-11,245554394.2,Active
A006216,C04517,BR038,Savings,2026-07-31,308312335.08,Active
A006217,C01248,BR038,Current,2025-09-23,58236573.9,Active
A006218,C06270,BR019,Current,2025-08-29,4946964.7,Closed
A006219,C06737,BR048,Savings,2026-04-24,19635199.18,Active
A006220,C09956,BR045,Current,2025-02-13,10199800.76,Active
A006221,C00427,BR023,Savings,2025-11-29,38389926.99,Active
A006222,C00521,BR047,Savings,2023-11-19,7991135.98,Active
A006223,C04619,BR037,Current,2022-06-22,117118458.73,Active
A006224,C02971,BR046,Savings,2019-06-07,16432236.94,Active
A006225,C07789,BR033,Current,2026-08-20,8732406.52,Active
A006226,C04305,BR027,Savings,2026-03-23,94638229.77,Active
A006227,C04559,BR034,Savings,2023-08-23,30291775.74,Active
A006228,C05880,BR041,Savings,2024-12-06,16079240.28,Inactive
A006229,C07049,BR013,Current,2026-06-30,16214046.48,Active
A006230,C00522,BR023,Savings,2023-03-03,7461999.88,Active
A006231,C08974,BR050,Current,2020-03-28,37465257.6,Active
A006232,C06882,BR048,Current,2025-01-12,166202884.75,Active
A006233,C00573,BR044,Savings,2025-04-06,10800612.55,Active
A006234,C01681,BR047,Savings,2026-07-26,13580289.41,Active
A006235,C01827,BR020,Credit,2025-03-08,46498810.85,Active
A006236,C05494,BR040,Current,2026-01-14,6056872.3,Active
A006237,C09713,BR043,Savings,2022-08-19,24324423.17,Active
A006238,C08823,BR005,Savings,2026-07-27,9594204.16,Active
A006239,C02071,BR042,Current,2026-07-09,277738812.42,Active
A006240,C01005,BR012,Credit,2021-06-05,83633097.49,Active
A006241,C08962,BR041,Current,2025-07-17,41114177.59,Active
A006242,C00995,BR034,Savings,2026-08-06,8157912.56,Active
A006243,C07165,BR011,Current,2026-08-18,5524690.65,Active
A006244,C03069,BR047,Current,2026-08-22,12436586.29,Active
A006245,C08759,BR025,Current,2025-04-28,18507887.04,Active
A006246,C09195,BR001,Current,2024-03-18,9968846.25,Active
A006247,C02495,BR038,Savings,2024-08-24,27514032.36,Active
A006248,C02051,BR030,Credit,2021-05-30,12680778.55,Active
A006249,C07985,BR024,Savings,2021-12-12,2837434.99,Active
A006250,C04153,BR038,Current,2023-01-03,23343061.42,Active
A006251,C07612,BR010,Savings,2021-10-22,43131375.12,Active
A006252,C03773,BR028,Credit,2026-08-02,62110090.74,Active
A006253,C05858,BR003,Savings,2025-11-15,237274684.69,Active
A006254,C01004,BR032,Savings,2025-05-31,276716866.7,Active
A006255,C05336,BR010,Savings,2024-09-18,9465517.45,Active
A006256,C00558,BR041,Savings,2026-03-09,23814139.61,Active
A006257,C05292,BR022,Current,2026-05-12,9642984.04,Active
A006258,C02346,BR022,Savings,2024-10-03,11923983.81,Active
A006259,C04289,BR026,Savings,2026-04-04,215575850.6,Active
A006260,C05342,BR008,Current,2026-01-31,23926486.29,Active
A006261,C09530,BR008,Savings,2022-02-20,16185153.64,Active
A006262,C03257,BR007,Savings,2019-03-20,97880016.34,Active
A006263,C06826,BR015,Savings,2025-04-07,8769228.26,Active
A006264,C02015,BR018,Savings,2025-09-08,35812019.25,Active
A006265,C03057,BR011,Savings,2026-03-05,10582334.22,Active
A006266,C01223,BR047,Current,2026-08-31,9009510.5,Active
A006267,C06862,BR047,Savings,2026-01-30,115651206.08,Inactive
A006268,C08509,BR006,Savings,2025-06-14,4366250.4,Active
A006269,C03789,BR038,Savings,2024-10-18,30981598.35,Active
A006270,C09969,BR032,Savings,2022-01-08,60370961.8,Closed
A006271,C09606,BR024,Savings,2025-10-21,159896525.14,Active
A006272,C06039,BR020,Savings,2025-09-02,197101338.04,Active
A006273,C03742,BR011,Current,2023-01-22,25032449.29,Active
A006274,C08526,BR017,Current,2024-07-21,7833986.93,Active
A006275,C04599,BR049,Current,2022-09-17,5514521.23,Active
A006276,C04886,BR035,Current,2026-05-17,4762592.06,Active
A006277,C02308,BR029,Savings,2023-05-25,36247802.63,Inactive
A006278,C03509,BR050,Savings,2026-07-12,13466567.22,Active
A006279,C05627,BR023,Current,2026-01-16,52592387.16,Active
A006280,C03760,BR017,Current,2026-05-05,13495880.35,Active
A006281,C00568,BR001,Current,2026-08-31,170453320.8,Active
A006282,C05522,BR026,Savings,2024-11-08,27967469.45,Active
A006283,C03967,BR040,Savings,2022-08-03,108742308.79,Inactive
A006284,C06073,BR044,Current,2025-07-23,24987083.89,Active
A006285,C09405,BR005,Current,2022-05-16,17325650.4,Active
A006286,C00057,BR047,Current,2021-08-22,98840335.43,Active
A006287,C05498,BR033,Savings,2026-01-02,17901247.19,Inactive
A006288,C06076,BR021,Current,2026-07-05,79996570.32,Active
A006289,C07019,BR028,Savings,2025-12-04,639465238.06,Closed
A006290,C09372,BR038,Savings,2026-04-23,20026890.31,Active
A006291,C01234,BR047,Current,2026-04-01,43186420.82,Active
A006292,C00245,BR007,Current,2023-07-19,22900293.1,Active
A006293,C03843,BR034,Savings,2025-01-15,95116226.55,Active
A006294,C04158,BR021,Credit,2024-12-10,24463469.8,Active
A006295,C08899,BR020,Credit,2024-08-11,13800221.88,Active
A006296,C00419,BR022,Credit,2026-08-09,28715655.22,Active
A006297,C02480,BR039,Credit,2023-07-27,14280905.43,Active
A006298,C00335,BR047,Current,2026-04-01,26766576.14,Active
A006299,C09203,BR038,Savings,2025-05-16,10411104.62,Inactive
A006300,C01707,BR036,Current,2022-06-17,11003869.22,Active
A006301,C00597,BR033,Savings,2024-10-07,121931986.42,Closed
A006302,C08529,BR038,Savings,2024-06-27,11503271.65,Inactive
A006303,C03690,BR010,Current,2022-03-26,87590833.92,Active
A006304,C04335,BR039,Current,2025-05-09,550644353.28,Active
A006305,C09522,BR038,Current,2026-03-28,15302083.41,Active
A006306,C09346,BR021,Current,2025-02-05,28903734.91,Active
A006307,C04256,BR047,Current,2025-11-29,10211411.54,Active
A006308,C04432,BR039,Current,2023-03-28,732413327.65,Active
A006309,C03964,BR035,Current,2024-11-26,149708682.09,Active
A006310,C09628,BR004,Savings,2020-11-24,40889669.32,Active
A006311,C03791,BR046,Savings,2020-12-11,58759918.41,Active
A006312,C04818,BR037,Savings,2024-12-28,33991597.33,Active
A006313,C01888,BR040,Current,2026-07-15,52191434.28,Active
A006314,C08317,BR038,Savings,2024-12-19,11974097.66,Active
A006315,C07639,BR030,Savings,2022-01-17,56929831.42,Active
A006316,C03947,BR031,Current,2023-06-30,86839346.91,Active
A006317,C02010,BR039,Current,2024-10-19,19762378.31,Active
A006318,C07898,BR011,Credit,2023-12-31,15113111.64,Closed
A006319,C09772,BR049,Savings,2025-08-28,11337592.08,Active
A006320,C04867,BR010,Credit,2023-03-07,29014696.61,Active
A006321,C09964,BR008,Savings,2022-11-15,86393748.23,Active
A006322,C07390,BR013,Savings,2024-12-15,62597848.85,Active
A006323,C00562,BR008,Savings,2024-10-28,37279049.42,Active
A006324,C07504,BR003,Savings,2019-12-27,36843979.47,Active
A006325,C08473,BR010,Current,2026-04-26,29192099.57,Active
A006326,C02031,BR050,Credit,2020-11-05,14443112.89,Active
A006327,C02700,BR038,Current,2025-04-11,8321242.84,Active
A006328,C00545,BR022,Credit,2024-09-01,78842861.14,Active
A006329,C02091,BR001,Savings,2026-07-05,107518653.79,Active
A006330,C04391,BR002,Current,2024-05-24,4688642.44,Active
A006331,C07623,BR016,Credit,2020-08-16,13272438.84,Active
A006332,C01097,BR047,Savings,2025-09-30,44874692.14,Active
A006333,C01001,BR028,Savings,2024-01-01,33754816.9,Inactive
A006334,C05221,BR046,Savings,2024-12-23,225465337.41,Active
A006335,C07022,BR012,Current,2022-06-12,100663257.99,Inactive
A006336,C05812,BR001,Credit,2024-12-06,49009415.35,Active
A006337,C02490,BR015,Current,2026-06-06,244793785.15,Active
A006338,C09293,BR016,Current,2022-12-01,3847581.05,Closed
A006339,C09079,BR037,Savings,2025-08-16,21949020.24,Active
A006340,C06261,BR047,Savings,2023-10-22,5399163.67,Active
A006341,C00154,BR001,Savings,2022-01-14,56007957.53,Closed
A006342,C06786,BR032,Current,2025-04-06,17690000.99,Active
A006343,C07999,BR026,Savings,2020-12-31,18399726.97,Active
A006344,C04503,BR038,Current,2026-08-15,18019665.22,Active
A006345,C00109,BR044,Savings,2026-08-04,16936135.15,Inactive
A006346,C09172,BR049,Savings,2026-08-03,8976183.5,Active
A006347,C04379,BR002,Current,2025-11-14,71320892.61,Inactive
A006348,C02967,BR041,Current,2026-05-03,15384452.38,Active
A006349,C00799,BR025,Savings,2025-07-08,17537448.67,Active
A006350,C01328,BR023,Savings,2025-01-25,14232183.2,Closed
A006351,C06738,BR033,Current,2026-06-27,26889141.35,Active
A006352,C01357,BR011,Current,2025-08-11,16163567.3,Active
A006353,C00311,BR022,Current,2025-07-04,92107356.21,Active
A006354,C03560,BR027,Savings,2024-06-22,11044453.13,Active
A006355,C00847,BR047,Current,2026-03-26,6463019.73,Active
A006356,C08967,BR009,Savings,2026-07-26,16967052.0,Active
A006357,C01188,BR038,Credit,2025-08-06,919555121.64,Active
A006358,C01238,BR039,Current,2025-03-05,109150700.0,Active
A006359,C00439,BR036,Savings,2025-10-11,7799464.27,Active
A006360,C04076,BR036,Credit,2026-06-06,671641808.36,Active
A006361,C08272,BR033,Credit,2026-05-01,11472542.21,Active
A006362,C07960,BR038,Savings,2026-04-11,26569750.93,Active
A006363,C01709,BR017,Savings,2026-08-05,11167564.05,Active
A006364,C03165,BR016,Current,2024-06-26,102446544.2,Active
A006365,C08662,BR003,Savings,2021-09-17,9907106.54,Active
A006366,C04008,BR007,Savings,2022-12-29,10110840.89,Active
A006367,C06900,BR002,Savings,2023-10-06,26726106.99,Active
A006368,C09595,BR043,Credit,2026-04-27,22594580.04,Active
A006369,C00533,BR049,Savings,2024-08-19,20169789.37,Active
A006370,C03532,BR048,Savings,2026-08-07,21098551.19,Active
A006371,C07557,BR014,Savings,2024-03-22,18696094.47,Active
A006372,C01484,BR028,Current,2026-06-23,8151893.03,Inactive
A006373,C00420,BR031,Savings,2024-02-29,32484713.11,Active
A006374,C04082,BR038,Current,2024-12-11,33190830.27,Active
A006375,C04074,BR014,Savings,2020-07-22,7984165.19,Active
A006376,C05321,BR050,Savings,2025-04-04,22959904.09,Active
A006377,C00704,BR048,Savings,2026-08-12,147602147.93,Inactive
A006378,C08774,BR007,Savings,2026-07-05,10298225.33,Inactive
A006379,C08622,BR015,Current,2026-08-15,11836898.57,Active
A006380,C01524,BR015,Credit,2025-09-16,536584408.27,Inactive
A006381,C07903,BR024,Credit,2026-07-22,27793322.56,Active
A006382,C07580,BR030,Current,2021-08-04,6279161.32,Active
A006383,C02797,BR049,Current,2024-10-24,40012188.86,Active
A006384,C04408,BR030,Savings,2024-07-24,3564404.89,Inactive
A006385,C05041,BR018,Savings,2025-11-27,833709461.23,Inactive
A006386,C06104,BR017,Current,2025-10-26,3057338.45,Active
A006387,C06589,BR005,Savings,2025-07-21,19737862.23,Active
A006388,C09905,BR021,Savings,2024-05-08,28714347.68,Active
A006389,C06855,BR040,Current,2022-03-25,65138089.26,Active
A006390,C05804,BR036,Current,2026-03-20,8787727.11,Inactive
A006391,C07038,BR036,Savings,2026-08-05,421663294.43,Active
A006392,C05733,BR028,Savings,2026-07-31,15022012.14,Active
A006393,C00016,BR020,Savings,2022-04-20,161495945.71,Inactive
A006394,C08022,BR003,Current,2025-09-29,1831679.47,Active
A006395,C09166,BR031,Current,2024-12-04,42053028.34,Inactive
A006396,C04713,BR011,Savings,2019-02-05,23507316.39,Active
A006397,C06084,BR027,Savings,2022-09-17,15617751.05,Active
A006398,C00556,BR029,Savings,2022-04-18,27376295.97,Active
A006399,C08687,BR028,Current,2025-08-29,18498065.93,Active
A006400,C00599,BR030,Credit,2025-09-20,13467246.48,Active
A006401,C07085,BR018,Credit,2024-11-26,11777835.84,Active
A006402,C04035,BR011,Current,2024-09-03,96360292.55,Active
A006403,C06653,BR050,Current,2021-12-20,51213707.47,Active
A006404,C08201,BR038,Current,2023-06-16,113168765.36,Active
A006405,C06271,BR045,Savings,2023-12-28,15971746.47,Active
A006406,C03075,BR022,Savings,2022-08-26,23070534.5,Active
A006407,C07976,BR035,Savings,2022-08-20,29064513.87,Active
A006408,C06900,BR007,Current,2024-05-18,107254585.77,Inactive
A006409,C01131,BR011,Credit,2023-06-28,8223090.42,Active
A006410,C06622,BR020,Savings,2023-09-01,278992296.99,Active
A006411,C09080,BR048,Savings,2026-08-23,18265550.21,Active
A006412,C00564,BR044,Savings,2026-07-08,75128067.61,Active
A006413,C09500,BR017,Savings,2021-12-11,17422599.59,Active
A006414,C09197,BR044,Current,2025-07-18,12323740.44,Active
A006415,C09650,BR021,Savings,2024-01-14,210803141.96,Active
A006416,C03804,BR003,Current,2023-08-24,19086852.89,Active
A006417,C05738,BR016,Savings,2024-12-27,16689642.35,Active
A006418,C01718,BR029,Current,2022-10-11,5741720.11,Active
A006419,C00488,BR038,Savings,2023-06-10,25437499.54,Active
A006420,C07500,BR029,Savings,2023-06-08,10108755.15,Inactive
A006421,C07743,BR019,Credit,2023-11-22,58473449.02,Active
A006422,C01226,BR043,Savings,2025-04-26,10131112.4,Inactive
A006423,C08278,BR018,Current,2025-06-13,21312148.64,Active
A006424,C09951,BR014,Savings,2025-09-21,102476359.77,Active
A006425,C03384,BR026,Current,2025-11-04,12671735.05,Active
A006426,C08184,BR039,Current,2024-05-23,32860567.87,Active
A006427,C09829,BR002,Savings,2022-12-29,5537344.79,Active
A006428,C01835,BR027,Savings,2024-12-01,90291371.97,Active
A006429,C04978,BR049,Savings,2024-09-02,9051501.58,Active
A006430,C01637,BR020,Savings,2025-05-25,10860101.99,Active
A006431,C06538,BR022,Current,2023-03-22,56383243.28,Active
A006432,C08764,BR023,Credit,2026-05-22,4005461.7,Active
A006433,C08911,BR050,Savings,2021-08-22,645766139.46,Active
A006434,C00018,BR047,Savings,2025-11-04,57252817.0,Active
A006435,C01478,BR002,Current,2023-07-21,9834720.31,Active
A006436,C08475,BR050,Credit,2026-07-26,36742458.54,Active
A006437,C00933,BR045,Savings,2026-03-15,135606374.06,Active
A006438,C03391,BR023,Savings,2025-06-22,12870353.76,Active
A006439,C07166,BR008,Current,2023-08-07,11633800.18,Active
A006440,C00314,BR044,Savings,2019-12-07,16377685.11,Active
A006441,C06760,BR045,Savings,2026-06-05,13089632.45,Active
A006442,C09733,BR019,Current,2026-08-05,19718260.17,Closed
A006443,C00455,BR002,Current,2024-01-26,10128881.07,Active
A006444,C02071,BR042,Savings,2025-01-17,149730237.5,Active
A006445,C09124,BR045,Current,2023-12-01,4494062.27,Active
A006446,C05164,BR007,Current,2026-02-21,37302863.93,Active
A006447,C02819,BR034,Credit,2023-07-20,248762851.29,Inactive
A006448,C06389,BR046,Credit,2022-06-06,48138883.61,Active
A006449,C07885,BR022,Savings,2024-04-27,342278512.19,Active
A006450,C05740,BR016,Credit,2025-10-26,6256299.02,Closed
A006451,C08932,BR001,Savings,2026-01-04,10998584.49,Active
A006452,C03746,BR023,Savings,2026-08-26,14434982.14,Inactive
A006453,C00599,BR030,Current,2026-08-30,25209036.82,Active
A006454,C08861,BR021,Savings,2024-04-21,947440997.61,Inactive
A006455,C03954,BR025,Credit,2026-07-20,12168035.57,Active
A006456,C05803,BR044,Savings,2023-04-30,67931401.47,Active
A006457,C00937,BR019,Current,2023-09-19,12947808.38,Active
A006458,C01933,BR049,Savings,2025-01-18,29111995.91,Inactive
A006459,C03950,BR010,Savings,2021-11-07,70334074.94,Active
A006460,C07664,BR007,Savings,2025-05-29,16768412.84,Active
A006461,C07282,BR024,Current,2024-05-13,4998955.07,Active
A006462,C00974,BR027,Savings,2025-09-15,16131490.4,Active
A006463,C07956,BR035,Savings,2023-06-19,9195699.15,Active
A006464,C06349,BR018,Savings,2026-03-05,12043252.92,Active
A006465,C02814,BR047,Current,2019-04-16,73407910.85,Active
A006466,C02855,BR038,Savings,2020-08-11,5639748.44,Active
A006467,C01948,BR019,Savings,2021-03-09,19075859.95,Active
A006468,C04595,BR032,Current,2019-05-10,7432581.02,Active
A006469,C06134,BR018,Current,2023-07-04,11727351.49,Active
A006470,C01542,BR047,Savings,2023-12-19,134749334.27,Active
A006471,C04520,BR038,Savings,2025-05-26,19347851.04,Active
A006472,C00362,BR011,Savings,2023-12-15,12528729.74,Active
A006473,C06815,BR022,Savings,2026-05-25,50762932.19,Active
A006474,C04427,BR031,Savings,2020-04-27,19315594.11,Active
A006475,C02273,BR030,Current,2026-06-07,1372079194.02,Active
A006476,C07535,BR030,Current,2026-05-19,7293391.37,Active
A006477,C05743,BR005,Savings,2025-07-16,304963273.47,Active
A006478,C01334,BR037,Savings,2026-07-12,185244180.65,Active
A006479,C06275,BR012,Savings,2020-09-08,208632429.27,Active
A006480,C05014,BR040,Savings,2024-11-02,19197808.0,Inactive
A006481,C08955,BR038,Current,2022-12-20,893223629.85,Active
A006482,C01100,BR024,Current,2026-05-23,6692484.46,Active
A006483,C01049,BR050,Savings,2025-12-16,8790003.19,Active
A006484,C04070,BR006,Savings,2026-05-09,27679754.24,Active
A006485,C01449,BR039,Current,2025-07-25,98407613.43,Active
A006486,C05158,BR011,Current,2025-02-27,72107723.0,Active
A006487,C07668,BR036,Savings,2026-02-23,2025796.77,Active
A006488,C02142,BR048,Current,2025-02-13,58979787.53,Active
A006489,C00703,BR010,Savings,2026-04-25,5863854.65,Active
A006490,C08251,BR018,Savings,2025-11-03,22261921.22,Inactive
A006491,C07731,BR013,Current,2024-10-13,69979942.46,Active
A006492,C08426,BR029,Savings,2020-05-01,9073969.01,Active
A006493,C08533,BR001,Savings,2023-10-06,124260303.51,Active
A006494,C08723,BR026,Current,2026-04-05,34418347.59,Active
A006495,C02160,BR031,Savings,2026-06-05,34909113.06,Active
A006496,C07333,BR010,Current,2026-07-16,87341202.57,Active
A006497,C00177,BR002,Savings,2023-09-09,140268842.19,Active
A006498,C02223,BR024,Savings,2025-01-20,8095327.1,Active
A006499,C08462,BR043,Savings,2026-07-12,42969870.69,Active
A006500,C01460,BR029,Current,2024-05-17,32458826.46,Active
A006501,C04795,BR047,Savings,2025-07-27,2888007.38,Active
A006502,C01133,BR037,Savings,2026-06-23,14095089.81,Active
A006503,C03604,BR023,Current,2022-12-29,2640981.69,Active
A006504,C01308,BR045,Savings,2022-06-21,16234279.22,Active
A006505,C07101,BR016,Credit,2025-05-24,145456316.34,Closed
A006506,C07598,BR038,Current,2022-08-16,97282343.57,Active
A006507,C07080,BR038,Current,2023-02-18,31770484.18,Active
A006508,C07590,BR028,Savings,2024-01-18,316526033.91,Active
A006509,C00033,BR024,Savings,2026-08-26,13372755.31,Active
A006510,C07602,BR011,Savings,2020-08-24,570995987.78,Active
A006511,C04645,BR030,Savings,2023-12-22,92841673.23,Active
A006512,C04099,BR040,Current,2020-05-30,32052726.54,Active
A006513,C07525,BR016,Current,2019-01-19,9199968.22,Inactive
A006514,C00448,BR023,Savings,2025-05-11,248525739.69,Active
A006515,C01567,BR038,Savings,2019-06-11,805369608.72,Active
A006516,C02558,BR026,Savings,2022-10-18,48677224.1,Active
A006517,C03153,BR048,Savings,2023-11-08,15668522.11,Active
A006518,C02035,BR008,Savings,2024-06-04,5494327.24,Active
A006519,C05731,BR004,Savings,2025-08-20,21679522.53,Active
A006520,C00194,BR042,Current,2025-10-02,24388525.75,Active
A006521,C07510,BR005,Savings,2024-01-11,11462737.51,Active
A006522,C02748,BR028,Current,2020-02-29,17477503.69,Active
A006523,C06712,BR004,Current,2024-06-25,100467032.12,Active
A006524,C00191,BR047,Savings,2023-06-13,19353805.96,Active
A006525,C04039,BR002,Savings,2025-11-24,391334670.92,Active
A006526,C07170,BR049,Savings,2026-03-16,14262365.17,Active
A006527,C08807,BR029,Current,2022-03-19,31266992.9,Active
A006528,C04523,BR011,Current,2024-10-29,16066090.54,Active
A006529,C03554,BR034,Current,2025-08-08,16286822.45,Active
A006530,C00927,BR011,Savings,2024-01-21,40609445.52,Active
A006531,C03368,BR019,Savings,2025-05-20,5804617.43,Active
A006532,C06810,BR037,Savings,2026-04-17,10204141.37,Active
A006533,C04886,BR008,Savings,2026-02-07,15799788.98,Active
A006534,C03593,BR012,Current,2022-06-14,242715459.67,Active
A006535,C04505,BR038,Current,2022-10-20,6471124.15,Active
A006536,C06226,BR037,Current,2025-09-13,18905785.81,Active
A006537,C09603,BR011,Savings,2026-06-08,23084090.57,Active
A006538,C00910,BR002,Current,2026-05-16,87089387.27,Active
A006539,C08190,BR046,Savings,2026-04-08,9560729.48,Active
A006540,C06433,BR049,Savings,2026-05-04,24141274.68,Active
A006541,C01312,BR016,Savings,2026-05-17,12879287.09,Active
A006542,C02866,BR039,Current,2025-08-31,5793770.19,Active
A006543,C05326,BR001,Savings,2026-02-20,34365243.32,Active
A006544,C00504,BR028,Current,2026-08-23,19902724.19,Active
A006545,C04799,BR021,Savings,2025-11-19,13634699.22,Active
A006546,C02243,BR003,Current,2022-11-20,4268269.34,Active
A006547,C08181,BR017,Savings,2025-02-25,8266093.09,Active
A006548,C08748,BR026,Savings,2025-06-13,75407200.74,Active
A006549,C00272,BR012,Savings,2024-07-02,4487862.59,Active
A006550,C06387,BR020,Current,2026-03-17,12267712.09,Inactive
A006551,C01058,BR038,Savings,2022-06-29,79090407.83,Active
A006552,C07330,BR023,Savings,2021-12-24,19383683.06,Active
A006553,C00081,BR027,Savings,2024-06-02,4528149.93,Active
A006554,C01992,BR030,Savings,2026-06-24,402330608.41,Active
A006555,C04922,BR040,Current,2026-02-16,3892944.57,Active
A006556,C09513,BR032,Savings,2024-09-15,16215916.15,Active
A006557,C04924,BR028,Savings,2024-03-04,8900717.27,Active
A006558,C01529,BR035,Savings,2022-12-26,7503389.02,Active
A006559,C03852,BR016,Savings,2023-11-06,29250712.37,Active
A006560,C05451,BR010,Savings,2025-12-13,12423193.96,Active
A006561,C03234,BR021,Current,2025-05-07,21911658.46,Inactive
A006562,C00717,BR037,Current,2023-03-28,22499919.47,Active
A006563,C00289,BR028,Savings,2022-11-17,194609322.96,Inactive
A006564,C08003,BR024,Current,2022-09-11,5705576.37,Active
A006565,C02799,BR047,Savings,2024-09-21,31288879.01,Inactive
A006566,C05676,BR034,Current,2022-02-09,354639738.27,Active
A006567,C06777,BR004,Current,2025-08-27,11084531.05,Active
A006568,C09238,BR002,Current,2024-03-06,5981370.88,Active
A006569,C00507,BR002,Credit,2024-12-15,24369269.46,Active
A006570,C06456,BR038,Savings,2024-11-09,7172617.02,Active
A006571,C01753,BR033,Current,2025-02-07,22698423.45,Active
A006572,C04385,BR014,Current,2022-10-29,308434090.59,Active
A006573,C04294,BR033,Savings,2024-01-23,766561390.26,Active
A006574,C08706,BR032,Savings,2026-01-11,211882242.89,Active
A006575,C09204,BR041,Savings,2023-01-20,8438852.83,Active
A006576,C00938,BR026,Current,2021-05-03,27611618.33,Active
A006577,C04564,BR023,Savings,2023-10-16,6005515.14,Active
A006578,C00621,BR016,Savings,2025-09-07,12444314.84,Active
A006579,C05952,BR012,Current,2026-06-29,270674522.21,Inactive
A006580,C02720,BR046,Savings,2023-08-13,9223701.64,Active
A006581,C07971,BR046,Savings,2025-12-19,174160269.37,Active
A006582,C00278,BR044,Credit,2024-01-24,162874399.37,Inactive
A006583,C07803,BR048,Credit,2026-02-02,169753181.72,Active
A006584,C03900,BR038,Credit,2019-02-17,32954415.28,Closed
A006585,C02624,BR048,Current,2024-12-04,115545837.29,Active
A006586,C08428,BR039,Current,2025-09-14,308787797.58,Active
A006587,C06782,BR008,Credit,2026-04-07,35832227.11,Active
A006588,C01215,BR049,Current,2024-11-06,3991032.15,Active
A006589,C03110,BR014,Savings,2025-06-04,20131394.51,Active
A006590,C00038,BR046,Savings,2025-12-13,419487327.45,Active
A006591,C05987,BR034,Savings,2026-04-05,19864712.54,Active
A006592,C04115,BR018,Savings,2024-01-05,7386942.51,Active
A006593,C00648,BR029,Savings,2022-05-15,3469215.3,Inactive
A006594,C08074,BR028,Savings,2020-04-19,8389374.46,Active
A006595,C00839,BR011,Savings,2024-01-30,23276025.19,Active
A006596,C06578,BR003,Current,2026-05-27,91723859.63,Active
A006597,C01103,BR014,Current,2025-03-11,17176982.58,Active
A006598,C09918,BR033,Savings,2025-05-30,6528986.43,Active
A006599,C06259,BR019,Current,2025-11-22,36760010.91,Active
A006600,C00327,BR016,Savings,2023-06-05,344769959.92,Active
A006601,C09873,BR012,Savings,2026-02-17,15409947.63,Active
A006602,C01741,BR017,Current,2026-02-14,31828746.4,Active
A006603,C03960,BR026,Credit,2026-01-15,158357725.03,Active
A006604,C03042,BR004,Savings,2022-08-02,420217052.89,Active
A006605,C09929,BR049,Savings,2021-04-17,21048308.37,Active
A006606,C00939,BR033,Credit,2021-12-12,9694858.38,Active
A006607,C00082,BR038,Current,2026-05-13,126303532.89,Active
A006608,C03060,BR038,Savings,2026-06-12,512669655.31,Active
A006609,C09274,BR032,Savings,2026-02-08,13833716.42,Closed
A006610,C02557,BR026,Savings,2026-06-28,13495138.22,Active
A006611,C04782,BR038,Current,2025-07-03,115412191.63,Active
A006612,C03005,BR028,Savings,2026-07-06,28186046.01,Active
A006613,C01743,BR008,Current,2023-11-27,15774112.31,Active
A006614,C07539,BR040,Current,2025-01-03,36752335.31,Active
A006615,C00718,BR007,Savings,2026-08-19,126848670.91,Active
A006616,C08797,BR008,Savings,2022-12-20,3586866.72,Active
A006617,C03264,BR042,Credit,2022-02-10,4875062.1,Active
A006618,C04919,BR005,Current,2025-04-24,38622630.09,Active
A006619,C00732,BR008,Savings,2023-04-28,12312705.49,Active
A006620,C03159,BR009,Current,2024-06-25,17105342.8,Active
A006621,C01128,BR038,Savings,2026-06-22,37318254.93,Active
A006622,C03086,BR030,Current,2023-01-13,79641776.26,Active
A006623,C03023,BR038,Credit,2023-11-16,82114446.35,Active
A006624,C01861,BR035,Savings,2024-06-21,7486241.09,Active
A006625,C03953,BR038,Savings,2026-04-05,20166963.73,Active
A006626,C09106,BR012,Savings,2025-03-19,23980955.06,Active
A006627,C07670,BR009,Current,2024-05-01,9447448.75,Active
A006628,C02336,BR018,Savings,2026-04-02,7173782.77,Active
A006629,C02554,BR035,Credit,2026-06-07,122618953.19,Active
A006630,C02546,BR031,Savings,2021-11-09,13925524.14,Active
A006631,C09826,BR024,Savings,2021-12-25,8680649.29,Active
A006632,C02479,BR032,Savings,2025-03-09,26398821.19,Active
A006633,C05657,BR046,Current,2024-10-05,14402689.69,Active
A006634,C00277,BR013,Current,2019-10-01,146836554.77,Active
A006635,C06092,BR037,Savings,2026-04-06,22076044.44,Active
A006636,C06068,BR048,Savings,2021-04-11,7580304.92,Active
A006637,C07812,BR046,Current,2025-01-19,52943039.16,Active
A006638,C02474,BR020,Savings,2025-06-17,22279208.85,Active
A006639,C03637,BR022,Current,2020-12-03,12019686.67,Active
A006640,C08811,BR048,Savings,2025-12-20,16371267.48,Active
A006641,C07848,BR049,Current,2026-08-22,150554977.95,Active
A006642,C01192,BR019,Savings,2023-02-16,17406073.62,Active
A006643,C09393,BR004,Current,2026-08-22,81919558.09,Active
A006644,C06171,BR032,Current,2026-01-14,37216202.38,Active
A006645,C09516,BR008,Current,2024-05-13,112544848.1,Active
A006646,C09261,BR027,Current,2025-06-13,41518392.56,Active
A006647,C03260,BR008,Current,2022-11-02,72183028.93,Active
A006648,C09894,BR038,Current,2019-08-28,22002370.05,Active
A006649,C02180,BR014,Current,2023-08-16,7766045.33,Active
A006650,C05694,BR026,Savings,2025-11-07,42215679.37,Active
A006651,C00589,BR007,Savings,2026-08-01,6880727.09,Active
A006652,C09813,BR028,Current,2025-03-14,9009410.5,Active
A006653,C04340,BR021,Savings,2023-04-18,9565958.94,Active
A006654,C07284,BR050,Savings,2024-06-29,27197084.22,Active
A006655,C01591,BR001,Savings,2021-08-26,183824971.08,Active
A006656,C04511,BR004,Current,2020-06-25,22692694.29,Active
A006657,C03973,BR011,Savings,2023-11-16,35819099.96,Active
A006658,C02132,BR027,Credit,2023-06-15,58612983.6,Active
A006659,C04700,BR039,Current,2024-04-28,6380484.89,Active
A006660,C06961,BR039,Savings,2025-05-06,8200239.48,Active
A006661,C01936,BR024,Savings,2025-12-31,59231909.02,Active
A006662,C01390,BR009,Savings,2025-01-04,8867698.06,Active
A006663,C09045,BR030,Current,2025-12-06,13590292.03,Active
A006664,C08690,BR047,Savings,2026-02-28,10490976.55,Active
A006665,C02711,BR048,Current,2023-09-13,130556113.09,Active
A006666,C07806,BR014,Current,2019-05-16,47566257.85,Active
A006667,C05897,BR003,Credit,2025-11-22,32176962.62,Active
A006668,C04219,BR016,Savings,2026-08-25,32225408.38,Active
A006669,C01947,BR008,Current,2025-01-24,16260737.39,Inactive
A006670,C00824,BR003,Savings,2026-03-31,454819696.14,Active
A006671,C08359,BR025,Current,2024-03-04,8507274.5,Active
A006672,C06733,BR038,Current,2020-09-01,7545580.32,Active
A006673,C00407,BR042,Current,2026-03-29,51165118.26,Active
A006674,C00516,BR023,Savings,2025-02-13,167772778.85,Active
A006675,C03082,BR038,Savings,2026-07-26,20406678.37,Active
A006676,C08507,BR028,Current,2025-12-12,6153967.46,Active
A006677,C09379,BR040,Savings,2025-07-09,60584992.58,Active
A006678,C07828,BR033,Savings,2025-03-03,14159243.66,Active
A006679,C03303,BR036,Savings,2025-01-22,10628192.05,Active
A006680,C08704,BR038,Savings,2026-05-08,37427958.95,Closed
A006681,C07653,BR036,Current,2020-03-01,78761165.34,Active
A006682,C08073,BR004,Savings,2020-10-22,5903315.44,Active
A006683,C07807,BR038,Savings,2020-01-09,15491512.3,Active
A006684,C06542,BR008,Current,2021-05-10,8028286.84,Active
A006685,C07824,BR044,Current,2026-07-07,1350638.29,Active
A006686,C07440,BR027,Current,2026-01-26,7408900.5,Active
A006687,C08506,BR010,Savings,2026-06-17,9834157.1,Active
A006688,C05088,BR047,Savings,2021-10-24,35625976.84,Active
A006689,C06688,BR030,Savings,2022-07-10,119665363.18,Active
A006690,C04472,BR017,Savings,2022-05-19,8053380.94,Active
A006691,C09223,BR038,Current,2021-11-07,21994472.28,Active
A006692,C03401,BR036,Savings,2021-08-22,130487490.69,Active
A006693,C08055,BR007,Savings,2026-06-24,31044614.21,Active
A006694,C03329,BR036,Current,2020-01-31,5402512.81,Active
A006695,C00787,BR013,Credit,2023-02-09,2304412.75,Active
A006696,C01993,BR001,Savings,2024-07-18,40360850.55,Active
A006697,C05180,BR030,Savings,2024-11-22,43943335.4,Active
A006698,C05525,BR028,Savings,2024-01-14,273657404.47,Active
A006699,C04115,BR023,Current,2024-03-13,23564084.79,Active
A006700,C06126,BR046,Savings,2026-08-02,139102484.16,Active
A006701,C00019,BR037,Savings,2024-02-06,34619884.08,Active
A006702,C04419,BR014,Credit,2023-09-15,16414969.26,Active
A006703,C04991,BR028,Current,2025-05-22,16565041.41,Active
A006704,C07279,BR047,Current,2024-03-24,196166669.33,Active
A006705,C09737,BR006,Current,2022-12-08,16397633.04,Active
A006706,C06608,BR033,Savings,2025-01-05,8377158.06,Active
A006707,C03255,BR037,Savings,2026-08-28,559218348.6,Active
A006708,C01852,BR049,Credit,2026-03-30,2765262.23,Inactive
A006709,C07683,BR014,Current,2024-12-08,201485576.01,Active
A006710,C02810,BR042,Savings,2024-07-08,204452163.71,Active
A006711,C05706,BR033,Savings,2024-06-17,39118031.94,Active
A006712,C03192,BR038,Savings,2022-12-18,37934757.3,Active
A006713,C03533,BR040,Savings,2025-09-25,75422369.36,Active
A006714,C03199,BR021,Current,2025-05-18,74243405.99,Active
A006715,C04931,BR038,Current,2021-05-01,5608807.5,Active
A006716,C09338,BR036,Credit,2026-01-18,271960139.85,Active
A006717,C09901,BR034,Current,2025-04-11,237440868.1,Active
A006718,C04610,BR026,Savings,2024-04-20,19686998.61,Active
A006719,C03554,BR020,Savings,2022-02-10,18380428.45,Active
A006720,C09721,BR016,Savings,2023-03-09,5133126.13,Active
A006721,C02773,BR020,Current,2020-05-26,23588377.64,Active
A006722,C07133,BR048,Savings,2026-01-20,80313463.29,Active
A006723,C03177,BR042,Current,2026-01-26,58229805.89,Active
A006724,C05003,BR015,Savings,2025-12-21,13964253.09,Active
A006725,C04006,BR044,Savings,2022-10-21,35176656.86,Active
A006726,C06549,BR020,Credit,2026-06-19,17957458.1,Active
A006727,C02937,BR005,Savings,2025-08-05,27518767.7,Active
A006728,C04147,BR035,Credit,2026-05-08,21419735.8,Active
A006729,C05494,BR023,Savings,2025-11-06,11646233.77,Active
A006730,C05878,BR003,Savings,2023-03-10,6730218.89,Active
A006731,C00909,BR004,Savings,2023-09-21,18538033.67,Closed
A006732,C05423,BR015,Savings,2025-03-29,16041262.3,Active
A006733,C06019,BR018,Savings,2025-06-15,31192424.82,Active
A006734,C07370,BR002,Credit,2024-07-20,13294230.52,Active
A006735,C05260,BR049,Savings,2025-09-26,11824539.2,Inactive
A006736,C03872,BR040,Current,2026-04-13,12484035.82,Active
A006737,C01806,BR043,Savings,2026-02-10,7192716.33,Active
A006738,C03423,BR048,Current,2021-02-03,220272099.06,Active
A006739,C04120,BR031,Savings,2026-07-15,177641373.6,Active
A006740,C05935,BR004,Current,2021-06-12,5683835.89,Active
A006741,C09061,BR040,Current,2026-03-27,28537206.15,Active
A006742,C07096,BR021,Savings,2026-08-07,3428237.05,Active
A006743,C09259,BR037,Credit,2020-07-06,32992543.7,Active
A006744,C02715,BR019,Current,2023-08-15,49135476.96,Active
A006745,C01418,BR006,Savings,2025-12-09,20004768.04,Active
A006746,C03828,BR023,Current,2025-11-09,3204135.92,Active
A006747,C04502,BR038,Credit,2026-03-05,5749350.06,Active
A006748,C06019,BR018,Current,2022-04-14,21824050.05,Active
A006749,C09495,BR015,Savings,2021-01-12,8561913.07,Active
A006750,C05877,BR004,Savings,2025-11-30,7660520.29,Active
A006751,C07201,BR004,Savings,2022-10-10,45820865.18,Active
A006752,C01180,BR038,Credit,2026-03-30,376040963.36,Active
A006753,C02337,BR028,Current,2024-10-28,31742654.7,Active
A006754,C06122,BR028,Savings,2023-11-27,6262288.82,Active
A006755,C08405,BR040,Current,2023-08-08,61489453.2,Active
A006756,C05393,BR044,Savings,2023-05-27,4301244.47,Active
A006757,C04159,BR010,Savings,2025-03-10,11757096.76,Active
A006758,C08402,BR007,Savings,2026-08-01,83127125.75,Active
A006759,C09154,BR032,Savings,2024-09-13,307616268.7,Active
A006760,C01579,BR040,Credit,2023-11-27,151545821.44,Active
A006761,C02155,BR028,Savings,2018-08-20,10350595.41,Inactive
A006762,C02230,BR011,Current,2025-11-21,7043358.98,Active
A006763,C07492,BR032,Savings,2022-07-21,33441723.41,Active
A006764,C00945,BR027,Current,2025-04-18,9790015.46,Active
A006765,C05257,BR023,Current,2026-03-15,17839984.73,Active
A006766,C02506,BR045,Savings,2026-01-28,5013974.98,Active
A006767,C09397,BR017,Current,2025-11-05,23652208.31,Active
A006768,C05298,BR049,Current,2024-08-21,112630577.41,Active
A006769,C03919,BR042,Savings,2025-07-21,129623890.23,Active
A006770,C04614,BR019,Savings,2024-07-25,34238429.79,Active
A006771,C05562,BR038,Current,2020-12-21,23379202.56,Inactive
A006772,C05907,BR036,Current,2026-07-19,27114526.12,Active
A006773,C02839,BR007,Savings,2021-12-13,61371867.72,Active
A006774,C08910,BR035,Savings,2019-09-09,90676309.12,Active
A006775,C03153,BR005,Current,2022-04-13,15780157.5,Active
A006776,C02637,BR020,Current,2021-11-27,310876843.05,Active
A006777,C06940,BR018,Credit,2026-02-01,17192148.96,Active
A006778,C08479,BR048,Savings,2026-05-14,40984935.82,Active
A006779,C05186,BR028,Savings,2025-03-06,35446010.65,Active
A006780,C09083,BR029,Current,2019-01-24,5827345.96,Closed
A006781,C01242,BR003,Savings,2026-04-19,32995515.38,Active
A006782,C09333,BR009,Current,2022-11-04,38898858.25,Active
A006783,C09716,BR041,Savings,2025-03-15,310129829.86,Inactive
A006784,C05068,BR020,Savings,2026-05-27,22529101.74,Active
A006785,C09672,BR050,Current,2025-07-06,22270246.17,Active
A006786,C06558,BR035,Savings,2023-06-02,7599457.84,Inactive
A006787,C03592,BR033,Savings,2025-08-21,11050604.93,Active
A006788,C07302,BR017,Current,2023-06-29,27349503.97,Active
A006789,C07850,BR039,Savings,2026-04-23,10088462.17,Active
A006790,C05355,BR007,Current,2021-12-08,763820490.82,Active
A006791,C05693,BR038,Savings,2025-03-01,42607408.81,Active
A006792,C05663,BR021,Savings,2023-07-27,37449287.14,Inactive
A006793,C08448,BR034,Credit,2023-10-20,73104789.44,Active
A006794,C09277,BR016,Savings,2024-05-14,13949788.9,Active
A006795,C04811,BR037,Savings,2021-10-08,17284515.8,Inactive
A006796,C00259,BR023,Savings,2025-05-05,19386571.57,Inactive
A006797,C01564,BR038,Savings,2026-08-11,76688218.16,Active
A006798,C07321,BR020,Savings,2025-09-16,116927246.49,Active
A006799,C00947,BR034,Credit,2023-10-15,3815558.23,Active
A006800,C08168,BR004,Savings,2026-02-22,17671877.11,Active
A006801,C04586,BR025,Current,2024-01-30,4983342.65,Active
A006802,C09246,BR022,Savings,2025-12-21,6944511.11,Active
A006803,C07481,BR020,Savings,2024-02-13,26960209.32,Active
A006804,C06263,BR050,Savings,2026-04-07,12791197.13,Active
A006805,C02419,BR049,Savings,2018-12-31,26210020.01,Active
A006806,C04268,BR047,Savings,2025-08-27,12571456.89,Active
A006807,C09180,BR050,Credit,2025-12-26,36349311.18,Active
A006808,C04965,BR005,Savings,2022-03-03,67671840.01,Active
A006809,C08908,BR034,Current,2022-10-24,3139662.81,Active
A006810,C07853,BR038,Current,2026-04-07,17963901.4,Active
A006811,C00881,BR020,Savings,2024-11-29,17528440.67,Active
A006812,C09342,BR037,Credit,2025-10-01,4692068.26,Active
A006813,C03994,BR039,Savings,2025-08-17,7401576.2,Inactive
A006814,C00224,BR022,Savings,2024-03-07,39513010.61,Active
A006815,C03750,BR040,Credit,2024-11-28,9698871.68,Inactive
A006816,C02259,BR008,Savings,2025-06-22,38574026.38,Active
A006817,C03129,BR013,Current,2025-01-07,29900038.56,Inactive
A006818,C06413,BR036,Current,2024-10-16,235405993.65,Active
A006819,C01722,BR008,Savings,2025-09-08,8719261.67,Active
A006820,C02398,BR002,Savings,2020-10-07,2517927.34,Active
A006821,C00565,BR007,Savings,2023-03-20,11238164.19,Active
A006822,C08816,BR042,Current,2025-06-09,6099857.16,Active
A006823,C01582,BR003,Savings,2026-06-01,43058053.89,Active
A006824,C06063,BR039,Current,2024-03-23,26478264.43,Active
A006825,C06183,BR047,Savings,2019-06-26,10480580.89,Active
A006826,C04809,BR044,Savings,2026-04-21,35702082.26,Active
A006827,C06290,BR001,Credit,2020-05-10,21435598.24,Active
A006828,C05534,BR013,Savings,2025-01-09,37637574.21,Active
A006829,C02153,BR010,Current,2026-03-28,23047283.99,Active
A006830,C03592,BR033,Savings,2026-03-10,2106874.87,Active
A006831,C09118,BR027,Current,2019-03-04,6147580.56,Active
A006832,C05069,BR028,Savings,2025-01-12,15580326.95,Active
A006833,C07632,BR041,Savings,2019-02-02,67425079.69,Active
A006834,C00598,BR038,Current,2021-01-11,11544741.8,Active
A006835,C00665,BR047,Savings,2025-10-20,40209245.22,Active
A006836,C06601,BR035,Credit,2025-08-04,113688913.34,Active
A006837,C02798,BR039,Current,2026-02-16,74759446.24,Closed
A006838,C05846,BR043,Savings,2026-05-26,15328885.1,Active
A006839,C05934,BR039,Credit,2022-09-05,25071898.37,Active
A006840,C02472,BR046,Savings,2026-07-02,80350832.75,Active
A006841,C05230,BR024,Savings,2025-04-03,82638090.95,Active
A006842,C01601,BR001,Credit,2022-06-23,14272969.18,Active
A006843,C04792,BR047,Current,2023-09-09,6120804.33,Active
A006844,C03457,BR016,Savings,2026-04-26,27712512.17,Active
A006845,C03035,BR039,Savings,2024-01-14,20430533.05,Active
A006846,C09324,BR038,Current,2024-08-04,17432288.14,Closed
A006847,C03758,BR035,Savings,2026-03-16,154288351.44,Active
A006848,C03458,BR039,Savings,2019-05-17,27013557.31,Active
A006849,C09864,BR035,Current,2024-07-04,7855708.36,Inactive
A006850,C07886,BR007,Savings,2026-08-17,37118787.69,Active
A006851,C08851,BR037,Current,2024-03-05,27662340.99,Active
A006852,C06870,BR002,Savings,2025-07-04,26068389.68,Active
A006853,C06169,BR044,Savings,2025-03-30,386277255.09,Active
A006854,C08083,BR038,Savings,2024-11-17,76954721.09,Active
A006855,C04865,BR042,Current,2022-08-01,129666565.05,Active
A006856,C09321,BR002,Savings,2026-06-06,23575498.32,Active
A006857,C00379,BR028,Current,2024-10-14,35636640.87,Active
A006858,C03061,BR004,Current,2026-02-21,53157488.89,Active
A006859,C06180,BR016,Current,2020-09-02,221865146.35,Inactive
A006860,C00585,BR023,Savings,2024-12-08,128178217.49,Active
A006861,C04098,BR039,Savings,2022-03-04,43925427.75,Active
A006862,C08755,BR034,Credit,2021-02-09,121142225.72,Active
A006863,C03445,BR029,Savings,2025-11-15,17005144.81,Active
A006864,C09218,BR041,Savings,2022-08-15,7561715.76,Active
A006865,C02496,BR042,Savings,2021-04-04,81461717.98,Active
A006866,C08971,BR012,Savings,2024-08-12,199454023.11,Inactive
A006867,C04233,BR038,Savings,2022-06-03,16021740.19,Active
A006868,C04178,BR035,Savings,2026-08-10,16075370.52,Active
A006869,C03384,BR017,Savings,2025-11-10,19516073.81,Active
A006870,C04625,BR007,Current,2026-05-10,21658565.68,Active
A006871,C00534,BR015,Savings,2024-06-11,63461810.05,Active
A006872,C01634,BR040,Savings,2023-10-01,19851092.42,Active
A006873,C07599,BR041,Savings,2024-08-04,6480475.67,Active
A006874,C05979,BR026,Current,2020-10-22,7915266.44,Active
A006875,C03108,BR002,Credit,2026-07-30,8768194.52,Active
A006876,C01065,BR028,Current,2025-03-11,111147763.35,Active
A006877,C06641,BR005,Current,2021-03-10,17051470.79,Active
A006878,C08983,BR026,Savings,2024-09-19,13471314.05,Active
A006879,C09383,BR033,Savings,2025-10-04,26066896.94,Active
A006880,C01759,BR046,Savings,2021-02-22,104295695.69,Active
A006881,C01786,BR035,Savings,2026-07-27,277536298.63,Active
A006882,C08244,BR002,Savings,2025-10-25,6552623.65,Active
A006883,C06834,BR042,Savings,2021-09-03,7785656.73,Active
A006884,C05708,BR038,Savings,2025-12-15,4639481.57,Active
A006885,C08159,BR046,Current,2026-08-31,88272208.61,Active
A006886,C08550,BR038,Savings,2024-04-04,7525815.49,Inactive
A006887,C03727,BR004,Current,2025-06-05,56559916.61,Active
A006888,C06355,BR049,Savings,2026-05-06,13544460.66,Active
A006889,C06323,BR004,Credit,2022-10-19,806843166.14,Active
A006890,C00536,BR036,Current,2024-01-31,31534515.61,Active
A006891,C01023,BR007,Savings,2019-09-23,14357657.51,Active
A006892,C03439,BR019,Current,2023-05-23,41283090.81,Active
A006893,C05085,BR022,Savings,2024-03-15,2998677.61,Active
A006894,C03403,BR017,Savings,2026-05-25,67344863.95,Active
A006895,C05038,BR023,Current,2025-08-24,26102992.75,Active
A006896,C03550,BR023,Savings,2025-10-02,85969186.38,Active
A006897,C01496,BR034,Savings,2023-01-02,7351927.01,Active
A006898,C06455,BR044,Current,2025-02-04,10565524.64,Active
A006899,C06664,BR022,Current,2026-01-20,569873194.87,Active
A006900,C07107,BR029,Savings,2023-11-26,580329857.27,Active
A006901,C01116,BR006,Savings,2023-01-22,25604417.56,Active
A006902,C02761,BR029,Savings,2026-05-20,8375014.54,Inactive
A006903,C08129,BR021,Savings,2024-03-19,7129007.55,Active
A006904,C09629,BR005,Savings,2023-03-15,17535272.02,Active
A006905,C08582,BR047,Current,2026-07-24,137129317.66,Active
A006906,C00409,BR049,Savings,2025-11-27,15038266.92,Active
A006907,C07555,BR017,Current,2026-05-01,49069496.96,Active
A006908,C00479,BR006,Savings,2023-12-13,81877387.86,Active
A006909,C02289,BR018,Savings,2026-06-06,14991498.68,Closed
A006910,C06726,BR009,Current,2026-05-11,25648836.09,Active
A006911,C00040,BR040,Current,2026-05-28,39782786.2,Active
A006912,C09634,BR019,Savings,2026-05-19,118929270.0,Active
A006913,C07650,BR049,Savings,2025-04-07,6132735.11,Inactive
A006914,C01788,BR015,Savings,2026-05-28,11674897.81,Active
A006915,C08804,BR038,Savings,2023-05-21,730176206.58,Active
A006916,C02590,BR001,Savings,2026-01-20,12168800.63,Active
A006917,C03977,BR031,Current,2026-02-20,13607537.22,Active
A006918,C08400,BR040,Current,2025-10-24,573991563.42,Active
A006919,C08410,BR043,Current,2023-03-05,764694399.88,Active
A006920,C07807,BR038,Current,2022-04-13,17182274.4,Active
A006921,C02820,BR028,Savings,2025-04-20,38073869.13,Active
A006922,C07869,BR042,Savings,2025-12-10,5771160.89,Active
A006923,C09385,BR011,Savings,2026-07-03,8126899.3,Active
A006924,C09196,BR013,Savings,2026-06-28,38017240.78,Active
A006925,C03615,BR047,Current,2026-07-19,15131893.87,Active
A006926,C02073,BR008,Current,2026-07-02,5463500.58,Active
A006927,C05234,BR001,Savings,2023-09-21,5207083.22,Active
A006928,C04705,BR005,Current,2026-06-13,7840460.4,Active
A006929,C05191,BR001,Savings,2025-10-25,15025528.2,Active
A006930,C00883,BR036,Savings,2026-06-09,21800956.76,Active
A006931,C09670,BR037,Current,2026-06-30,11528269.09,Active
A006932,C05629,BR049,Savings,2024-06-23,20410501.6,Active
A006933,C00320,BR009,Current,2024-04-01,10573987.88,Active
A006934,C01505,BR023,Credit,2025-12-17,188438327.03,Active
A006935,C01860,BR040,Current,2023-11-07,115529080.42,Inactive
A006936,C09207,BR048,Savings,2024-03-14,60776167.01,Active
A006937,C06923,BR001,Savings,2020-10-14,22020997.93,Active
A006938,C05524,BR013,Current,2023-11-29,20630671.17,Active
A006939,C00657,BR032,Credit,2025-09-14,16760191.85,Active
A006940,C06891,BR037,Savings,2020-12-03,25296118.31,Active
A006941,C02474,BR020,Credit,2025-04-15,22001423.42,Active
A006942,C04369,BR041,Current,2025-09-17,10290358.05,Active
A006943,C00896,BR047,Current,2026-07-06,201061066.53,Active
A006944,C00549,BR047,Savings,2025-08-19,92129298.41,Active
A006945,C02305,BR005,Credit,2026-07-29,11025490.0,Active
A006946,C09581,BR008,Current,2026-01-07,442423868.64,Active
A006947,C02064,BR007,Current,2025-01-17,73749725.31,Active
A006948,C01662,BR031,Savings,2025-03-04,95630071.27,Inactive
A006949,C07706,BR013,Current,2018-10-11,17260186.26,Active
A006950,C04541,BR010,Savings,2024-11-08,13519519.26,Inactive
A006951,C05569,BR018,Savings,2025-09-24,109518329.53,Active
A006952,C08536,BR036,Current,2024-02-26,7629713.34,Active
A006953,C02858,BR002,Savings,2022-02-01,564064080.92,Active
A006954,C03222,BR048,Credit,2026-06-18,3674315.95,Active
A006955,C08790,BR045,Savings,2023-12-10,5310013.62,Active
A006956,C04734,BR026,Savings,2026-07-03,64626842.23,Active
A006957,C06736,BR031,Savings,2020-09-01,33205004.95,Active
A006958,C06318,BR015,Savings,2022-09-16,3127028.27,Active
A006959,C04360,BR037,Savings,2024-11-23,33785621.63,Active
A006960,C04091,BR039,Credit,2023-05-03,60346081.54,Active
A006961,C03449,BR021,Savings,2026-04-28,3577130.02,Active
A006962,C06379,BR039,Savings,2020-02-14,6982443.0,Active
A006963,C02328,BR029,Current,2026-02-07,109003410.1,Closed
A006964,C08132,BR049,Savings,2026-08-08,66031783.66,Active
A006965,C01515,BR046,Current,2026-03-24,10582836.41,Inactive
A006966,C05175,BR043,Current,2024-04-20,10210789.91,Active
A006967,C08724,BR018,Savings,2026-08-23,66218325.22,Active
A006968,C03231,BR050,Current,2024-01-14,34559204.04,Inactive
A006969,C09517,BR041,Savings,2025-10-05,13822531.49,Closed
A006970,C04860,BR048,Credit,2026-08-28,458891661.93,Active
A006971,C01767,BR045,Current,2026-05-03,40281010.37,Active
A006972,C07324,BR041,Savings,2024-05-01,22138588.82,Active
A006973,C03941,BR044,Savings,2026-08-13,10893886.99,Active
A006974,C06416,BR038,Credit,2022-11-16,472189509.15,Active
A006975,C01321,BR039,Savings,2021-09-06,13758417.24,Active
A006976,C02199,BR019,Savings,2025-10-24,2908464.33,Active
A006977,C03316,BR046,Credit,2022-10-06,42645816.13,Closed
A006978,C06470,BR016,Current,2026-06-27,78603549.18,Active
A006979,C01025,BR011,Savings,2025-07-23,13022086.22,Active
A006980,C00175,BR032,Savings,2025-12-08,7313255.76,Active
A006981,C05316,BR016,Savings,2024-06-01,50041886.17,Active
A006982,C07164,BR047,Credit,2022-08-03,68057744.14,Active
A006983,C00688,BR031,Savings,2022-09-25,13105262.56,Active
A006984,C08557,BR008,Savings,2025-10-22,12592554.28,Active
A006985,C00081,BR027,Savings,2025-09-17,14071075.72,Active
A006986,C00659,BR002,Credit,2026-03-17,3929102.74,Active
A006987,C04337,BR030,Savings,2026-05-02,11883483.54,Active
A006988,C01074,BR015,Current,2024-05-21,59145689.35,Active
A006989,C00398,BR038,Current,2021-12-10,305815575.52,Active
A006990,C03841,BR040,Savings,2021-08-03,6527490.58,Active
A006991,C04880,BR029,Savings,2023-07-20,113262322.7,Active
A006992,C04736,BR029,Current,2026-05-28,8795948.01,Active
A006993,C03703,BR039,Savings,2025-06-02,76363905.86,Active
A006994,C08580,BR036,Savings,2025-06-11,32911840.55,Inactive
A006995,C06110,BR003,Current,2024-07-26,38721295.57,Inactive
A006996,C05188,BR011,Savings,2025-09-24,27063273.98,Active
A006997,C02805,BR020,Current,2026-06-05,16456879.96,Active
A006998,C00538,BR041,Current,2022-04-30,8062343.67,Active
A006999,C06634,BR009,Savings,2026-07-21,16505246.59,Active
A007000,C03690,BR043,Savings,2024-05-23,9228835.11,Active
A007001,C03724,BR007,Credit,2023-12-23,8012814.44,Active
A007002,C06512,BR010,Current,2025-04-29,38064333.65,Active
A007003,C01120,BR008,Savings,2023-01-14,28060201.16,Active
A007004,C07457,BR023,Savings,2021-06-18,78817546.23,Active
A007005,C06654,BR013,Current,2022-10-31,16836010.44,Active
A007006,C07719,BR040,Savings,2023-09-11,14899561.56,Active
A007007,C02845,BR027,Savings,2026-07-29,112497738.15,Active
A007008,C04862,BR006,Savings,2023-02-07,45712668.69,Active
A007009,C03830,BR039,Current,2023-08-25,146317650.7,Active
A007010,C03820,BR045,Current,2026-07-09,19903644.81,Active
A007011,C08946,BR005,Credit,2025-07-03,12153353.39,Active
A007012,C02488,BR038,Current,2023-04-10,10153594.45,Inactive
A007013,C06761,BR019,Credit,2026-06-28,144144791.93,Active
A007014,C00872,BR025,Savings,2024-07-11,72001446.81,Active
A007015,C05502,BR027,Credit,2023-03-01,8575726.6,Active
A007016,C04281,BR032,Current,2025-10-20,257308908.3,Active
A007017,C03210,BR015,Current,2026-04-26,137067004.32,Active
A007018,C05471,BR046,Savings,2026-05-02,4135497.52,Active
A007019,C01039,BR036,Savings,2024-07-08,11287806.55,Active
A007020,C09613,BR022,Savings,2026-06-06,35322365.15,Active
A007021,C08895,BR030,Savings,2026-05-31,13111330.54,Active
A007022,C04763,BR003,Savings,2025-05-26,18658533.22,Active
A007023,C06903,BR029,Current,2026-03-24,35782729.93,Active
A007024,C01811,BR012,Savings,2026-07-13,30627978.58,Active
A007025,C07830,BR021,Savings,2025-02-08,10548705.83,Active
A007026,C09328,BR036,Savings,2026-07-02,13514123.98,Active
A007027,C04605,BR046,Current,2018-06-01,30934167.66,Active
A007028,C05313,BR026,Current,2025-10-14,31805072.54,Active
A007029,C04531,BR049,Savings,2025-03-09,13979753.45,Active
A007030,C02264,BR022,Savings,2026-01-01,14371020.01,Active
A007031,C01601,BR001,Savings,2020-08-26,18582070.36,Active
A007032,C02183,BR018,Savings,2025-11-01,44771454.19,Closed
A007033,C08590,BR005,Savings,2022-07-13,168902718.52,Active
A007034,C04474,BR008,Current,2024-08-29,609502175.07,Active
A007035,C06548,BR047,Current,2025-04-27,6328826.17,Active
A007036,C04768,BR044,Current,2023-06-11,65999241.54,Active
A007037,C04554,BR049,Credit,2026-06-03,68472072.62,Active
A007038,C02575,BR020,Savings,2026-04-30,46657711.88,Active
A007039,C01113,BR012,Current,2026-08-26,12390854.85,Active
A007040,C05345,BR036,Savings,2026-06-23,40886684.99,Active
A007041,C08372,BR047,Savings,2024-12-29,9501895.12,Active
A007042,C02394,BR024,Current,2024-09-16,10128396.72,Active
A007043,C03893,BR009,Savings,2025-11-19,514449007.27,Active
A007044,C07418,BR050,Current,2024-02-26,52592186.63,Active
A007045,C01250,BR018,Credit,2026-06-30,12662292.69,Active
A007046,C06598,BR022,Savings,2020-07-10,1930609.8,Active
A007047,C08653,BR028,Current,2025-09-23,4291788.21,Active
A007048,C07912,BR021,Current,2023-09-21,444212210.32,Active
A007049,C03056,BR046,Savings,2025-09-17,4609933.26,Active
A007050,C06881,BR046,Credit,2025-01-19,175122003.41,Active
A007051,C03239,BR046,Savings,2023-09-09,15148836.97,Active
A007052,C02497,BR004,Savings,2023-03-30,49325409.69,Active
A007053,C01937,BR022,Current,2024-01-31,11070341.21,Closed
A007054,C06472,BR021,Savings,2024-02-04,5907385.54,Inactive
A007055,C08860,BR019,Current,2025-05-27,4520878.92,Inactive
A007056,C09786,BR045,Savings,2025-06-21,7895576.37,Active
A007057,C05032,BR038,Current,2025-02-24,6376906.22,Active
A007058,C09874,BR016,Savings,2026-01-29,111125788.26,Active
A007059,C08554,BR036,Savings,2022-02-02,39066746.44,Active
A007060,C08924,BR047,Current,2026-08-16,11206665.33,Active
A007061,C00103,BR020,Savings,2025-01-08,9310563.15,Active
A007062,C08236,BR025,Savings,2022-09-24,10769156.84,Active
A007063,C06031,BR023,Credit,2026-01-25,6181126.37,Active
A007064,C01097,BR047,Savings,2025-10-10,32456713.45,Active
A007065,C05734,BR029,Current,2020-06-02,25283158.89,Active
A007066,C05838,BR047,Current,2024-04-14,5178075.36,Active
A007067,C02386,BR023,Current,2024-08-15,55348137.37,Active
A007068,C03029,BR031,Current,2026-05-08,201461103.13,Closed
A007069,C01845,BR038,Current,2025-10-30,1425820.48,Active
A007070,C04340,BR029,Savings,2023-01-21,9378357.59,Active
A007071,C07566,BR009,Savings,2025-06-25,4202663.84,Inactive
A007072,C00234,BR006,Savings,2024-08-07,15731076.54,Active
A007073,C05894,BR027,Credit,2024-09-19,14430835.58,Inactive
A007074,C04434,BR046,Current,2022-12-18,15685844.97,Active
A007075,C09577,BR038,Savings,2025-10-21,14519162.64,Active
A007076,C03707,BR040,Savings,2025-12-09,11132646.94,Active
A007077,C00140,BR003,Current,2025-02-21,4680164.71,Active
A007078,C01864,BR045,Current,2026-02-09,14130377.94,Active
A007079,C03860,BR049,Current,2026-04-25,163248543.64,Closed
A007080,C05148,BR038,Current,2025-11-04,64006757.78,Active
A007081,C07205,BR004,Current,2025-01-31,12399512.28,Active
A007082,C02329,BR024,Savings,2023-01-27,13522598.45,Active
A007083,C08042,BR007,Current,2024-12-23,22385019.09,Active
A007084,C00786,BR041,Savings,2024-03-11,49533214.7,Active
A007085,C06990,BR009,Current,2025-11-24,10165634.98,Active
A007086,C09392,BR044,Credit,2025-11-08,609143704.62,Active
A007087,C09649,BR023,Savings,2022-05-12,7766307.21,Active
A007088,C05539,BR008,Savings,2025-10-04,19529563.48,Active
A007089,C03277,BR045,Savings,2023-01-19,32607213.68,Inactive
A007090,C08926,BR009,Savings,2026-04-12,32408612.65,Active
A007091,C06953,BR025,Savings,2024-07-19,9854561.29,Active
A007092,C08964,BR040,Savings,2025-05-18,156080953.03,Active
A007093,C05997,BR044,Current,2020-06-14,24556563.86,Closed
A007094,C06333,BR032,Savings,2021-02-20,801664400.25,Active
A007095,C02798,BR004,Current,2025-12-28,29571229.68,Active
A007096,C08394,BR049,Savings,2020-12-22,266413691.58,Active
A007097,C00938,BR042,Current,2019-08-03,87130092.67,Active
A007098,C03505,BR036,Savings,2024-02-11,88046371.82,Active
A007099,C06958,BR013,Current,2026-04-01,9421839.73,Active
A007100,C04844,BR048,Savings,2023-04-07,11967242.23,Active
A007101,C07218,BR038,Current,2024-07-31,240470194.12,Active
A007102,C01957,BR005,Current,2021-10-23,139588813.11,Active
A007103,C08979,BR025,Savings,2025-01-04,10455226.0,Active
A007104,C00472,BR025,Savings,2023-01-30,36133709.03,Active
A007105,C05504,BR034,Savings,2022-05-30,23442009.7,Active
A007106,C04027,BR039,Current,2026-08-09,39724308.76,Active
A007107,C06036,BR037,Current,2020-05-23,13406659.12,Active
A007108,C04885,BR038,Savings,2024-03-20,8065723.74,Active
A007109,C00028,BR027,Current,2022-08-21,17389335.54,Active
A007110,C04410,BR036,Current,2024-09-19,8027374.45,Active
A007111,C00632,BR020,Current,2022-10-19,84278879.68,Active
A007112,C05286,BR011,Current,2021-05-26,12063756.18,Active
A007113,C04607,BR037,Savings,2024-03-05,309870525.56,Active
A007114,C03269,BR014,Savings,2025-12-07,77385738.38,Active
A007115,C09013,BR047,Savings,2024-07-22,11242059.08,Active
A007116,C02696,BR002,Savings,2023-06-22,3191540.55,Active
A007117,C09921,BR009,Savings,2023-01-02,33808461.69,Active
A007118,C09162,BR022,Current,2022-08-15,161999907.77,Inactive
A007119,C00529,BR016,Current,2021-12-17,3079902.87,Active
A007120,C07411,BR033,Savings,2026-03-28,8561971.71,Closed
A007121,C05996,BR015,Savings,2024-02-18,21257263.45,Active
A007122,C03558,BR047,Savings,2025-02-12,22814876.7,Active
A007123,C03242,BR020,Current,2024-08-10,14943421.81,Active
A007124,C09658,BR049,Credit,2023-12-15,81004474.99,Closed
A007125,C02795,BR028,Savings,2025-09-17,7079334.48,Active
A007126,C08899,BR025,Credit,2022-01-08,2199370.6,Active
A007127,C01824,BR004,Savings,2026-03-01,77297070.39,Active
A007128,C04847,BR004,Savings,2022-11-04,6911014.06,Active
A007129,C09963,BR023,Current,2021-05-25,17274902.98,Active
A007130,C04484,BR023,Current,2021-05-28,71581240.66,Active
A007131,C03815,BR018,Savings,2025-09-29,30747486.25,Active
A007132,C09125,BR049,Savings,2025-12-24,16444120.09,Active
A007133,C01161,BR016,Savings,2024-04-06,16959072.88,Active
A007134,C05268,BR002,Savings,2019-03-18,1823204.38,Active
A007135,C03444,BR020,Savings,2026-06-18,179695166.61,Inactive
A007136,C01907,BR037,Current,2025-03-12,27214682.85,Active
A007137,C00430,BR005,Savings,2026-08-27,25324815.91,Active
A007138,C09036,BR002,Savings,2023-08-21,7005726.89,Active
A007139,C02310,BR004,Current,2023-12-28,4244514.04,Active
A007140,C06932,BR050,Current,2026-03-14,16598521.85,Active
A007141,C03821,BR018,Current,2022-04-13,1466136.87,Active
A007142,C02317,BR011,Savings,2024-11-09,5984129.01,Inactive
A007143,C01612,BR007,Savings,2023-05-14,61324476.97,Active
A007144,C04983,BR029,Current,2024-05-31,1112079558.41,Active
A007145,C08620,BR029,Savings,2025-01-17,22150270.05,Active
A007146,C01858,BR044,Credit,2023-01-04,99202384.85,Active
A007147,C07469,BR036,Credit,2025-10-08,20428011.78,Active
A007148,C05343,BR050,Current,2023-11-10,8293867.71,Active
A007149,C08111,BR026,Savings,2022-06-15,11845112.35,Active
A007150,C06241,BR044,Savings,2024-09-17,8436092.28,Active
A007151,C03184,BR047,Current,2026-08-24,11334549.43,Active
A007152,C03096,BR020,Credit,2021-10-18,198637932.27,Active
A007153,C01824,BR004,Current,2026-07-01,9723948.42,Active
A007154,C01608,BR015,Savings,2023-12-06,11419230.92,Active
A007155,C02556,BR006,Savings,2021-06-02,27103834.99,Inactive
A007156,C02609,BR011,Current,2026-08-30,4818533.49,Active
A007157,C07342,BR028,Savings,2021-05-23,7659039.15,Active
A007158,C00565,BR033,Savings,2021-10-29,8313428.77,Active
A007159,C06399,BR015,Current,2023-12-03,15682162.47,Active
A007160,C06066,BR029,Current,2024-01-20,62837572.79,Inactive
A007161,C07587,BR005,Savings,2024-02-16,64243978.41,Active
A007162,C06580,BR002,Current,2021-06-19,50230823.07,Active
A007163,C04499,BR044,Savings,2023-05-17,6368640.3,Active
A007164,C01541,BR049,Current,2026-05-16,24419073.81,Active
A007165,C04963,BR021,Current,2022-05-31,11447906.86,Active
A007166,C04526,BR042,Savings,2025-11-28,24612769.29,Active
A007167,C07213,BR047,Savings,2022-10-20,6164138.19,Active
A007168,C02306,BR029,Savings,2026-03-02,8809727.2,Active
A007169,C01437,BR002,Current,2026-06-11,12567370.08,Closed
A007170,C07296,BR038,Savings,2025-03-29,73150554.58,Closed
A007171,C06271,BR019,Current,2024-08-08,27427473.18,Active
A007172,C01412,BR038,Savings,2020-07-07,59185118.4,Active
A007173,C09084,BR028,Savings,2025-04-14,134928661.39,Active
A007174,C03951,BR009,Savings,2025-05-29,20246975.17,Active
A007175,C05847,BR046,Savings,2025-09-22,74234559.83,Active
A007176,C07325,BR030,Current,2026-07-25,7007711.35,Active
A007177,C00775,BR031,Current,2025-09-11,135889128.35,Active
A007178,C04825,BR018,Savings,2024-07-29,7149055.34,Active
A007179,C05422,BR031,Savings,2026-02-14,14746796.86,Closed
A007180,C04829,BR029,Savings,2025-03-21,14366481.89,Active
A007181,C04912,BR040,Savings,2023-03-15,12709809.37,Active
A007182,C07048,BR007,Current,2025-07-01,10985699.95,Active
A007183,C03480,BR008,Savings,2026-08-18,7770922.2,Active
A007184,C09276,BR011,Savings,2024-10-22,4114433.06,Active
A007185,C03227,BR034,Savings,2023-02-16,213724958.48,Active
A007186,C06593,BR023,Current,2025-04-21,56702608.2,Active
A007187,C04145,BR034,Savings,2024-08-18,13538812.02,Active
A007188,C02064,BR002,Savings,2019-06-17,72825594.48,Active
A007189,C02108,BR040,Savings,2026-07-03,36036548.91,Active
A007190,C05614,BR016,Savings,2025-12-26,70429032.97,Active
A007191,C06982,BR047,Savings,2024-10-10,89471472.23,Active
A007192,C09938,BR009,Savings,2023-04-17,13229485.21,Active
A007193,C01491,BR039,Credit,2025-11-17,6106077.55,Active
A007194,C00911,BR027,Savings,2025-09-17,4726473.87,Active
A007195,C00181,BR035,Savings,2026-07-27,3628684.76,Active
A007196,C07406,BR011,Savings,2025-01-05,7935721.16,Active
A007197,C06980,BR007,Current,2025-07-10,18512168.57,Active
A007198,C00525,BR045,Current,2026-08-19,35556186.52,Active
A007199,C03630,BR004,Current,2026-07-13,107575616.06,Active
A007200,C00355,BR005,Savings,2025-12-11,12264854.19,Active
A007201,C08858,BR030,Savings,2026-05-13,850173408.85,Active
A007202,C08205,BR031,Savings,2026-03-01,6366980.51,Active
A007203,C08710,BR024,Credit,2026-05-03,7783961.17,Closed
A007204,C03199,BR021,Savings,2024-10-12,20663551.24,Closed
A007205,C06136,BR038,Savings,2025-01-03,27869507.14,Active
A007206,C04448,BR036,Savings,2022-03-30,7844221.7,Inactive
A007207,C03373,BR034,Savings,2025-07-26,15189534.82,Active
A007208,C08934,BR029,Current,2018-07-28,33451991.5,Inactive
A007209,C00908,BR040,Savings,2025-04-14,44913158.11,Active
A007210,C08010,BR029,Current,2021-06-25,14654289.92,Active
A007211,C04403,BR047,Savings,2025-08-06,20398067.18,Active
A007212,C00777,BR007,Current,2021-03-18,42492664.56,Active
A007213,C06772,BR047,Savings,2023-09-30,259923660.59,Active
A007214,C03070,BR038,Savings,2023-05-25,13133021.1,Active
A007215,C01272,BR038,Savings,2025-08-15,15995031.82,Active
A007216,C01336,BR032,Savings,2026-04-23,10832682.73,Active
A007217,C02017,BR046,Savings,2026-05-01,185211966.41,Active
A007218,C04190,BR028,Savings,2026-07-18,17596945.57,Active
A007219,C09915,BR021,Savings,2025-06-23,136275808.92,Active
A007220,C01702,BR038,Savings,2022-08-06,19909892.39,Active
A007221,C04570,BR037,Current,2019-08-04,68562111.14,Active
A007222,C03725,BR027,Savings,2022-03-03,31551623.64,Active
A007223,C04817,BR049,Current,2026-01-14,19772718.95,Active
A007224,C05349,BR034,Savings,2026-05-25,40826904.66,Active
A007225,C05241,BR005,Savings,2023-07-15,6798357.88,Active
A007226,C05969,BR014,Savings,2025-08-27,16896585.91,Active
A007227,C01730,BR022,Savings,2026-05-20,723354540.71,Active
A007228,C09701,BR038,Savings,2025-11-29,55678085.97,Active
A007229,C05254,BR048,Savings,2025-02-21,84450231.83,Active
A007230,C08416,BR001,Current,2026-01-06,15311100.38,Active
A007231,C07190,BR011,Savings,2021-08-28,22192809.3,Active
A007232,C02587,BR046,Savings,2024-03-15,443398299.7,Active
A007233,C07675,BR032,Savings,2026-06-13,33633139.82,Active
A007234,C00363,BR040,Current,2025-10-09,25342361.99,Active
A007235,C05221,BR022,Savings,2025-02-20,159100011.5,Active
A007236,C08728,BR003,Savings,2025-04-30,155415131.35,Active
A007237,C03059,BR033,Savings,2023-06-24,99558462.46,Active
A007238,C03336,BR045,Current,2024-05-09,33130507.7,Active
A007239,C03338,BR011,Savings,2026-04-21,392551287.25,Active
A007240,C02630,BR040,Savings,2026-05-10,4244838.38,Active
A007241,C00593,BR004,Savings,2019-09-16,151440986.68,Inactive
A007242,C05265,BR016,Savings,2026-07-25,26082455.51,Active
A007243,C08889,BR020,Savings,2023-10-26,11349051.0,Active
A007244,C02726,BR003,Savings,2024-05-12,16484425.79,Active
A007245,C07964,BR031,Savings,2025-12-10,35176724.65,Active
A007246,C06509,BR049,Savings,2026-08-28,5733252.31,Active
A007247,C03826,BR044,Savings,2026-04-25,10768832.44,Active
A007248,C00719,BR007,Current,2024-06-13,55479615.52,Active
A007249,C06463,BR023,Current,2022-03-31,19932911.91,Active
A007250,C08634,BR044,Savings,2024-02-22,27836851.7,Active
A007251,C06781,BR018,Savings,2021-01-22,4589799.02,Active
A007252,C03372,BR022,Current,2025-06-21,14933710.6,Closed
A007253,C03053,BR026,Savings,2023-10-04,30069563.61,Active
A007254,C06751,BR038,Current,2023-05-15,3401515.41,Active
A007255,C06962,BR017,Current,2026-04-21,14246855.96,Active
A007256,C02782,BR006,Current,2026-07-09,5671324.27,Active
A007257,C00394,BR019,Savings,2022-07-08,8978175.41,Active
A007258,C07037,BR013,Savings,2026-04-03,13853008.4,Active
A007259,C06693,BR034,Savings,2024-01-24,45706361.8,Active
A007260,C04131,BR049,Savings,2026-06-11,62361384.49,Active
A007261,C01131,BR044,Current,2023-10-08,7864010.44,Active
A007262,C02981,BR036,Current,2026-02-25,455113478.36,Active
A007263,C04941,BR038,Savings,2023-07-06,6515617.68,Active
A007264,C06873,BR035,Credit,2024-02-08,6039097.49,Active
A007265,C02901,BR047,Current,2026-06-05,50214987.45,Inactive
A007266,C04517,BR038,Savings,2021-03-20,283749201.45,Active
A007267,C05800,BR007,Current,2026-08-14,9340868.76,Active
A007268,C06045,BR040,Current,2024-06-17,35231267.48,Active
A007269,C08584,BR001,Savings,2026-07-21,102642794.43,Active
A007270,C02098,BR032,Savings,2022-09-24,4840340.98,Active
A007271,C04636,BR037,Current,2026-04-10,7138799.94,Active
A007272,C06552,BR013,Savings,2024-02-01,51879827.81,Inactive
A007273,C04465,BR047,Savings,2020-12-17,4790401.24,Active
A007274,C08463,BR037,Savings,2024-02-20,93023269.5,Active
A007275,C02552,BR003,Savings,2026-02-14,9496852.81,Active
A007276,C06932,BR003,Savings,2026-05-31,53127895.33,Active
A007277,C07569,BR022,Savings,2021-04-18,11747015.0,Active
A007278,C09099,BR019,Credit,2025-11-02,140044348.68,Active
A007279,C05983,BR050,Savings,2019-07-13,45790503.08,Active
A007280,C05323,BR011,Credit,2025-12-24,45604812.82,Active
A007281,C02994,BR045,Savings,2024-01-10,9398572.13,Inactive
A007282,C01851,BR023,Current,2026-08-18,7554472.12,Active
A007283,C06843,BR019,Savings,2026-05-19,14056439.15,Active
A007284,C09668,BR030,Savings,2026-04-10,5299786.33,Active
A007285,C05248,BR015,Savings,2026-03-29,18164361.98,Active
A007286,C01653,BR038,Savings,2026-08-11,7778883.97,Active
A007287,C01128,BR038,Savings,2024-08-22,35666719.24,Active
A007288,C02951,BR038,Savings,2022-11-07,9506352.58,Active
A007289,C08507,BR047,Current,2026-04-17,3721932.51,Active
A007290,C08810,BR038,Savings,2025-01-20,46006469.23,Active
A007291,C09977,BR023,Savings,2022-01-14,17370000.41,Active
A007292,C04425,BR014,Savings,2025-03-03,81648304.85,Active
A007293,C08746,BR019,Credit,2022-05-30,36001695.3,Active
A007294,C00755,BR030,Current,2022-11-12,147249759.06,Active
A007295,C01708,BR038,Savings,2026-05-21,8154479.16,Active
A007296,C00592,BR038,Savings,2026-08-16,58392035.99,Active
A007297,C09602,BR034,Savings,2023-09-20,6157593.29,Active
A007298,C05519,BR043,Savings,2018-06-06,4648239.55,Inactive
A007299,C08852,BR018,Current,2025-12-23,23829498.1,Active
A007300,C06294,BR026,Savings,2026-07-15,20528160.97,Active
A007301,C03041,BR005,Current,2018-05-13,643290572.69,Active
A007302,C03278,BR028,Current,2020-11-03,41818321.39,Active
A007303,C00249,BR038,Savings,2026-07-07,137573592.36,Active
A007304,C04028,BR038,Savings,2024-05-25,29928696.88,Active
A007305,C01029,BR046,Savings,2025-07-02,2845336.09,Active
A007306,C03116,BR045,Savings,2025-06-04,11733664.38,Active
A007307,C01801,BR009,Credit,2025-01-22,32450355.45,Inactive
A007308,C03901,BR022,Savings,2019-04-21,5891338.45,Active
A007309,C07361,BR007,Current,2025-07-04,16141398.5,Active
A007310,C04623,BR031,Current,2026-05-21,22728547.96,Active
A007311,C06103,BR026,Current,2026-08-16,109073730.52,Active
A007312,C07546,BR030,Credit,2025-08-24,20147641.76,Inactive
A007313,C00136,BR003,Current,2024-11-29,24220039.68,Active
A007314,C01135,BR029,Savings,2024-11-27,404450061.06,Active
A007315,C03075,BR046,Current,2023-06-25,4653909.58,Active
A007316,C00433,BR003,Savings,2026-06-24,22502234.82,Active
A007317,C09904,BR030,Savings,2024-12-08,18837460.17,Active
A007318,C05741,BR033,Current,2025-11-28,4703239.09,Active
A007319,C00064,BR033,Credit,2025-04-30,45233518.42,Active
A007320,C07328,BR049,Savings,2021-12-11,22991402.94,Active
A007321,C06278,BR036,Savings,2025-11-24,4971748.28,Active
A007322,C00914,BR030,Savings,2021-05-02,7801141.51,Inactive
A007323,C09609,BR006,Current,2026-03-29,9552554.14,Active
A007324,C06152,BR033,Current,2024-07-28,9547119.16,Active
A007325,C07213,BR020,Current,2026-04-17,18963012.14,Closed
A007326,C02161,BR027,Savings,2024-04-22,6868658.38,Closed
A007327,C04106,BR009,Savings,2019-12-13,36986744.76,Active
A007328,C03961,BR002,Savings,2026-04-11,34629051.28,Active
A007329,C05974,BR008,Savings,2025-02-21,24618644.17,Active
A007330,C07217,BR049,Credit,2025-09-19,82516302.3,Active
A007331,C08417,BR040,Savings,2025-12-28,31753666.95,Active
A007332,C07832,BR038,Savings,2026-07-23,12028658.64,Active
A007333,C08674,BR044,Savings,2024-06-17,8401910.43,Active
A007334,C09747,BR037,Current,2026-05-20,38866702.9,Active
A007335,C00331,BR014,Current,2026-08-09,19338238.53,Active
A007336,C08657,BR037,Savings,2025-02-12,49560110.49,Active
A007337,C02755,BR012,Current,2025-06-13,250570235.1,Inactive
A007338,C08975,BR047,Savings,2019-12-01,8322043.3,Active
A007339,C08783,BR018,Credit,2022-11-17,75625239.87,Active
A007340,C00570,BR011,Savings,2023-09-12,15049261.96,Active
A007341,C02597,BR023,Savings,2024-03-13,17017925.85,Active
A007342,C07312,BR001,Current,2024-05-28,26709663.78,Closed
A007343,C07859,BR033,Credit,2019-01-11,5673245.85,Inactive
A007344,C09053,BR020,Savings,2022-09-12,36063743.09,Active
A007345,C04387,BR032,Savings,2026-08-23,9223672.68,Active
A007346,C05472,BR034,Savings,2026-05-23,64849112.81,Active
A007347,C02871,BR033,Credit,2026-01-22,64274663.88,Active
A007348,C08215,BR019,Credit,2024-06-16,165401300.45,Active
A007349,C07466,BR018,Current,2025-09-21,13933109.03,Active
A007350,C08530,BR047,Credit,2022-04-25,35143282.18,Active
A007351,C00974,BR044,Savings,2025-03-02,11859917.93,Active
A007352,C09720,BR043,Current,2025-07-03,2954778.83,Active
A007353,C05044,BR002,Savings,2026-05-27,24258274.12,Active
A007354,C01403,BR049,Current,2025-06-15,99593541.94,Active
A007355,C02847,BR043,Savings,2023-01-02,6789573.19,Active
A007356,C03172,BR040,Savings,2026-07-23,79111289.88,Inactive
A007357,C00609,BR032,Savings,2023-11-05,28595003.08,Active
A007358,C09939,BR008,Savings,2022-01-11,2788797.75,Active
A007359,C02261,BR048,Savings,2024-08-02,5415466.29,Active
A007360,C04970,BR002,Savings,2022-12-04,11472806.26,Active
A007361,C06970,BR035,Savings,2026-03-27,81339615.49,Active
A007362,C03101,BR018,Current,2020-05-16,14312897.64,Active
A007363,C00248,BR015,Savings,2026-07-23,30553707.28,Active
A007364,C07472,BR008,Savings,2024-08-31,21973104.83,Closed
A007365,C00497,BR034,Savings,2024-09-22,130278051.37,Active
A007366,C01332,BR038,Savings,2025-06-11,4933998.01,Closed
A007367,C08284,BR035,Savings,2026-08-16,16842564.53,Active
A007368,C08650,BR038,Savings,2025-11-22,11732188.21,Active
A007369,C04270,BR002,Savings,2022-09-03,48313339.68,Active
A007370,C06482,BR041,Current,2026-07-11,17245766.81,Active
A007371,C08551,BR025,Savings,2026-05-28,8782903.55,Active
A007372,C01174,BR037,Current,2026-06-29,29667471.85,Active
A007373,C08124,BR023,Savings,2019-05-03,118668642.44,Active
A007374,C01132,BR010,Savings,2023-12-30,7773875.85,Active
A007375,C03869,BR035,Current,2026-08-14,11350461.9,Active
A007376,C03485,BR007,Credit,2023-04-29,11506280.69,Active
A007377,C04580,BR016,Credit,2026-07-02,188905974.01,Active
A007378,C00319,BR019,Savings,2023-07-20,17648374.81,Active
A007379,C02411,BR033,Current,2023-07-24,626005487.68,Active
A007380,C00088,BR050,Savings,2026-02-09,10109067.81,Active
A007381,C00465,BR047,Savings,2025-07-26,101127979.5,Closed
A007382,C08980,BR036,Current,2024-10-18,199213928.86,Active
A007383,C03291,BR040,Savings,2022-07-24,11236740.25,Active
A007384,C02843,BR013,Current,2026-01-06,16447509.12,Inactive
A007385,C01111,BR008,Savings,2025-07-24,5039995.53,Active
A007386,C06938,BR050,Credit,2025-09-01,46811831.08,Active
A007387,C01455,BR011,Savings,2025-07-05,11478731.49,Active
A007388,C00998,BR048,Savings,2022-01-23,6419747.29,Active
A007389,C08167,BR013,Savings,2025-12-02,43190870.55,Active
A007390,C05791,BR002,Current,2022-07-23,7672515.94,Inactive
A007391,C07791,BR023,Savings,2023-03-15,28148359.47,Active
A007392,C00305,BR002,Current,2026-05-03,17418261.91,Active
A007393,C05005,BR036,Savings,2021-04-12,15374830.05,Active
A007394,C01912,BR001,Savings,2024-02-23,49253533.79,Active
A007395,C09080,BR005,Savings,2026-08-03,2458545.62,Active
A007396,C04775,BR034,Savings,2026-05-02,12821023.49,Active
A007397,C00601,BR017,Savings,2026-03-18,6320168.9,Active
A007398,C04138,BR021,Current,2026-07-19,3123374.14,Active
A007399,C09360,BR038,Current,2025-09-08,5767650.55,Inactive
A007400,C06809,BR048,Savings,2025-10-11,15208283.24,Active
A007401,C05397,BR030,Current,2025-10-04,48148194.7,Active
A007402,C07674,BR030,Current,2025-04-11,30733125.3,Active
A007403,C08712,BR002,Savings,2023-06-01,294964932.42,Active
A007404,C04918,BR023,Current,2023-11-06,11568194.94,Active
A007405,C09191,BR027,Savings,2022-10-11,11609519.88,Inactive
A007406,C04992,BR031,Savings,2026-05-18,323480110.42,Active
A007407,C03673,BR023,Savings,2024-05-13,59685652.22,Active
A007408,C03751,BR030,Current,2025-06-09,7591636.97,Active
A007409,C04536,BR014,Credit,2025-09-21,33095526.04,Active
A007410,C06875,BR023,Savings,2025-07-02,51684612.13,Active
A007411,C08424,BR037,Current,2023-01-30,11036731.18,Active
A007412,C05018,BR025,Savings,2020-02-05,108051740.46,Active
A007413,C09305,BR020,Current,2026-01-08,19356788.76,Active
A007414,C05850,BR019,Savings,2022-12-02,7339713.07,Active
A007415,C06837,BR023,Savings,2025-11-26,27440931.7,Active
A007416,C05793,BR007,Current,2026-08-17,23062005.34,Active
A007417,C07664,BR007,Savings,2025-03-27,17295218.37,Active
A007418,C00866,BR047,Current,2024-08-24,10622737.18,Active
A007419,C05562,BR038,Credit,2021-10-04,10833743.36,Active
A007420,C08154,BR046,Credit,2025-12-11,12763793.36,Active
A007421,C08886,BR024,Savings,2022-03-16,5598981.18,Active
A007422,C06030,BR033,Savings,2024-03-22,14536103.37,Active
A007423,C06178,BR044,Current,2026-03-22,30622402.03,Active
A007424,C03540,BR037,Savings,2024-12-26,30239443.64,Active
A007425,C08700,BR002,Current,2022-11-28,258075386.37,Active
A007426,C06431,BR001,Savings,2026-02-23,819914259.06,Active
A007427,C06311,BR038,Current,2025-08-02,68908107.71,Active
A007428,C04153,BR038,Credit,2025-01-20,11647413.9,Active
A007429,C07950,BR027,Savings,2026-05-07,26082431.53,Active
A007430,C09011,BR027,Current,2024-01-25,2454203.41,Active
A007431,C05465,BR023,Current,2023-01-07,127921369.19,Active
A007432,C04414,BR011,Current,2023-10-09,16134293.29,Active
A007433,C06935,BR047,Savings,2026-02-11,6703727.74,Active
A007434,C07444,BR019,Savings,2023-04-18,76662436.06,Active
A007435,C00591,BR031,Savings,2025-07-31,121576344.57,Active
A007436,C08940,BR027,Savings,2026-05-06,32482955.92,Active
A007437,C02088,BR038,Current,2022-07-14,14655696.16,Active
A007438,C07553,BR031,Savings,2024-08-10,6722659.16,Active
A007439,C09544,BR038,Savings,2025-09-07,9904626.54,Active
A007440,C05641,BR005,Current,2024-06-30,18385357.96,Active
A007441,C06368,BR019,Savings,2024-12-17,9004441.27,Active
A007442,C02105,BR041,Savings,2025-05-04,127978339.75,Active
A007443,C09946,BR019,Savings,2024-04-10,131632916.52,Active
A007444,C04980,BR040,Current,2022-12-30,15059894.91,Active
A007445,C06106,BR028,Savings,2025-08-19,3481774.69,Active
A007446,C06324,BR041,Savings,2024-06-12,59138263.3,Active
A007447,C09484,BR023,Savings,2026-02-27,12653222.37,Active
A007448,C01520,BR006,Current,2023-11-09,131035924.69,Active
A007449,C04122,BR027,Savings,2025-12-27,126317884.43,Active
A007450,C03945,BR009,Credit,2023-10-07,69065690.02,Active
A007451,C05963,BR033,Savings,2025-02-28,21462510.22,Active
A007452,C09093,BR046,Savings,2026-05-29,2982082.22,Closed
A007453,C04039,BR002,Savings,2025-12-23,795401546.5,Active
A007454,C06375,BR009,Savings,2024-05-04,2728442314.34,Active
A007455,C06408,BR038,Savings,2022-07-17,2819792.84,Active
A007456,C08958,BR004,Savings,2026-06-29,11918871.61,Active
A007457,C05913,BR023,Credit,2024-03-21,13787738.78,Active
A007458,C08567,BR005,Current,2024-04-19,30211815.95,Active
A007459,C08226,BR012,Current,2026-06-14,349397277.8,Active
A007460,C03083,BR048,Savings,2024-02-04,20375962.54,Active
A007461,C03914,BR043,Savings,2026-06-27,83219663.54,Inactive
A007462,C09153,BR038,Savings,2026-03-16,90136876.81,Active
A007463,C03787,BR049,Savings,2023-09-13,21524444.79,Active
A007464,C08010,BR008,Current,2025-10-29,19504372.17,Active
A007465,C07715,BR038,Current,2021-09-17,39816843.55,Active
A007466,C06199,BR037,Savings,2023-08-09,10699460.87,Active
A007467,C00594,BR048,Current,2024-11-24,141858114.7,Closed
A007468,C07726,BR038,Savings,2021-12-28,5603620.55,Active
A007469,C05053,BR037,Savings,2023-03-31,11946602.37,Active
A007470,C01137,BR019,Savings,2019-05-20,210300667.37,Active
A007471,C06885,BR040,Savings,2026-08-31,375516496.14,Active
A007472,C04314,BR038,Savings,2026-03-07,64120928.61,Active
A007473,C02258,BR004,Savings,2026-08-04,37105201.24,Active
A007474,C05885,BR032,Credit,2024-06-04,7426953.33,Active
A007475,C03821,BR016,Savings,2021-12-19,3754658.94,Active
A007476,C09160,BR036,Savings,2023-12-02,5064336.57,Active
A007477,C00084,BR046,Savings,2024-12-14,33227725.68,Inactive
A007478,C04973,BR015,Savings,2026-04-04,6906094.8,Active
A007479,C07968,BR001,Current,2023-10-14,20621324.98,Inactive
A007480,C07317,BR018,Current,2026-05-25,11848724.19,Active
A007481,C08334,BR047,Savings,2024-03-10,29004339.16,Active
A007482,C09803,BR005,Savings,2025-06-27,12471395.19,Active
A007483,C03794,BR037,Current,2026-08-24,136938102.07,Active
A007484,C02504,BR016,Savings,2025-02-27,68480142.57,Active
A007485,C01313,BR027,Savings,2024-01-30,11656710.9,Active
A007486,C08919,BR032,Savings,2026-06-28,10447289.11,Active
A007487,C02948,BR035,Savings,2023-07-04,716698277.94,Active
A007488,C01120,BR021,Savings,2025-05-28,6327906.36,Active
A007489,C07199,BR011,Current,2021-04-18,76977267.51,Active
A007490,C09006,BR037,Current,2026-06-17,15271820.56,Active
A007491,C04927,BR037,Current,2023-08-11,14971971.45,Active
A007492,C02433,BR008,Savings,2022-10-12,3732509.61,Active
A007493,C03309,BR032,Current,2024-12-06,113255725.73,Active
A007494,C08210,BR034,Credit,2021-11-06,6901716.36,Active
A007495,C00449,BR042,Current,2026-04-12,47315668.59,Active
A007496,C03237,BR023,Current,2024-12-17,4679906.67,Active
A007497,C07135,BR023,Savings,2026-07-08,15730837.27,Active
A007498,C00577,BR008,Savings,2026-05-30,16958042.11,Active
A007499,C07839,BR026,Current,2026-03-04,2676589.04,Active
A007500,C01270,BR009,Savings,2021-04-13,7664265.13,Active
A007501,C03074,BR036,Savings,2026-07-25,49071556.87,Active
A007502,C02582,BR027,Savings,2021-07-02,1130611917.3,Active
A007503,C07120,BR007,Current,2021-01-19,77758848.32,Active
A007504,C07810,BR036,Savings,2024-07-25,42181246.3,Active
A007505,C05677,BR016,Savings,2020-11-12,11069802.72,Active
A007506,C01200,BR037,Savings,2024-05-21,122276669.83,Active
A007507,C08558,BR037,Savings,2026-07-13,8395282.56,Active
A007508,C00890,BR025,Savings,2022-12-17,7950793.59,Closed
A007509,C00605,BR021,Credit,2023-09-28,22363530.68,Inactive
A007510,C01206,BR039,Savings,2026-08-16,19622039.45,Active
A007511,C08742,BR045,Savings,2026-08-15,431643443.96,Active
A007512,C08806,BR048,Current,2025-12-14,137847176.63,Active
A007513,C00836,BR036,Savings,2022-08-05,92987905.44,Active
A007514,C06002,BR033,Current,2022-03-21,75868910.02,Active
A007515,C03004,BR005,Savings,2021-05-30,17268297.58,Active
A007516,C07276,BR049,Savings,2019-06-22,33165546.22,Active
A007517,C03692,BR006,Current,2026-06-08,11574020.04,Active
A007518,C04795,BR028,Credit,2025-11-11,7251977.38,Active
A007519,C02214,BR020,Savings,2026-02-09,26634472.55,Active
A007520,C01957,BR005,Credit,2020-07-16,75160290.77,Active
A007521,C09482,BR028,Savings,2025-09-21,143230721.46,Inactive
A007522,C00683,BR027,Savings,2024-10-23,19893627.11,Active
A007523,C01387,BR048,Current,2024-07-12,185586762.13,Active
A007524,C06087,BR033,Current,2026-07-03,169705256.85,Inactive
A007525,C07084,BR050,Savings,2023-10-16,7471518.35,Active
A007526,C00777,BR031,Savings,2019-09-11,123934725.41,Active
A007527,C01519,BR044,Savings,2021-09-01,196203897.67,Active
A007528,C08122,BR048,Credit,2026-02-08,11027303.46,Active
A007529,C09554,BR038,Savings,2025-08-25,37820291.25,Active
A007530,C01598,BR016,Savings,2025-08-06,20617570.9,Active
A007531,C06266,BR032,Current,2026-04-17,29654243.17,Active
A007532,C01280,BR018,Credit,2022-07-20,7680200.46,Active
A007533,C00579,BR019,Savings,2024-12-13,92947683.99,Active
A007534,C06161,BR046,Credit,2026-05-06,29855519.11,Active
A007535,C01915,BR032,Savings,2023-07-22,58973642.89,Active
A007536,C04279,BR002,Savings,2024-07-29,19535392.29,Active
A007537,C07357,BR023,Savings,2022-05-30,62408429.91,Active
A007538,C05150,BR031,Current,2020-11-19,7118402.45,Active
A007539,C09354,BR016,Savings,2025-08-19,600458473.93,Active
A007540,C01252,BR038,Savings,2026-06-19,307596480.83,Active
A007541,C01636,BR006,Savings,2023-01-30,25329818.03,Active
A007542,C00777,BR029,Savings,2020-08-17,635826179.01,Active
A007543,C00030,BR027,Current,2026-08-10,116231165.4,Active
A007544,C05941,BR034,Savings,2026-08-04,5296800.16,Active
A007545,C03519,BR006,Savings,2025-10-17,42813208.83,Inactive
A007546,C05239,BR022,Savings,2023-05-20,16527835.46,Active
A007547,C07013,BR037,Savings,2025-02-25,153914192.3,Active
A007548,C07888,BR030,Savings,2025-01-23,8221231.35,Active
A007549,C00684,BR045,Current,2026-08-30,123515308.2,Active
A007550,C08579,BR037,Current,2026-04-17,5566200.55,Active
A007551,C08704,BR038,Current,2026-07-01,6058688.7,Active
A007552,C03840,BR038,Savings,2021-07-16,10904976.0,Active
A007553,C05459,BR002,Current,2026-03-27,11757551.85,Active
A007554,C02938,BR030,Savings,2024-11-14,33651673.08,Active
A007555,C05060,BR040,Current,2025-03-15,7297548.01,Active
A007556,C09264,BR005,Savings,2026-04-21,8430248.2,Active
A007557,C02731,BR048,Savings,2022-06-15,23888240.16,Inactive
A007558,C09087,BR026,Current,2023-05-05,28478962.59,Closed
A007559,C09997,BR005,Current,2023-12-12,47041480.43,Active
A007560,C00889,BR050,Savings,2022-09-13,21831338.54,Active
A007561,C03039,BR036,Savings,2025-08-03,16648855.06,Active
A007562,C07561,BR046,Savings,2026-08-29,23761839.86,Active
A007563,C02067,BR010,Savings,2026-07-20,12111070.56,Active
A007564,C09007,BR037,Savings,2022-07-23,12040020.3,Active
A007565,C07673,BR043,Savings,2021-08-31,3628291.77,Active
A007566,C09353,BR007,Savings,2018-09-11,30654607.17,Closed
A007567,C08482,BR038,Savings,2021-01-21,92763003.97,Active
A007568,C06661,BR037,Savings,2020-12-15,137820776.65,Active
A007569,C07835,BR010,Savings,2022-09-25,36792159.26,Active
A007570,C03246,BR003,Savings,2022-01-18,14445296.14,Active
A007571,C02930,BR037,Current,2022-06-17,43943713.67,Active
A007572,C08331,BR033,Savings,2026-07-26,1163308242.61,Inactive
A007573,C03312,BR003,Current,2025-06-19,24518396.99,Active
A007574,C07952,BR010,Savings,2020-07-21,94253826.24,Active
A007575,C05290,BR033,Savings,2020-12-11,10617502.57,Active
A007576,C05033,BR004,Savings,2023-04-17,20610833.78,Closed
A007577,C05614,BR034,Current,2026-07-27,7138493.06,Active
A007578,C03301,BR010,Current,2025-06-22,13849787.96,Active
A007579,C04236,BR047,Savings,2026-04-18,9443809.92,Active
A007580,C03649,BR046,Savings,2020-10-23,91949721.76,Active
A007581,C03223,BR036,Savings,2024-10-05,48618708.53,Active
A007582,C00044,BR028,Savings,2022-02-05,35110077.18,Active
A007583,C02505,BR007,Savings,2026-06-23,28185535.45,Active
A007584,C08119,BR038,Savings,2025-11-27,29945405.02,Active
A007585,C00019,BR046,Current,2024-04-02,17429837.58,Active
A007586,C02024,BR046,Current,2023-06-26,39917639.25,Inactive
A007587,C06873,BR021,Savings,2026-08-22,19413452.96,Active
A007588,C01807,BR045,Current,2026-02-09,14919604.23,Active
A007589,C01358,BR002,Savings,2026-04-11,18084905.47,Active
A007590,C09439,BR002,Current,2018-07-07,3537936.22,Active
A007591,C01350,BR034,Savings,2025-04-17,8118355.29,Active
A007592,C05861,BR017,Savings,2024-11-28,20220938.6,Active
A007593,C05844,BR037,Current,2023-11-16,177611483.1,Active
A007594,C03920,BR020,Current,2024-11-26,9656736.05,Active
A007595,C07239,BR033,Savings,2021-04-23,77747144.12,Active
A007596,C02875,BR023,Current,2025-08-21,4167249.58,Active
A007597,C02095,BR008,Savings,2020-12-23,48206740.31,Active
A007598,C01286,BR001,Savings,2021-02-16,36563248.15,Active
A007599,C04032,BR044,Credit,2025-06-17,25272890.41,Active
A007600,C02041,BR044,Credit,2021-08-30,20769699.11,Active
A007601,C06592,BR008,Savings,2026-03-23,1211933632.66,Active
A007602,C09814,BR047,Current,2026-06-22,7877742.74,Active
A007603,C04020,BR045,Savings,2021-07-02,7224810.14,Active
A007604,C06730,BR042,Credit,2023-12-29,35067193.32,Active
A007605,C09101,BR001,Current,2024-08-21,33231589.23,Active
A007606,C05275,BR034,Savings,2021-02-21,34694449.74,Active
A007607,C01896,BR004,Savings,2024-07-13,9805684.77,Inactive
A007608,C05887,BR020,Savings,2023-01-02,57935174.59,Active
A007609,C09890,BR022,Current,2025-08-11,106718418.66,Active
A007610,C08517,BR005,Savings,2019-02-21,28156533.27,Active
A007611,C05135,BR022,Current,2024-11-08,5934679.16,Active
A007612,C07564,BR035,Savings,2025-08-30,25364887.12,Active
A007613,C03538,BR048,Current,2021-09-26,4818279.74,Active
A007614,C08656,BR016,Current,2023-04-04,20008389.86,Active
A007615,C06835,BR048,Savings,2021-09-05,26829696.95,Active
A007616,C03367,BR039,Savings,2026-03-07,218358510.03,Inactive
A007617,C05114,BR036,Savings,2025-09-19,12243820.25,Inactive
A007618,C08437,BR028,Current,2020-10-15,9687240.97,Active
A007619,C03759,BR040,Savings,2025-07-05,264971081.61,Active
A007620,C02170,BR013,Savings,2025-08-15,69803089.87,Inactive
A007621,C01976,BR035,Current,2022-12-01,14231178.44,Inactive
A007622,C00604,BR015,Savings,2023-12-08,58161055.56,Active
A007623,C09211,BR007,Savings,2025-09-30,11304290.58,Active
A007624,C01440,BR040,Savings,2023-07-03,8889120.5,Active
A007625,C02150,BR036,Current,2025-05-09,28802344.22,Active
A007626,C06728,BR028,Credit,2025-07-12,8487252.04,Active
A007627,C06862,BR047,Savings,2026-03-23,72298657.32,Active
A007628,C04163,BR015,Savings,2018-10-22,5221179.42,Active
A007629,C00237,BR048,Savings,2026-05-13,17398219.47,Inactive
A007630,C06322,BR047,Savings,2019-03-09,15839838.5,Active
A007631,C02735,BR022,Savings,2025-01-31,157533924.23,Active
A007632,C01292,BR018,Current,2022-06-18,29780548.05,Active
A007633,C01184,BR009,Current,2026-03-03,23318909.73,Active
A007634,C07936,BR037,Savings,2025-01-13,105425613.57,Active
A007635,C00587,BR046,Savings,2019-06-13,14146212.35,Closed
A007636,C05652,BR038,Savings,2025-06-18,24427144.08,Active
A007637,C02498,BR032,Current,2020-10-29,36722664.04,Active
A007638,C04196,BR027,Savings,2026-08-13,2290745.58,Active
A007639,C09335,BR036,Current,2025-09-18,37999930.78,Active
A007640,C08876,BR043,Credit,2024-10-05,25722820.91,Active
A007641,C09996,BR038,Credit,2023-04-24,13551009.6,Active
A007642,C04536,BR043,Savings,2025-08-21,35434895.67,Active
A007643,C03195,BR035,Savings,2025-01-15,8354934.04,Active
A007644,C05921,BR035,Savings,2024-12-11,199046631.98,Inactive
A007645,C02184,BR045,Current,2026-07-10,7634977.73,Inactive
A007646,C01061,BR038,Savings,2026-02-02,23621274.82,Active
A007647,C03195,BR008,Current,2025-12-24,4227808.35,Active
A007648,C04802,BR030,Savings,2026-02-18,46765862.82,Active
A007649,C08511,BR038,Savings,2026-06-15,441291287.41,Inactive
A007650,C07539,BR018,Savings,2025-08-14,5724351.91,Active
A007651,C08616,BR049,Savings,2022-01-15,8844553.77,Active
A007652,C09078,BR018,Savings,2024-04-02,2556901.41,Active
A007653,C01341,BR035,Savings,2024-11-18,24353985.72,Active
A007654,C07774,BR046,Savings,2023-09-23,8651926.79,Active
A007655,C08299,BR001,Current,2026-03-26,145257518.14,Active
A007656,C06423,BR017,Savings,2026-01-11,32314328.11,Active
A007657,C08820,BR028,Savings,2024-06-07,10734677.53,Active
A007658,C07701,BR024,Current,2024-12-27,26467504.2,Active
A007659,C03848,BR024,Savings,2025-06-25,311591304.82,Active
A007660,C04221,BR034,Current,2023-09-06,15069990.81,Active
A007661,C05625,BR022,Savings,2026-02-11,58357811.9,Active
A007662,C06586,BR038,Savings,2022-06-26,16339340.78,Active
A007663,C03117,BR033,Current,2026-07-25,46491120.24,Active
A007664,C02493,BR041,Credit,2024-01-16,414734494.96,Inactive
A007665,C09505,BR001,Credit,2024-09-01,7911907.8,Active
A007666,C01891,BR008,Current,2026-03-22,51015309.4,Inactive
A007667,C00273,BR035,Savings,2025-09-26,6128491.22,Active
A007668,C06659,BR043,Savings,2026-02-21,15427781.47,Active
A007669,C02156,BR011,Savings,2026-04-28,5308186.87,Active
A007670,C00280,BR049,Savings,2023-06-16,104854426.83,Active
A007671,C05089,BR020,Savings,2021-01-29,13649606.56,Active
A007672,C08558,BR022,Savings,2026-04-10,27378458.76,Active
A007673,C01093,BR044,Savings,2026-05-26,22408624.22,Active
A007674,C05405,BR028,Credit,2023-10-24,9016226.71,Active
A007675,C08163,BR021,Savings,2024-06-16,10142995.88,Closed
A007676,C07362,BR044,Savings,2025-12-23,11020830.68,Inactive
A007677,C04771,BR038,Savings,2026-06-25,67729854.7,Active
A007678,C07242,BR006,Savings,2025-02-14,129749057.1,Active
A007679,C00700,BR011,Current,2024-12-12,300728379.63,Active
A007680,C09012,BR048,Savings,2026-01-06,29390564.84,Active
A007681,C05033,BR045,Savings,2026-06-11,14256080.04,Active
A007682,C01834,BR004,Savings,2026-08-04,39192037.21,Active
A007683,C03519,BR031,Savings,2025-05-30,92119846.12,Active
A007684,C03330,BR044,Savings,2024-11-30,333364943.63,Active
A007685,C09221,BR026,Current,2021-09-14,13917295.86,Active
A007686,C06096,BR029,Current,2022-01-26,296087166.67,Active
A007687,C04284,BR032,Savings,2020-07-22,19016418.53,Active
A007688,C02618,BR005,Savings,2026-03-15,41129353.12,Active
A007689,C04659,BR047,Current,2025-09-29,14406614.04,Active
A007690,C08492,BR041,Savings,2025-06-14,112903182.75,Closed
A007691,C01235,BR050,Current,2022-10-10,22053258.49,Active
A007692,C06556,BR007,Savings,2026-02-16,43945108.31,Active
A007693,C01690,BR039,Current,2026-06-15,23517920.37,Active
A007694,C01984,BR031,Credit,2021-02-01,148292423.23,Inactive
A007695,C01669,BR046,Current,2024-03-23,791272450.9,Active
A007696,C01649,BR001,Savings,2026-07-20,13188125.21,Active
A007697,C02688,BR035,Credit,2024-05-20,10772838.57,Active
A007698,C08123,BR018,Current,2026-07-29,51632420.66,Active
A007699,C07801,BR016,Savings,2025-08-28,48242355.15,Inactive
A007700,C05810,BR011,Current,2021-06-15,79040911.83,Active
A007701,C09370,BR008,Credit,2020-12-27,12686973.41,Closed
A007702,C05000,BR027,Savings,2024-12-17,180854004.68,Closed
A007703,C03108,BR033,Savings,2026-03-15,6007582.36,Active
A007704,C00286,BR005,Current,2025-08-18,74135712.78,Active
A007705,C02405,BR037,Current,2024-10-05,10598284.06,Active
A007706,C03141,BR003,Current,2022-12-02,6019213.62,Active
A007707,C02829,BR011,Savings,2025-07-28,29151518.73,Active
A007708,C03594,BR039,Current,2022-06-30,61912642.64,Active
A007709,C03746,BR018,Current,2026-08-20,32398780.15,Active
A007710,C08325,BR011,Current,2025-03-17,8430868.5,Active
A007711,C09261,BR027,Savings,2025-05-28,77236014.36,Active
A007712,C07142,BR004,Current,2023-01-25,51438831.43,Active
A007713,C01962,BR043,Current,2023-06-26,5865516.17,Active
A007714,C09499,BR011,Credit,2024-09-27,138357819.36,Active
A007715,C04333,BR038,Savings,2024-01-15,4709508.9,Active
A007716,C08509,BR010,Savings,2024-10-25,57701334.59,Active
A007717,C04186,BR021,Savings,2025-07-15,59193187.98,Active
A007718,C00680,BR039,Savings,2026-01-08,89236056.67,Active
A007719,C01957,BR041,Credit,2024-06-15,268183458.71,Active
A007720,C05845,BR037,Current,2026-04-29,13775694.81,Active
A007721,C09627,BR033,Credit,2023-05-21,8436148.81,Inactive
A007722,C09325,BR048,Current,2026-04-11,91685978.83,Active
A007723,C01282,BR028,Current,2026-08-21,12986664.56,Active
A007724,C00695,BR038,Savings,2022-11-11,10878589.92,Active
A007725,C00268,BR037,Savings,2026-01-05,25061864.71,Closed
A007726,C00974,BR011,Current,2025-04-14,9938412.84,Inactive
A007727,C02988,BR021,Savings,2025-12-13,6169802.97,Active
A007728,C02762,BR025,Current,2025-11-16,23321329.39,Active
A007729,C05980,BR038,Savings,2026-03-18,33145509.73,Active
A007730,C09843,BR044,Current,2024-02-17,27128840.97,Active
A007731,C00210,BR009,Savings,2025-08-04,101665620.47,Active
A007732,C04523,BR027,Savings,2025-04-24,7581602.19,Active
A007733,C02543,BR037,Current,2026-07-15,17678881.99,Inactive
A007734,C05104,BR004,Current,2024-07-24,139346304.67,Active
A007735,C05374,BR029,Current,2022-06-03,9384522.05,Active
A007736,C07374,BR023,Credit,2026-05-22,16498002.92,Active
A007737,C09558,BR023,Current,2023-09-25,13352196.85,Active
A007738,C02092,BR037,Savings,2025-12-03,56709601.6,Active
A007739,C07245,BR030,Credit,2025-11-17,29644858.66,Active
A007740,C09376,BR007,Savings,2026-08-18,569785995.52,Inactive
A007741,C06906,BR018,Credit,2025-09-03,3798837.94,Active
A007742,C07143,BR044,Savings,2026-05-26,17224280.8,Active
A007743,C02806,BR039,Current,2026-05-08,13250555.26,Active
A007744,C04553,BR004,Savings,2025-05-15,13159244.46,Active
A007745,C03646,BR023,Savings,2024-01-27,4294432.53,Inactive
A007746,C00618,BR028,Current,2019-04-18,6282922.91,Active
A007747,C01297,BR028,Savings,2024-08-27,76280275.55,Active
A007748,C08009,BR018,Savings,2024-09-11,36581213.77,Inactive
A007749,C00168,BR004,Current,2021-04-18,218222132.1,Active
A007750,C07573,BR003,Current,2026-01-04,254164621.39,Active
A007751,C02486,BR028,Savings,2026-03-08,1455066307.47,Active
A007752,C09679,BR028,Savings,2023-08-24,276020528.93,Active
A007753,C04427,BR016,Savings,2023-12-08,13531476.74,Active
A007754,C09323,BR007,Savings,2022-02-07,13678898.3,Active
A007755,C09407,BR012,Current,2024-11-25,5112283.04,Active
A007756,C05530,BR022,Current,2026-03-29,23700323.55,Active
A007757,C07707,BR047,Savings,2024-10-16,8897312.87,Active
A007758,C01459,BR011,Savings,2023-03-31,14643458.36,Active
A007759,C05201,BR008,Current,2026-05-30,21403373.99,Active
A007760,C01994,BR037,Current,2024-07-26,70958576.15,Inactive
A007761,C09239,BR007,Savings,2024-12-22,5226982.57,Active
A007762,C08754,BR046,Current,2019-10-06,29965177.25,Active
A007763,C00608,BR036,Current,2024-12-15,30054993.07,Active
A007764,C01409,BR004,Credit,2026-04-07,9002284.54,Active
A007765,C01960,BR029,Current,2026-07-18,24231496.12,Active
A007766,C09386,BR041,Current,2023-08-22,252757856.27,Active
A007767,C05798,BR023,Savings,2025-09-02,8134166.15,Active
A007768,C03661,BR025,Savings,2026-03-07,18196441.24,Active
A007769,C00086,BR038,Savings,2023-01-11,20736414.15,Active
A007770,C03226,BR049,Savings,2025-08-10,22997678.71,Active
A007771,C06461,BR050,Savings,2026-02-02,27756876.45,Active
A007772,C06803,BR038,Savings,2023-04-04,17134501.52,Active
A007773,C03412,BR042,Current,2021-09-04,22619201.06,Active
A007774,C05780,BR046,Savings,2025-07-19,168806693.43,Active
A007775,C03948,BR026,Current,2023-09-12,17102984.77,Active
A007776,C07702,BR038,Savings,2026-01-25,10246920.16,Active
A007777,C02405,BR037,Current,2024-07-07,5607960.34,Active
A007778,C08357,BR011,Current,2023-12-24,56015332.62,Inactive
A007779,C08727,BR021,Current,2022-03-23,18608441.37,Active
A007780,C05078,BR036,Credit,2025-03-22,21257037.61,Active
A007781,C08385,BR041,Savings,2026-04-05,5437301.58,Closed
A007782,C08903,BR040,Current,2026-04-07,7084496.66,Active
A007783,C02144,BR044,Savings,2019-08-07,26783210.7,Active
A007784,C09482,BR028,Savings,2025-04-17,114174764.85,Active
A007785,C06093,BR035,Savings,2026-04-26,30500172.24,Inactive
A007786,C06931,BR029,Savings,2024-12-11,208410133.45,Active
A007787,C05105,BR044,Current,2026-06-02,538206783.44,Active
A007788,C01836,BR024,Savings,2026-08-28,10763966.27,Active
A007789,C01467,BR043,Current,2024-03-27,16443491.86,Active
A007790,C03949,BR010,Savings,2024-12-06,56597673.6,Active
A007791,C07292,BR036,Savings,2023-05-16,3195479240.89,Active
A007792,C02022,BR046,Current,2026-01-03,21726382.24,Active
A007793,C00838,BR033,Current,2026-08-20,23022995.3,Active
A007794,C04054,BR037,Current,2025-02-01,625467798.95,Active
A007795,C00029,BR036,Savings,2024-06-07,15288248.75,Active
A007796,C09258,BR044,Savings,2026-01-13,180679431.86,Active
A007797,C01702,BR038,Credit,2025-07-18,33598668.4,Active
A007798,C04375,BR028,Savings,2025-10-18,19916556.26,Active
A007799,C06816,BR049,Savings,2023-12-08,11630538.6,Active
A007800,C03186,BR028,Savings,2025-06-22,4443725.46,Active
A007801,C00578,BR040,Credit,2026-07-02,26949939.14,Active
A007802,C05663,BR021,Savings,2025-09-11,17784670.05,Active
A007803,C05560,BR041,Credit,2021-12-01,8313128.54,Active
A007804,C00150,BR038,Current,2024-12-27,6074586.91,Active
A007805,C00600,BR039,Savings,2025-06-30,25462237.71,Active
A007806,C05720,BR006,Credit,2019-09-19,4166436.62,Active
A007807,C03340,BR035,Savings,2026-03-01,19063264.36,Active
A007808,C06198,BR043,Credit,2022-05-06,29455790.98,Inactive
A007809,C04236,BR028,Current,2026-05-18,23288612.57,Active
A007810,C05549,BR028,Savings,2025-12-03,60855901.1,Active
A007811,C07151,BR007,Savings,2024-09-09,5520953.68,Active
A007812,C00127,BR002,Savings,2021-09-17,23990684.11,Active
A007813,C04364,BR044,Current,2024-01-15,185377224.25,Closed
A007814,C06166,BR028,Savings,2026-01-17,9486441.01,Active
A007815,C06841,BR021,Current,2025-11-06,22501382.72,Active
A007816,C07541,BR007,Savings,2026-06-21,53157664.32,Active
A007817,C05301,BR008,Credit,2025-09-29,19670653.96,Active
A007818,C02540,BR012,Current,2026-08-10,10919455.27,Active
A007819,C02225,BR045,Savings,2024-02-16,34492193.85,Active
A007820,C09493,BR006,Current,2024-04-06,8314503.69,Inactive
A007821,C04113,BR037,Current,2025-11-24,32242718.16,Active
A007822,C02672,BR038,Savings,2021-12-11,28729002.54,Active
A007823,C08636,BR021,Current,2026-05-09,10838671.04,Active
A007824,C06844,BR050,Savings,2024-10-23,11644493.3,Active
A007825,C06250,BR023,Savings,2020-05-30,9083846.19,Active
A007826,C06883,BR035,Savings,2025-10-12,10275847.97,Active
A007827,C09202,BR035,Savings,2024-04-08,213609596.59,Active
A007828,C09532,BR031,Savings,2025-09-01,56715594.81,Active
A007829,C00919,BR013,Current,2026-08-08,281044123.45,Active
A007830,C06774,BR024,Savings,2024-10-20,171590542.09,Active
A007831,C05503,BR035,Savings,2022-04-14,21781635.55,Active
A007832,C05628,BR027,Current,2026-05-03,29353938.27,Active
A007833,C00797,BR026,Savings,2025-02-14,12910364.51,Active
A007834,C01124,BR004,Current,2026-07-22,362040026.7,Active
A007835,C01453,BR004,Savings,2023-08-25,10586217.7,Active
A007836,C01923,BR002,Savings,2026-06-08,50368489.99,Active
A007837,C03984,BR044,Savings,2022-01-11,15675184.49,Active
A007838,C02014,BR035,Current,2026-02-10,1760391.61,Active
A007839,C03461,BR019,Savings,2025-05-22,125256862.54,Active
A007840,C00647,BR008,Current,2023-03-25,41307907.98,Active
A007841,C06209,BR046,Savings,2026-08-24,14423422.19,Active
A007842,C02489,BR023,Current,2020-10-06,40225092.99,Active
A007843,C04029,BR025,Credit,2022-08-19,92173359.19,Active
A007844,C05653,BR018,Current,2025-08-02,4951045.62,Inactive
A007845,C06394,BR038,Savings,2024-01-18,412330247.95,Active
A007846,C05284,BR023,Savings,2026-08-11,21971408.26,Active
A007847,C06313,BR046,Savings,2026-04-06,44403278.02,Active
A007848,C02131,BR037,Current,2025-05-18,25007849.97,Active
A007849,C09738,BR037,Savings,2025-04-29,134697279.03,Active
A007850,C02179,BR047,Current,2023-01-18,17787335.21,Active
A007851,C04593,BR004,Savings,2025-07-14,24255227.41,Active
A007852,C07955,BR037,Current,2021-02-05,3349004.05,Active
A007853,C03680,BR045,Savings,2026-02-22,14485431.57,Active
A007854,C09419,BR009,Current,2025-07-06,11468270.85,Active
A007855,C05757,BR014,Savings,2022-05-05,8884389.45,Active
A007856,C08228,BR027,Credit,2026-01-05,22355488.08,Active
A007857,C02037,BR005,Credit,2023-11-11,5979308.82,Closed
A007858,C08294,BR028,Current,2025-08-05,107108495.04,Active
A007859,C07894,BR013,Current,2025-10-21,23468124.7,Active
A007860,C03901,BR022,Current,2021-10-03,35696792.87,Active
A007861,C01176,BR044,Current,2023-04-27,6106261.93,Inactive
A007862,C01838,BR023,Savings,2026-03-13,27892635.18,Inactive
A007863,C08536,BR036,Savings,2022-08-08,18749612.53,Active
A007864,C00852,BR047,Current,2022-06-16,11929725.35,Active
A007865,C07973,BR050,Current,2026-06-16,3569045115.97,Active
A007866,C04817,BR030,Current,2024-02-22,21646612.64,Active
A007867,C03678,BR039,Savings,2024-05-11,15714432.7,Closed
A007868,C06961,BR039,Current,2026-03-04,13063052.64,Active
A007869,C06867,BR039,Current,2026-02-22,5661000.96,Active
A007870,C04074,BR006,Current,2020-10-20,23550697.63,Active
A007871,C01182,BR005,Current,2024-08-26,75688415.44,Active
A007872,C08921,BR013,Current,2026-08-21,328744945.26,Active
A007873,C01770,BR050,Savings,2026-08-24,16177232.65,Active
A007874,C00829,BR045,Savings,2022-04-22,17903929.7,Active
A007875,C02520,BR033,Savings,2025-06-19,3730885.8,Active
A007876,C00777,BR023,Savings,2022-12-30,143730891.07,Active
A007877,C01918,BR034,Savings,2022-06-13,7620901.74,Inactive
A007878,C03200,BR038,Savings,2026-08-24,13431792.12,Active
A007879,C01120,BR035,Credit,2024-01-05,41962406.65,Active
A007880,C04738,BR041,Savings,2022-08-05,62278052.41,Active
A007881,C08854,BR020,Current,2021-04-18,3848389.12,Closed
A007882,C04624,BR007,Credit,2024-08-30,81711766.64,Active
A007883,C01156,BR007,Savings,2023-10-20,18659973.01,Active
A007884,C03169,BR009,Current,2021-07-01,4490778.99,Active
A007885,C00497,BR020,Savings,2025-11-29,140308081.89,Active
A007886,C03677,BR038,Current,2024-08-10,16462092.99,Active
A007887,C07909,BR013,Savings,2020-04-03,91646460.3,Active
A007888,C07426,BR041,Savings,2025-07-10,7199473.27,Active
A007889,C08596,BR028,Credit,2021-09-21,20870976.63,Active
A007890,C08270,BR001,Current,2022-06-21,29330542.12,Active
A007891,C07811,BR046,Savings,2024-10-17,16608066.45,Active
A007892,C08377,BR046,Savings,2020-10-18,9943325.09,Active
A007893,C01694,BR038,Current,2024-03-17,10582426.49,Active
A007894,C09404,BR022,Savings,2025-03-20,17892234.05,Active
A007895,C02495,BR038,Current,2020-11-03,15597148.42,Active
A007896,C01334,BR046,Current,2024-01-21,150716730.5,Active
A007897,C00164,BR038,Current,2025-04-25,10214860.49,Active
A007898,C01883,BR011,Savings,2026-05-28,5659557.56,Active
A007899,C02702,BR041,Credit,2026-04-30,466585842.06,Active
A007900,C00741,BR007,Savings,2023-07-26,10237181.31,Active
A007901,C09523,BR008,Current,2023-07-07,138463118.67,Active
A007902,C09082,BR050,Savings,2026-07-28,80423279.15,Active
A007903,C07340,BR001,Savings,2026-08-01,25327753.34,Active
A007904,C03366,BR037,Savings,2026-03-11,6663178.11,Active
A007905,C08800,BR013,Current,2026-06-21,16823205.48,Active
A007906,C00419,BR022,Current,2022-01-06,8573187.8,Active
A007907,C01590,BR022,Savings,2024-03-01,5650540.92,Active
A007908,C04086,BR029,Current,2020-12-17,7532024.76,Active
A007909,C06996,BR049,Savings,2025-12-12,54646909.95,Inactive
A007910,C08688,BR036,Current,2024-07-27,191198623.93,Active
A007911,C00351,BR036,Savings,2026-07-10,221668015.05,Active
A007912,C05697,BR022,Current,2025-06-10,5423915.66,Closed
A007913,C00008,BR030,Savings,2019-05-02,16663690.64,Active
A007914,C07494,BR045,Savings,2023-07-17,15354287.17,Active
A007915,C06421,BR023,Current,2022-06-16,10118928.63,Active
A007916,C00152,BR030,Savings,2019-03-10,71462312.2,Active
A007917,C08987,BR047,Credit,2025-02-22,32754222.0,Active
A007918,C09363,BR028,Savings,2024-04-15,25651827.42,Active
A007919,C04313,BR003,Current,2025-12-31,23937215.14,Active
A007920,C04635,BR032,Savings,2025-06-15,5818876.33,Active
A007921,C00863,BR023,Current,2023-08-09,151001330.87,Inactive
A007922,C05199,BR008,Savings,2023-01-23,34780329.03,Active
A007923,C09828,BR023,Savings,2023-09-14,22684299.92,Active
A007924,C05568,BR013,Savings,2023-10-21,137893787.77,Active
A007925,C09726,BR025,Savings,2026-06-25,747038889.49,Active
A007926,C00398,BR038,Credit,2018-03-24,234400302.03,Closed
A007927,C02519,BR037,Savings,2023-06-04,12840876.48,Active
A007928,C04884,BR043,Current,2026-08-19,24667365.65,Active
A007929,C02997,BR027,Savings,2025-10-14,5555918.37,Active
A007930,C08726,BR033,Credit,2023-02-26,108745379.73,Active
A007931,C04679,BR030,Savings,2024-08-23,33550036.16,Active
A007932,C00287,BR030,Credit,2025-09-21,129212679.95,Inactive
A007933,C07628,BR030,Current,2025-04-04,25246951.06,Active
A007934,C06193,BR011,Savings,2019-08-10,14242593.76,Active
A007935,C06016,BR038,Current,2026-07-23,10833948.56,Active
A007936,C03180,BR030,Current,2025-12-21,18900083.04,Active
A007937,C06459,BR007,Savings,2026-07-31,28938614.92,Active
A007938,C06605,BR036,Savings,2021-01-15,15058460.69,Active
A007939,C03219,BR045,Savings,2024-03-25,39498070.28,Active
A007940,C03241,BR036,Savings,2024-08-24,294676381.83,Active
A007941,C00010,BR004,Current,2026-03-20,6847112.65,Active
A007942,C06922,BR031,Savings,2022-07-18,79421813.94,Active
A007943,C09919,BR033,Credit,2025-04-17,16327128.08,Active
A007944,C04620,BR012,Savings,2023-06-26,14047242.98,Active
A007945,C02495,BR038,Savings,2022-03-19,41786555.53,Active
A007946,C07291,BR017,Savings,2026-04-21,666589716.57,Active
A007947,C08472,BR040,Credit,2025-04-30,4774538.93,Active
A007948,C04463,BR017,Savings,2023-10-14,1194432869.88,Active
A007949,C06822,BR006,Credit,2025-02-11,1673498.85,Active
A007950,C06396,BR032,Savings,2024-05-18,83836602.77,Closed
A007951,C05092,BR038,Savings,2025-10-10,278130031.53,Active
A007952,C09667,BR027,Current,2026-08-16,12889280.69,Active
A007953,C09154,BR012,Savings,2021-01-06,76708710.47,Active
A007954,C01895,BR022,Credit,2024-11-08,104759834.27,Active
A007955,C04965,BR005,Savings,2021-02-21,79985262.09,Active
A007956,C07866,BR032,Current,2025-06-10,13481711.32,Active
A007957,C04423,BR008,Savings,2023-08-22,199990417.16,Closed
A007958,C04327,BR021,Savings,2026-01-09,23583022.44,Active
A007959,C04443,BR008,Savings,2023-07-06,6965762.78,Active
A007960,C03892,BR035,Savings,2026-08-21,27128621.99,Active
A007961,C09200,BR030,Current,2026-01-18,22813119.88,Active
A007962,C06425,BR022,Savings,2026-08-06,9697142.17,Active
A007963,C02729,BR028,Savings,2023-05-10,28268862.73,Active
A007964,C01969,BR047,Current,2025-09-27,71645175.22,Active
A007965,C09055,BR029,Savings,2025-06-18,12562440.17,Active
A007966,C00413,BR026,Savings,2024-03-29,12291644.31,Active
A007967,C04701,BR004,Savings,2025-07-08,14619320.78,Active
A007968,C03171,BR014,Savings,2026-06-19,9842312.9,Active
A007969,C00360,BR011,Savings,2020-06-22,131795028.87,Active
A007970,C03533,BR018,Savings,2025-01-15,78754763.49,Active
A007971,C05690,BR048,Savings,2022-11-24,5365025.11,Active
A007972,C06338,BR026,Savings,2022-09-03,32451777.08,Inactive
A007973,C00464,BR047,Current,2022-07-02,11812639.16,Active
A007974,C07732,BR043,Savings,2026-08-19,5645110.71,Active
A007975,C07780,BR016,Savings,2023-01-28,87606935.79,Active
A007976,C07787,BR041,Current,2022-10-07,38275339.77,Active
A007977,C06725,BR022,Savings,2023-07-31,30315023.36,Active
A007978,C07011,BR046,Savings,2023-10-17,46688914.71,Active
A007979,C09085,BR030,Savings,2024-12-17,16721773.44,Active
A007980,C04921,BR018,Savings,2024-04-08,7288555.88,Active
A007981,C08107,BR048,Current,2023-01-24,33599584.73,Active
A007982,C06448,BR016,Savings,2025-08-13,115303573.05,Inactive
A007983,C04241,BR013,Current,2026-07-21,106243116.12,Active
A007984,C09570,BR030,Savings,2018-09-08,37478587.0,Closed
A007985,C02986,BR048,Savings,2026-01-20,14593039.33,Active
A007986,C02647,BR003,Savings,2023-10-09,378521506.1,Active
A007987,C03985,BR047,Current,2025-11-03,18591928.5,Active
A007988,C03318,BR037,Current,2025-07-02,23605268.91,Active
A007989,C08521,BR027,Credit,2025-12-08,5059698.04,Inactive
A007990,C02891,BR033,Savings,2019-10-30,9177756.17,Active
A007991,C06102,BR006,Credit,2025-12-07,22732462.33,Active
A007992,C07906,BR041,Savings,2022-12-17,14022567.43,Active
A007993,C04637,BR028,Savings,2026-05-26,17430067.1,Inactive
A007994,C02931,BR007,Current,2023-04-23,7805707.5,Active
A007995,C09241,BR018,Current,2026-01-17,16537123.78,Active
A007996,C05644,BR036,Credit,2023-08-15,86921790.87,Active
A007997,C02618,BR005,Savings,2025-06-24,5833996.0,Active
A007998,C03538,BR005,Current,2024-06-27,25080485.58,Active
A007999,C05080,BR029,Savings,2026-02-13,24336594.69,Active
A008000,C00326,BR036,Savings,2026-03-12,17382095.21,Active
A008001,C02077,BR038,Savings,2023-06-13,61591529.7,Active
A008002,C01483,BR027,Savings,2025-01-04,25854654.2,Active
A008003,C08657,BR022,Current,2025-11-26,128257005.57,Active
A008004,C02659,BR004,Current,2024-10-09,7316330.18,Active
A008005,C09428,BR025,Savings,2024-07-04,61762713.66,Active
A008006,C05160,BR012,Savings,2026-07-11,45124470.24,Active
A008007,C04110,BR020,Savings,2020-07-24,7638323.81,Active
A008008,C01741,BR042,Current,2024-12-12,10259864.24,Active
A008009,C06973,BR013,Savings,2024-11-12,40926387.95,Inactive
A008010,C02108,BR023,Savings,2025-12-18,63115608.72,Active
A008011,C08744,BR018,Savings,2026-02-09,5453738.7,Active
A008012,C08507,BR028,Savings,2024-01-21,6719955.86,Active
A008013,C08258,BR048,Savings,2022-11-20,311968976.74,Active
A008014,C04258,BR034,Savings,2021-09-04,2641045.81,Active
A008015,C04336,BR025,Current,2026-07-31,15230291.85,Active
A008016,C09294,BR035,Current,2022-08-01,38731182.01,Active
A008017,C04395,BR020,Savings,2026-04-23,4745233.25,Active
A008018,C05177,BR033,Credit,2026-04-22,87444255.48,Active
A008019,C01208,BR027,Savings,2023-10-13,219755725.42,Inactive
A008020,C04978,BR030,Credit,2020-05-30,55701493.51,Active
A008021,C01069,BR046,Savings,2026-08-22,9508790.74,Active
A008022,C03427,BR014,Savings,2025-05-24,50564243.25,Active
A008023,C07751,BR049,Savings,2025-05-07,9300667.25,Active
A008024,C00930,BR035,Savings,2026-03-24,27798744.15,Active
A008025,C09780,BR047,Savings,2024-11-11,428156870.88,Active
A008026,C02197,BR049,Savings,2024-07-01,13429208.42,Inactive
A008027,C06336,BR035,Current,2023-11-11,7969544.55,Active
A008028,C00857,BR039,Credit,2026-01-26,19424332.61,Active
A008029,C06181,BR044,Savings,2024-09-02,10544685.52,Active
A008030,C03635,BR019,Savings,2025-12-14,8638571.39,Active
A008031,C04179,BR004,Savings,2025-05-11,48726761.38,Active
A008032,C05706,BR002,Savings,2024-05-21,23244635.71,Active
A008033,C05611,BR019,Current,2025-04-13,25102347.37,Active
A008034,C04535,BR037,Savings,2020-05-20,10965690.86,Active
A008035,C05875,BR039,Savings,2021-04-24,12926345.6,Active
A008036,C02970,BR033,Savings,2024-07-25,67223505.29,Active
A008037,C03201,BR036,Savings,2019-11-28,19645363.01,Active
A008038,C07983,BR040,Current,2025-12-09,25065514.14,Active
A008039,C03133,BR032,Current,2023-02-08,78323734.17,Closed
A008040,C09975,BR027,Savings,2026-01-16,7956062.41,Active
A008041,C00901,BR032,Credit,2024-10-27,27563889.56,Active
A008042,C07018,BR038,Savings,2023-07-11,81892658.12,Active
A008043,C01084,BR019,Savings,2022-12-18,4736891.4,Active
A008044,C00648,BR035,Savings,2025-04-15,2717777.36,Active
A008045,C01738,BR030,Savings,2026-08-30,19036685.66,Active
A008046,C05522,BR026,Current,2025-02-20,7725072.15,Active
A008047,C09369,BR050,Current,2022-05-15,21176665.78,Active
A008048,C08247,BR018,Savings,2026-03-03,8065176.16,Active
A008049,C08541,BR028,Current,2026-06-29,87817138.02,Inactive
A008050,C05707,BR003,Savings,2026-07-15,11082075.45,Inactive
A008051,C08846,BR019,Current,2021-01-18,60921542.59,Inactive
A008052,C09547,BR024,Credit,2023-02-03,155593617.95,Active
A008053,C07996,BR022,Savings,2025-04-25,44074779.32,Active
A008054,C07233,BR039,Savings,2024-09-27,15291366.93,Active
A008055,C01294,BR015,Savings,2026-08-09,28960677.23,Active
A008056,C03914,BR010,Savings,2026-08-31,16141123.39,Closed
A008057,C06426,BR040,Savings,2026-06-10,48604848.78,Active
A008058,C09874,BR025,Savings,2025-08-10,76037998.0,Active
A008059,C07618,BR049,Savings,2022-10-27,30077701.9,Active
A008060,C05156,BR028,Savings,2024-05-01,3031789.32,Active
A008061,C07321,BR020,Savings,2020-06-01,257197537.58,Active
A008062,C06663,BR010,Savings,2026-07-28,21995849.59,Active
A008063,C05927,BR049,Current,2019-12-02,23183844.56,Active
A008064,C03345,BR041,Savings,2026-02-01,49391012.52,Active
A008065,C07655,BR042,Savings,2025-12-15,4001471.81,Inactive
A008066,C00454,BR048,Savings,2025-01-30,262710373.07,Active
A008067,C06884,BR047,Savings,2019-08-08,12418587.44,Active
A008068,C04341,BR049,Savings,2018-12-20,27163397.52,Active
A008069,C03682,BR007,Current,2024-12-11,8618732.4,Inactive
A008070,C04674,BR031,Current,2022-10-15,5737084.8,Active
A008071,C04407,BR039,Savings,2026-08-25,34287559.07,Active
A008072,C07495,BR035,Current,2021-01-26,37621837.34,Active
A008073,C05607,BR024,Savings,2026-02-15,8281503.43,Active
A008074,C03212,BR036,Credit,2024-09-17,9644966.89,Active
A008075,C08466,BR030,Current,2023-08-28,24919452.46,Active
A008076,C02963,BR025,Savings,2026-04-03,8575367.72,Active
A008077,C08869,BR027,Savings,2021-04-14,89476356.42,Active
A008078,C06375,BR050,Savings,2024-06-06,98748105.18,Active
A008079,C03435,BR013,Current,2026-05-27,14333569.21,Active
A008080,C02924,BR010,Savings,2022-03-13,22329595.37,Active
A008081,C03614,BR027,Current,2025-06-04,12759218.19,Active
A008082,C07589,BR034,Current,2021-02-22,21166174.48,Active
A008083,C04382,BR015,Savings,2026-03-06,4127946.96,Active
A008084,C02425,BR010,Savings,2025-09-27,4357102.92,Active
A008085,C05873,BR042,Savings,2026-04-09,91030893.16,Active
A008086,C05979,BR012,Current,2023-01-06,40216510.44,Active
A008087,C07503,BR047,Credit,2025-12-30,27749774.52,Active
A008088,C08704,BR038,Savings,2026-05-31,8848699.19,Active
A008089,C03483,BR038,Savings,2026-01-29,12399364.84,Active
A008090,C08094,BR048,Savings,2026-03-22,79906125.36,Active
A008091,C03874,BR022,Savings,2026-06-03,42928120.13,Active
A008092,C09697,BR049,Savings,2024-09-14,483068935.77,Active
A008093,C07035,BR031,Savings,2022-12-26,22846118.68,Active
A008094,C05287,BR022,Current,2021-04-28,306068583.64,Active
A008095,C00325,BR006,Current,2026-08-23,28280775.27,Active
A008096,C09624,BR013,Current,2025-11-28,19104203.68,Active
A008097,C08434,BR011,Current,2024-04-17,82503651.06,Active
A008098,C03109,BR047,Savings,2025-11-06,8277846.61,Active
A008099,C00979,BR049,Savings,2026-08-23,13697218.83,Active
A008100,C01983,BR017,Credit,2025-12-09,6324456.1,Active
A008101,C09096,BR009,Current,2026-03-19,338939609.92,Inactive
A008102,C03554,BR015,Current,2025-08-18,16105797.29,Active
A008103,C07408,BR020,Savings,2020-05-22,2191169.66,Active
A008104,C03143,BR034,Savings,2025-04-09,12475647.82,Active
A008105,C05970,BR028,Savings,2022-05-04,5855292.99,Active
A008106,C02730,BR038,Credit,2025-07-16,22353025.06,Active
A008107,C02752,BR038,Savings,2023-01-11,124965594.47,Closed
A008108,C02810,BR032,Current,2025-12-19,59358110.21,Closed
A008109,C04399,BR028,Savings,2020-09-12,23272394.45,Active
A008110,C01196,BR002,Savings,2026-08-06,24068495.63,Active
A008111,C05605,BR046,Current,2022-11-16,68116913.64,Active
A008112,C05521,BR030,Credit,2026-03-26,1194356391.46,Active
A008113,C09812,BR046,Savings,2026-04-01,48157369.47,Active
A008114,C09116,BR022,Savings,2025-10-07,48673890.83,Active
A008115,C05040,BR033,Savings,2021-02-04,12527054.4,Inactive
A008116,C01630,BR016,Savings,2026-03-09,44331619.79,Active
A008117,C03025,BR010,Savings,2026-06-06,11322721.06,Active
A008118,C01044,BR029,Savings,2026-04-24,6224784.47,Active
A008119,C01133,BR037,Current,2025-12-21,28097946.49,Active
A008120,C01012,BR043,Savings,2025-11-01,4161331.18,Active
A008121,C08874,BR002,Current,2026-02-24,1063818420.06,Active
A008122,C02248,BR025,Savings,2024-04-25,7094759.69,Closed
A008123,C06321,BR002,Current,2026-07-28,29293712.38,Active
A008124,C03877,BR041,Current,2024-10-10,15293545.7,Inactive
A008125,C03748,BR008,Credit,2022-10-12,18628681.84,Active
A008126,C04128,BR010,Savings,2021-03-10,52931375.61,Active
A008127,C01143,BR017,Savings,2025-10-04,464136901.36,Active
A008128,C03361,BR020,Current,2024-07-18,16710372.46,Active
A008129,C08118,BR023,Savings,2026-07-10,4672626.56,Active
A008130,C08289,BR029,Credit,2022-11-28,6945196.01,Active
A008131,C02448,BR022,Current,2025-05-03,227057540.03,Active
A008132,C05075,BR011,Current,2021-07-23,47159198.11,Active
A008133,C01347,BR038,Savings,2023-09-17,40866021.9,Active
A008134,C09307,BR036,Savings,2025-10-11,15084406.8,Active
A008135,C07025,BR040,Current,2021-11-19,8045501.56,Active
A008136,C09856,BR038,Current,2024-03-02,10129321.55,Active
A008137,C06478,BR019,Savings,2024-11-26,10018964.37,Active
A008138,C04213,BR033,Credit,2026-04-04,11912766.3,Active
A008139,C05311,BR020,Current,2025-08-09,37686278.07,Active
A008140,C05241,BR005,Savings,2023-07-25,7821726.52,Active
A008141,C00341,BR014,Savings,2023-03-13,136817985.91,Active
A008142,C07213,BR038,Current,2026-07-26,17397468.09,Active
A008143,C06456,BR038,Credit,2024-09-12,13278951.18,Active
A008144,C09214,BR048,Current,2023-05-08,15031506.85,Active
A008145,C05470,BR025,Savings,2021-12-28,77488853.88,Active
A008146,C08230,BR017,Current,2020-08-04,69105537.25,Active
A008147,C00251,BR019,Current,2026-04-18,22685684.17,Active
A008148,C08408,BR007,Savings,2019-04-18,109097134.19,Active
A008149,C07197,BR043,Current,2024-07-04,4265843.02,Active
A008150,C01695,BR028,Credit,2026-03-26,13501495.44,Active
A008151,C08714,BR038,Current,2026-07-31,27881211.95,Active
A008152,C03096,BR020,Current,2021-11-16,124827236.97,Active
A008153,C00619,BR037,Current,2025-07-02,27720811.44,Active
A008154,C01185,BR048,Savings,2025-02-28,214714671.27,Closed
A008155,C08287,BR003,Current,2020-01-04,13662338.56,Active
A008156,C09982,BR033,Current,2026-07-31,18247323.77,Active
A008157,C00368,BR043,Savings,2025-09-07,158060758.18,Active
A008158,C05310,BR028,Savings,2022-07-19,26464102.53,Active
A008159,C00246,BR040,Credit,2025-06-05,37641923.29,Active
A008160,C05025,BR049,Current,2025-01-05,49268528.66,Active
A008161,C00633,BR032,Current,2019-08-24,5633679.42,Active
A008162,C01080,BR039,Current,2025-11-30,30523154.59,Active
A008163,C04741,BR036,Savings,2026-07-23,1142960048.53,Inactive
A008164,C06175,BR036,Savings,2024-06-12,4537553.11,Active
A008165,C05250,BR050,Savings,2022-09-01,13079959.26,Closed
A008166,C06482,BR005,Current,2026-02-10,11215857.38,Active
A008167,C08512,BR002,Current,2026-04-22,29737821.67,Active
A008168,C08136,BR033,Savings,2024-05-02,14973289.12,Closed
A008169,C07462,BR001,Current,2023-03-03,64123849.26,Active
A008170,C00450,BR004,Current,2020-04-09,13708561.3,Active
A008171,C07605,BR035,Savings,2026-08-11,31215842.01,Active
A008172,C02621,BR038,Savings,2025-12-19,14294293.63,Active
A008173,C01625,BR033,Current,2026-07-11,22236837.09,Active
A008174,C04106,BR050,Savings,2023-09-17,2341790.0,Active
A008175,C08493,BR022,Savings,2023-03-22,11024767.17,Closed
A008176,C00843,BR039,Current,2026-04-04,29555184.3,Active
A008177,C07658,BR032,Savings,2026-06-20,97918869.87,Active
A008178,C05473,BR028,Savings,2025-12-19,4049434.84,Active
A008179,C08412,BR049,Savings,2025-09-12,15755509.54,Active
A008180,C01525,BR001,Savings,2020-09-16,45101116.69,Active
A008181,C09832,BR027,Savings,2026-03-20,169626295.16,Active
A008182,C00046,BR036,Savings,2026-05-09,4443732.97,Closed
A008183,C05816,BR023,Current,2023-01-15,24606540.92,Active
A008184,C05886,BR011,Savings,2025-12-11,36541980.72,Active
A008185,C09899,BR023,Savings,2019-11-25,352879566.94,Active
A008186,C02102,BR018,Savings,2020-12-26,4612691.32,Active
A008187,C01492,BR038,Savings,2025-09-28,27714283.5,Active
A008188,C02222,BR007,Savings,2026-08-26,29212225.33,Active
A008189,C08104,BR038,Savings,2025-12-19,9427646.21,Active
A008190,C01862,BR017,Savings,2026-04-12,7199326.59,Active
A008191,C00958,BR007,Current,2022-03-21,37412579.94,Active
A008192,C08388,BR019,Savings,2025-10-18,9837165.46,Active
A008193,C05403,BR022,Credit,2025-12-27,17639619.46,Active
A008194,C08473,BR010,Current,2024-08-14,44528962.03,Active
A008195,C04082,BR038,Current,2026-03-07,36318268.22,Active
A008196,C00914,BR030,Savings,2022-09-17,4119437.59,Active
A008197,C10000,BR040,Savings,2026-06-15,7980296.79,Active
A008198,C03446,BR009,Savings,2024-08-15,42426047.46,Active
A008199,C02356,BR028,Current,2019-02-06,8357638.7,Inactive
A008200,C02557,BR012,Credit,2026-07-08,14332344.99,Closed
A008201,C00473,BR037,Credit,2026-07-01,3833656.52,Active
A008202,C02029,BR043,Current,2026-06-14,37730807.41,Inactive
A008203,C04439,BR005,Credit,2021-02-19,3247390.13,Active
A008204,C06285,BR042,Savings,2025-01-15,4030142.51,Active
A008205,C05443,BR049,Current,2022-07-27,34768223.43,Active
A008206,C08313,BR029,Current,2024-06-27,306761266.15,Active
A008207,C00614,BR002,Savings,2025-01-30,65274331.64,Active
A008208,C06394,BR038,Savings,2024-09-11,337121333.29,Active
A008209,C05366,BR023,Current,2019-08-18,31021293.29,Active
A008210,C03350,BR009,Savings,2023-04-29,18908441.32,Active
A008211,C00795,BR042,Savings,2022-06-10,11128124.67,Active
A008212,C04488,BR030,Savings,2018-12-18,56952016.62,Active
A008213,C07577,BR044,Current,2024-01-03,4282820.7,Active
A008214,C01871,BR039,Savings,2019-09-09,18072720.0,Active
A008215,C06530,BR037,Savings,2025-06-23,13936575.89,Active
A008216,C01834,BR004,Current,2025-11-02,58881933.35,Closed
A008217,C04141,BR036,Savings,2025-04-02,6730156.28,Active
A008218,C02521,BR033,Current,2026-05-27,7298183.77,Active
A008219,C07507,BR014,Savings,2026-08-12,123333303.99,Active
A008220,C01593,BR023,Savings,2026-02-09,148293169.37,Active
A008221,C02452,BR027,Current,2025-10-29,11546210.36,Active
A008222,C09911,BR048,Savings,2022-10-05,59103546.64,Active
A008223,C09889,BR049,Savings,2026-07-08,44012469.96,Active
A008224,C02909,BR003,Savings,2024-12-10,31737731.33,Active
A008225,C06520,BR012,Savings,2026-03-24,15376599.13,Active
A008226,C04216,BR003,Current,2020-01-05,20133215.92,Closed
A008227,C08601,BR011,Current,2025-06-05,19981888.84,Active
A008228,C06392,BR034,Savings,2021-05-28,11726941.71,Active
A008229,C06878,BR046,Savings,2020-07-27,5904779.58,Active
A008230,C05462,BR020,Credit,2024-07-29,6760816.57,Active
A008231,C05112,BR021,Savings,2026-01-21,176187101.58,Inactive
A008232,C03580,BR038,Current,2026-04-08,8393879.0,Active
A008233,C01386,BR019,Current,2022-06-07,10802313.73,Active
A008234,C05189,BR005,Current,2023-07-06,6052901.68,Active
A008235,C02769,BR017,Current,2026-01-28,5670044.61,Active
A008236,C03596,BR030,Current,2023-07-12,8106921.5,Active
A008237,C09392,BR044,Savings,2025-03-05,1351079122.17,Active
A008238,C01629,BR002,Savings,2022-12-24,25393166.8,Active
A008239,C07680,BR019,Current,2026-04-03,9841607.92,Active
A008240,C09819,BR014,Savings,2023-06-15,35671485.24,Active
A008241,C05152,BR037,Current,2025-09-13,13279362.02,Active
A008242,C03267,BR022,Savings,2025-08-30,44323820.38,Active
A008243,C04665,BR045,Savings,2026-04-21,88008595.11,Active
A008244,C07569,BR046,Savings,2022-09-22,34143751.34,Active
A008245,C06486,BR050,Savings,2026-08-24,377501264.62,Active
A008246,C09515,BR027,Savings,2026-02-10,26245593.28,Active
A008247,C04889,BR038,Savings,2022-05-15,15181949.31,Active
A008248,C09679,BR047,Current,2024-10-09,80570651.94,Active
A008249,C09729,BR007,Savings,2026-03-11,50591766.45,Active
A008250,C07961,BR041,Savings,2022-07-27,41096070.87,Active
A008251,C09639,BR023,Current,2026-08-11,8728708.04,Active
A008252,C01171,BR049,Current,2024-04-12,280787073.77,Closed
A008253,C09059,BR037,Savings,2024-07-16,175481119.28,Active
A008254,C02852,BR038,Savings,2024-04-29,21343730.48,Active
A008255,C08528,BR034,Savings,2026-08-29,141269116.65,Active
A008256,C05969,BR024,Savings,2024-06-20,3301442.23,Active
A008257,C06337,BR015,Current,2024-07-25,26858898.24,Active
A008258,C00980,BR039,Savings,2022-08-09,31809012.26,Inactive
A008259,C00230,BR049,Current,2023-03-23,2499904.3,Active
A008260,C02312,BR011,Credit,2026-07-04,27666978.89,Active
A008261,C00686,BR040,Savings,2026-01-03,4800841.85,Active
A008262,C02185,BR047,Savings,2024-05-31,3101996.44,Active
A008263,C04326,BR025,Current,2023-12-16,202441182.28,Active
A008264,C07589,BR016,Savings,2020-09-03,6702033.33,Closed
A008265,C02019,BR028,Savings,2019-04-17,8459523.17,Active
A008266,C09270,BR042,Current,2026-01-02,33106638.97,Active
A008267,C05119,BR027,Savings,2026-06-15,11750074.53,Active
A008268,C06846,BR038,Current,2024-05-30,70521023.64,Active
A008269,C05151,BR023,Savings,2024-05-27,12760834.51,Active
A008270,C03174,BR019,Savings,2025-04-16,19808858.13,Inactive
A008271,C07611,BR031,Credit,2026-04-04,12515685.13,Active
A008272,C01482,BR047,Current,2025-04-04,86653281.55,Active
A008273,C04142,BR019,Savings,2024-10-25,56234809.25,Active
A008274,C00501,BR032,Savings,2026-01-18,19875858.87,Active
A008275,C09091,BR015,Current,2024-06-21,19281086.22,Active
A008276,C05458,BR023,Savings,2024-03-17,302036152.67,Active
A008277,C05515,BR028,Current,2025-01-09,11056842.22,Active
A008278,C08088,BR040,Current,2024-11-30,12945105.81,Active
A008279,C07631,BR037,Savings,2025-03-04,18157971.44,Inactive
A008280,C03767,BR011,Current,2026-01-28,32446699.14,Active
A008281,C06474,BR001,Current,2024-01-17,6263768.99,Active
A008282,C07398,BR048,Savings,2023-03-26,16295865.39,Active
A008283,C09601,BR019,Current,2025-10-16,2017359.29,Active
A008284,C04124,BR045,Savings,2024-09-21,12071226.77,Active
A008285,C03478,BR018,Current,2020-01-06,35383012.26,Active
A008286,C05585,BR044,Savings,2023-07-05,8390803.23,Active
A008287,C09510,BR047,Savings,2023-02-28,17279490.77,Active
A008288,C05215,BR038,Current,2026-05-07,9824956.61,Active
A008289,C00988,BR021,Credit,2022-01-21,175987223.09,Active
A008290,C03385,BR020,Credit,2024-10-14,32630224.79,Active
A008291,C04636,BR046,Savings,2026-07-04,6500266.98,Active
A008292,C00610,BR035,Savings,2025-04-04,18961724.29,Active
A008293,C07929,BR020,Credit,2024-11-28,447919913.13,Active
A008294,C06065,BR033,Savings,2025-11-24,7588322.77,Active
A008295,C02331,BR044,Savings,2024-09-13,16989549.28,Active
A008296,C01647,BR027,Savings,2022-06-04,7099979.74,Active
A008297,C03986,BR031,Savings,2025-03-24,22770906.74,Active
A008298,C00421,BR049,Current,2024-12-31,5238806.1,Active
A008299,C05147,BR019,Savings,2023-10-11,11431421.07,Active
A008300,C07652,BR005,Current,2026-08-18,12253760.55,Active
A008301,C06308,BR038,Savings,2025-11-08,36540252.88,Active
A008302,C00885,BR028,Current,2024-10-26,16778271.03,Active
A008303,C06946,BR038,Savings,2024-10-27,32203044.35,Inactive
A008304,C04160,BR029,Credit,2026-06-02,23378178.39,Active
A008305,C01385,BR046,Savings,2024-02-06,23259010.42,Active
A008306,C03663,BR049,Savings,2024-12-20,63413286.23,Active
A008307,C01713,BR017,Current,2024-04-29,33946131.75,Active
A008308,C01576,BR028,Savings,2026-02-21,11280932.08,Active
A008309,C04653,BR038,Savings,2026-07-09,3759138.53,Active
A008310,C00965,BR001,Savings,2024-10-10,12631838.18,Active
A008311,C04970,BR002,Credit,2024-04-01,21559818.44,Active
A008312,C03590,BR021,Current,2023-09-23,25981600.95,Active
A008313,C00981,BR021,Savings,2021-01-13,7388821.97,Active
A008314,C01171,BR049,Savings,2024-10-14,33805203.03,Active
A008315,C09474,BR033,Savings,2026-02-25,28146524.54,Active
A008316,C04905,BR007,Savings,2025-01-05,1334381628.76,Active
A008317,C02626,BR033,Credit,2026-04-30,69078063.95,Active
A008318,C01863,BR009,Current,2022-10-01,22949002.96,Active
A008319,C06372,BR046,Current,2022-12-21,524449241.01,Closed
A008320,C09478,BR038,Current,2025-11-26,51991890.7,Active
A008321,C02460,BR031,Savings,2021-07-15,50665216.09,Active
A008322,C04376,BR033,Current,2025-11-30,68587572.49,Active
A008323,C06996,BR049,Savings,2026-07-15,63022296.73,Active
A008324,C06000,BR030,Current,2022-07-13,84333881.72,Active
A008325,C08199,BR047,Savings,2026-05-07,461761440.96,Active
A008326,C02906,BR048,Current,2026-05-15,15374327.81,Active
A008327,C03873,BR045,Savings,2025-06-16,7570670.82,Inactive
A008328,C09846,BR021,Current,2022-06-29,5956317.49,Active
A008329,C01658,BR024,Savings,2026-08-06,40860597.28,Active
A008330,C06642,BR028,Current,2026-05-09,7543200.78,Active
A008331,C05758,BR044,Savings,2024-07-23,127298854.38,Active
A008332,C07062,BR028,Savings,2026-02-07,8708478.9,Active
A008333,C04699,BR032,Current,2024-07-07,5444990.5,Active
A008334,C05462,BR025,Current,2025-10-07,24342161.34,Active
A008335,C03140,BR025,Savings,2026-05-01,9056242.58,Active
A008336,C09879,BR049,Savings,2025-11-28,107751169.43,Active
A008337,C02501,BR021,Savings,2026-03-26,22364537.43,Active
A008338,C09928,BR007,Savings,2024-08-20,23221124.36,Active
A008339,C06075,BR006,Current,2023-05-04,282425332.9,Active
A008340,C07899,BR046,Savings,2019-12-24,25971428.93,Inactive
A008341,C02417,BR044,Savings,2026-03-13,41940175.28,Active
A008342,C06679,BR024,Current,2026-05-28,2105973.86,Active
A008343,C02896,BR038,Savings,2023-08-25,26405278.67,Active
A008344,C00428,BR049,Savings,2025-07-08,399576628.71,Active
A008345,C05302,BR025,Savings,2024-01-26,9207216.75,Closed
A008346,C02512,BR015,Current,2024-07-06,4623389.03,Active
A008347,C06621,BR020,Current,2026-06-13,2941111.47,Active
A008348,C03610,BR044,Savings,2025-09-03,15633950.75,Active
A008349,C06812,BR043,Credit,2020-09-03,56096811.43,Active
A008350,C09485,BR034,Savings,2026-06-15,13426149.6,Active
A008351,C06382,BR017,Current,2020-12-01,11234415.64,Active
A008352,C07286,BR013,Savings,2023-05-14,14710417.66,Active
A008353,C01599,BR050,Current,2022-04-03,85748131.06,Active
A008354,C05131,BR021,Savings,2025-10-10,27373450.46,Active
A008355,C05396,BR032,Savings,2021-12-10,7107780.29,Inactive
A008356,C02610,BR003,Current,2020-02-01,15341066.6,Active
A008357,C05704,BR028,Savings,2021-03-04,19570038.13,Active
A008358,C00934,BR022,Savings,2024-06-12,38190600.61,Active
A008359,C05461,BR033,Savings,2026-05-29,136104404.36,Active
A008360,C06599,BR004,Current,2026-08-18,45130598.56,Active
A008361,C03100,BR028,Savings,2024-01-01,4478524.27,Active
A008362,C01307,BR039,Savings,2023-04-19,15941998.54,Active
A008363,C01736,BR002,Current,2021-04-30,14045829.42,Active
A008364,C04139,BR036,Savings,2022-02-01,14987742.18,Active
A008365,C00432,BR046,Savings,2025-09-14,8136291.67,Active
A008366,C09702,BR009,Savings,2026-04-29,51647810.43,Active
A008367,C01274,BR003,Current,2025-04-04,36995916.05,Active
A008368,C02775,BR002,Savings,2023-08-06,21347159.64,Active
A008369,C00380,BR037,Savings,2020-03-22,40948057.82,Active
A008370,C02423,BR037,Credit,2026-08-19,3150284.25,Active
A008371,C05187,BR037,Current,2026-07-13,7217560.97,Active
A008372,C08035,BR022,Savings,2025-01-10,17011497.84,Active
A008373,C02907,BR038,Savings,2023-09-24,51401863.77,Active
A008374,C02829,BR044,Savings,2025-07-17,8502243.22,Active
A008375,C04259,BR020,Current,2024-05-27,9362588.95,Inactive
A008376,C02707,BR049,Savings,2022-03-21,14152399.01,Active
A008377,C01662,BR024,Savings,2025-12-04,138554835.82,Active
A008378,C08961,BR002,Current,2020-09-24,14994970.4,Active
A008379,C00486,BR046,Current,2024-03-28,15761965.93,Active
A008380,C02311,BR014,Current,2024-03-18,12530452.86,Active
A008381,C04478,BR036,Credit,2023-04-22,10059975.56,Active
A008382,C09358,BR030,Savings,2019-01-06,149604514.86,Inactive
A008383,C09254,BR047,Savings,2022-06-20,633876923.59,Active
A008384,C09803,BR001,Savings,2023-06-15,77036099.39,Active
A008385,C02237,BR040,Savings,2026-06-24,24446856.52,Inactive
A008386,C01185,BR001,Current,2025-12-23,234909820.29,Active
A008387,C08383,BR048,Savings,2023-12-17,7274165.9,Active
A008388,C09510,BR032,Current,2024-09-25,32149805.78,Active
A008389,C02143,BR026,Savings,2018-05-14,7815122.93,Active
A008390,C05046,BR048,Savings,2020-12-20,28669663.72,Active
A008391,C07047,BR005,Current,2026-06-10,8167141.79,Closed
A008392,C04096,BR023,Current,2025-09-28,19833588.87,Active
A008393,C09229,BR017,Savings,2025-05-12,38099485.73,Active
A008394,C00225,BR022,Credit,2022-12-02,138095625.38,Active
A008395,C02624,BR001,Savings,2024-01-12,33732321.61,Active
A008396,C02932,BR049,Savings,2022-08-22,96843547.63,Active
A008397,C00859,BR044,Savings,2024-08-21,12804264.17,Active
A008398,C09087,BR012,Savings,2026-07-11,16272805.67,Active
A008399,C08566,BR043,Savings,2024-05-30,60640558.46,Active
A008400,C06582,BR033,Savings,2026-06-25,10725694.77,Closed
A008401,C07699,BR036,Savings,2026-05-27,16977266.16,Active
A008402,C06940,BR023,Savings,2025-11-09,6728414.3,Active
A008403,C07339,BR033,Savings,2024-10-05,6696818.43,Active
A008404,C06280,BR048,Current,2026-07-09,11259481.81,Inactive
A008405,C00471,BR043,Savings,2023-04-13,254667059.42,Active
A008406,C00754,BR028,Credit,2026-02-14,6710899.73,Active
A008407,C01172,BR001,Current,2021-03-18,152776629.95,Active
A008408,C08534,BR040,Credit,2026-08-04,63300627.47,Active
A008409,C08031,BR013,Current,2026-08-13,12512403.58,Active
A008410,C00714,BR023,Savings,2025-09-13,121014514.59,Inactive
A008411,C06714,BR049,Savings,2024-01-11,78677631.08,Active
A008412,C01971,BR038,Current,2023-01-25,104554045.29,Active
A008413,C01274,BR013,Savings,2025-05-29,8034392.09,Active
A008414,C08209,BR003,Savings,2026-05-20,40001594.11,Active
A008415,C08748,BR012,Current,2025-06-03,13937729.2,Active
A008416,C07723,BR023,Credit,2020-03-10,245836172.75,Active
A008417,C05855,BR034,Current,2026-02-06,19629561.51,Active
A008418,C07526,BR037,Savings,2024-07-21,16246214.64,Active
A008419,C06765,BR038,Savings,2025-07-06,2031215.88,Active
A008420,C02100,BR013,Savings,2024-01-12,7427322.44,Active
A008421,C09002,BR045,Savings,2026-04-25,15248280.41,Active
A008422,C06758,BR012,Current,2023-09-19,17583891.08,Active
A008423,C03740,BR023,Credit,2020-08-22,5675639.42,Active
A008424,C09482,BR047,Savings,2025-01-30,48032917.86,Active
A008425,C02186,BR028,Savings,2026-08-19,117853172.25,Inactive
A008426,C04876,BR022,Current,2022-04-16,4960376.36,Active
A008427,C05678,BR024,Current,2023-06-05,87850582.15,Active
A008428,C09142,BR048,Savings,2024-03-29,40383166.46,Active
A008429,C04915,BR046,Current,2024-01-12,104779210.07,Active
A008430,C09481,BR003,Savings,2024-04-24,19617844.69,Active
A008431,C07593,BR033,Current,2025-10-26,2980017.11,Active
A008432,C07488,BR025,Savings,2025-11-09,7771941.31,Active
A008433,C01266,BR047,Current,2021-03-05,77587914.03,Active
A008434,C07648,BR018,Savings,2026-06-12,9287976.06,Active
A008435,C05163,BR019,Current,2025-08-10,41249177.32,Active
A008436,C09541,BR032,Savings,2026-04-27,9201600.99,Active
A008437,C07279,BR028,Current,2024-05-02,65861383.51,Active
A008438,C03020,BR009,Savings,2023-05-12,22658151.51,Active
A008439,C04858,BR012,Credit,2022-07-03,85842287.46,Active
A008440,C07282,BR031,Savings,2020-10-11,20353648.06,Active
A008441,C08729,BR028,Credit,2025-09-08,45112233.22,Active
A008442,C06726,BR036,Savings,2026-04-25,6043806.63,Active
A008443,C08786,BR013,Savings,2022-05-27,7384276.26,Active
A008444,C06640,BR021,Savings,2023-10-24,55114009.27,Active
A008445,C00830,BR028,Savings,2026-08-25,12486213.25,Active
A008446,C01273,BR038,Savings,2023-08-25,34393600.17,Active
A008447,C06478,BR004,Savings,2025-07-21,16085582.37,Active
A008448,C00515,BR005,Savings,2025-02-06,22103321.32,Closed
A008449,C01940,BR018,Current,2023-06-05,16799195.72,Active
A008450,C00415,BR033,Current,2026-08-29,6145393.63,Active
A008451,C04343,BR028,Savings,2021-01-18,15208672.46,Active
A008452,C00454,BR048,Current,2024-05-11,388603227.61,Active
A008453,C09956,BR002,Current,2023-10-06,27549620.99,Closed
A008454,C03230,BR002,Savings,2019-04-24,6380074.31,Active
A008455,C03295,BR024,Current,2025-09-25,19177525.17,Active
A008456,C03579,BR011,Savings,2023-12-30,17271560.61,Active
A008457,C04895,BR001,Savings,2022-09-09,19908170.04,Closed
A008458,C00860,BR049,Current,2025-08-08,303209901.36,Inactive
A008459,C07161,BR017,Current,2024-06-12,15340047.95,Active
A008460,C05815,BR038,Current,2021-02-02,30297587.96,Active
A008461,C06610,BR007,Current,2023-01-08,10391682.64,Active
A008462,C02364,BR048,Savings,2022-11-10,65823574.23,Active
A008463,C01413,BR043,Savings,2026-03-14,84550766.92,Active
A008464,C09443,BR048,Credit,2026-02-15,5653068.29,Active
A008465,C07093,BR006,Savings,2025-12-18,13283629.61,Active
A008466,C09010,BR047,Savings,2020-10-22,14254256.26,Active
A008467,C00429,BR024,Current,2025-11-07,55572249.81,Inactive
A008468,C09432,BR046,Savings,2026-07-11,64932331.54,Active
A008469,C09383,BR033,Savings,2023-11-19,17602821.35,Active
A008470,C09169,BR039,Savings,2023-10-12,31278916.78,Active
A008471,C01367,BR023,Savings,2023-12-14,7675722.46,Active
A008472,C07097,BR033,Credit,2022-05-03,209567295.11,Active
A008473,C06356,BR029,Savings,2026-02-27,1435156727.69,Active
A008474,C08550,BR038,Current,2021-06-26,14657221.82,Active
A008475,C04930,BR019,Current,2025-12-27,54840468.17,Active
A008476,C02328,BR035,Savings,2026-02-24,1286433183.85,Active
A008477,C02800,BR037,Savings,2025-03-13,28347955.16,Active
A008478,C02372,BR004,Credit,2023-06-13,16016598.08,Active
A008479,C09206,BR047,Current,2026-03-24,217199722.06,Active
A008480,C09726,BR015,Savings,2026-04-28,1006995984.7,Active
A008481,C00061,BR003,Credit,2025-10-06,11462085.07,Active
A008482,C02804,BR032,Savings,2020-06-12,18302434.5,Active
A008483,C00615,BR038,Current,2026-01-21,23795207.42,Active
A008484,C04276,BR045,Current,2025-12-20,15348752.88,Active
A008485,C06987,BR028,Savings,2026-06-10,4930072.67,Active
A008486,C09789,BR008,Savings,2021-03-27,7081194.43,Active
A008487,C01125,BR025,Savings,2026-08-08,5060371.87,Active
A008488,C06788,BR038,Current,2022-12-13,22251059.9,Active
A008489,C03905,BR028,Current,2026-04-17,5815741.82,Active
A008490,C02854,BR049,Savings,2026-04-25,17496216.5,Inactive
A008491,C09445,BR033,Savings,2024-01-26,64947111.02,Closed
A008492,C03855,BR034,Current,2023-03-22,217340612.13,Active
A008493,C09645,BR030,Savings,2020-01-01,22105688.68,Inactive
A008494,C08234,BR038,Savings,2025-01-15,5392931.01,Active
A008495,C07920,BR026,Savings,2024-11-29,46454119.02,Active
A008496,C08148,BR033,Credit,2025-03-18,5887498.77,Active
A008497,C00197,BR021,Savings,2026-07-21,3994820.71,Active
A008498,C00792,BR030,Savings,2026-08-24,79395238.41,Active
A008499,C04596,BR035,Savings,2018-12-16,26367459.12,Active
A008500,C02148,BR005,Savings,2026-07-03,32177821.18,Active
A008501,C02080,BR029,Current,2026-03-25,239451817.7,Active
A008502,C05200,BR002,Credit,2022-05-17,12067636.99,Active
A008503,C07528,BR010,Savings,2023-07-01,19937292.98,Active
A008504,C01087,BR043,Current,2025-04-20,13753065.6,Active
A008505,C01602,BR022,Savings,2026-05-04,141097533.46,Active
A008506,C05053,BR022,Savings,2024-12-14,21164856.45,Active
A008507,C08201,BR038,Current,2023-08-09,61473951.87,Active
A008508,C03792,BR020,Current,2019-04-20,3396485.27,Active
A008509,C08362,BR037,Savings,2021-02-27,49763186.59,Active
A008510,C03208,BR017,Savings,2026-03-07,8664068.1,Active
A008511,C09877,BR003,Savings,2020-10-04,102751935.14,Active
A008512,C04518,BR004,Current,2025-03-05,3237420.49,Active
A008513,C00921,BR015,Savings,2025-02-24,14864813.86,Active
A008514,C06102,BR006,Current,2026-05-26,16252711.72,Active
A008515,C00184,BR037,Current,2022-05-09,16893549.44,Active
A008516,C06026,BR037,Savings,2026-02-18,167182298.91,Active
A008517,C05919,BR024,Savings,2025-11-29,9053536.93,Active
A008518,C07420,BR038,Current,2026-07-27,28921393.55,Active
A008519,C09616,BR016,Savings,2025-12-05,115386729.43,Active
A008520,C01953,BR047,Savings,2026-03-18,8715813.39,Active
A008521,C06604,BR024,Savings,2025-09-08,140610719.4,Active
A008522,C01548,BR020,Savings,2025-08-28,13152257.96,Inactive
A008523,C07785,BR018,Current,2022-09-17,30212168.54,Active
A008524,C02099,BR028,Savings,2026-04-25,72011101.88,Active
A008525,C04888,BR002,Savings,2026-06-16,16923265.19,Active
A008526,C03774,BR040,Current,2025-04-05,11978938.92,Inactive
A008527,C06320,BR038,Savings,2024-01-17,167020400.45,Active
A008528,C00285,BR045,Current,2020-07-29,212657704.26,Inactive
A008529,C08212,BR040,Current,2026-07-07,7399734.86,Active
A008530,C07008,BR005,Savings,2025-03-16,10440417.06,Active
A008531,C09658,BR028,Current,2020-10-02,128357960.21,Active
A008532,C02422,BR038,Savings,2025-09-28,13496421.72,Active
A008533,C06994,BR026,Current,2024-05-17,6990727.24,Active
A008534,C03807,BR015,Current,2024-02-24,23117873.51,Active
A008535,C03451,BR015,Savings,2023-01-10,25667920.27,Active
A008536,C06451,BR042,Savings,2023-05-16,11479256.18,Active
A008537,C02175,BR027,Current,2025-10-18,15754550.01,Active
A008538,C07290,BR048,Current,2026-03-30,53432837.23,Active
A008539,C00665,BR047,Current,2025-09-24,37164739.04,Active
A008540,C02527,BR046,Current,2025-12-01,10078440.27,Active
A008541,C06744,BR026,Credit,2026-06-16,371325499.32,Active
A008542,C06357,BR040,Credit,2024-12-19,28487465.39,Active
A008543,C07036,BR024,Credit,2022-03-18,10684988.97,Active
A008544,C06532,BR037,Current,2022-06-06,16091872.09,Active
A008545,C06824,BR027,Current,2025-05-20,910197020.92,Active
A008546,C02682,BR024,Current,2023-06-16,11681148.67,Inactive
A008547,C07482,BR021,Savings,2024-06-05,5536310.59,Active
A008548,C04277,BR003,Current,2025-07-01,12683756.9,Active
A008549,C07346,BR048,Current,2025-05-06,9533336.47,Active
A008550,C04820,BR006,Savings,2025-07-02,23331235.57,Inactive
A008551,C06587,BR001,Savings,2022-05-14,11446980.0,Inactive
A008552,C00152,BR036,Savings,2025-03-12,11996680.66,Active
A008553,C09092,BR011,Current,2024-08-21,800000000.0,Active
A008554,C06749,BR001,Current,2025-05-21,16809443.38,Active
A008555,C09302,BR045,Savings,2026-08-25,85153941.24,Active
A008556,C04897,BR030,Savings,2023-04-15,4370695.82,Active
A008557,C03477,BR010,Current,2026-01-11,4647803.71,Inactive
A008558,C02280,BR038,Savings,2022-01-20,13936217.61,Active
A008559,C05788,BR016,Savings,2025-10-04,19628591.77,Active
A008560,C00785,BR004,Current,2022-12-07,26304539.07,Closed
A008561,C04681,BR033,Current,2026-04-12,18137839.33,Active
A008562,C05380,BR049,Savings,2020-08-22,5808349.43,Active
A008563,C09876,BR032,Current,2025-12-11,2022788.32,Active
A008564,C07173,BR049,Savings,2023-10-19,74579896.73,Active
A008565,C07821,BR047,Current,2024-01-13,9785194.37,Active
A008566,C06277,BR002,Savings,2023-08-26,127469328.54,Active
A008567,C02327,BR019,Credit,2023-01-10,142831753.92,Active
A008568,C06293,BR046,Savings,2021-10-07,4252847.68,Active
A008569,C07464,BR020,Savings,2024-12-22,24572434.67,Active
A008570,C07436,BR014,Savings,2026-04-02,4854663.65,Active
A008571,C08252,BR038,Savings,2026-08-02,16698537.65,Active
A008572,C01777,BR047,Savings,2024-11-21,31665560.12,Inactive
A008573,C01217,BR021,Current,2024-03-06,11446723.69,Active
A008574,C00112,BR020,Current,2026-07-19,57973503.43,Active
A008575,C03621,BR038,Current,2019-05-18,306294501.58,Active
A008576,C06861,BR018,Savings,2026-08-31,18134028.5,Active
A008577,C06157,BR008,Savings,2019-06-19,116862308.82,Active
A008578,C03352,BR016,Credit,2021-05-13,817703864.76,Active
A008579,C08039,BR005,Savings,2026-07-20,23186988.92,Active
A008580,C07778,BR038,Savings,2020-05-16,108646216.9,Active
A008581,C06258,BR038,Savings,2023-01-25,9863042.38,Active
A008582,C05760,BR012,Current,2026-02-25,3889051.36,Active
A008583,C09797,BR021,Savings,2024-05-22,4933130.96,Active
A008584,C00711,BR037,Savings,2022-03-16,100881250.56,Active
A008585,C02833,BR039,Savings,2026-06-20,19414444.82,Active
A008586,C07631,BR046,Credit,2025-07-17,12323443.4,Active
A008587,C08588,BR037,Savings,2026-04-10,41211280.13,Active
A008588,C00633,BR032,Savings,2023-05-14,8235744.97,Active
A008589,C03618,BR031,Savings,2025-11-08,23915739.89,Active
A008590,C06569,BR030,Current,2025-08-01,84441674.9,Active
A008591,C00820,BR050,Savings,2024-12-16,110392907.2,Active
A008592,C06708,BR038,Savings,2024-02-19,63214880.61,Active
A008593,C04009,BR033,Credit,2025-09-27,40720865.2,Active
A008594,C04477,BR021,Savings,2024-09-28,44970957.09,Active
A008595,C08282,BR022,Savings,2024-10-29,46215151.23,Active
A008596,C06534,BR007,Current,2022-05-16,14964398.57,Active
A008597,C09665,BR045,Savings,2024-09-12,4319510.38,Active
A008598,C00770,BR015,Savings,2026-05-11,5529554.82,Active
A008599,C07131,BR042,Credit,2021-12-14,16717726.76,Active
A008600,C01659,BR036,Savings,2023-12-07,13543546.56,Active
A008601,C07478,BR018,Savings,2022-07-14,91394811.39,Active
A008602,C06346,BR006,Current,2025-06-03,77516914.23,Active
A008603,C00078,BR038,Savings,2026-03-02,466515748.94,Active
A008604,C03668,BR035,Current,2025-02-10,87421700.25,Active
A008605,C03696,BR002,Current,2023-10-17,11076065.09,Active
A008606,C05598,BR029,Savings,2022-09-01,16264025.26,Active
A008607,C01082,BR047,Savings,2023-12-12,33920319.67,Active
A008608,C00396,BR045,Savings,2025-02-17,77268530.35,Active
A008609,C08898,BR016,Savings,2025-04-16,605294938.8,Active
A008610,C07851,BR047,Current,2024-09-17,20591677.16,Active
A008611,C03692,BR010,Savings,2024-04-05,11890238.15,Active
A008612,C09068,BR011,Savings,2022-10-30,86456352.73,Active
A008613,C04891,BR017,Current,2024-10-15,53903094.73,Active
A008614,C01098,BR005,Current,2026-01-08,94839068.68,Active
A008615,C04538,BR024,Savings,2024-08-02,6815731.4,Active
A008616,C05714,BR021,Savings,2026-05-03,11616678.41,Active
A008617,C07338,BR046,Savings,2024-12-11,2763926.74,Active
A008618,C07498,BR008,Savings,2024-02-22,88076497.74,Active
A008619,C01972,BR007,Current,2022-10-23,200431045.59,Active
A008620,C02334,BR025,Credit,2025-12-20,5129076.31,Active
A008621,C03054,BR045,Current,2021-10-15,394539531.59,Active
A008622,C07758,BR011,Savings,2025-11-04,32996306.99,Active
A008623,C02667,BR050,Savings,2023-03-01,171712862.53,Inactive
A008624,C06348,BR043,Credit,2026-08-13,195955473.08,Active
A008625,C06757,BR028,Savings,2026-06-01,3365064.52,Active
A008626,C01512,BR047,Current,2025-11-05,524202425.63,Active
A008627,C09052,BR037,Current,2023-03-31,4497843.47,Active
A008628,C03559,BR043,Savings,2026-01-05,6748933.5,Active
A008629,C00022,BR013,Savings,2025-03-30,142139961.48,Active
A008630,C01472,BR017,Savings,2023-12-18,17021681.24,Inactive
A008631,C01008,BR036,Savings,2026-08-16,133014997.72,Active
A008632,C07826,BR009,Savings,2025-12-25,7133178.43,Active
A008633,C09162,BR046,Savings,2022-03-22,224426623.98,Active
A008634,C02589,BR040,Savings,2026-01-01,26016146.08,Active
A008635,C08612,BR002,Savings,2025-12-23,30553788.77,Active
A008636,C08965,BR033,Savings,2026-05-20,6321248.78,Active
A008637,C02184,BR045,Current,2026-06-18,38289327.17,Active
A008638,C05947,BR013,Current,2022-03-14,11647842.15,Active
A008639,C03192,BR038,Savings,2023-10-19,9198764.53,Closed
A008640,C06829,BR037,Credit,2025-09-21,24739991.74,Closed
A008641,C02451,BR050,Savings,2020-12-07,23917720.34,Active
A008642,C01080,BR039,Savings,2026-04-16,7618619.02,Active
A008643,C03376,BR013,Current,2023-01-06,337456745.9,Active
A008644,C01724,BR027,Savings,2026-07-15,284881139.29,Active
A008645,C02685,BR023,Savings,2025-09-26,24338958.91,Active
A008646,C06383,BR027,Savings,2026-08-27,108127277.71,Active
A008647,C07980,BR042,Savings,2024-06-16,19528582.9,Active
A008648,C04176,BR004,Savings,2026-08-15,4340774.99,Active
A008649,C01279,BR011,Credit,2023-02-22,16416650.78,Active
A008650,C02424,BR004,Current,2025-04-19,16243347.93,Active
A008651,C07790,BR040,Savings,2026-08-03,9461593.85,Active
A008652,C09122,BR019,Current,2024-01-30,11711495.3,Active
A008653,C06409,BR038,Current,2026-02-04,2232263.93,Active
A008654,C08638,BR039,Current,2025-12-02,6235332.2,Inactive
A008655,C03335,BR040,Savings,2026-02-21,31359311.31,Active
A008656,C09816,BR007,Savings,2021-05-28,59919843.2,Closed
A008657,C00062,BR034,Savings,2024-01-09,7052242.51,Inactive
A008658,C03622,BR048,Savings,2021-05-06,17362785.04,Active
A008659,C02037,BR005,Current,2026-06-22,36116725.37,Active
A008660,C08317,BR038,Current,2026-05-24,9893502.02,Active
A008661,C02736,BR037,Savings,2024-09-14,25765818.34,Active
A008662,C05958,BR001,Savings,2026-01-21,14599954.97,Active
A008663,C04881,BR016,Savings,2022-10-20,184068510.24,Closed
A008664,C04050,BR044,Savings,2022-09-30,5376779.61,Active
A008665,C08525,BR006,Savings,2022-02-27,6199005.64,Closed
A008666,C09104,BR038,Current,2022-01-12,437713457.49,Active
A008667,C01429,BR010,Credit,2025-09-19,16200062.19,Closed
A008668,C08804,BR038,Savings,2022-05-31,76907231.29,Active
A008669,C02355,BR050,Current,2026-04-10,23776971.52,Active
A008670,C08567,BR005,Savings,2025-05-30,7124435.89,Active
A008671,C03734,BR007,Savings,2026-05-27,5015342.49,Active
A008672,C02710,BR029,Savings,2024-10-23,10053931.12,Active
A008673,C06447,BR027,Current,2026-06-03,10994854.1,Active
A008674,C06485,BR007,Credit,2021-04-16,11953838.69,Active
A008675,C02491,BR038,Savings,2021-05-26,194485698.86,Active
A008676,C04772,BR030,Current,2024-04-12,27781879.69,Inactive
A008677,C04329,BR005,Current,2026-08-05,22980409.6,Active
A008678,C07817,BR005,Current,2020-09-01,17915206.49,Active
A008679,C04610,BR026,Savings,2019-02-24,10598361.74,Active
A008680,C08146,BR023,Savings,2024-10-02,7575308.49,Active
A008681,C03172,BR040,Current,2026-08-28,34605631.89,Active
A008682,C05882,BR003,Credit,2025-10-28,200803671.92,Inactive
A008683,C02738,BR050,Current,2023-02-10,14493678.81,Active
A008684,C03789,BR038,Current,2024-11-26,5953997.49,Active
A008685,C04163,BR015,Current,2021-11-23,17178627.21,Active
A008686,C09255,BR039,Credit,2026-04-18,12839157.74,Active
A008687,C03928,BR047,Savings,2021-01-12,60577149.23,Active
A008688,C02445,BR035,Savings,2022-03-30,37988235.59,Active
A008689,C08181,BR012,Savings,2023-07-23,2095003.67,Active
A008690,C06432,BR002,Savings,2023-02-10,11034939.59,Active
A008691,C02814,BR047,Savings,2026-06-24,2284392.77,Active
A008692,C04216,BR013,Credit,2020-07-28,18154170.96,Active
A008693,C00340,BR044,Current,2024-10-11,27599439.59,Active
A008694,C03378,BR029,Current,2023-03-07,5089426.93,Active
A008695,C08807,BR021,Savings,2023-12-18,33983881.07,Active
A008696,C05385,BR025,Savings,2023-05-20,3855151.62,Active
A008697,C01781,BR020,Savings,2023-03-18,83644529.65,Active
A008698,C00984,BR017,Savings,2024-08-05,11420609.57,Inactive
A008699,C08177,BR028,Savings,2020-04-11,12002637.49,Active
A008700,C00869,BR017,Savings,2023-08-28,11174930.15,Active
A008701,C03998,BR017,Current,2021-08-26,6883800.86,Active
A008702,C08865,BR020,Savings,2025-12-07,176679693.4,Active
A008703,C04785,BR005,Current,2024-05-15,18651428.63,Active
A008704,C01608,BR015,Savings,2022-05-06,5814294.02,Active
A008705,C02962,BR019,Savings,2021-08-20,8564388.62,Active
A008706,C01839,BR038,Current,2025-07-22,7466267.3,Active
A008707,C08118,BR023,Savings,2026-07-08,46191348.74,Active
A008708,C03779,BR027,Current,2019-06-25,26496843.67,Active
A008709,C09799,BR019,Current,2020-01-29,13556398.31,Inactive
A008710,C03297,BR007,Savings,2025-03-07,58781498.21,Active
A008711,C06295,BR032,Savings,2025-04-29,47927290.31,Inactive
A008712,C05949,BR033,Savings,2026-07-11,68069484.12,Active
A008713,C05694,BR012,Current,2026-03-11,10800559.55,Active
A008714,C09780,BR047,Current,2025-11-09,261920753.32,Active
A008715,C03718,BR016,Current,2019-09-19,41062858.12,Closed
A008716,C03119,BR019,Savings,2026-08-02,269295354.29,Active
A008717,C07036,BR024,Current,2023-08-08,6705447.12,Active
A008718,C07993,BR032,Current,2025-04-25,30044921.75,Inactive
A008719,C00292,BR018,Current,2024-01-23,26062166.57,Active
A008720,C06086,BR042,Savings,2024-08-09,64626235.45,Inactive
A008721,C02461,BR045,Credit,2026-06-14,63821254.92,Active
A008722,C00951,BR026,Savings,2023-12-29,26860564.57,Active
A008723,C09392,BR044,Savings,2025-01-20,328382836.99,Active
A008724,C06114,BR015,Credit,2022-12-24,56809213.34,Active
A008725,C04509,BR028,Savings,2022-06-27,32347111.29,Active
A008726,C09336,BR040,Savings,2026-06-17,19903645.24,Active
A008727,C05196,BR006,Savings,2023-04-24,23877104.04,Active
A008728,C09371,BR033,Credit,2022-05-16,40432493.49,Active
A008729,C07337,BR033,Savings,2026-05-09,22118615.39,Active
A008730,C02958,BR020,Current,2026-08-29,38751998.6,Active
A008731,C07073,BR036,Savings,2018-04-15,11339666.82,Active
A008732,C00237,BR005,Savings,2026-07-07,5302308.38,Active
A008733,C01743,BR035,Savings,2022-06-29,13083864.86,Active
A008734,C04244,BR022,Savings,2026-06-11,88864186.68,Active
A008735,C01722,BR018,Savings,2025-05-15,11476855.87,Active
A008736,C09801,BR044,Credit,2023-01-09,10461256.77,Active
A008737,C08724,BR040,Savings,2026-08-26,4128267.82,Active
A008738,C02239,BR031,Current,2026-07-04,458392738.22,Active
A008739,C05909,BR005,Savings,2023-12-06,3217119.92,Active
A008740,C03287,BR037,Current,2020-11-01,15377629.38,Active
A008741,C02357,BR005,Current,2024-02-12,3556317.3,Active
A008742,C03089,BR038,Savings,2022-06-30,15618468.83,Active
A008743,C02360,BR019,Current,2026-08-01,79658068.56,Active
A008744,C02213,BR018,Savings,2025-10-28,106098521.66,Active
A008745,C04125,BR015,Savings,2026-06-17,29900606.8,Active
A008746,C02455,BR049,Savings,2024-07-28,34678536.08,Active
A008747,C01471,BR042,Savings,2025-12-06,4137187.14,Active
A008748,C09993,BR040,Savings,2022-08-17,14317539.99,Active
A008749,C07446,BR028,Current,2025-01-15,326910114.49,Active
A008750,C01609,BR008,Current,2020-07-08,16499509.54,Closed
A008751,C05792,BR004,Savings,2024-08-11,7713497.29,Active
A008752,C01878,BR048,Current,2021-05-23,14073439.53,Active
A008753,C04345,BR011,Savings,2020-11-20,11035501.1,Active
A008754,C01961,BR027,Savings,2020-04-24,5852586.35,Active
A008755,C04765,BR038,Credit,2023-11-09,701496917.27,Active
A008756,C03130,BR042,Current,2019-12-17,23939558.25,Active
A008757,C09459,BR029,Savings,2024-04-10,120340580.88,Active
A008758,C07617,BR022,Savings,2026-06-16,324833741.7,Active
A008759,C09963,BR018,Savings,2023-11-30,9534142.3,Active
A008760,C03461,BR019,Savings,2024-12-17,26073301.88,Active
A008761,C03968,BR031,Current,2026-01-05,29715031.07,Active
A008762,C00964,BR028,Current,2022-10-08,32978464.52,Active
A008763,C02377,BR046,Savings,2025-08-26,76793945.87,Active
A008764,C09137,BR016,Current,2025-03-09,10398772.82,Active
A008765,C03099,BR038,Savings,2025-04-10,6963622.63,Active
A008766,C07174,BR022,Savings,2026-08-20,60807218.91,Closed
A008767,C09825,BR028,Savings,2025-09-02,27277936.23,Active
A008768,C05753,BR038,Savings,2025-09-30,19953550.13,Active
A008769,C03549,BR038,Current,2021-11-23,33433060.55,Active
A008770,C03808,BR036,Current,2022-11-18,12495891.49,Active
A008771,C01556,BR015,Savings,2026-05-16,54060076.38,Active
A008772,C03475,BR029,Current,2026-03-21,19816483.83,Inactive
A008773,C00898,BR041,Current,2024-02-18,56814094.54,Active
A008774,C01175,BR003,Savings,2023-07-17,16157941.28,Inactive
A008775,C06193,BR044,Current,2023-06-18,5526691.97,Active
A008776,C06660,BR019,Current,2022-02-04,11741177.32,Active
A008777,C00626,BR019,Savings,2026-05-30,21158243.33,Active
A008778,C04853,BR008,Savings,2025-01-14,24468481.2,Active
A008779,C04713,BR027,Savings,2019-01-16,10804043.07,Inactive
A008780,C03308,BR019,Current,2023-02-07,133641727.39,Active
A008781,C01082,BR047,Current,2022-06-29,13069535.75,Active
A008782,C01538,BR023,Savings,2020-09-12,3917034.91,Active
A008783,C02702,BR005,Credit,2023-06-10,923847401.48,Inactive
A008784,C09866,BR033,Current,2023-05-19,122365901.33,Active
A008785,C04589,BR033,Credit,2025-09-08,18054613.68,Active
A008786,C00455,BR033,Savings,2021-04-27,10340968.07,Active
A008787,C00756,BR018,Current,2024-09-28,20547256.2,Active
A008788,C05943,BR049,Savings,2023-07-11,54776605.61,Active
A008789,C07997,BR005,Credit,2026-07-31,17625673.33,Active
A008790,C03694,BR024,Credit,2019-11-09,4627530.39,Active
A008791,C04763,BR013,Savings,2026-08-30,946832.51,Active
A008792,C08449,BR050,Savings,2026-01-23,20403324.43,Inactive
A008793,C02519,BR022,Savings,2025-12-10,6816317.49,Active
A008794,C08458,BR033,Current,2022-10-06,74606507.29,Active
A008795,C09632,BR011,Credit,2026-02-27,45407273.37,Active
A008796,C04148,BR038,Savings,2025-12-28,7413650.88,Active
A008797,C01523,BR001,Current,2023-12-22,46821136.77,Active
A008798,C05338,BR018,Savings,2026-02-08,8742095.43,Active
A008799,C00392,BR012,Savings,2026-06-12,651268464.63,Active
A008800,C03115,BR046,Current,2025-01-10,23735343.77,Active
A008801,C04578,BR046,Savings,2025-05-21,5706803.98,Closed
A008802,C05805,BR046,Savings,2026-08-05,6364033.79,Active
A008803,C09710,BR033,Current,2025-08-04,20314760.19,Active
A008804,C09042,BR006,Savings,2026-02-13,167131059.24,Active
A008805,C01208,BR027,Current,2022-10-03,802431298.84,Active
A008806,C00478,BR011,Savings,2021-01-11,6724268.38,Active
A008807,C03163,BR002,Current,2024-11-11,33098876.75,Active
A008808,C04061,BR008,Current,2026-05-17,3622029.46,Active
A008809,C01970,BR044,Savings,2025-11-24,297562896.93,Closed
A008810,C02712,BR044,Savings,2026-08-09,22146320.28,Active
A008811,C00825,BR009,Savings,2021-02-17,18668976.31,Active
A008812,C06009,BR033,Savings,2026-04-14,80024732.28,Active
A008813,C04298,BR021,Current,2025-12-25,43354319.79,Active
A008814,C03853,BR011,Current,2024-05-05,587300334.67,Active
A008815,C05304,BR021,Current,2022-01-14,40711348.62,Active
A008816,C00995,BR034,Credit,2026-03-08,14204620.53,Active
A008817,C05777,BR038,Savings,2023-03-27,28230030.9,Active
A008818,C06222,BR024,Savings,2022-03-21,6109964.41,Active
A008819,C02622,BR030,Current,2026-03-23,12983389.58,Active
A008820,C00466,BR028,Current,2021-08-06,31073559.51,Active
A008821,C04793,BR046,Savings,2025-05-04,4537490.93,Active
A008822,C00633,BR042,Credit,2023-07-18,19569847.13,Active
A008823,C02304,BR048,Savings,2022-12-07,3684867.24,Active
A008824,C04239,BR003,Savings,2025-07-18,164490982.33,Active
A008825,C09944,BR022,Credit,2023-11-14,10017926.28,Active
A008826,C00712,BR039,Credit,2025-05-28,22621362.23,Active
A008827,C00993,BR023,Savings,2025-09-29,8562728.75,Active
A008828,C03450,BR037,Savings,2019-08-09,87348905.69,Active
A008829,C09879,BR030,Current,2024-05-27,49450241.32,Closed
A008830,C02539,BR034,Savings,2025-06-11,9811515.86,Active
A008831,C03653,BR020,Savings,2025-07-21,40795811.11,Active
A008832,C08262,BR021,Savings,2025-09-03,5976694.52,Active
A008833,C09727,BR040,Savings,2023-07-09,27532672.22,Active
A008834,C02734,BR019,Current,2026-05-20,14987238.81,Active
A008835,C06918,BR031,Savings,2024-10-31,53470978.7,Active
A008836,C09630,BR015,Savings,2021-06-11,5663442.57,Active
A008837,C02904,BR036,Current,2025-08-09,35861389.66,Inactive
A008838,C09678,BR041,Savings,2026-06-04,8307296.14,Active
A008839,C03518,BR013,Credit,2026-08-20,13303227.5,Active
A008840,C06785,BR027,Current,2020-01-04,24309273.67,Closed
A008841,C08516,BR013,Current,2025-12-30,11797159.63,Active
A008842,C05722,BR047,Current,2026-01-29,67945712.34,Active
A008843,C00803,BR030,Current,2026-06-28,14025232.41,Active
A008844,C09699,BR035,Current,2025-09-19,21965484.92,Active
A008845,C02335,BR023,Savings,2026-03-12,25125730.9,Active
A008846,C04821,BR009,Current,2023-12-13,30300093.6,Active
A008847,C07030,BR010,Savings,2025-06-25,65665543.63,Active
A008848,C05713,BR042,Current,2024-06-15,40043782.38,Active
A008849,C04467,BR024,Savings,2019-07-16,5233887.12,Inactive
A008850,C06240,BR036,Savings,2026-05-06,15918795.43,Active
A008851,C05040,BR023,Savings,2019-12-10,13083802.28,Active
A008852,C02000,BR001,Current,2026-07-29,53804317.87,Active
A008853,C07939,BR040,Savings,2024-01-15,243611438.4,Active
A008854,C02352,BR049,Savings,2023-03-27,82089630.15,Active
A008855,C03699,BR027,Savings,2021-04-14,50247774.56,Active
A008856,C08407,BR022,Current,2024-09-10,15067678.69,Active
A008857,C08845,BR050,Current,2023-12-05,21677067.67,Active
A008858,C09086,BR022,Savings,2025-11-22,9452440.8,Active
A008859,C08445,BR023,Savings,2025-07-07,9536964.62,Active
A008860,C05360,BR037,Current,2023-09-01,20811968.4,Active
A008861,C00695,BR038,Credit,2025-06-12,21119740.4,Inactive
A008862,C07491,BR019,Current,2022-09-12,24202110.85,Active
A008863,C02010,BR039,Current,2025-12-28,20275085.78,Active
A008864,C01314,BR016,Savings,2024-07-03,31391337.71,Active
A008865,C06458,BR039,Current,2026-05-07,183614456.3,Active
A008866,C01597,BR038,Savings,2024-10-19,29606813.19,Active
A008867,C08738,BR039,Current,2020-01-26,3130766.64,Inactive
A008868,C01497,BR010,Credit,2021-08-26,18956293.63,Active
A008869,C02384,BR039,Current,2018-12-06,13715768.03,Active
A008870,C03756,BR028,Savings,2026-07-30,29598263.53,Active
A008871,C09387,BR018,Savings,2020-06-28,20933424.71,Active
A008872,C08435,BR005,Current,2025-07-11,50261553.4,Active
A008873,C00345,BR050,Current,2025-08-27,8504285.14,Closed
A008874,C05809,BR021,Savings,2024-06-18,9873194.15,Active
A008875,C04885,BR038,Credit,2020-08-16,23857547.85,Active
A008876,C07845,BR011,Savings,2025-04-12,2378046.27,Active
A008877,C04273,BR043,Savings,2026-07-05,17012591.67,Active
A008878,C04589,BR002,Current,2025-08-21,7401054.81,Active
A008879,C03539,BR028,Credit,2024-08-16,91433446.15,Active
A008880,C00013,BR027,Current,2024-12-15,101816796.46,Active
A008881,C00973,BR044,Current,2023-12-11,3967709.34,Active
A008882,C07890,BR039,Current,2026-05-25,12510359.48,Active
A008883,C04718,BR028,Credit,2023-01-03,89204000.25,Active
A008884,C05008,BR006,Savings,2025-01-07,16093416.53,Active
A008885,C08290,BR004,Savings,2026-08-12,13602987.51,Inactive
A008886,C04135,BR037,Savings,2024-11-04,34035543.34,Active
A008887,C07782,BR001,Savings,2025-03-21,37863478.26,Active
A008888,C06821,BR026,Current,2026-08-26,4980908.69,Active
A008889,C01178,BR023,Credit,2026-06-01,23366109.43,Active
A008890,C02757,BR004,Savings,2022-02-02,13675330.66,Active
A008891,C07159,BR019,Savings,2023-10-11,77153686.96,Active
A008892,C08808,BR012,Current,2023-03-05,3833029.36,Active
A008893,C07671,BR021,Credit,2021-05-15,14602138.1,Active
A008894,C01938,BR030,Savings,2025-03-17,24902292.28,Active
A008895,C05642,BR027,Savings,2025-07-28,3436929.69,Active
A008896,C08054,BR018,Savings,2026-02-16,9773994.09,Active
A008897,C00205,BR031,Credit,2025-08-08,99648983.83,Active
A008898,C08335,BR019,Credit,2024-09-21,10716927.93,Active
A008899,C01904,BR035,Savings,2025-12-31,170228156.86,Active
A008900,C01151,BR037,Credit,2025-06-10,20343821.79,Active
A008901,C01488,BR038,Savings,2026-07-24,90061640.39,Active
A008902,C03639,BR008,Savings,2023-10-12,42150802.59,Active
A008903,C06414,BR022,Savings,2026-02-28,77028242.49,Active
A008904,C01742,BR031,Credit,2026-07-14,101389354.06,Active
A008905,C00830,BR028,Current,2025-06-15,9601162.8,Active
A008906,C00330,BR050,Savings,2024-12-13,6206508.38,Active
A008907,C03725,BR018,Savings,2024-09-04,29249431.83,Active
A008908,C09870,BR020,Current,2025-02-06,40554803.97,Inactive
A008909,C02340,BR004,Savings,2026-06-01,26379172.03,Active
A008910,C00186,BR010,Savings,2021-08-14,87696879.82,Active
A008911,C04312,BR026,Savings,2025-06-02,6881078.22,Active
A008912,C01826,BR049,Savings,2025-05-25,37388110.02,Active
A008913,C03687,BR039,Savings,2026-07-08,23846981.65,Active
A008914,C03572,BR016,Current,2026-08-28,330115192.33,Active
A008915,C03917,BR036,Savings,2024-09-09,5956666.67,Active
A008916,C03613,BR003,Savings,2025-02-02,29907324.06,Active
A008917,C05116,BR011,Current,2025-11-02,23273966.19,Active
A008918,C04796,BR047,Current,2025-06-16,62966799.44,Active
A008919,C07708,BR009,Savings,2023-07-03,44661780.13,Active
A008920,C08463,BR037,Current,2023-07-25,20695707.67,Active
A008921,C06376,BR042,Current,2023-02-06,7088939.68,Active
A008922,C09881,BR038,Current,2026-01-22,318385190.76,Closed
A008923,C02980,BR013,Savings,2025-02-11,7021403.7,Active
A008924,C05926,BR013,Savings,2024-07-31,10311271.62,Active
A008925,C01829,BR005,Savings,2022-04-07,26340590.75,Active
A008926,C04464,BR038,Savings,2022-03-22,33097886.79,Active
A008927,C01056,BR032,Current,2026-06-27,17903926.89,Active
A008928,C03591,BR027,Savings,2023-04-09,8231681.44,Active
A008929,C00993,BR040,Current,2025-10-23,20355210.79,Active
A008930,C00182,BR044,Credit,2025-11-22,26756298.71,Active
A008931,C03786,BR003,Current,2020-05-27,72258051.36,Active
A008932,C09888,BR005,Savings,2022-11-20,16464939.17,Inactive
A008933,C05817,BR047,Savings,2025-11-24,12882867.94,Inactive
A008934,C09717,BR030,Savings,2026-03-26,155963891.15,Active
A008935,C00092,BR036,Savings,2026-05-08,20421770.9,Active
A008936,C07624,BR028,Current,2025-12-20,112288654.23,Active
A008937,C02722,BR049,Current,2022-01-25,10201363.91,Active
A008938,C01320,BR004,Current,2026-06-18,15019833.71,Active
A008939,C06041,BR036,Savings,2024-07-20,31912512.59,Active
A008940,C05668,BR038,Savings,2021-06-13,76448003.86,Active
A008941,C09831,BR049,Savings,2021-10-25,90404615.61,Active
A008942,C09642,BR005,Current,2025-05-25,27299176.2,Active
A008943,C03257,BR002,Savings,2022-08-15,76252378.56,Active
A008944,C08974,BR003,Savings,2024-04-01,2999513.85,Active
A008945,C03087,BR015,Savings,2021-11-03,231601276.88,Active
A008946,C03063,BR007,Savings,2026-01-10,15781883.17,Active
A008947,C07674,BR030,Savings,2021-05-03,27706715.94,Active
A008948,C02777,BR016,Savings,2024-03-21,6744465.52,Active
A008949,C03600,BR039,Savings,2025-06-06,471953502.58,Active
A008950,C04389,BR034,Savings,2026-03-07,223625330.05,Active
A008951,C07305,BR023,Savings,2021-05-23,8984088.86,Active
A008952,C06102,BR014,Current,2025-11-13,4351009.4,Active
A008953,C01191,BR022,Savings,2025-03-29,441335395.38,Active
A008954,C04866,BR019,Savings,2026-08-30,5780282.73,Active
A008955,C08365,BR015,Credit,2025-04-14,45093027.48,Active
A008956,C08725,BR028,Current,2026-04-19,31397232.57,Active
A008957,C02286,BR025,Current,2024-03-10,67327557.23,Active
A008958,C04942,BR035,Current,2025-10-06,6736214.42,Closed
A008959,C01812,BR047,Savings,2024-11-24,8315443.17,Inactive
A008960,C02970,BR002,Credit,2024-04-25,58798618.57,Active
A008961,C05093,BR020,Savings,2023-08-09,9677501.5,Active
A008962,C09335,BR049,Savings,2026-05-10,70434571.29,Active
A008963,C02623,BR008,Current,2026-08-09,9811900.03,Active
A008964,C00822,BR011,Savings,2019-02-07,10999487.38,Inactive
A008965,C03338,BR044,Savings,2025-11-05,1275221455.4,Active
A008966,C09760,BR001,Current,2024-10-12,23792995.97,Active
A008967,C06331,BR009,Savings,2025-09-01,33008647.99,Active
A008968,C09297,BR025,Credit,2021-11-27,7265665.55,Active
A008969,C04280,BR036,Savings,2026-08-09,55196572.36,Active
A008970,C08468,BR038,Savings,2023-05-25,6529141.83,Closed
A008971,C08000,BR045,Current,2025-07-06,140177533.67,Active
A008972,C06095,BR004,Savings,2023-11-08,188612921.41,Active
A008973,C08045,BR044,Credit,2024-03-26,216613283.31,Active
A008974,C07629,BR002,Savings,2024-09-23,61995246.25,Active
A008975,C00210,BR013,Savings,2021-12-23,63923278.39,Active
A008976,C04381,BR047,Savings,2023-09-27,4350413.97,Active
A008977,C07749,BR033,Current,2026-08-02,8749464.85,Closed
A008978,C02382,BR034,Current,2026-06-19,27845271.65,Active
A008979,C03032,BR011,Savings,2026-07-03,7446286.1,Active
A008980,C07769,BR044,Savings,2025-10-29,16158329.75,Active
A008981,C00628,BR050,Savings,2026-05-18,5267916.96,Active
A008982,C08297,BR009,Savings,2025-11-14,13367808.58,Active
A008983,C09633,BR047,Current,2022-05-22,53930804.49,Active
A008984,C09722,BR044,Current,2026-06-06,5644677.21,Active
A008985,C01371,BR033,Credit,2024-06-04,658682765.84,Closed
A008986,C08843,BR021,Savings,2025-08-02,29528387.54,Active
A008987,C05475,BR032,Savings,2024-12-20,6906197.74,Inactive
A008988,C08094,BR041,Current,2023-01-27,68765227.97,Active
A008989,C03233,BR022,Savings,2023-07-28,15541364.51,Active
A008990,C05125,BR047,Current,2025-01-02,3512193.5,Active
A008991,C02208,BR026,Savings,2025-11-14,4905593.18,Active
A008992,C02030,BR005,Savings,2025-10-31,196846795.85,Active
A008993,C01377,BR001,Credit,2026-06-25,6397764.83,Active
A008994,C03642,BR027,Current,2023-06-25,193012472.36,Active
A008995,C04185,BR013,Savings,2024-11-02,5112657.16,Active
A008996,C02613,BR008,Savings,2026-01-12,25409228.2,Active
A008997,C09439,BR033,Savings,2025-05-25,11693202.79,Closed
A008998,C04689,BR014,Savings,2026-08-16,13084615.96,Active
A008999,C06155,BR028,Savings,2026-04-08,66207843.11,Active
A009000,C08951,BR030,Savings,2026-03-26,5499740.41,Active
A009001,C01988,BR043,Savings,2026-06-09,24140447.62,Active
A009002,C05970,BR028,Savings,2024-12-30,23355720.23,Active
A009003,C09424,BR028,Savings,2021-02-21,200000000.0,Active
A009004,C04506,BR036,Savings,2025-10-10,147854472.83,Active
A009005,C00286,BR005,Current,2026-01-27,51616287.88,Active
A009006,C01413,BR024,Savings,2024-01-15,141623515.13,Active
A009007,C07606,BR004,Current,2025-11-04,12779458.97,Active
A009008,C03950,BR031,Savings,2025-12-31,10356449.19,Closed
A009009,C03630,BR045,Savings,2026-01-19,156379332.85,Active
A009010,C08757,BR048,Savings,2021-12-26,12119254.3,Active
A009011,C08009,BR018,Current,2026-04-08,7348990.41,Active
A009012,C01562,BR009,Current,2025-07-26,26816525.62,Active
A009013,C04758,BR042,Savings,2023-04-13,20252547.89,Active
A009014,C03325,BR048,Credit,2026-06-13,64266211.93,Active
A009015,C07052,BR038,Savings,2025-06-23,62166456.61,Active
A009016,C09319,BR005,Current,2022-07-01,7214731.07,Active
A009017,C03959,BR016,Savings,2026-08-25,132899663.44,Active
A009018,C07231,BR049,Current,2026-04-16,11245453.88,Closed
A009019,C01799,BR040,Savings,2023-05-29,8102506.66,Active
A009020,C07279,BR047,Current,2023-12-09,32529195.78,Active
A009021,C01643,BR011,Savings,2018-12-07,20527669.08,Active
A009022,C04245,BR038,Savings,2025-05-20,9985997.06,Active
A009023,C00982,BR045,Current,2024-08-13,2997893.72,Active
A009024,C06901,BR003,Current,2026-08-28,34457906.65,Closed
A009025,C01425,BR026,Savings,2026-04-19,12443179.64,Active
A009026,C07288,BR017,Current,2026-05-30,12725655.44,Active
A009027,C07369,BR014,Savings,2025-01-20,12344571.36,Active
A009028,C00091,BR037,Current,2026-07-24,11043536.36,Active
A009029,C07507,BR014,Savings,2026-06-10,28472224.38,Active
A009030,C04499,BR011,Savings,2023-03-07,7451470.4,Active
A009031,C09574,BR006,Credit,2022-03-08,38670297.17,Active
A009032,C08298,BR049,Savings,2025-04-19,34364797.18,Active
A009033,C07429,BR016,Current,2025-07-15,23817286.18,Active
A009034,C00666,BR029,Current,2023-11-25,22190234.05,Closed
A009035,C08389,BR022,Savings,2023-11-12,30933969.84,Active
A009036,C01874,BR005,Credit,2019-05-21,6119096.23,Active
A009037,C00731,BR045,Savings,2024-06-25,81865404.6,Active
A009038,C02741,BR044,Savings,2025-02-23,6121679.46,Active
A009039,C01857,BR022,Current,2025-10-15,6207254.11,Active
A009040,C07812,BR037,Savings,2023-10-08,20135856.9,Active
A009041,C04179,BR019,Current,2021-07-25,31990870.09,Active
A009042,C01629,BR022,Savings,2022-06-27,12845208.9,Active
A009043,C06058,BR028,Current,2025-07-12,56106436.97,Active
A009044,C04487,BR050,Current,2021-06-07,17769396.2,Active
A009045,C07697,BR044,Savings,2024-01-03,8057648.59,Active
A009046,C01246,BR019,Savings,2025-05-19,37386760.65,Active
A009047,C05330,BR016,Savings,2026-08-24,33870871.2,Active
A009048,C06492,BR015,Savings,2023-03-05,87527061.14,Active
A009049,C04588,BR042,Current,2021-04-30,25761679.67,Active
A009050,C03018,BR035,Savings,2023-08-24,1789040.77,Active
A009051,C03480,BR021,Current,2026-08-25,18243116.46,Active
A009052,C09990,BR038,Savings,2025-02-28,55912317.39,Closed
A009053,C06056,BR041,Savings,2023-07-10,4918691.66,Active
A009054,C00410,BR038,Savings,2024-04-06,76565684.6,Active
A009055,C02507,BR005,Savings,2023-01-03,171794004.06,Active
A009056,C09778,BR035,Savings,2024-07-13,390874460.35,Active
A009057,C06767,BR033,Savings,2026-03-22,18206380.82,Active
A009058,C08913,BR009,Savings,2022-09-23,48697321.17,Active
A009059,C03113,BR047,Savings,2024-04-04,46682755.96,Active
A009060,C02123,BR036,Current,2023-07-07,32412887.0,Active
A009061,C00296,BR002,Savings,2025-04-09,6756810.14,Active
A009062,C08707,BR037,Savings,2021-03-13,123683489.74,Active
A009063,C08650,BR038,Savings,2025-08-04,18972587.1,Active
A009064,C02241,BR038,Current,2023-04-20,17366295.97,Active
A009065,C02562,BR044,Credit,2020-01-31,99826959.55,Active
A009066,C00972,BR032,Savings,2024-10-23,11273824.69,Active
A009067,C05588,BR020,Savings,2023-01-06,28827107.6,Active
A009068,C09035,BR041,Current,2023-03-01,9369430.17,Active
A009069,C06603,BR007,Savings,2025-06-11,31241930.86,Active
A009070,C05510,BR027,Savings,2025-03-12,40161005.96,Active
A009071,C00868,BR028,Savings,2025-09-15,17800189.81,Active
A009072,C00235,BR030,Current,2023-07-28,9504618.05,Active
A009073,C08690,BR028,Current,2026-03-19,53438404.19,Active
A009074,C09756,BR038,Savings,2026-05-23,9404400.27,Active
A009075,C06030,BR002,Savings,2025-05-03,6046629.49,Inactive
A009076,C01102,BR049,Savings,2022-10-25,26186305.29,Active
A009077,C03502,BR012,Savings,2025-04-03,21633378.77,Active
A009078,C02529,BR018,Savings,2020-10-19,9718093.65,Active
A009079,C09108,BR038,Savings,2026-05-26,16252234.14,Active
A009080,C07262,BR022,Savings,2026-04-11,21365515.4,Active
A009081,C03936,BR013,Current,2026-08-20,17654545.29,Active
A009082,C04121,BR027,Credit,2025-10-26,21654241.88,Active
A009083,C06902,BR021,Current,2026-08-02,10008936.18,Active
A009084,C08141,BR018,Savings,2026-07-18,22852173.58,Active
A009085,C00548,BR038,Savings,2024-02-01,15212180.74,Active
A009086,C08772,BR038,Current,2024-08-05,10284128.49,Inactive
A009087,C05910,BR021,Current,2025-10-04,67350296.22,Active
A009088,C05394,BR043,Savings,2023-03-07,13870006.91,Active
A009089,C02056,BR002,Savings,2023-06-19,4719710.82,Active
A009090,C07043,BR023,Savings,2026-08-28,9013494.14,Active
A009091,C00053,BR047,Savings,2026-06-01,15799441.85,Active
A009092,C05623,BR047,Savings,2024-04-27,31072802.22,Active
A009093,C03870,BR015,Savings,2023-12-27,51835750.3,Active
A009094,C07446,BR028,Savings,2025-12-23,424655443.75,Closed
A009095,C00664,BR038,Savings,2026-05-18,6077804.38,Active
A009096,C05904,BR016,Savings,2022-10-03,61151653.13,Active
A009097,C01939,BR010,Credit,2026-02-28,44630815.0,Closed
A009098,C08207,BR030,Current,2022-08-19,73715834.87,Active
A009099,C07973,BR003,Current,2021-11-25,182362867.57,Active
A009100,C00713,BR045,Current,2020-12-17,67474952.06,Active
A009101,C05553,BR020,Savings,2026-08-30,8441943.66,Active
A009102,C00723,BR028,Savings,2024-08-05,34888332.26,Active
A009103,C03556,BR022,Current,2026-08-02,16012342.5,Active
A009104,C00264,BR028,Savings,2021-08-23,6723925.09,Active
A009105,C04461,BR029,Current,2025-03-24,29390968.11,Closed
A009106,C00925,BR029,Savings,2025-07-12,40904496.81,Inactive
A009107,C03932,BR016,Savings,2026-03-13,26767019.19,Active
A009108,C03209,BR046,Current,2026-05-16,79829802.01,Active
A009109,C05769,BR002,Savings,2026-04-09,68983113.35,Active
A009110,C04835,BR025,Savings,2025-05-01,22257115.26,Active
A009111,C06894,BR032,Savings,2023-09-27,5172002.08,Active
A009112,C01106,BR039,Current,2026-08-15,27387062.53,Active
A009113,C02508,BR027,Current,2023-11-26,8972757.85,Inactive
A009114,C05168,BR015,Current,2024-03-09,24473944.33,Active
A009115,C01384,BR039,Savings,2023-06-05,7675696.78,Active
A009116,C05037,BR034,Savings,2024-08-06,16804050.24,Active
A009117,C05532,BR003,Current,2026-04-26,60559680.99,Active
A009118,C08242,BR008,Savings,2020-04-16,134593811.19,Active
A009119,C01840,BR015,Savings,2026-02-07,793887531.0,Active
A009120,C04988,BR038,Savings,2020-01-14,25837208.38,Active
A009121,C03602,BR047,Savings,2026-08-27,4556955.74,Active
A009122,C04582,BR045,Current,2026-03-29,547330909.82,Active
A009123,C05599,BR018,Credit,2026-01-30,15899618.32,Active
A009124,C03683,BR026,Credit,2025-06-07,16133944.54,Active
A009125,C09861,BR045,Savings,2026-01-18,19634029.39,Active
A009126,C01638,BR042,Savings,2025-06-11,11333438.62,Active
A009127,C06235,BR038,Savings,2026-06-27,15865221.21,Active
A009128,C01569,BR049,Current,2023-11-28,18196188.36,Active
A009129,C08874,BR033,Current,2026-06-01,635733535.11,Active
A009130,C09507,BR005,Current,2025-12-09,4420803.09,Inactive
A009131,C06442,BR040,Credit,2025-11-28,197481865.96,Active
A009132,C07052,BR038,Current,2025-02-21,35634825.16,Active
A009133,C02742,BR013,Savings,2020-02-29,27587229.67,Active
A009134,C03305,BR037,Credit,2025-04-06,15984288.65,Active
A009135,C08697,BR037,Savings,2024-10-04,5382350.24,Active
A009136,C09373,BR027,Savings,2025-02-07,115784240.5,Active
A009137,C00874,BR033,Current,2025-12-01,7040821.75,Inactive
A009138,C07756,BR041,Savings,2024-04-28,35271901.14,Closed
A009139,C06063,BR039,Current,2026-04-10,8494189.4,Active
A009140,C01355,BR028,Savings,2025-07-29,4536071.47,Active
A009141,C05083,BR019,Savings,2020-10-25,234092938.18,Active
A009142,C07676,BR046,Savings,2025-07-29,17341615.59,Active
A009143,C02850,BR032,Credit,2026-08-18,30018177.11,Active
A009144,C07154,BR050,Savings,2026-02-07,7590312.01,Active
A009145,C00385,BR021,Savings,2025-06-10,3302242.46,Active
A009146,C05418,BR033,Current,2025-09-11,57294930.13,Active
A009147,C03250,BR003,Current,2024-04-29,79640906.86,Active
A009148,C02284,BR010,Savings,2026-08-09,22223087.29,Active
A009149,C08892,BR041,Savings,2026-04-23,591824287.38,Inactive
A009150,C05205,BR027,Savings,2025-04-19,11470027.84,Active
A009151,C03515,BR038,Current,2026-02-04,93727095.28,Closed
A009152,C03911,BR018,Current,2023-12-31,53689222.07,Active
A009153,C02326,BR002,Savings,2025-09-01,14615713.51,Active
A009154,C00461,BR022,Credit,2023-09-28,31872107.5,Active
A009155,C03087,BR020,Savings,2019-10-07,71160335.0,Active
A009156,C07239,BR007,Current,2022-11-04,175679107.12,Active
A009157,C06218,BR044,Savings,2026-01-14,4439078.29,Closed
A009158,C03536,BR028,Savings,2023-06-29,33635338.67,Active
A009159,C00977,BR027,Current,2024-05-19,105158474.05,Active
A009160,C01211,BR004,Savings,2025-12-14,13892007.3,Active
A009161,C02868,BR043,Credit,2026-08-19,13851307.38,Active
A009162,C04302,BR041,Savings,2024-06-28,12254158.23,Active
A009163,C09044,BR029,Savings,2024-07-09,7779675.17,Active
A009164,C05270,BR039,Current,2023-06-23,12721190.91,Active
A009165,C03147,BR009,Current,2023-06-09,87750491.47,Active
A009166,C03781,BR013,Savings,2022-05-18,42516641.74,Active
A009167,C07967,BR037,Savings,2026-07-28,7472634.83,Active
A009168,C05163,BR045,Savings,2025-11-29,18582125.48,Inactive
A009169,C03471,BR046,Current,2023-05-21,85559500.74,Active
A009170,C06490,BR041,Savings,2025-11-15,72415562.26,Active
A009171,C08035,BR037,Savings,2024-02-29,6724974.65,Active
A009172,C05568,BR028,Credit,2022-12-16,500021722.43,Active
A009173,C09213,BR006,Current,2022-07-02,29515262.58,Active
A009174,C04151,BR012,Current,2019-10-29,7697774.44,Active
A009175,C06334,BR040,Current,2022-09-11,71699468.51,Active
A009176,C00475,BR026,Savings,2026-03-23,50686155.21,Active
A009177,C05431,BR031,Savings,2025-03-04,23256453.15,Active
A009178,C01825,BR026,Current,2024-07-22,5599483.93,Active
A009179,C09895,BR030,Current,2026-01-25,20680207.88,Active
A009180,C09158,BR028,Savings,2026-02-18,97456998.12,Active
A009181,C09994,BR017,Savings,2026-07-22,22614118.47,Active
A009182,C08581,BR047,Savings,2024-07-09,243557151.96,Active
A009183,C00359,BR001,Savings,2022-01-29,13030215.86,Active
A009184,C03727,BR004,Current,2026-02-18,335460844.07,Active
A009185,C07854,BR038,Savings,2026-06-20,20764684.39,Inactive
A009186,C04634,BR044,Savings,2025-08-17,11889785.39,Active
A009187,C00815,BR037,Current,2023-05-16,102263413.17,Active
A009188,C01902,BR048,Savings,2022-03-12,29135685.28,Active
A009189,C02547,BR003,Savings,2026-08-20,10425587.19,Active
A009190,C00236,BR028,Savings,2021-04-08,16045420.35,Active
A009191,C09917,BR002,Current,2023-03-02,24934106.83,Active
A009192,C05610,BR034,Current,2023-05-08,13294645.76,Active
A009193,C05476,BR005,Current,2026-03-03,16696122.32,Active
A009194,C04925,BR050,Current,2026-05-14,7801276.06,Active
A009195,C08291,BR027,Savings,2025-09-28,24591244.45,Active
A009196,C03877,BR005,Savings,2026-06-18,16332968.29,Active
A009197,C06118,BR009,Current,2025-06-09,16778066.35,Active
A009198,C03777,BR030,Savings,2025-07-04,22868167.42,Active
A009199,C06020,BR022,Savings,2026-03-19,9460246.46,Active
A009200,C04495,BR023,Current,2024-05-15,31300642.63,Active
A009201,C06449,BR038,Savings,2025-11-22,6929520.54,Active
A009202,C00404,BR032,Savings,2026-07-05,34902456.26,Active
A009203,C06825,BR050,Savings,2024-02-19,8800082.98,Active
A009204,C05079,BR041,Credit,2025-09-08,10531654.25,Active
A009205,C00690,BR049,Savings,2021-02-22,64285695.4,Active
A009206,C00429,BR005,Savings,2026-08-17,9139715.57,Active
A009207,C00408,BR028,Credit,2025-12-10,8614799.01,Active
A009208,C08634,BR044,Current,2026-08-08,7471915.18,Active
A009209,C06594,BR037,Credit,2024-11-06,45996967.06,Active
A009210,C05243,BR020,Savings,2025-07-28,128778917.08,Active
A009211,C01948,BR004,Current,2022-03-25,40703204.32,Active
A009212,C05325,BR047,Current,2023-06-27,47823732.22,Active
A009213,C04425,BR024,Savings,2025-09-27,15442304.31,Active
A009214,C06677,BR038,Savings,2021-11-03,19743294.5,Active
A009215,C06776,BR036,Savings,2025-03-17,9384949.55,Active
A009216,C07844,BR046,Current,2023-03-11,36653096.63,Active
A009217,C03057,BR011,Savings,2026-07-04,8288535.03,Active
A009218,C01585,BR022,Credit,2025-09-03,38249167.88,Active
A009219,C09210,BR024,Current,2026-03-28,4762694.18,Active
A009220,C06340,BR007,Savings,2025-04-05,11774195.0,Active
A009221,C04263,BR002,Savings,2025-06-06,31187158.11,Active
A009222,C04286,BR021,Current,2024-05-25,429605320.53,Active
A009223,C02933,BR047,Savings,2026-07-04,5731238.15,Active
A009224,C05638,BR044,Current,2025-04-21,83946313.83,Active
A009225,C02459,BR002,Savings,2025-12-20,25221104.21,Active
A009226,C08637,BR030,Savings,2022-08-04,137856558.82,Active
A009227,C03180,BR030,Credit,2025-12-01,41933006.56,Active
A009228,C00770,BR034,Savings,2026-05-03,4038517.75,Active
A009229,C01039,BR030,Current,2026-01-04,7234801.26,Active
A009230,C05057,BR033,Current,2025-04-08,28975750.39,Active
A009231,C01532,BR038,Savings,2025-07-24,182973711.97,Active
A009232,C06169,BR011,Savings,2024-11-11,65990923.12,Active
A009233,C01444,BR035,Current,2026-08-20,14095529.34,Active
A009234,C00305,BR007,Savings,2026-05-05,5398525.66,Active
A009235,C06013,BR040,Current,2026-07-09,11239073.98,Active
A009236,C09648,BR023,Savings,2021-05-24,31176131.16,Active
A009237,C02788,BR024,Savings,2025-02-07,133305616.1,Active
A009238,C06934,BR033,Current,2026-07-03,36541987.09,Active
A009239,C00326,BR030,Current,2026-02-24,33647908.52,Active
A009240,C02054,BR034,Savings,2025-03-07,20754214.65,Active
A009241,C06833,BR005,Credit,2023-06-20,19480091.59,Active
A009242,C09225,BR002,Savings,2026-05-02,18369924.87,Active
A009243,C07061,BR013,Current,2026-08-28,51577917.09,Active
A009244,C07175,BR035,Savings,2024-09-03,38902765.01,Active
A009245,C08737,BR004,Current,2024-06-21,8639738.57,Active
A009246,C07007,BR031,Current,2026-02-26,63675897.33,Active
A009247,C07685,BR044,Current,2026-08-16,8876341.2,Active
A009248,C01433,BR038,Savings,2024-04-05,106880228.92,Active
A009249,C05126,BR038,Current,2024-04-08,92144065.9,Active
A009250,C04642,BR006,Savings,2026-08-07,19211498.89,Active
A009251,C07077,BR046,Savings,2025-07-03,19869316.43,Inactive
A009252,C07669,BR013,Credit,2021-12-30,39039788.79,Active
A009253,C09651,BR001,Savings,2025-08-25,79521355.64,Active
A009254,C09768,BR026,Current,2023-12-22,33607382.1,Active
A009255,C01086,BR017,Current,2025-09-14,22676258.3,Active
A009256,C04614,BR039,Savings,2022-10-30,37031060.39,Active
A009257,C04808,BR018,Savings,2025-11-24,54584724.29,Active
A009258,C09181,BR016,Savings,2025-11-16,119782948.28,Active
A009259,C03289,BR046,Savings,2025-05-24,86027276.06,Active
A009260,C02584,BR032,Current,2025-08-02,16214346.8,Active
A009261,C06170,BR022,Current,2026-03-19,10297666.72,Active
A009262,C03562,BR036,Current,2025-11-08,56226385.08,Active
A009263,C01744,BR042,Current,2024-08-17,720270535.46,Active
A009264,C07282,BR014,Current,2023-01-16,6938696.74,Active
A009265,C06391,BR040,Savings,2025-10-05,1273789077.21,Active
A009266,C05277,BR037,Savings,2023-12-08,13285478.53,Active
A009267,C09612,BR018,Savings,2026-07-26,593170073.58,Active
A009268,C05705,BR028,Savings,2026-01-09,8615456.52,Active
A009269,C02365,BR047,Credit,2026-03-09,18323810.55,Active
A009270,C04566,BR004,Savings,2023-02-21,11319996.74,Active
A009271,C02500,BR038,Credit,2025-09-29,7953268.12,Active
A009272,C00462,BR012,Current,2025-04-22,35131230.12,Active
A009273,C09401,BR009,Current,2023-11-17,6194159.58,Active
A009274,C06038,BR023,Savings,2026-07-27,8733713.01,Inactive
A009275,C03930,BR027,Credit,2026-03-18,23977262.09,Active
A009276,C02867,BR038,Credit,2024-11-18,134760509.91,Active
A009277,C04890,BR026,Current,2025-10-05,30195920.72,Active
A009278,C05220,BR044,Savings,2026-01-13,23888369.51,Active
A009279,C04787,BR049,Current,2026-01-20,16629365.39,Inactive
A009280,C00174,BR031,Current,2026-08-18,7198491.68,Active
A009281,C01536,BR028,Savings,2025-01-10,7980052.36,Active
A009282,C01123,BR025,Savings,2026-06-27,2948477.86,Active
A009283,C00474,BR025,Savings,2020-10-15,266197292.27,Active
A009284,C06131,BR018,Current,2026-03-29,162848598.43,Active
A009285,C01078,BR002,Current,2025-11-27,32447556.1,Active
A009286,C00906,BR019,Current,2019-11-20,28422365.12,Active
A009287,C01337,BR038,Current,2025-10-01,53528327.19,Active
A009288,C03110,BR008,Current,2020-07-24,31183796.91,Active
A009289,C08305,BR029,Savings,2024-02-22,10086433.93,Active
A009290,C02140,BR017,Credit,2025-03-31,11216287.07,Active
A009291,C05491,BR009,Current,2026-07-06,11909928.58,Active
A009292,C02545,BR042,Current,2022-12-23,50495180.47,Active
A009293,C00710,BR029,Savings,2024-08-29,213047809.3,Closed
A009294,C06628,BR019,Savings,2025-11-20,718204788.37,Active
A009295,C07973,BR003,Savings,2026-01-15,382180108.29,Active
A009296,C04308,BR030,Credit,2022-03-20,794400455.14,Active
A009297,C09644,BR038,Savings,2022-04-23,4081207.21,Closed
A009298,C06074,BR002,Current,2025-06-03,33855636.17,Active
A009299,C08212,BR023,Savings,2021-07-13,21926457.46,Active
A009300,C08126,BR046,Credit,2026-02-15,27017355.23,Closed
A009301,C01510,BR046,Credit,2022-01-08,18757172.98,Active
A009302,C01205,BR017,Savings,2025-08-02,3326412.72,Active
A009303,C04370,BR027,Savings,2023-08-07,38030652.06,Active
A009304,C02272,BR047,Savings,2026-04-25,20932933.71,Active
A009305,C04778,BR015,Current,2025-10-14,104504280.52,Active
A009306,C09760,BR005,Savings,2024-05-17,39740878.11,Active
A009307,C04066,BR030,Savings,2025-06-16,52978895.7,Active
A009308,C02039,BR048,Savings,2019-11-08,19684480.61,Active
A009309,C02482,BR026,Current,2025-10-27,100964636.44,Active
A009310,C04103,BR038,Credit,2026-08-21,38806463.1,Active
A009311,C04415,BR023,Savings,2020-09-17,155757774.32,Active
A009312,C05031,BR026,Current,2022-11-22,14147031.85,Active
A009313,C03334,BR013,Savings,2020-11-02,26107851.73,Active
A009314,C07153,BR038,Savings,2025-08-11,81737025.01,Active
A009315,C06370,BR045,Current,2025-05-13,18752835.0,Active
A009316,C00097,BR036,Savings,2022-02-05,13983355.2,Active
A009317,C02026,BR024,Savings,2026-01-23,93621861.87,Active
A009318,C04383,BR046,Savings,2024-11-11,33385158.57,Inactive
A009319,C05063,BR006,Savings,2022-03-13,32972238.98,Active
A009320,C01486,BR026,Savings,2026-01-25,4543566.43,Active
A009321,C00568,BR041,Current,2026-08-29,107784281.81,Active
A009322,C03884,BR039,Savings,2022-08-10,47489547.75,Active
A009323,C01901,BR005,Savings,2022-05-04,1355775437.1,Active
A009324,C07206,BR029,Savings,2023-03-13,131420877.74,Active
A009325,C07978,BR047,Savings,2026-02-06,10867222.33,Active
A009326,C08155,BR030,Current,2025-05-18,4593664.16,Active
A009327,C04996,BR038,Savings,2019-07-08,9655820.56,Active
A009328,C08621,BR044,Savings,2025-03-25,36830587.32,Active
A009329,C03763,BR026,Credit,2026-03-21,14846093.61,Active
A009330,C00574,BR005,Current,2026-03-13,11122287.05,Active
A009331,C01145,BR007,Savings,2025-08-15,117165406.15,Active
A009332,C08702,BR018,Credit,2023-09-11,7940756.35,Active
A009333,C01230,BR030,Savings,2022-06-17,53647393.96,Active
A009334,C05555,BR023,Savings,2025-12-18,15087674.9,Active
A009335,C09168,BR047,Savings,2022-11-08,10876612.12,Active
A009336,C00636,BR034,Current,2025-11-20,23987421.5,Active
A009337,C01795,BR039,Current,2026-08-31,31800408.3,Active
A009338,C00687,BR007,Current,2025-02-08,53776167.9,Active
A009339,C04225,BR004,Savings,2026-06-12,295881202.09,Inactive
A009340,C03447,BR046,Savings,2026-03-18,35762341.25,Active
A009341,C05482,BR022,Savings,2023-01-01,379518158.43,Active
A009342,C06963,BR001,Savings,2025-05-23,214611440.1,Active
A009343,C08268,BR048,Current,2026-06-09,8057481.01,Active
A009344,C04724,BR044,Current,2024-06-14,6236776.4,Active
A009345,C01041,BR013,Savings,2025-07-05,8287057.84,Active
A009346,C03866,BR046,Savings,2025-04-30,36620767.54,Active
A009347,C02690,BR023,Savings,2026-04-06,26401422.27,Active
A009348,C03022,BR004,Credit,2024-10-26,5557124.93,Active
A009349,C02477,BR005,Savings,2026-03-31,3709649.75,Active
A009350,C04727,BR001,Savings,2024-08-09,6160855.68,Active
A009351,C07109,BR046,Savings,2023-03-20,46446972.66,Active
A009352,C00192,BR016,Savings,2024-05-30,64698669.51,Active
A009353,C01225,BR039,Current,2024-10-06,38334145.23,Active
A009354,C01823,BR046,Current,2024-11-28,9678207.55,Inactive
A009355,C08276,BR042,Current,2026-07-29,259401383.88,Active
A009356,C01765,BR016,Savings,2024-04-18,3911380.13,Active
A009357,C08781,BR022,Savings,2024-01-12,11349165.13,Active
A009358,C05236,BR002,Savings,2022-11-03,28120226.91,Active
A009359,C01430,BR028,Savings,2022-08-04,29542042.05,Inactive
A009360,C06892,BR007,Credit,2023-02-06,11467065.26,Active
A009361,C06567,BR035,Current,2020-03-21,33429974.85,Active
A009362,C07211,BR037,Savings,2025-08-19,28726135.56,Active
A009363,C08819,BR008,Savings,2026-08-31,8691612.44,Active
A009364,C06784,BR041,Current,2026-03-17,19297836.2,Active
A009365,C08175,BR025,Savings,2025-08-07,26336105.45,Inactive
A009366,C04651,BR037,Current,2020-10-11,52177548.52,Active
A009367,C06679,BR043,Savings,2021-12-10,58178191.11,Active
A009368,C04902,BR028,Savings,2026-06-14,7688768.62,Inactive
A009369,C01150,BR021,Credit,2026-05-14,16832718.26,Active
A009370,C06629,BR038,Savings,2026-06-16,5519174.75,Active
A009371,C03256,BR008,Savings,2026-06-23,86002707.11,Active
A009372,C09798,BR004,Current,2022-08-30,6387810.9,Active
A009373,C07523,BR030,Current,2026-05-31,11854966.43,Active
A009374,C05378,BR040,Savings,2022-03-09,26348420.81,Active
A009375,C03240,BR032,Savings,2018-06-01,140035507.42,Active
A009376,C00683,BR011,Current,2026-07-12,19946909.94,Active
A009377,C07721,BR041,Savings,2025-12-25,35801100.89,Active
A009378,C02223,BR014,Current,2026-01-19,11356679.46,Active
A009379,C00316,BR023,Savings,2022-11-24,37156105.12,Active
A009380,C00228,BR015,Savings,2025-01-24,15478839.81,Active
A009381,C00591,BR006,Savings,2024-07-16,86595154.06,Active
A009382,C03909,BR009,Credit,2025-05-06,351378490.29,Active
A009383,C01435,BR026,Savings,2025-12-03,56983027.44,Active
A009384,C06141,BR020,Current,2025-11-05,40045544.79,Active
A009385,C06109,BR016,Savings,2026-07-05,111922435.71,Active
A009386,C07089,BR005,Savings,2026-05-11,53607726.57,Inactive
A009387,C00792,BR036,Savings,2026-03-13,31850179.29,Active
A009388,C08947,BR027,Savings,2022-07-29,6563881.77,Active
A009389,C03925,BR004,Current,2021-06-06,37061920.44,Active
A009390,C03313,BR028,Current,2022-10-28,60073560.68,Active
A009391,C08943,BR038,Savings,2024-04-19,16138409.66,Active
A009392,C09644,BR038,Current,2022-07-29,16829875.51,Active
A009393,C04262,BR030,Current,2021-07-17,27916361.42,Active
A009394,C02204,BR038,Savings,2023-01-23,15905927.28,Active
A009395,C08824,BR043,Current,2026-08-22,36154818.5,Active
A009396,C03041,BR048,Savings,2022-04-14,441965115.61,Active
A009397,C03701,BR038,Savings,2023-04-12,16717954.34,Active
A009398,C05902,BR029,Current,2026-03-09,8573533.2,Active
A009399,C01283,BR023,Credit,2025-07-22,41278413.14,Active
A009400,C04862,BR014,Savings,2023-05-17,8764110.46,Active
A009401,C07742,BR035,Savings,2021-07-23,939386116.56,Active
A009402,C00809,BR011,Current,2025-12-25,13339966.87,Active
A009403,C04154,BR029,Savings,2024-03-06,10888773.73,Active
A009404,C09050,BR019,Savings,2025-02-10,3147738.83,Active
A009405,C00116,BR018,Current,2026-02-22,51108340.27,Active
A009406,C04377,BR011,Savings,2024-08-22,188780315.63,Active
A009407,C07771,BR041,Savings,2024-05-10,7942528.94,Active
A009408,C03320,BR036,Current,2020-07-29,19576289.52,Active
A009409,C04683,BR038,Savings,2025-10-11,16541114.07,Active
A009410,C00238,BR029,Savings,2023-02-19,5048107.67,Active
A009411,C07274,BR038,Savings,2024-11-17,5310985.02,Active
A009412,C03427,BR010,Current,2025-09-15,5303183.81,Active
A009413,C02020,BR033,Savings,2022-08-04,63845817.24,Active
A009414,C01113,BR017,Savings,2026-08-31,49512655.52,Inactive
A009415,C00395,BR026,Savings,2025-06-16,44054052.03,Active
A009416,C06048,BR041,Current,2026-04-19,71999393.72,Active
A009417,C02127,BR037,Savings,2023-06-25,87501646.01,Active
A009418,C02128,BR014,Savings,2022-05-01,15573991.23,Active
A009419,C02929,BR005,Current,2025-04-15,99869918.64,Active
A009420,C01324,BR020,Credit,2020-10-31,27143817.8,Active
A009421,C00113,BR049,Credit,2025-06-21,109751574.93,Active
A009422,C07505,BR047,Current,2026-07-19,6140453.36,Inactive
A009423,C03634,BR028,Current,2024-06-06,98283424.92,Active
A009424,C05584,BR017,Current,2022-08-31,692973677.28,Active
A009425,C07999,BR032,Current,2019-07-05,8405185.38,Active
A009426,C09321,BR033,Current,2026-04-09,19068073.2,Active
A009427,C01313,BR027,Current,2022-09-25,9639079.6,Active
A009428,C05492,BR048,Savings,2026-07-26,74068176.85,Active
A009429,C03292,BR020,Savings,2025-09-24,5189246.43,Active
A009430,C03797,BR028,Current,2024-05-04,37818914.09,Active
A009431,C02858,BR007,Savings,2024-03-03,91953493.64,Active
A009432,C01516,BR005,Current,2026-04-15,62959543.24,Active
A009433,C09825,BR028,Savings,2026-04-11,6018336.83,Active
A009434,C08166,BR046,Savings,2019-05-20,91358992.26,Active
A009435,C03522,BR033,Credit,2024-03-22,95066686.18,Active
A009436,C09222,BR015,Savings,2026-06-14,5094009.84,Active
A009437,C09945,BR008,Current,2021-09-04,30761005.7,Active
A009438,C08801,BR035,Current,2024-08-02,34143766.97,Active
A009439,C04952,BR031,Credit,2023-10-23,18165738.99,Active
A009440,C00503,BR004,Current,2025-08-14,633207699.04,Active
A009441,C03048,BR019,Credit,2024-05-03,166241533.93,Active
A009442,C04912,BR040,Credit,2020-04-17,8677285.16,Active
A009443,C05683,BR047,Credit,2021-01-23,4898264.97,Active
A009444,C08063,BR017,Current,2025-04-13,14836457.44,Inactive
A009445,C03784,BR047,Savings,2024-03-29,220560537.96,Active
A009446,C00929,BR015,Savings,2026-04-15,20469733.6,Active
A009447,C01587,BR010,Savings,2021-05-27,23253905.37,Active
A009448,C03000,BR045,Savings,2025-03-01,8694838.46,Active
A009449,C04656,BR050,Current,2025-02-22,130961398.88,Active
A009450,C00953,BR032,Savings,2022-06-29,25314083.52,Inactive
A009451,C09908,BR028,Current,2023-10-28,26754542.29,Active
A009452,C02884,BR032,Savings,2025-09-28,10824545.64,Active
A009453,C02303,BR025,Current,2024-07-28,27993936.49,Inactive
A009454,C02343,BR047,Savings,2019-11-16,22738329.52,Closed
A009455,C03422,BR050,Current,2021-05-05,25033074.16,Inactive
A009456,C01858,BR011,Savings,2025-10-16,258909512.7,Active
A009457,C09043,BR002,Savings,2025-05-29,19497174.41,Closed
A009458,C01350,BR015,Current,2024-12-25,9230197.28,Active
A009459,C09511,BR022,Credit,2026-03-04,6169924.35,Active
A009460,C09569,BR018,Current,2019-09-20,36980809.99,Active
A009461,C06316,BR012,Credit,2020-12-27,102733885.39,Active
A009462,C03623,BR045,Current,2024-08-22,57057971.32,Active
A009463,C09868,BR045,Current,2021-05-19,2957689.67,Active
A009464,C07113,BR004,Current,2026-07-05,31080601.27,Active
A009465,C05203,BR042,Savings,2023-02-15,12172025.57,Closed
A009466,C06191,BR041,Credit,2025-05-13,11304867.73,Active
A009467,C04736,BR032,Savings,2025-12-09,8135229.32,Active
A009468,C04956,BR016,Savings,2026-02-10,30805924.09,Active
A009469,C03910,BR010,Savings,2026-08-05,122916093.85,Active
A009470,C06780,BR041,Savings,2026-07-18,35958274.23,Inactive
A009471,C04118,BR013,Current,2025-07-27,17115549.05,Active
A009472,C00645,BR038,Current,2024-07-08,26388852.46,Active
A009473,C06652,BR023,Current,2025-04-04,17295712.21,Active
A009474,C00493,BR036,Savings,2025-08-04,36391034.56,Active
A009475,C06127,BR018,Current,2025-09-01,11893825.1,Active
A009476,C04668,BR048,Current,2021-07-17,57653272.84,Active
A009477,C05153,BR029,Savings,2026-06-03,17416608.28,Active
A009478,C08131,BR002,Current,2026-08-11,17331936.09,Active
A009479,C05754,BR032,Savings,2023-06-28,19240153.02,Active
A009480,C08818,BR001,Current,2026-08-29,36365971.17,Active
A009481,C05275,BR015,Current,2025-05-24,20395256.66,Active
A009482,C07100,BR022,Credit,2024-01-23,12394633.02,Active
A009483,C09009,BR047,Savings,2026-01-05,41936902.58,Active
A009484,C01193,BR048,Credit,2024-09-19,5706614.21,Active
A009485,C07657,BR041,Savings,2026-05-05,14157025.48,Active
A009486,C01304,BR021,Current,2023-05-01,26298392.75,Active
A009487,C07408,BR015,Savings,2022-03-18,19083183.17,Inactive
A009488,C03582,BR007,Savings,2024-02-21,8654091.92,Active
A009489,C05792,BR045,Current,2026-04-13,13352089.93,Active
A009490,C09925,BR040,Current,2023-11-09,31562425.82,Active
A009491,C08908,BR034,Current,2025-11-09,25908046.53,Active
A009492,C03272,BR024,Savings,2022-10-12,224913783.4,Active
A009493,C00865,BR041,Savings,2026-04-05,51923899.3,Active
A009494,C06439,BR012,Savings,2025-11-10,24058484.55,Active
A009495,C03102,BR025,Savings,2025-10-05,10638942.97,Active
A009496,C07965,BR017,Savings,2024-05-07,3741247.29,Active
A009497,C04676,BR049,Current,2025-10-21,78390751.2,Closed
A009498,C02946,BR034,Credit,2025-10-10,7568203.16,Active
A009499,C06081,BR019,Current,2025-09-30,173870928.44,Active
A009500,C05619,BR040,Savings,2025-06-15,64234160.71,Active
A009501,C09161,BR019,Current,2020-05-03,17832298.36,Active
A009502,C08877,BR033,Credit,2025-08-29,13846587.27,Active
A009503,C04062,BR002,Current,2025-06-20,5207802.58,Active
A009504,C00354,BR007,Credit,2024-11-27,10017866.05,Active
A009505,C06195,BR030,Current,2026-07-11,54120997.77,Active
A009506,C02063,BR041,Savings,2024-02-16,463559736.57,Inactive
A009507,C05890,BR047,Current,2022-01-02,15344065.2,Active
A009508,C05800,BR033,Credit,2026-08-11,42851847.88,Active
A009509,C00033,BR033,Savings,2026-04-30,26182274.6,Active
A009510,C09591,BR029,Current,2024-03-11,13326462.0,Active
A009511,C06770,BR016,Current,2025-01-12,93075009.3,Active
A009512,C03719,BR013,Savings,2023-12-08,189328031.03,Active
A009513,C00676,BR022,Current,2022-09-21,9575595.09,Active
A009514,C03428,BR010,Current,2020-05-25,69242690.99,Active
A009515,C03529,BR001,Current,2025-02-06,546705356.86,Active
A009516,C05507,BR026,Savings,2026-02-16,5529845.2,Active
A009517,C06713,BR004,Current,2024-05-28,15943360.38,Active
A009518,C05029,BR037,Savings,2026-04-11,10980933.75,Inactive
A009519,C02247,BR025,Savings,2026-02-20,7295858.27,Closed
A009520,C03782,BR029,Savings,2021-12-18,11028214.7,Active
A009521,C00301,BR027,Current,2023-11-22,15753213.1,Active
A009522,C00745,BR021,Savings,2025-01-08,8182348.91,Active
A009523,C01252,BR038,Savings,2026-07-04,37054352.35,Active
A009524,C07447,BR033,Current,2024-05-24,11990532.34,Active
A009525,C06778,BR028,Current,2026-08-23,16218843.72,Active
A009526,C09076,BR006,Savings,2026-08-07,17474879.56,Active
A009527,C00049,BR049,Current,2021-09-18,31049690.43,Active
A009528,C08243,BR039,Savings,2025-09-03,13656465.92,Active
A009529,C06926,BR025,Savings,2025-07-30,22355753.16,Active
A009530,C08563,BR047,Savings,2025-01-25,55874898.99,Active
A009531,C02006,BR001,Savings,2023-08-29,100910729.08,Active
A009532,C00724,BR033,Current,2024-05-11,15020309.59,Active
A009533,C06635,BR045,Current,2023-05-22,25851093.52,Active
A009534,C05775,BR017,Savings,2022-12-01,5199381.63,Inactive
A009535,C02707,BR036,Savings,2018-06-22,10338433.72,Active
A009536,C04011,BR027,Current,2024-09-06,67292255.39,Active
A009537,C05712,BR028,Credit,2022-11-14,146815444.34,Active
A009538,C04581,BR042,Savings,2022-10-04,418480423.17,Active
A009539,C09394,BR024,Savings,2025-08-25,3266082.77,Active
A009540,C06150,BR025,Savings,2022-06-27,2679873.2,Active
A009541,C04374,BR038,Savings,2026-05-30,26908689.53,Active
A009542,C01932,BR018,Current,2026-04-27,109516561.23,Active
A009543,C06748,BR002,Current,2024-08-31,11980383.61,Active
A009544,C04178,BR021,Credit,2026-08-31,11420323.46,Active
A009545,C02755,BR017,Savings,2025-06-27,494008387.33,Active
A009546,C09318,BR009,Savings,2026-08-06,7920173.2,Active
A009547,C04288,BR039,Savings,2019-06-09,1959572.83,Active
A009548,C00733,BR009,Savings,2022-02-11,165357815.91,Active
A009549,C08076,BR007,Savings,2026-06-02,214302260.72,Active
A009550,C08254,BR025,Savings,2019-10-13,34748781.05,Active
A009551,C04954,BR003,Current,2024-05-20,8160135.46,Active
A009552,C06124,BR049,Savings,2025-12-18,16534903.38,Active
A009553,C08151,BR028,Current,2025-11-14,29722839.56,Active
A009554,C06756,BR040,Current,2026-06-24,35315817.87,Active
A009555,C00305,BR033,Current,2025-10-31,18073398.03,Active
A009556,C05376,BR011,Current,2020-06-16,17368209.2,Active
A009557,C07086,BR048,Current,2026-08-06,123448116.79,Active
A009558,C01682,BR008,Current,2026-02-23,21745043.11,Active
A009559,C07689,BR018,Savings,2024-03-25,5339359.88,Active
A009560,C05249,BR034,Current,2025-06-11,5421563.91,Active
A009561,C00947,BR015,Savings,2018-10-20,2775422.31,Active
A009562,C07770,BR045,Current,2023-08-23,136808513.34,Active
A009563,C08745,BR001,Current,2025-06-23,255021877.48,Active
A009564,C08492,BR001,Current,2025-04-01,674580455.88,Active
A009565,C08956,BR019,Savings,2024-09-20,20718326.77,Active
A009566,C01817,BR047,Current,2023-08-20,6726862.61,Active
A009567,C01461,BR030,Credit,2023-08-14,13624535.58,Active
A009568,C01829,BR005,Savings,2022-04-09,10424851.88,Active
A009569,C03437,BR044,Current,2026-08-01,52225464.34,Active
A009570,C04430,BR039,Current,2021-10-08,31195693.66,Active
A009571,C06412,BR012,Savings,2020-10-21,111792556.25,Inactive
A009572,C02282,BR007,Savings,2025-03-15,36635331.43,Inactive
A009573,C05474,BR033,Current,2023-11-29,14679986.55,Active
A009574,C00266,BR044,Savings,2022-08-24,41085547.16,Closed
A009575,C02347,BR050,Savings,2022-08-10,59049278.34,Active
A009576,C07600,BR035,Current,2026-05-21,4924159.38,Inactive
A009577,C02396,BR048,Current,2026-04-19,188561642.18,Active
A009578,C06421,BR023,Savings,2023-12-13,27765543.68,Active
A009579,C01875,BR025,Savings,2025-02-02,183774594.05,Active
A009580,C08188,BR029,Savings,2023-01-26,28751218.99,Active
A009581,C03347,BR023,Current,2024-06-14,12501729.5,Active
A009582,C05738,BR034,Savings,2024-10-31,76275113.33,Active
A009583,C08142,BR005,Savings,2023-11-26,19682483.7,Inactive
A009584,C06220,BR049,Current,2021-01-12,10597186.96,Active
A009585,C09331,BR047,Current,2021-02-24,22484644.58,Active
A009586,C04616,BR009,Current,2024-06-09,32653985.72,Active
A009587,C03898,BR037,Current,2024-09-27,16181345.43,Active
A009588,C02435,BR013,Savings,2025-10-06,20543802.38,Active
A009589,C06480,BR005,Current,2026-03-25,16098786.02,Active
A009590,C02880,BR027,Current,2026-06-05,8846214.39,Inactive
A009591,C02130,BR013,Current,2026-02-05,7772490.45,Active
A009592,C04628,BR033,Savings,2026-01-22,4883182.56,Active
A009593,C08685,BR047,Current,2024-12-08,50524897.18,Active
A009594,C05456,BR005,Savings,2025-10-29,12544927.52,Active
A009595,C06860,BR018,Current,2025-02-13,966561.95,Active
A009596,C01642,BR025,Credit,2026-08-23,20599703.13,Closed
A009597,C01290,BR044,Current,2021-09-16,20261284.24,Active
A009598,C06528,BR013,Current,2020-08-16,3369606.78,Active
A009599,C07951,BR049,Savings,2024-12-27,7707032.58,Active
A009600,C08237,BR028,Credit,2025-06-17,7441102.13,Active
A009601,C01876,BR021,Credit,2026-07-28,8283255.34,Active
A009602,C03686,BR042,Savings,2025-05-20,39577900.35,Active
A009603,C05690,BR041,Savings,2022-05-13,13315758.22,Inactive
A009604,C09315,BR002,Current,2025-04-28,10657483.2,Active
A009605,C07486,BR028,Current,2025-02-21,36817090.56,Active
A009606,C03641,BR007,Savings,2025-12-14,22294241.07,Active
A009607,C02694,BR009,Savings,2025-07-03,3725747.84,Active
A009608,C08869,BR027,Savings,2024-10-20,213713053.37,Active
A009609,C04144,BR011,Current,2026-04-18,100223239.78,Inactive
A009610,C04438,BR038,Savings,2025-01-11,7105990.03,Active
A009611,C06347,BR002,Credit,2024-05-03,76073047.64,Active
A009612,C00755,BR036,Savings,2026-04-24,86577656.07,Active
A009613,C04567,BR033,Savings,2019-11-15,8209968.85,Active
A009614,C02857,BR035,Current,2024-01-15,6108585.78,Active
A009615,C03489,BR016,Current,2025-09-07,153131334.15,Inactive
A009616,C00303,BR026,Current,2026-08-06,8933074.74,Active
A009617,C07356,BR001,Savings,2025-09-25,20327802.77,Active
A009618,C08732,BR005,Credit,2026-07-12,5970524.12,Active
A009619,C09473,BR027,Savings,2020-09-21,15866475.66,Active
A009620,C06074,BR002,Current,2025-12-04,51259783.95,Active
A009621,C04632,BR007,Savings,2024-11-05,11654992.98,Active
A009622,C00865,BR048,Savings,2025-10-20,45815848.78,Active
A009623,C07248,BR036,Savings,2025-12-22,34074565.4,Active
A009624,C07168,BR010,Savings,2026-05-18,56731173.23,Active
A009625,C07125,BR033,Savings,2024-01-24,72356594.65,Active
A009626,C09071,BR037,Savings,2023-04-18,13900660.77,Active
A009627,C00130,BR046,Savings,2025-12-17,54481778.07,Active
A009628,C03978,BR040,Savings,2026-08-13,149193279.9,Active
A009629,C08389,BR046,Savings,2026-03-17,28235916.65,Active
A009630,C00862,BR036,Savings,2024-07-21,4244996.11,Active
A009631,C05488,BR025,Savings,2024-03-06,8872319.76,Active
A009632,C01642,BR037,Savings,2026-08-30,38820372.52,Active
A009633,C03660,BR013,Savings,2021-05-06,5878523.05,Inactive
A009634,C04605,BR022,Savings,2026-05-11,16042814.26,Active
A009635,C02928,BR036,Savings,2024-09-30,6397075.92,Active
A009636,C07153,BR038,Current,2024-12-02,40714795.65,Active
A009637,C09420,BR001,Savings,2025-07-01,57551415.07,Active
A009638,C07076,BR041,Savings,2021-08-27,26668063.19,Active
A009639,C00709,BR038,Savings,2025-09-03,159210112.82,Active
A009640,C07443,BR020,Savings,2024-08-08,138468888.8,Closed
A009641,C03546,BR050,Current,2026-07-13,13418300.86,Active
A009642,C02470,BR021,Savings,2026-04-20,201271710.38,Active
A009643,C06627,BR033,Savings,2022-02-07,10874036.7,Active
A009644,C00599,BR036,Current,2025-04-08,12866011.12,Active
A009645,C06587,BR005,Savings,2023-11-01,62120686.94,Inactive
A009646,C04182,BR013,Current,2026-06-02,120162862.44,Active
A009647,C02940,BR015,Credit,2024-09-18,9632290.44,Active
A009648,C09542,BR008,Current,2026-08-31,42222458.79,Active
A009649,C05102,BR037,Savings,2019-12-12,167613858.56,Closed
A009650,C00485,BR004,Savings,2023-10-20,66094187.53,Active
A009651,C00607,BR050,Savings,2022-08-15,19203245.26,Active
A009652,C06845,BR002,Savings,2025-11-08,20508980.61,Active
A009653,C09282,BR017,Savings,2025-07-22,16136873.61,Closed
A009654,C04131,BR049,Current,2021-07-02,108664149.38,Active
A009655,C01431,BR038,Current,2025-09-29,137446568.43,Inactive
A009656,C03667,BR044,Savings,2025-08-19,107767377.67,Active
A009657,C04524,BR033,Current,2025-07-06,113432808.32,Active
A009658,C00492,BR007,Savings,2026-06-09,27893165.42,Closed
A009659,C01208,BR044,Savings,2023-02-05,84378334.93,Active
A009660,C03865,BR041,Current,2022-12-24,80112579.23,Active
A009661,C00811,BR047,Savings,2025-09-19,99054773.43,Active
A009662,C06010,BR038,Current,2022-06-25,20925504.91,Active
A009663,C09169,BR004,Savings,2023-04-11,13083359.97,Active
A009664,C00491,BR003,Savings,2025-02-07,398032776.27,Active
A009665,C01440,BR018,Savings,2025-05-28,8432768.07,Active
A009666,C03583,BR047,Savings,2026-01-15,23095442.87,Active
A009667,C09269,BR047,Savings,2026-05-08,32935789.13,Active
A009668,C08216,BR011,Current,2025-05-29,36160469.25,Active
A009669,C05392,BR017,Savings,2026-06-12,71500820.88,Active
A009670,C08583,BR005,Current,2025-03-06,8237908.55,Closed
A009671,C06544,BR035,Current,2025-07-28,53391823.97,Active
A009672,C05127,BR001,Savings,2024-10-30,14074074.68,Active
A009673,C07915,BR019,Savings,2026-03-20,64373825.27,Inactive
A009674,C02044,BR004,Savings,2026-07-07,27285158.13,Active
A009675,C04861,BR022,Savings,2026-06-22,84202914.54,Active
A009676,C00467,BR030,Current,2022-03-15,106272792.62,Active
A009677,C03883,BR031,Credit,2020-10-05,11090785.54,Active
A009678,C07273,BR002,Current,2023-02-06,130274325.28,Active
A009679,C02325,BR039,Savings,2024-09-04,26606386.65,Active
A009680,C05852,BR023,Current,2026-06-02,363244645.77,Active
A009681,C01734,BR040,Current,2025-03-07,73937217.81,Active
A009682,C01310,BR027,Savings,2021-02-21,89340044.35,Active
A009683,C06398,BR038,Savings,2024-09-10,381516949.92,Active
A009684,C03153,BR001,Savings,2026-04-23,15249693.94,Active
A009685,C04730,BR010,Savings,2026-04-11,60654464.19,Active
A009686,C07882,BR048,Savings,2024-04-20,450125166.73,Active
A009687,C00854,BR018,Current,2021-11-11,137650483.32,Active
A009688,C01989,BR038,Current,2024-01-06,11502842.27,Active
A009689,C04974,BR029,Savings,2026-01-09,13992205.41,Active
A009690,C08753,BR028,Current,2025-04-27,21770246.66,Inactive
A009691,C00014,BR035,Savings,2025-09-07,356101174.4,Active
A009692,C09553,BR030,Credit,2026-04-23,11101065.28,Inactive
A009693,C09598,BR007,Credit,2025-01-18,4623349.74,Active
A009694,C09552,BR031,Current,2026-07-26,128536861.61,Active
A009695,C01059,BR042,Current,2024-12-04,60528601.93,Active
A009696,C09941,BR036,Current,2023-02-28,115883819.53,Active
A009697,C01266,BR028,Savings,2018-12-21,59609219.07,Active
A009698,C04455,BR005,Savings,2026-03-20,660414713.17,Active
A009699,C05747,BR035,Current,2026-01-29,26404408.63,Closed
A009700,C00344,BR038,Credit,2026-05-23,9911043.64,Active
A009701,C06014,BR016,Savings,2021-12-14,18847413.95,Active
A009702,C07575,BR007,Savings,2025-11-10,14650484.93,Active
A009703,C08846,BR045,Savings,2020-06-25,14254342.89,Active
A009704,C09364,BR043,Savings,2024-02-22,66975109.15,Active
A009705,C01537,BR024,Savings,2019-09-20,17967076.06,Active
A009706,C05617,BR036,Current,2023-03-01,5317345.51,Active
A009707,C01867,BR039,Current,2023-05-27,670020208.53,Active
A009708,C09531,BR019,Savings,2024-02-19,7432438.24,Active
A009709,C08632,BR049,Savings,2023-11-14,67143812.69,Active
A009710,C04953,BR033,Current,2025-10-19,19540673.53,Active
A009711,C01346,BR044,Credit,2025-02-17,7143704.41,Closed
A009712,C00558,BR041,Savings,2026-05-10,3110799.45,Active
A009713,C09853,BR010,Current,2020-07-08,11040969.55,Active
A009714,C02345,BR018,Savings,2019-04-05,29378361.2,Active
A009715,C08988,BR030,Current,2026-02-01,26519994.22,Active
A009716,C05763,BR002,Current,2025-04-01,5961054.19,Inactive
A009717,C04113,BR037,Current,2026-08-11,226248856.69,Active
A009718,C04150,BR049,Current,2024-04-21,79676255.04,Active
A009719,C06618,BR035,Savings,2024-06-23,15727166.33,Active
A009720,C01592,BR022,Current,2026-05-16,3075738.82,Active
A009721,C09877,BR009,Savings,2025-06-03,88537879.28,Active
A009722,C09789,BR029,Savings,2020-07-20,14068049.98,Active
A009723,C01038,BR019,Savings,2026-03-24,32222478.86,Active
A009724,C03956,BR047,Savings,2025-01-10,85039382.42,Active
A009725,C00054,BR046,Current,2023-12-18,10910349.04,Active
A009726,C02149,BR011,Savings,2022-10-12,12611636.84,Active
A009727,C08427,BR049,Current,2026-08-19,81462587.7,Active
A009728,C07380,BR001,Savings,2023-12-10,10287060.37,Active
A009729,C03621,BR038,Savings,2023-02-26,95063612.57,Active
A009730,C07158,BR020,Current,2025-07-04,13996479.24,Active
A009731,C08589,BR010,Savings,2025-03-30,21895146.16,Active
A009732,C07341,BR011,Current,2025-12-20,9826772.28,Inactive
A009733,C04319,BR047,Credit,2024-06-03,37961891.74,Active
A009734,C05995,BR026,Current,2021-10-03,8507561.69,Active
A009735,C07335,BR044,Savings,2026-07-09,219617275.13,Active
A009736,C06911,BR010,Savings,2024-03-24,751977479.06,Active
A009737,C08433,BR037,Current,2024-12-01,39597005.91,Active
A009738,C06403,BR013,Savings,2023-06-13,976626533.99,Active
A009739,C05401,BR001,Current,2023-12-30,10329416.08,Active
A009740,C01377,BR001,Savings,2024-01-14,19004955.28,Inactive
A009741,C03682,BR033,Current,2025-03-20,15938242.39,Active
A009742,C08508,BR006,Current,2024-03-22,25423679.96,Active
A009743,C00782,BR048,Current,2026-08-01,65340291.21,Inactive
A009744,C02615,BR017,Savings,2022-02-05,377025370.2,Active
A009745,C09886,BR038,Current,2022-08-13,15892819.18,Active
A009746,C03494,BR047,Current,2025-09-26,116118394.71,Inactive
A009747,C07757,BR027,Credit,2026-06-15,25346077.34,Active
A009748,C09129,BR040,Current,2024-08-01,16167240.88,Active
A009749,C08055,BR007,Savings,2026-02-16,16564184.9,Active
A009750,C01654,BR003,Savings,2025-03-25,93705346.67,Active
A009751,C06863,BR047,Current,2023-08-08,55996620.33,Active
A009752,C06089,BR019,Savings,2024-05-04,87701142.04,Active
A009753,C02454,BR001,Current,2025-03-23,6905419.04,Active
A009754,C09619,BR037,Current,2025-03-31,128201385.55,Active
A009755,C08344,BR045,Savings,2026-08-14,18613324.96,Active
A009756,C03354,BR030,Current,2025-11-12,18508865.64,Active
A009757,C04986,BR022,Credit,2019-04-12,25586032.58,Active
A009758,C08835,BR029,Current,2022-04-17,415352463.32,Active
A009759,C08794,BR013,Current,2026-01-08,54083486.54,Active
A009760,C07959,BR039,Savings,2024-07-19,124237248.6,Active
A009761,C01406,BR049,Current,2024-09-17,15252751.78,Active
A009762,C05117,BR016,Savings,2026-07-31,10485448.7,Active
A009763,C00401,BR029,Savings,2026-05-03,26058361.64,Active
A009764,C04232,BR011,Current,2023-05-15,25251291.12,Inactive
A009765,C04892,BR014,Savings,2021-05-09,17811839.82,Active
A009766,C03771,BR028,Savings,2021-10-21,59248799.86,Active
A009767,C03580,BR038,Credit,2022-10-12,43358882.7,Active
A009768,C08982,BR030,Savings,2025-09-27,33432749.93,Active
A009769,C09250,BR002,Credit,2026-05-28,116879402.97,Inactive
A009770,C04476,BR038,Savings,2024-04-05,13341500.02,Active
A009771,C00739,BR021,Savings,2025-06-22,57781369.93,Active
A009772,C01373,BR039,Current,2024-11-05,29854652.21,Active
A009773,C01896,BR019,Current,2024-06-29,12255107.18,Active
A009774,C03097,BR049,Savings,2024-09-17,353355745.47,Active
A009775,C06690,BR003,Current,2023-06-20,6816282.45,Active
A009776,C03092,BR035,Savings,2025-01-16,24370606.81,Active
A009777,C06995,BR004,Current,2025-09-25,28568981.4,Inactive
A009778,C05483,BR033,Savings,2025-01-25,13886256.7,Active
A009779,C05606,BR022,Savings,2026-01-31,79144683.84,Active
A009780,C00596,BR022,Savings,2023-12-21,246929304.87,Active
A009781,C06572,BR036,Savings,2025-02-14,3677666.3,Active
A009782,C07979,BR017,Savings,2022-11-23,3655911.06,Active
A009783,C04905,BR007,Savings,2025-02-28,192673149.84,Active
A009784,C09731,BR025,Savings,2024-08-19,116671449.98,Active
A009785,C00864,BR004,Savings,2025-09-15,18900532.39,Active
A009786,C03501,BR030,Current,2026-02-01,14804066.61,Active
A009787,C02538,BR023,Savings,2019-07-22,7391860.13,Active
A009788,C02516,BR038,Current,2023-06-24,19706646.77,Active
A009789,C02287,BR021,Current,2026-07-15,3556677.34,Active
A009790,C05484,BR038,Current,2025-12-20,2205183.26,Active
A009791,C01780,BR033,Current,2023-01-31,12349220.7,Inactive
A009792,C05419,BR047,Savings,2026-06-24,9691111.23,Active
A009793,C06914,BR030,Current,2024-03-03,787190433.11,Active
A009794,C02618,BR005,Current,2026-06-11,17020818.68,Active
A009795,C01276,BR042,Savings,2026-04-02,56184361.28,Active
A009796,C03336,BR004,Savings,2025-03-24,9674350.9,Active
A009797,C03542,BR033,Savings,2025-10-17,22141817.92,Active
A009798,C09262,BR025,Current,2026-07-12,12258609.39,Active
A009799,C02692,BR008,Current,2025-02-26,45305388.66,Active
A009800,C09573,BR028,Savings,2022-09-13,69351745.9,Inactive
A009801,C02885,BR042,Credit,2024-06-15,29712731.54,Active
A009802,C02057,BR047,Current,2025-10-20,6334146.2,Active
A009803,C04068,BR031,Savings,2025-08-30,10760479.17,Active
A009804,C09172,BR036,Current,2026-08-09,14024635.64,Inactive
A009805,C03282,BR005,Savings,2023-08-10,41214256.71,Active
A009806,C00964,BR028,Current,2023-07-24,17184293.12,Closed
A009807,C08284,BR008,Current,2026-08-06,11495258.48,Active
A009808,C03697,BR041,Savings,2025-10-29,11188272.15,Active
A009809,C05841,BR036,Current,2025-12-04,18692926.1,Active
A009810,C07505,BR047,Savings,2025-11-22,10348293.14,Active
A009811,C00288,BR032,Savings,2020-12-18,27209322.21,Active
A009812,C04300,BR034,Savings,2026-07-15,2324533.6,Active
A009813,C04482,BR007,Savings,2026-04-10,283746970.39,Active
A009814,C00307,BR042,Savings,2023-01-12,11835862.35,Active
A009815,C06390,BR047,Current,2026-04-05,12330641.39,Active
A009816,C02974,BR003,Savings,2023-12-01,18362982.14,Closed
A009817,C09022,BR038,Current,2026-04-30,43226289.29,Active
A009818,C05790,BR033,Savings,2024-01-06,62848999.24,Active
A009819,C06501,BR038,Savings,2025-10-23,14605745.73,Inactive
A009820,C08095,BR005,Credit,2023-10-24,196866918.3,Active
A009821,C04429,BR048,Savings,2023-11-11,3912321.02,Active
A009822,C06083,BR023,Current,2024-11-22,7693889.8,Active
A009823,C07023,BR042,Savings,2026-06-22,129340310.7,Active
A009824,C00518,BR023,Current,2019-11-05,12513383.86,Active
A009825,C04271,BR045,Current,2021-05-18,37743039.08,Active
A009826,C01158,BR038,Savings,2026-03-19,3445766.18,Active
A009827,C01865,BR021,Savings,2024-06-04,26966979.58,Active
A009828,C05288,BR018,Credit,2025-05-31,25262775.93,Active
A009829,C04246,BR011,Savings,2024-05-23,94855162.09,Active
A009830,C05837,BR050,Current,2024-05-23,235381641.17,Inactive
A009831,C00094,BR022,Savings,2025-07-04,6156929.4,Active
A009832,C07477,BR032,Savings,2024-12-06,335475162.56,Active
A009833,C06518,BR010,Current,2023-08-13,5237243.54,Active
A009834,C04839,BR024,Savings,2026-07-16,8221748.81,Active
A009835,C01071,BR025,Savings,2026-02-19,41142870.93,Active
A009836,C08367,BR038,Credit,2024-08-08,21899013.73,Active
A009837,C06212,BR034,Savings,2025-02-24,128547195.04,Inactive
A009838,C01507,BR046,Current,2025-09-07,227685160.73,Active
A009839,C07789,BR002,Current,2026-06-24,28819665.29,Active
A009840,C05557,BR046,Savings,2026-02-03,20627404.43,Active
A009841,C01596,BR026,Current,2021-05-15,241549610.27,Active
A009842,C02836,BR004,Credit,2021-05-09,50902141.56,Active
A009843,C00569,BR035,Current,2019-02-12,2483193.69,Active
A009844,C08392,BR022,Savings,2024-01-14,15450719.09,Active
A009845,C03028,BR050,Savings,2022-05-10,10872730.25,Active
A009846,C04906,BR009,Savings,2021-08-02,8581619.72,Active
A009847,C02603,BR028,Current,2019-11-07,14760952.92,Active
A009848,C03762,BR044,Current,2026-05-09,15767419.99,Active
A009849,C06555,BR012,Current,2024-12-09,51271576.1,Active
A009850,C06862,BR047,Savings,2026-03-19,247443725.17,Active
A009851,C04268,BR047,Credit,2025-09-18,26910927.33,Active
A009852,C01532,BR038,Savings,2024-10-20,716914080.29,Inactive
A009853,C02454,BR001,Current,2025-10-12,13810207.25,Active
A009854,C08608,BR038,Current,2021-03-09,114421803.09,Active
A009855,C08907,BR011,Credit,2019-05-06,7326416.54,Active
A009856,C08250,BR003,Savings,2022-03-01,127537139.56,Active
A009857,C01454,BR047,Current,2024-11-01,12737216.17,Active
A009858,C03425,BR038,Current,2026-06-09,6622436.63,Active
A009859,C08874,BR007,Current,2026-02-25,343683033.21,Active
A009860,C02559,BR029,Savings,2023-01-15,11874663.08,Active
A009861,C04857,BR028,Savings,2024-07-06,406740407.98,Active
A009862,C02705,BR049,Savings,2026-04-28,21250184.97,Active
A009863,C05166,BR028,Current,2026-05-24,1238563015.88,Active
A009864,C02097,BR013,Savings,2025-12-28,37080079.55,Active
A009865,C09422,BR042,Savings,2026-04-16,15460288.14,Active
A009866,C08149,BR033,Current,2019-08-09,10517860.78,Inactive
A009867,C08160,BR012,Savings,2025-03-31,3727988.96,Active
A009868,C06388,BR023,Savings,2023-08-13,7472991.3,Active
A009869,C09773,BR040,Savings,2025-07-24,25489152.44,Closed
A009870,C07525,BR015,Current,2022-07-01,11779325.2,Active
A009871,C07418,BR050,Savings,2025-02-19,20261174.36,Active
A009872,C06698,BR046,Current,2024-05-07,2955979.54,Active
A009873,C05165,BR005,Savings,2019-11-29,503077902.45,Active
A009874,C04813,BR035,Credit,2025-02-06,36061847.37,Active
A009875,C08409,BR017,Current,2024-09-07,3623511.45,Active
A009876,C03603,BR007,Current,2026-01-03,20192299.65,Active
A009877,C01872,BR050,Current,2021-02-06,204895663.74,Active
A009878,C05261,BR002,Savings,2026-06-05,57519241.15,Active
A009879,C08881,BR008,Current,2026-08-28,10026694.08,Active
A009880,C04462,BR030,Current,2022-04-01,27994119.68,Active
A009881,C09454,BR045,Current,2026-03-01,47081590.14,Inactive
A009882,C06837,BR023,Savings,2025-07-15,20679757.3,Active
A009883,C04136,BR044,Savings,2026-03-17,41934642.37,Inactive
A009884,C07477,BR021,Savings,2019-05-07,340101407.95,Active
A009885,C08320,BR033,Savings,2026-06-13,479807254.2,Active
A009886,C05552,BR012,Savings,2026-01-17,9122672.7,Active
A009887,C06670,BR038,Savings,2026-02-19,13149320.38,Active
A009888,C03093,BR011,Credit,2026-07-02,21221676.53,Active
A009889,C04416,BR002,Current,2022-03-09,49126229.96,Active
A009890,C09271,BR040,Credit,2021-09-02,12543230.31,Active
A009891,C09027,BR011,Current,2025-04-25,27570576.79,Active
A009892,C06187,BR021,Current,2025-04-29,336573620.39,Active
A009893,C04270,BR033,Savings,2022-02-18,2911007.98,Active
A009894,C03249,BR022,Savings,2022-09-20,72916250.93,Active
A009895,C08898,BR020,Savings,2025-08-29,284301627.42,Active
A009896,C02596,BR015,Savings,2026-05-17,32458751.43,Active
A009897,C06740,BR044,Credit,2025-10-30,886080066.01,Active
A009898,C05143,BR049,Credit,2025-02-12,52438844.31,Inactive
A009899,C01589,BR003,Current,2026-02-04,8378598.94,Active
A009900,C02053,BR040,Savings,2024-09-14,12526334.08,Active
A009901,C03466,BR044,Savings,2026-02-20,14370440.04,Active
A009902,C00539,BR040,Savings,2026-05-04,62291373.24,Active
A009903,C05881,BR043,Savings,2023-02-16,43080005.54,Active
A009904,C07954,BR018,Credit,2026-08-27,75811291.35,Active
A009905,C06111,BR038,Current,2023-04-05,4109133.05,Active
A009906,C04944,BR043,Savings,2022-03-22,9039818.92,Active
A009907,C09061,BR018,Savings,2025-12-02,4243252.95,Active
A009908,C08590,BR048,Savings,2023-05-10,68182605.7,Active
A009909,C07841,BR028,Savings,2025-03-09,25689695.05,Active
A009910,C07393,BR006,Current,2025-08-02,8885927.66,Active
A009911,C03705,BR018,Savings,2025-05-29,10865838.98,Active
A009912,C03076,BR009,Savings,2021-10-01,12040042.47,Active
A009913,C06848,BR024,Savings,2024-02-20,16787661.74,Active
A009914,C03876,BR040,Current,2020-06-10,22667142.84,Active
A009915,C04608,BR039,Current,2026-03-21,140766914.55,Closed
A009916,C06818,BR002,Savings,2025-06-10,91146106.73,Active
A009917,C02463,BR049,Current,2022-01-29,87223499.68,Active
A009918,C00201,BR005,Credit,2021-01-06,27022899.72,Inactive
A009919,C05004,BR022,Savings,2026-03-22,4212283.09,Active
A009920,C00550,BR021,Current,2019-12-03,11075149.48,Active
A009921,C00740,BR018,Current,2021-09-03,66203597.82,Active
A009922,C02625,BR040,Credit,2023-10-28,39248224.69,Active
A009923,C01352,BR018,Savings,2026-08-30,9769409.42,Active
A009924,C02989,BR011,Savings,2020-04-24,74201720.13,Active
A009925,C02665,BR031,Current,2024-02-01,56191318.66,Active
A009926,C02301,BR037,Current,2025-02-27,120243343.43,Active
A009927,C02938,BR049,Savings,2023-06-18,22598204.91,Active
A009928,C06671,BR015,Savings,2025-03-28,74356299.15,Active
A009929,C05920,BR043,Savings,2024-01-24,1155229260.91,Active
A009930,C08649,BR050,Current,2023-02-04,8994859.92,Active
A009931,C03762,BR011,Credit,2025-05-15,15457565.73,Active
A009932,C00156,BR001,Current,2026-01-08,59006605.77,Active
A009933,C06075,BR024,Current,2026-02-25,307499956.89,Active
A009934,C03600,BR019,Savings,2023-11-16,160258192.72,Active
A009935,C01814,BR009,Credit,2026-04-23,10536252.59,Active
A009936,C08064,BR038,Savings,2025-02-01,19998660.7,Active
A009937,C04175,BR036,Savings,2026-01-14,19580767.74,Active
A009938,C08485,BR018,Credit,2023-08-29,428656580.48,Active
A009939,C05560,BR005,Savings,2021-03-01,14300726.51,Active
A009940,C03154,BR043,Current,2021-11-22,146137262.24,Active
A009941,C00121,BR027,Savings,2026-06-25,12211959.77,Active
A009942,C04671,BR010,Credit,2025-04-04,45663170.37,Active
A009943,C06481,BR046,Savings,2024-05-18,3421134.28,Active
A009944,C04286,BR008,Savings,2024-07-02,591926205.16,Active
A009945,C07307,BR002,Current,2024-03-10,22170156.68,Active
A009946,C07329,BR004,Savings,2022-04-10,8744255.37,Active
A009947,C02982,BR021,Savings,2022-02-25,62387498.82,Active
A009948,C03019,BR042,Savings,2019-03-09,21755855.78,Inactive
A009949,C05314,BR006,Current,2024-05-13,31211867.74,Active
A009950,C05516,BR001,Savings,2022-11-28,23509448.8,Active
A009951,C03624,BR036,Current,2026-08-07,124188290.05,Active
A009952,C05448,BR037,Current,2024-05-05,10401283.92,Active
A009953,C04390,BR046,Current,2026-08-08,36902600.42,Active
A009954,C02718,BR007,Current,2024-02-01,3443987.75,Active
A009955,C03176,BR008,Current,2025-12-15,106090167.91,Active
A009956,C08351,BR039,Savings,2020-12-22,7382691.36,Active
A009957,C03058,BR005,Current,2024-05-29,47088045.16,Active
A009958,C06872,BR009,Current,2026-08-14,14192341.74,Active
A009959,C08546,BR024,Current,2025-09-02,7792149.96,Active
A009960,C05104,BR004,Savings,2026-06-09,96313301.84,Inactive
A009961,C02058,BR011,Current,2024-12-18,34170085.12,Active
A009962,C07476,BR034,Savings,2025-09-04,4331380.7,Active
A009963,C09266,BR002,Current,2026-05-12,26293487.38,Active
A009964,C04229,BR017,Savings,2024-04-09,14854567.63,Active
A009965,C03453,BR038,Savings,2025-07-06,119816031.13,Active
A009966,C05532,BR003,Current,2025-07-27,15132284.18,Active
A009967,C00872,BR044,Savings,2023-03-05,53609079.51,Inactive
A009968,C07540,BR041,Current,2025-05-04,143657867.63,Active
A009969,C03754,BR039,Credit,2025-01-24,25691656.53,Active
A009970,C09346,BR008,Current,2021-04-04,25581458.07,Active
A009971,C04417,BR024,Current,2026-08-28,25479341.82,Inactive
A009972,C05667,BR001,Savings,2024-12-30,107915019.22,Active
A009973,C05719,BR011,Current,2023-08-10,31938408.02,Inactive
A009974,C05435,BR009,Savings,2025-12-22,46196573.33,Active
A009975,C02738,BR003,Savings,2021-08-10,3343158.18,Active
A009976,C05752,BR046,Savings,2022-05-21,2303920.52,Active
A009977,C07424,BR049,Savings,2024-06-30,266291024.18,Active
A009978,C00318,BR022,Savings,2026-08-23,5130550.63,Inactive
A009979,C09148,BR014,Savings,2021-03-19,6290594.44,Active
A009980,C08028,BR035,Current,2025-06-23,11916914.19,Inactive
A009981,C03276,BR034,Current,2026-07-13,3994318.35,Active
A009982,C04838,BR010,Savings,2026-07-13,11053872.77,Active
A009983,C04534,BR011,Savings,2022-09-21,41196483.21,Active
A009984,C03418,BR028,Savings,2026-05-07,12445728.92,Active
A009985,C01543,BR045,Savings,2024-04-14,18763682.98,Active
A009986,C00244,BR044,Savings,2022-10-22,11395512.31,Active
A009987,C03151,BR038,Savings,2026-05-02,10944229.96,Active
A009988,C07110,BR002,Current,2024-04-12,18438610.05,Active
A009989,C00128,BR008,Savings,2026-03-31,34587198.89,Inactive
A009990,C01071,BR015,Savings,2026-03-23,54077687.96,Active
A009991,C02356,BR028,Credit,2018-06-01,12593988.51,Active
A009992,C04869,BR038,Current,2026-08-11,64583665.49,Closed
A009993,C08009,BR018,Savings,2026-08-30,30247564.5,Inactive
A009994,C07210,BR010,Savings,2023-09-20,33771617.03,Active
A009995,C06646,BR041,Savings,2024-01-31,33088336.73,Active
A009996,C00627,BR002,Savings,2025-09-29,53406108.95,Active
A009997,C01271,BR005,Current,2025-05-09,47642889.13,Active
A009998,C09494,BR033,Savings,2024-08-31,10043808.24,Closed
A009999,C05749,BR049,Current,2024-11-30,3300799.6,Active
A010000,C04456,BR023,Current,2022-12-25,12490181.23,Closed
A010001,C04169,BR050,Current,2019-04-21,3075884.88,Inactive
A010002,C04649,BR045,Savings,2026-05-14,6449881.02,Active
A010003,C03145,BR027,Current,2022-04-13,9378571.66,Active
A010004,C09677,BR011,Current,2026-02-25,88836257.54,Closed
A010005,C07352,BR037,Savings,2024-11-15,34034681.96,Active
A010006,C02898,BR028,Savings,2025-12-20,609867615.1,Active
A010007,C02607,BR021,Savings,2026-08-14,35040315.7,Active
A010008,C02073,BR008,Current,2026-08-17,11141539.17,Active
A010009,C04938,BR035,Savings,2025-07-19,15945085.65,Active
A010010,C07108,BR038,Credit,2025-01-30,12161612.83,Active
A010011,C06940,BR018,Credit,2025-04-22,12092845.79,Active
A010012,C05542,BR006,Savings,2024-09-25,3780497.22,Active
A010013,C09077,BR014,Savings,2026-07-13,5964724.57,Active
A010014,C01570,BR032,Current,2022-02-26,10866648.43,Active
A010015,C02124,BR041,Savings,2024-12-24,1262974.51,Active
A010016,C03731,BR028,Savings,2024-04-16,25042281.52,Closed
A010017,C03651,BR040,Savings,2026-06-30,5002345.59,Active
A010018,C07922,BR027,Savings,2026-05-17,25985032.72,Active
A010019,C07267,BR045,Current,2026-05-18,24220103.34,Active
A010020,C02648,BR011,Current,2020-09-22,226552956.24,Active
A010021,C02166,BR047,Savings,2025-10-31,33397761.0,Active
A010022,C08318,BR041,Savings,2025-10-28,27183443.06,Active
A010023,C00888,BR044,Savings,2024-11-02,11715128.31,Active
A010024,C09785,BR018,Savings,2025-05-18,249766245.47,Active
A010025,C08777,BR008,Credit,2026-06-11,36083526.43,Inactive
A010026,C05395,BR035,Savings,2023-12-03,94107366.03,Active
A010027,C04539,BR043,Savings,2022-05-30,34598417.22,Active
A010028,C08488,BR047,Current,2023-07-23,15025440.27,Active
A010029,C05681,BR016,Current,2026-02-23,378691251.07,Active
A010030,C04100,BR023,Savings,2025-10-22,4246618.13,Active
A010031,C08716,BR028,Savings,2026-08-20,78568800.42,Active
A010032,C08737,BR004,Savings,2023-03-26,26552034.34,Active
A010033,C00370,BR050,Savings,2026-05-11,60301821.93,Active
A010034,C01793,BR042,Savings,2019-06-27,7081720.02,Active
A010035,C07677,BR017,Savings,2025-06-10,9850146.78,Active
A010036,C08645,BR024,Savings,2026-07-13,13896317.48,Active
A010037,C09058,BR037,Savings,2021-02-10,6878670.0,Active
A010038,C04612,BR038,Savings,2026-03-23,32815402.19,Inactive
A010039,C03833,BR036,Current,2025-11-28,330913667.53,Inactive
A010040,C05457,BR028,Savings,2023-09-22,16537256.74,Active
A010041,C04843,BR018,Savings,2024-09-06,123488473.96,Active
A010042,C01882,BR018,Savings,2020-09-28,14163680.66,Active
A010043,C03105,BR033,Credit,2024-04-29,7799182.33,Active
A010044,C01813,BR027,Savings,2021-05-22,76547576.91,Active
A010045,C08994,BR013,Credit,2026-01-20,176441268.9,Active
A010046,C06702,BR047,Current,2026-05-04,16353385.05,Active
A010047,C03144,BR011,Current,2022-05-30,777033396.77,Active
A010048,C04424,BR023,Savings,2019-09-27,5859519.29,Active
A010049,C09623,BR041,Credit,2026-05-13,27367794.36,Active
A010050,C02129,BR005,Current,2025-09-01,15602796.33,Active
A010051,C06302,BR043,Current,2022-02-13,8115781.57,Active
A010052,C09119,BR021,Savings,2023-09-02,15385821.76,Active
A010053,C07947,BR048,Savings,2022-06-21,19382546.91,Inactive
A010054,C00320,BR013,Savings,2025-01-26,2699593.53,Active
A010055,C09092,BR044,Current,2026-05-21,129660725.36,Active
A010056,C06747,BR030,Savings,2024-06-07,5884462.48,Active
A010057,C08749,BR030,Current,2023-07-27,78758252.77,Active
A010058,C06654,BR013,Current,2023-12-14,8851122.9,Active
A010059,C04560,BR044,Current,2025-04-06,54361529.44,Active
A010060,C05604,BR031,Current,2023-11-03,58161088.74,Active
A010061,C00220,BR023,Current,2021-08-09,19364940.06,Active
A010062,C06938,BR009,Savings,2025-08-12,150702623.88,Active
A010063,C03867,BR013,Savings,2026-08-06,16925194.06,Active
A010064,C01693,BR041,Savings,2025-01-30,123474682.73,Active
A010065,C04193,BR050,Savings,2022-10-25,20946108.78,Active
A010066,C08594,BR034,Savings,2020-12-05,95597429.91,Active
A010067,C02957,BR033,Current,2026-01-03,36371115.46,Active
A010068,C09506,BR002,Current,2021-04-01,89262409.44,Active
A010069,C09460,BR047,Savings,2025-02-03,93332562.81,Active
A010070,C00059,BR009,Current,2020-10-21,156710277.71,Active
A010071,C01957,BR048,Current,2021-07-07,36029863.86,Active
A010072,C04790,BR002,Current,2026-02-17,13024216.52,Active
A010073,C05883,BR033,Current,2025-04-02,105634070.26,Active
A010074,C02436,BR011,Savings,2026-02-11,15543579.66,Inactive
A010075,C01559,BR007,Savings,2025-07-19,25985766.25,Active
A010076,C01887,BR032,Savings,2026-03-13,139761629.92,Active
A010077,C01747,BR018,Current,2024-01-12,30886393.42,Closed
A010078,C08966,BR034,Savings,2022-09-19,41800664.51,Active
A010079,C01790,BR019,Savings,2025-06-05,56500778.05,Active
A010080,C03106,BR045,Current,2026-01-16,9312211.44,Active
A010081,C05925,BR037,Savings,2019-06-20,9288269.75,Active
A010082,C04837,BR002,Current,2023-07-01,28643064.18,Active
A010083,C04931,BR038,Credit,2021-05-21,12114414.72,Active
A010084,C05235,BR040,Savings,2020-09-21,8821649.63,Inactive
A010085,C00328,BR008,Savings,2025-12-28,10685448.63,Active
A010086,C02072,BR049,Current,2025-06-30,3569040.79,Active
A010087,C09045,BR049,Current,2025-09-26,7647044.17,Active
A010088,C08758,BR045,Savings,2025-07-16,5564367.73,Inactive
A010089,C00231,BR008,Savings,2023-02-05,12094063.79,Active
A010090,C08805,BR033,Savings,2026-08-29,25518529.04,Active
A010091,C09280,BR016,Savings,2026-05-10,23362938.03,Active
A010092,C01092,BR025,Current,2024-03-11,956550469.75,Active
A010093,C00265,BR045,Savings,2025-03-10,34302932.8,Closed
A010094,C07453,BR046,Savings,2025-11-21,9827384.54,Active
A010095,C06329,BR010,Savings,2026-04-06,15230611.57,Inactive
A010096,C08602,BR048,Savings,2026-01-15,14614370.5,Active
A010097,C01166,BR044,Current,2023-01-08,17748300.36,Active
A010098,C06321,BR033,Savings,2025-05-29,5664635.62,Active
A010099,C03433,BR003,Savings,2025-12-28,13121090.0,Inactive
A010100,C08809,BR029,Savings,2025-08-15,13062337.02,Active
A010101,C07510,BR005,Savings,2023-09-09,22599103.66,Active
A010102,C01700,BR046,Current,2026-06-09,21735861.6,Inactive
A010103,C01289,BR029,Savings,2026-06-29,23162668.89,Active
A010104,C00680,BR002,Savings,2025-05-15,22712776.07,Active
A010105,C09444,BR036,Current,2026-04-15,90652877.46,Active
A010106,C01338,BR009,Current,2025-09-25,24698653.96,Active
A010107,C03349,BR015,Current,2025-01-20,35217484.26,Active
A010108,C04117,BR031,Credit,2021-02-14,13379769.44,Active
A010109,C03669,BR048,Current,2026-06-30,40630572.1,Active
A010110,C02290,BR025,Savings,2025-10-21,42924652.75,Active
A010111,C01007,BR028,Savings,2025-11-25,7038954.88,Active
A010112,C09236,BR014,Current,2026-03-22,21137906.67,Active
A010113,C05214,BR022,Savings,2026-05-07,11167817.06,Active
A010114,C05032,BR038,Current,2024-03-22,18492333.72,Active
A010115,C04904,BR023,Credit,2026-06-18,73879537.63,Active
A010116,C03324,BR005,Credit,2023-03-28,20549698.31,Active
A010117,C03450,BR046,Savings,2019-07-29,92809157.22,Active
A010118,C03934,BR018,Savings,2025-03-21,7483300.2,Active
A010119,C02965,BR029,Current,2023-10-11,24338045.15,Active
A010120,C01974,BR008,Current,2025-05-30,14154221.36,Inactive
A010121,C02296,BR035,Current,2022-07-28,35217615.52,Closed
A010122,C05988,BR030,Savings,2022-03-21,270313595.23,Active
A010123,C07401,BR049,Credit,2022-02-11,20681099.19,Active
A010124,C05379,BR049,Current,2024-11-17,46957738.64,Active
A010125,C02065,BR021,Savings,2026-06-30,46028614.24,Active
A010126,C04038,BR044,Savings,2026-08-02,21138645.62,Inactive
A010127,C09584,BR049,Savings,2025-07-21,17186692.35,Active
A010128,C00528,BR025,Savings,2026-01-02,27632248.11,Inactive
A010129,C09317,BR040,Current,2022-10-26,51464403.98,Closed
A010130,C09919,BR033,Savings,2025-04-10,11982479.66,Active
A010131,C02837,BR015,Current,2022-06-06,7585093.29,Inactive
A010132,C08361,BR038,Current,2023-05-05,18298385.13,Active
A010133,C02147,BR001,Savings,2025-05-14,304959921.52,Active
A010134,C08003,BR043,Savings,2020-11-11,50514452.08,Active
A010135,C09536,BR039,Current,2021-07-19,18231558.77,Active
A010136,C01370,BR049,Current,2026-01-23,138052008.19,Active
A010137,C07332,BR033,Current,2025-07-01,8374293.78,Active
A010138,C04873,BR037,Current,2023-11-03,48391379.17,Active
A010139,C09907,BR029,Savings,2020-09-14,4299406.22,Inactive
A010140,C01101,BR043,Savings,2022-11-17,31134381.72,Active
A010141,C02055,BR018,Savings,2025-07-05,113175468.37,Active
A010142,C09040,BR016,Current,2026-06-10,8193676.45,Inactive
A010143,C06644,BR018,Savings,2026-04-23,12692620.93,Active
A010144,C02494,BR027,Savings,2019-10-01,6053569.14,Active
A010145,C05468,BR036,Credit,2025-07-15,37258443.91,Active
A010146,C04044,BR026,Savings,2025-07-05,4200514.43,Active
A010147,C04353,BR011,Savings,2025-02-01,136904878.37,Active
A010148,C03700,BR037,Savings,2023-08-19,918010776.84,Active
A010149,C00173,BR005,Current,2025-03-22,17615181.76,Active
A010150,C09996,BR038,Savings,2023-04-08,65280581.21,Active
A010151,C03376,BR003,Current,2025-08-20,79330357.12,Active
A010152,C08424,BR046,Savings,2022-08-09,18914574.55,Active
A010153,C02017,BR046,Savings,2026-08-27,28540885.83,Inactive
A010154,C01582,BR003,Current,2026-01-02,201664345.58,Active
A010155,C01134,BR006,Savings,2023-05-27,17606185.26,Active
A010156,C06133,BR013,Current,2022-11-30,37304396.67,Active
A010157,C00796,BR041,Savings,2024-03-09,39834638.89,Active
A010158,C04151,BR002,Current,2022-07-25,43638934.25,Active
A010159,C09677,BR027,Savings,2025-06-02,50816956.67,Closed
A010160,C09596,BR011,Credit,2026-06-28,12700998.28,Active
A010161,C03006,BR018,Savings,2023-08-09,9195263.75,Active
A010162,C02764,BR027,Current,2023-12-10,30695847.08,Active
A010163,C06652,BR018,Savings,2024-11-03,19577120.92,Active
A010164,C05835,BR005,Current,2022-01-12,35281759.15,Active
A010165,C01915,BR017,Credit,2022-06-02,36533923.63,Active
A010166,C03503,BR008,Current,2019-04-21,23877700.53,Active
A010167,C05399,BR029,Current,2020-09-27,44197415.1,Active
A010168,C06794,BR011,Savings,2026-08-02,32096242.5,Active
A010169,C07358,BR041,Savings,2021-11-14,61779353.1,Active
A010170,C01298,BR028,Savings,2025-08-10,19843657.1,Active
A010171,C07292,BR049,Savings,2021-12-03,317030345.75,Active
A010172,C07475,BR018,Current,2022-06-23,24554490.35,Active
A010173,C09711,BR011,Savings,2021-07-22,11144355.05,Active
A010174,C02066,BR023,Savings,2024-06-27,22003290.14,Closed
A010175,C07183,BR017,Savings,2022-08-04,15829803.25,Active
A010176,C02360,BR004,Savings,2026-05-27,59115366.69,Closed
A010177,C01179,BR050,Savings,2020-11-11,91388715.32,Active
A010178,C04233,BR038,Current,2024-10-13,130741992.72,Active
A010179,C01051,BR039,Savings,2022-12-28,8667851.03,Active
A010180,C00451,BR041,Savings,2021-07-13,12281515.51,Active
A010181,C09965,BR008,Current,2023-10-22,8789521.57,Active
A010182,C08647,BR047,Savings,2025-07-30,53934759.83,Active
A010183,C09090,BR006,Current,2025-01-08,141608850.39,Active
A010184,C00963,BR027,Current,2026-02-20,26595876.07,Active
A010185,C01416,BR038,Savings,2025-04-16,14929802.73,Active
A010186,C01711,BR033,Savings,2021-07-01,34092842.65,Inactive
A010187,C06245,BR042,Credit,2024-08-05,28298387.88,Active
A010188,C09926,BR031,Savings,2026-08-01,71406771.55,Active
A010189,C06577,BR037,Savings,2025-10-24,27339193.05,Active
A010190,C02739,BR020,Savings,2025-02-22,29133147.27,Active
A010191,C07628,BR049,Savings,2026-07-30,17180618.17,Active
A010192,C02010,BR045,Savings,2026-08-06,15269066.31,Active
A010193,C08930,BR018,Credit,2021-11-13,10331647.79,Active
A010194,C05654,BR030,Savings,2025-03-03,27215029.08,Active
A010195,C04900,BR039,Current,2026-05-14,19823085.7,Active
A010196,C01374,BR040,Current,2024-02-08,12411056.98,Active
A010197,C00711,BR022,Savings,2025-10-26,5627619.7,Active
A010198,C01755,BR034,Current,2024-11-12,822440743.76,Active
A010199,C05961,BR021,Savings,2019-08-27,122175714.45,Active
A010200,C05785,BR027,Savings,2021-01-15,429342717.14,Active
A010201,C09264,BR048,Current,2026-05-15,1790743.69,Active
A010202,C01625,BR033,Current,2024-07-03,14552092.47,Active
A010203,C06481,BR037,Credit,2025-11-20,12367687.67,Active
A010204,C06486,BR050,Credit,2026-08-23,213393228.41,Active
A010205,C05192,BR023,Current,2025-06-13,27424545.24,Active
A010206,C00387,BR038,Credit,2022-09-26,26574131.12,Inactive
A010207,C05133,BR038,Savings,2023-01-27,21274517.07,Active
A010208,C07987,BR049,Savings,2026-04-13,165430352.43,Active
A010209,C02961,BR010,Current,2026-01-18,39111544.33,Inactive
A010210,C01876,BR021,Current,2024-02-11,10434597.37,Active
A010211,C06715,BR001,Credit,2021-11-13,15924901.43,Active
A010212,C06744,BR042,Savings,2022-11-27,212795484.78,Active
A010213,C08719,BR008,Savings,2024-09-25,26837108.58,Closed
A010214,C06689,BR015,Current,2025-10-08,9877797.11,Active
A010215,C03268,BR007,Savings,2023-11-23,42382951.95,Active
A010216,C08586,BR026,Savings,2026-06-23,41688072.36,Active
A010217,C09238,BR033,Credit,2025-08-05,82569232.29,Active
A010218,C02079,BR011,Current,2026-06-27,76057382.29,Active
A010219,C05112,BR035,Savings,2024-11-01,74865968.81,Active
A010220,C04397,BR036,Current,2026-07-11,37524218.9,Inactive
A010221,C01686,BR047,Current,2026-06-20,10888506.17,Active
A010222,C08643,BR037,Current,2026-01-07,162605526.27,Active
A010223,C05255,BR036,Savings,2022-09-11,13030171.28,Active
A010224,C03269,BR031,Current,2026-03-11,5363937.33,Active
A010225,C06414,BR022,Savings,2026-01-09,6746702.74,Active
A010226,C04012,BR036,Savings,2026-05-21,66282586.95,Active
A010227,C00468,BR010,Current,2025-09-13,18751996.15,Active
A010228,C07337,BR007,Current,2025-12-20,43480099.12,Active
A010229,C05710,BR044,Credit,2025-07-19,82077519.23,Active
A010230,C05932,BR044,Current,2021-02-07,33460923.95,Active
A010231,C09081,BR046,Savings,2025-03-08,58222248.11,Active
A010232,C05658,BR048,Savings,2021-08-07,11452717.36,Closed
A010233,C01112,BR036,Savings,2018-07-29,34857863.39,Active
A010234,C09614,BR019,Current,2022-06-15,2088217.04,Active
A010235,C06829,BR046,Savings,2021-07-11,15156617.94,Active
A010236,C06364,BR016,Savings,2023-04-28,10892572.35,Active
A010237,C00458,BR030,Savings,2024-03-08,44546748.46,Active
A010238,C05836,BR021,Credit,2023-02-05,9830139.89,Active
A010239,C07064,BR011,Savings,2026-06-12,114851054.81,Active
A010240,C07439,BR036,Current,2026-06-25,31351552.16,Active
A010241,C02341,BR043,Savings,2023-05-03,28140489.28,Active
A010242,C07411,BR007,Current,2026-08-03,13417421.23,Active
A010243,C05834,BR012,Savings,2025-11-07,59138439.69,Active
A010244,C08787,BR020,Savings,2023-08-17,31979171.45,Active
A010245,C05252,BR047,Credit,2026-06-27,25741788.26,Active
A010246,C07118,BR043,Savings,2025-03-29,67950888.32,Active
A010247,C06299,BR048,Savings,2022-10-08,151412320.4,Active
A010248,C03463,BR007,Savings,2024-09-08,165459974.87,Active
A010249,C07074,BR003,Savings,2023-12-24,14209744.76,Inactive
A010250,C07667,BR021,Current,2025-07-23,4109695.54,Active
A010251,C04577,BR022,Current,2021-05-16,4402382.55,Active
A010252,C04876,BR046,Current,2023-08-14,21288285.51,Active
A010253,C03279,BR035,Savings,2026-07-14,32751943.37,Active
A010254,C07651,BR004,Savings,2026-08-05,1549443556.06,Active
A010255,C03574,BR018,Current,2024-07-07,7087934.51,Active
A010256,C03344,BR049,Savings,2025-06-01,79979801.93,Active
A010257,C05755,BR020,Current,2022-11-01,17036187.77,Active
A010258,C05537,BR016,Current,2026-08-15,48012539.54,Active
A010259,C08035,BR046,Savings,2024-01-29,2499744.62,Active
A010260,C01114,BR040,Current,2024-01-15,17474912.47,Inactive
A010261,C03753,BR037,Savings,2024-12-18,47217219.29,Inactive
A010262,C07708,BR050,Current,2025-11-09,16465724.93,Active
A010263,C06145,BR048,Savings,2025-02-23,13601571.8,Active
A010264,C03493,BR005,Current,2021-07-28,18516888.35,Active
A010265,C06280,BR005,Current,2026-08-20,52328769.07,Closed
A010266,C08477,BR019,Savings,2026-03-18,9690090.75,Active
A010267,C04021,BR002,Credit,2026-07-26,57618020.61,Active
A010268,C09660,BR019,Savings,2025-12-18,3956707.97,Closed
A010269,C09049,BR035,Savings,2026-07-25,12831499.42,Active
A010270,C00832,BR037,Savings,2025-11-12,20820668.94,Active
A010271,C04153,BR038,Savings,2025-11-27,10188445.65,Active
A010272,C07723,BR023,Current,2023-02-20,107074835.26,Active
A010273,C01970,BR011,Savings,2026-01-18,303665368.65,Active
A010274,C03612,BR031,Savings,2022-03-30,123485058.4,Active
A010275,C05471,BR046,Current,2026-01-27,19252448.7,Active
A010276,C07364,BR019,Savings,2019-08-05,12722657.95,Closed
A010277,C09104,BR038,Savings,2025-05-20,386116605.88,Active
A010278,C07212,BR019,Savings,2024-03-16,9530434.36,Active
A010279,C02359,BR036,Credit,2024-11-29,50564253.22,Active
A010280,C08387,BR027,Savings,2020-12-06,17013018.53,Active
A010281,C00357,BR046,Savings,2025-02-23,12473049.43,Active
A010282,C05247,BR022,Credit,2023-05-21,1390412512.69,Active
A010283,C04715,BR016,Savings,2026-06-29,663094533.32,Active
A010284,C01241,BR045,Savings,2023-09-05,117158722.3,Active
A010285,C08937,BR037,Current,2021-06-12,13014518.73,Active
A010286,C07164,BR047,Savings,2026-05-24,2966051.01,Active
A010287,C09980,BR038,Savings,2024-10-06,7861475.09,Active
A010288,C00552,BR022,Current,2022-01-17,8937138.32,Active
A010289,C01677,BR046,Current,2026-03-09,12037932.33,Active
A010290,C08343,BR048,Savings,2024-12-06,14604980.51,Active
A010291,C03128,BR039,Savings,2026-03-22,25353332.31,Active
A010292,C05068,BR020,Savings,2025-05-14,18663442.24,Active
A010293,C05822,BR014,Savings,2022-02-02,37917500.28,Active
A010294,C06655,BR038,Savings,2024-07-27,11687602.01,Inactive
A010295,C00951,BR026,Savings,2022-09-08,95778735.78,Active
A010296,C06315,BR050,Savings,2022-10-18,19749448.82,Active
A010297,C05918,BR003,Current,2025-11-25,18258509.19,Active
A010298,C01478,BR033,Current,2026-01-20,41827850.58,Active
A010299,C07605,BR021,Current,2025-06-21,28533238.17,Active
A010300,C03065,BR022,Credit,2025-06-01,31767519.9,Active
A010301,C02255,BR040,Current,2024-11-30,13688900.5,Active
A010302,C04577,BR046,Current,2023-03-06,14833249.6,Active
A010303,C09991,BR038,Savings,2023-11-14,83871264.02,Active
A010304,C04469,BR046,Savings,2025-01-25,11521527.66,Active
A010305,C07230,BR019,Current,2026-08-11,40216924.01,Active
A010306,C06682,BR015,Savings,2023-06-19,108728552.85,Active
A010307,C03388,BR030,Current,2026-07-20,22323474.14,Active
A010308,C05892,BR016,Credit,2024-07-15,14140342.89,Active
A010309,C02400,BR004,Current,2025-01-04,12576643.44,Active
A010310,C03444,BR025,Savings,2026-07-09,747740744.28,Active
A010311,C09880,BR038,Savings,2026-06-12,7577411.71,Active
A010312,C01417,BR046,Credit,2026-05-17,11419101.54,Closed
A010313,C00378,BR009,Credit,2023-02-09,55507698.96,Active
A010314,C05592,BR042,Savings,2026-07-18,172044446.45,Active
A010315,C08089,BR026,Current,2020-05-21,18848730.49,Inactive
A010316,C01853,BR033,Savings,2023-04-06,6398444.56,Active
A010317,C02874,BR048,Savings,2024-11-16,40726221.97,Active
A010318,C09525,BR002,Savings,2026-08-25,67140154.99,Active
A010319,C02320,BR012,Current,2018-08-11,170763414.63,Active
A010320,C05108,BR007,Savings,2026-06-18,29408696.39,Active
A010321,C04805,BR046,Savings,2020-04-25,15147685.59,Active
A010322,C08295,BR032,Current,2026-07-30,229972078.28,Active
A010323,C06001,BR019,Current,2024-12-26,6204819.77,Active
A010324,C05498,BR002,Savings,2025-08-12,27396745.0,Closed
A010325,C07661,BR047,Credit,2025-01-18,58658657.67,Active
A010326,C05762,BR028,Savings,2026-06-27,67208606.41,Inactive
A010327,C08562,BR038,Savings,2026-07-02,26807497.69,Active
A010328,C07667,BR021,Current,2026-07-30,13372551.28,Active
A010329,C00152,BR030,Savings,2025-04-17,59011759.23,Active
A010330,C07609,BR030,Current,2025-09-16,56566462.88,Active
A010331,C03033,BR040,Savings,2019-11-05,3061710.07,Active
A010332,C05760,BR017,Current,2024-11-29,27622014.91,Inactive
A010333,C06603,BR033,Credit,2025-07-04,6704280.1,Active
A010334,C02548,BR005,Current,2026-05-20,66338984.48,Active
A010335,C04968,BR010,Savings,2026-08-31,11916930.99,Active
A010336,C08543,BR035,Current,2023-03-11,200063435.33,Active
A010337,C05364,BR045,Savings,2025-12-24,82327757.94,Active
A010338,C06121,BR022,Credit,2022-07-15,26929884.5,Active
A010339,C06428,BR047,Savings,2025-01-23,159814800.42,Active
A010340,C08630,BR042,Savings,2025-06-21,42559415.38,Inactive
A010341,C04780,BR025,Savings,2024-03-02,103079665.04,Active
A010342,C08255,BR010,Current,2025-07-13,8549521.29,Active
A010343,C06623,BR001,Savings,2026-08-26,23789829.64,Active
A010344,C07877,BR035,Current,2026-07-18,16891385.94,Active
A010345,C08668,BR011,Current,2024-10-06,18967707.26,Active
A010346,C00899,BR035,Savings,2025-04-02,11243845.55,Active
A010347,C00287,BR030,Savings,2024-12-19,236887575.88,Active
A010348,C06700,BR022,Savings,2024-10-09,120882930.38,Active
A010349,C09502,BR016,Current,2021-11-12,380359589.6,Active
A010350,C00673,BR016,Savings,2026-04-04,109883587.12,Active
A010351,C04165,BR035,Current,2024-03-07,15690339.39,Active
A010352,C00202,BR038,Current,2024-01-11,41900297.22,Active
A010353,C09466,BR046,Current,2020-12-09,142937580.31,Active
A010354,C09518,BR001,Savings,2025-04-23,6391351.48,Active
A010355,C00875,BR040,Credit,2026-05-05,9187910.95,Active
A010356,C08838,BR045,Current,2023-07-29,39469131.27,Active
A010357,C09567,BR050,Savings,2025-04-10,129529423.89,Active
A010358,C00709,BR038,Savings,2024-09-06,124804046.99,Active
A010359,C01265,BR032,Credit,2025-11-28,9313837.71,Active
A010360,C02257,BR038,Current,2023-04-27,49856067.6,Inactive
A010361,C03569,BR025,Savings,2020-10-18,666552011.18,Active
A010362,C03546,BR009,Current,2023-12-27,30938034.62,Inactive
A010363,C04431,BR023,Savings,2022-06-07,28404181.54,Active
A010364,C01527,BR012,Savings,2025-12-12,10671795.37,Active
A010365,C00322,BR024,Current,2022-10-10,19158090.69,Inactive
A010366,C02017,BR022,Current,2026-07-22,86458731.1,Active
A010367,C00715,BR038,Credit,2023-05-17,7092528.48,Active
A010368,C01723,BR021,Savings,2024-08-26,7148161.04,Active
A010369,C08110,BR001,Credit,2022-12-25,20855594.57,Active
A010370,C09582,BR002,Savings,2025-02-04,409564344.07,Active
A010371,C03475,BR029,Savings,2024-03-23,23353142.79,Active
A010372,C01011,BR002,Savings,2022-08-27,139176479.12,Active
A010373,C04470,BR006,Current,2022-04-16,49777162.73,Closed
A010374,C05167,BR038,Credit,2026-07-11,8063330.56,Closed
A010375,C08871,BR038,Savings,2020-12-03,124361416.29,Active
A010376,C04820,BR031,Savings,2024-04-06,27314269.4,Active
A010377,C04836,BR043,Current,2023-07-29,11685466.28,Active
A010378,C05354,BR047,Current,2023-03-12,16536015.31,Active
A010379,C03250,BR003,Savings,2024-06-28,65459762.77,Active
A010380,C00921,BR034,Savings,2024-07-19,81038350.68,Closed
A010381,C08156,BR038,Savings,2024-06-15,16312510.9,Inactive
A010382,C07649,BR026,Savings,2025-12-25,21525844.61,Active
A010383,C00490,BR046,Current,2023-02-26,66502372.71,Active
A010384,C05956,BR048,Savings,2019-01-20,10219958.75,Active
A010385,C07910,BR015,Current,2026-06-29,32156826.84,Active
A010386,C06948,BR013,Current,2026-08-11,36159695.0,Active
A010387,C04443,BR021,Current,2026-04-19,27737913.59,Active
A010388,C06732,BR040,Savings,2025-02-10,11789072.53,Inactive
A010389,C04261,BR006,Credit,2026-03-20,7299123.55,Active
A010390,C01169,BR002,Current,2025-03-21,17321993.98,Active
A010391,C08658,BR017,Credit,2024-07-29,10073344.29,Closed
A010392,C03800,BR044,Savings,2026-02-19,12558731.32,Active
A010393,C02244,BR012,Savings,2026-06-21,5458654.03,Active
A010394,C02708,BR007,Current,2023-03-22,93128041.92,Active
A010395,C07463,BR050,Savings,2026-04-30,18131536.36,Active
A010396,C03456,BR027,Savings,2023-02-20,36011146.25,Active
A010397,C08676,BR027,Savings,2025-11-08,13295916.34,Active
A010398,C08329,BR017,Credit,2026-03-10,63341004.55,Active
A010399,C03412,BR042,Credit,2024-10-24,4317348.79,Active
A010400,C06974,BR029,Current,2024-08-15,36191307.29,Active
A010401,C01674,BR010,Current,2025-08-30,30640071.99,Active
A010402,C09138,BR026,Savings,2025-11-24,15348856.16,Active
A010403,C02089,BR008,Savings,2025-01-23,5179276.41,Inactive
A010404,C02643,BR006,Current,2024-06-04,132464082.02,Active
A010405,C09681,BR013,Savings,2024-08-31,54546441.94,Active
A010406,C02556,BR031,Current,2023-10-08,32467213.61,Active
A010407,C09619,BR046,Current,2024-06-19,98028963.35,Active
A010408,C09151,BR038,Savings,2025-07-12,4541986.4,Active
A010409,C01462,BR035,Savings,2026-07-09,20726638.0,Active
A010410,C05030,BR027,Current,2025-02-25,44461517.03,Active
A010411,C07538,BR047,Current,2024-05-29,9877707.2,Active
A010412,C02583,BR018,Current,2020-09-22,32636804.08,Active
A010413,C00075,BR005,Credit,2026-08-01,27672896.49,Active
A010414,C03495,BR035,Savings,2025-01-04,35964419.67,Active
A010415,C01923,BR033,Savings,2024-11-15,14724950.76,Active
A010416,C05931,BR020,Savings,2023-12-29,148434506.19,Active
A010417,C02787,BR049,Savings,2025-05-29,53076339.76,Active
A010418,C04075,BR046,Current,2022-08-17,12206852.24,Active
A010419,C00053,BR028,Current,2022-08-24,11553814.26,Active
A010420,C02126,BR038,Credit,2026-01-01,15289131.49,Active
A010421,C06402,BR050,Current,2026-08-30,32507891.47,Active
A010422,C07319,BR027,Credit,2020-08-22,12529004.03,Active
A010423,C00120,BR032,Savings,2024-10-17,47912481.39,Active
A010424,C03202,BR033,Current,2019-04-28,6259045.34,Active
A010425,C08538,BR033,Current,2023-10-24,5178902.57,Active
A010426,C05017,BR018,Savings,2024-12-18,5523985.1,Active
A010427,C00137,BR032,Current,2026-07-14,126158336.43,Active
A010428,C05131,BR035,Savings,2026-02-26,21756918.21,Active
A010429,C07916,BR044,Savings,2025-01-28,281947489.74,Active
A010430,C07613,BR041,Current,2020-07-13,15842663.64,Inactive
A010431,C04984,BR029,Credit,2021-02-28,17996219.72,Active
A010432,C00892,BR013,Savings,2025-01-23,51096277.73,Active
A010433,C02274,BR025,Savings,2026-07-21,55699708.34,Active
A010434,C04285,BR038,Savings,2025-01-01,13222285.42,Active
A010435,C04870,BR031,Current,2025-03-14,8400121.17,Inactive
A010436,C01814,BR050,Current,2026-07-25,10918979.52,Active
A010437,C01354,BR038,Savings,2026-02-09,19896094.63,Active
A010438,C05469,BR011,Savings,2026-05-22,6755301.86,Active
A010439,C09434,BR008,Current,2026-02-26,497199438.02,Active
A010440,C07447,BR002,Current,2026-04-09,27400889.87,Active
A010441,C09201,BR048,Credit,2025-10-20,5430235.0,Active
A010442,C02847,BR017,Savings,2025-11-23,2066233.52,Closed
A010443,C08593,BR002,Current,2019-09-17,201931902.93,Active
A010444,C05480,BR047,Savings,2023-10-22,129163505.9,Active
A010445,C03938,BR022,Savings,2026-02-02,22207412.21,Active
A010446,C02322,BR020,Savings,2022-05-12,13727091.92,Active
A010447,C06044,BR046,Current,2023-09-14,9271046.2,Active
A010448,C08460,BR005,Current,2022-05-11,7277192.21,Active
A010449,C04116,BR038,Savings,2024-03-05,60353472.48,Closed
A010450,C06225,BR040,Savings,2026-01-17,39384039.8,Inactive
A010451,C00151,BR002,Current,2025-04-27,10902018.94,Inactive
A010452,C04382,BR015,Savings,2025-11-26,43502175.56,Closed
A010453,C00540,BR010,Current,2024-10-23,8093476.46,Active
A010454,C07291,BR012,Current,2026-08-22,570571323.59,Active
A010455,C06734,BR036,Savings,2025-05-19,27626881.1,Active
A010456,C03548,BR006,Current,2025-08-10,6324108.94,Active
A010457,C02319,BR020,Savings,2025-10-31,7639656.96,Active
A010458,C02353,BR010,Savings,2020-04-25,169065639.78,Active
A010459,C09840,BR020,Credit,2026-05-22,41845815.63,Active
A010460,C07167,BR023,Savings,2026-08-16,14325792.76,Active
A010461,C08158,BR041,Savings,2024-12-12,333624233.49,Closed
A010462,C06272,BR013,Savings,2021-10-12,32848826.02,Active
A010463,C01193,BR048,Savings,2026-05-28,16058439.91,Active
A010464,C03641,BR011,Current,2025-11-12,29389417.5,Closed
A010465,C01451,BR001,Savings,2026-08-31,14343724.55,Active
A010466,C00742,BR031,Savings,2023-09-12,163169398.85,Active
A010467,C01551,BR045,Current,2024-05-06,2918406.81,Active
A010468,C04641,BR038,Current,2025-02-05,13418540.96,Active
A010469,C04363,BR035,Current,2026-06-23,2826327.81,Active
A010470,C09250,BR033,Current,2025-02-27,17066787.98,Active
A010471,C06281,BR026,Savings,2025-06-28,12417513.84,Active
A010472,C08000,BR019,Savings,2026-04-20,207376820.51,Active
A010473,C02710,BR021,Current,2021-01-19,26509736.91,Active
A010474,C02996,BR038,Savings,2026-03-31,55354903.91,Active
A010475,C02330,BR045,Savings,2023-07-25,10838202.88,Active
A010476,C06288,BR023,Current,2026-03-12,20340366.83,Active
A010477,C08475,BR050,Credit,2026-06-15,53583126.79,Active
A010478,C00718,BR002,Savings,2024-10-30,78207510.43,Active
A010479,C05426,BR043,Savings,2025-10-21,43008968.03,Active
A010480,C05687,BR032,Savings,2024-03-04,7727196.0,Inactive
A010481,C02873,BR021,Savings,2025-11-22,10484633.49,Active
A010482,C04909,BR005,Current,2026-04-23,11729468.2,Active
A010483,C05140,BR046,Current,2026-01-25,187636943.1,Active
A010484,C07072,BR022,Savings,2022-05-15,24401493.3,Active
A010485,C09032,BR033,Savings,2026-05-06,37103261.33,Active
A010486,C04660,BR023,Credit,2018-07-08,27730995.83,Active
A010487,C08623,BR003,Savings,2026-03-12,29264210.77,Active
A010488,C00991,BR015,Savings,2026-03-11,21909252.39,Active
A010489,C00663,BR011,Savings,2025-07-03,103308026.58,Active
A010490,C01325,BR007,Savings,2021-12-31,4699492.28,Active
A010491,C02364,BR041,Savings,2026-03-14,102773940.53,Active
A010492,C05795,BR035,Savings,2024-06-21,13754627.7,Active
A010493,C07726,BR038,Savings,2023-06-18,23206112.72,Active
A010494,C09974,BR039,Savings,2024-10-06,330711310.52,Active
A010495,C09546,BR026,Current,2025-08-03,27621145.9,Inactive
A010496,C05264,BR033,Savings,2023-11-23,31816857.46,Active
A010497,C06673,BR025,Savings,2025-12-30,10417786.83,Active
A010498,C04691,BR022,Savings,2026-08-15,247353602.01,Active
A010499,C00556,BR035,Savings,2023-02-24,3394446.37,Closed
A010500,C00101,BR050,Savings,2025-12-26,94565037.28,Active
A010501,C03042,BR019,Savings,2022-11-02,275163771.24,Active
A010502,C02314,BR025,Savings,2023-02-16,206666537.44,Active
A010503,C07354,BR028,Savings,2026-03-23,92489756.51,Inactive
A010504,C02154,BR038,Savings,2026-08-25,56948972.7,Active
A010505,C08242,BR029,Savings,2025-05-19,741585444.1,Active
A010506,C00364,BR024,Current,2025-06-02,11628840.18,Active
A010507,C09747,BR037,Current,2025-05-28,10070920.94,Active
A010508,C07609,BR049,Savings,2026-03-09,105379110.61,Active
A010509,C04046,BR004,Current,2026-08-31,54512351.72,Active
A010510,C01194,BR024,Current,2025-07-21,29692418.02,Active
A010511,C07407,BR028,Current,2022-07-05,23608220.4,Inactive
A010512,C05082,BR034,Credit,2024-03-23,135477967.81,Active
A010513,C00027,BR007,Savings,2024-05-21,47910735.82,Active
A010514,C06091,BR047,Savings,2026-07-29,8201162.66,Active
A010515,C08934,BR021,Savings,2018-06-04,16852614.12,Active
A010516,C08264,BR006,Current,2023-11-05,50404038.88,Active
A010517,C04004,BR035,Current,2024-07-06,41382018.52,Active
A010518,C03242,BR016,Savings,2021-08-23,61050920.56,Active
A010519,C00616,BR047,Savings,2025-08-23,4743390.66,Active
A010520,C02242,BR049,Credit,2023-04-05,13613688.05,Closed
A010521,C00075,BR005,Credit,2025-10-22,17232941.12,Active
A010522,C01153,BR027,Savings,2026-04-03,7403439.34,Active
A010523,C06849,BR048,Credit,2025-10-18,9125408.9,Active
A010524,C05129,BR027,Savings,2022-11-05,28370633.67,Active
A010525,C04257,BR023,Savings,2025-11-07,47526849.08,Active
A010526,C01643,BR027,Current,2025-10-07,2763123.97,Active
A010527,C09300,BR022,Savings,2025-05-08,17326537.91,Active
A010528,C09625,BR026,Current,2022-12-20,13700099.26,Active
A010529,C05912,BR028,Savings,2026-01-20,16345739.55,Inactive
A010530,C04198,BR022,Savings,2025-12-02,11642206.9,Active
A010531,C04751,BR003,Savings,2021-04-19,5342323.26,Active
A010532,C00671,BR010,Current,2024-11-28,235482009.86,Active
A010533,C00813,BR021,Current,2021-03-13,37921334.9,Active
A010534,C01760,BR036,Savings,2025-12-28,13802625.81,Active
A010535,C00511,BR037,Savings,2022-07-18,56838129.01,Active
A010536,C09327,BR035,Savings,2023-08-03,9211914.48,Active
A010537,C04450,BR020,Current,2026-06-26,1895585.23,Active
A010538,C05977,BR018,Savings,2025-11-12,19907693.41,Active
A010539,C06352,BR023,Savings,2026-06-06,138137994.81,Active
A010540,C09378,BR038,Current,2018-08-10,16749558.4,Active
A010541,C01376,BR006,Savings,2026-08-19,13998932.17,Active
A010542,C00124,BR009,Savings,2026-08-25,16689119.96,Active
A010543,C03877,BR001,Savings,2024-09-07,7579668.13,Active
A010544,C03818,BR039,Savings,2025-03-27,56392601.76,Active
A010545,C09449,BR030,Savings,2023-03-29,306392430.18,Closed
A010546,C05520,BR039,Savings,2024-10-30,26190361.49,Active
A010547,C03135,BR030,Current,2023-07-17,45201799.58,Active
A010548,C05269,BR023,Current,2019-07-19,291376102.2,Active
A010549,C05217,BR047,Savings,2021-08-13,6502727.93,Active
A010550,C00092,BR036,Current,2026-07-11,15433919.21,Active
A010551,C09662,BR030,Savings,2025-05-20,74981625.57,Active
A010552,C09701,BR038,Current,2025-10-11,6971323.23,Closed
A010553,C04302,BR005,Savings,2026-05-30,30469396.88,Active
A010554,C01327,BR002,Savings,2026-08-17,43676868.89,Active
A010555,C09286,BR027,Savings,2024-07-22,11246290.19,Active
A010556,C09835,BR041,Current,2019-04-14,8563170.77,Active
A010557,C07282,BR024,Savings,2024-12-30,23760286.38,Active
A010558,C01962,BR006,Current,2023-06-30,19898087.46,Active
A010559,C01115,BR041,Savings,2025-05-11,26150532.1,Active
A010560,C00276,BR025,Credit,2026-06-20,1838859276.04,Active
A010561,C05830,BR035,Savings,2024-06-13,17144671.81,Active
A010562,C06003,BR002,Current,2024-05-13,5779229.23,Active
A010563,C05896,BR027,Current,2026-07-23,83820250.93,Active
A010564,C03530,BR049,Savings,2024-10-26,18197707.72,Active
A010565,C06769,BR004,Savings,2025-05-12,41338121.41,Active
A010566,C02410,BR037,Savings,2026-04-18,12815286.1,Active
A010567,C04750,BR037,Savings,2022-03-15,10813506.28,Closed
A010568,C06630,BR007,Savings,2026-05-20,5008292.33,Closed
A010569,C02611,BR038,Savings,2026-07-05,23242452.01,Active
A010570,C03537,BR023,Savings,2026-01-15,800000000.0,Inactive
A010571,C06441,BR048,Savings,2023-09-17,12553222.61,Active
A010572,C08670,BR027,Current,2024-03-01,21533592.65,Active
A010573,C07296,BR038,Savings,2026-03-09,54518693.2,Inactive
A010574,C02141,BR019,Savings,2026-05-14,32626576.64,Active
A010575,C03157,BR013,Savings,2026-04-01,108417746.87,Active
A010576,C07437,BR031,Savings,2025-11-08,15342102.21,Active
A010577,C09987,BR045,Savings,2021-05-22,2224666.21,Active
A010578,C03107,BR023,Current,2026-06-04,54384172.98,Inactive
A010579,C03064,BR003,Savings,2025-07-10,20922428.18,Active
A010580,C09171,BR020,Credit,2026-03-22,15913481.47,Active
A010581,C09465,BR022,Savings,2022-06-10,10702407.43,Closed
A010582,C08655,BR007,Current,2025-06-24,20744589.99,Active
A010583,C06300,BR037,Savings,2026-08-21,21523964.95,Active
A010584,C06691,BR010,Savings,2025-09-04,20678764.42,Active
A010585,C09194,BR038,Savings,2024-07-02,168953202.08,Inactive
A010586,C04591,BR024,Savings,2026-08-01,198089014.6,Active
A010587,C03655,BR039,Savings,2025-03-13,74628662.71,Inactive
A010588,C00527,BR012,Current,2024-10-21,7679669.06,Active
A010589,C04886,BR035,Savings,2024-09-08,9481219.91,Active
A010590,C01400,BR046,Savings,2026-07-30,20025289.2,Active
A010591,C05709,BR046,Savings,2026-04-05,187665377.03,Active
A010592,C07415,BR003,Savings,2024-12-24,9148941.08,Active
A010593,C03626,BR031,Current,2022-05-03,21938297.77,Active
A010594,C03759,BR018,Current,2024-05-02,150297442.88,Active
A010595,C00489,BR026,Current,2026-02-09,41628813.65,Inactive
A010596,C04228,BR039,Savings,2024-12-27,12857903.36,Active
A010597,C01172,BR048,Savings,2025-05-05,110634691.82,Closed
A010598,C04698,BR040,Current,2021-09-03,18215199.63,Active
A010599,C08029,BR041,Current,2025-07-16,15213392.98,Active
A010600,C01689,BR024,Current,2026-06-29,7808734.14,Active
A010601,C02836,BR019,Savings,2025-01-16,41337863.52,Active
A010602,C06182,BR046,Current,2025-03-05,25569238.94,Active
A010603,C06977,BR047,Savings,2026-04-12,7704423.91,Active
A010604,C00811,BR047,Savings,2025-06-06,23061935.79,Active
A010605,C04469,BR046,Current,2021-11-23,14623665.52,Active
A010606,C00643,BR009,Savings,2026-01-06,48050014.77,Active
A010607,C05225,BR038,Current,2024-03-15,1603469.71,Inactive
A010608,C03001,BR035,Savings,2024-08-23,65378629.79,Active
A010609,C00303,BR042,Credit,2025-05-02,25744527.84,Active
A010610,C03692,BR006,Savings,2026-04-13,3487736.84,Active
A010611,C02164,BR047,Savings,2026-08-27,12646542.63,Active
A010612,C01560,BR011,Savings,2026-04-16,6028416.7,Active
A010613,C03313,BR028,Savings,2024-09-07,6701341.36,Active
A010614,C06053,BR035,Credit,2019-04-19,10871184.17,Active
A010615,C03398,BR013,Savings,2024-11-15,6107587.73,Closed
A010616,C00157,BR007,Savings,2021-06-11,5714516.2,Active
A010617,C05300,BR045,Savings,2025-12-21,14305796.43,Inactive
A010618,C09277,BR040,Savings,2025-02-25,89100188.45,Active
A010619,C04862,BR010,Savings,2020-10-18,135971724.62,Active
A010620,C03082,BR038,Current,2026-06-11,33665595.63,Active
A010621,C05627,BR040,Savings,2026-08-05,139785672.88,Active
A010622,C06149,BR046,Current,2026-03-23,8585195.88,Active
A010623,C09161,BR019,Credit,2020-03-21,19234700.86,Active
A010624,C04850,BR041,Current,2024-06-11,172502653.22,Closed
A010625,C03622,BR001,Savings,2022-05-02,29099476.24,Active
A010626,C08835,BR045,Savings,2022-06-30,408942255.05,Active
A010627,C00324,BR047,Credit,2022-07-14,22739133.81,Active
A010628,C06493,BR020,Current,2026-04-04,107592331.14,Active
A010629,C05055,BR031,Current,2025-07-11,29359165.34,Active
A010630,C00671,BR043,Current,2022-04-11,64162253.41,Active
A010631,C07553,BR006,Current,2024-05-01,14137355.16,Active
A010632,C07185,BR045,Savings,2024-01-09,6454187.11,Active
A010633,C01894,BR036,Savings,2025-11-10,2288294164.97,Active
A010634,C02950,BR040,Savings,2026-05-30,54116870.77,Inactive
A010635,C07773,BR016,Current,2024-05-16,16032543.58,Active
A010636,C00794,BR014,Savings,2026-06-21,85858989.72,Closed
A010637,C01793,BR032,Current,2022-02-10,24877660.62,Active
A010638,C00408,BR028,Current,2025-01-05,10626735.76,Active
A010639,C08693,BR037,Current,2025-12-07,150888840.94,Active
A010640,C03484,BR035,Savings,2026-01-17,20634511.27,Active
A010641,C01091,BR008,Savings,2019-07-16,29321927.76,Closed
A010642,C09930,BR046,Current,2023-03-28,5016721.9,Closed
A010643,C09122,BR015,Current,2022-02-22,7844391.95,Active
A010644,C02569,BR038,Credit,2026-03-13,49344527.35,Closed
A010645,C02740,BR018,Current,2025-11-22,58122926.74,Active
A010646,C02630,BR023,Savings,2025-04-21,46532006.27,Active
A010647,C01905,BR013,Credit,2020-10-27,2064928081.35,Active
A010648,C06462,BR025,Savings,2019-10-22,119843226.57,Active
A010649,C01501,BR019,Savings,2025-02-16,22504536.06,Inactive
A010650,C07603,BR028,Current,2021-06-26,7224548.06,Active
A010651,C09705,BR003,Savings,2026-04-23,9427444.36,Active
A010652,C01197,BR001,Savings,2026-03-18,3057022.68,Active
A010653,C02902,BR038,Savings,2024-08-07,11598333.12,Inactive
A010654,C02561,BR040,Savings,2025-08-19,67431501.05,Active
A010655,C09593,BR001,Current,2019-12-13,170494485.7,Active
A010656,C04437,BR009,Savings,2025-09-03,20466088.48,Active
A010657,C07480,BR005,Current,2025-07-14,2965705.08,Inactive
A010658,C03323,BR037,Current,2025-10-13,12886229.33,Active
A010659,C06037,BR036,Savings,2022-11-25,72397712.17,Active
A010660,C02437,BR018,Savings,2025-09-24,13565330.1,Inactive
A010661,C05924,BR004,Current,2026-08-29,6748723.97,Active
A010662,C01908,BR009,Credit,2021-07-05,3595375.32,Inactive
A010663,C00985,BR007,Credit,2020-10-11,3682282.89,Active
A010664,C04970,BR033,Credit,2024-10-25,23023471.04,Active
A010665,C06988,BR046,Savings,2023-10-01,10601039.93,Active
A010666,C01394,BR003,Savings,2022-08-13,11327743.43,Active
A010667,C01023,BR007,Savings,2026-07-02,10636089.31,Active
A010668,C05808,BR030,Current,2023-01-02,13408089.8,Inactive
A010669,C04571,BR013,Savings,2026-08-02,5619933.34,Active
A010670,C04578,BR046,Savings,2023-05-29,19316008.27,Active
A010671,C09977,BR023,Current,2025-11-13,4806096.45,Active
A010672,C02421,BR037,Savings,2020-03-27,8193787.41,Active
A010673,C08308,BR021,Savings,2025-05-09,33673539.78,Active
A010674,C05664,BR044,Savings,2024-09-11,20267410.48,Active
A010675,C06783,BR018,Current,2026-06-07,25961006.91,Active
A010676,C07967,BR046,Current,2026-08-22,83793958.9,Active
A010677,C08097,BR043,Savings,2021-12-22,14300964.65,Active
A010678,C00438,BR009,Savings,2024-11-23,81210846.57,Active
A010679,C06415,BR001,Savings,2018-12-26,66486702.52,Active
A010680,C02061,BR007,Savings,2023-12-04,10520427.92,Active
A010681,C06840,BR020,Current,2023-05-11,6683070.51,Active
A010682,C00214,BR034,Savings,2025-09-02,16043472.2,Inactive
A010683,C05054,BR030,Savings,2022-01-24,102571555.69,Active
A010684,C04541,BR048,Savings,2022-06-17,20835671.06,Active
A010685,C06653,BR003,Savings,2023-02-01,15792596.63,Inactive
A010686,C08380,BR029,Current,2022-07-08,31468493.69,Active
A010687,C08326,BR037,Savings,2021-06-09,15357432.42,Active
A010688,C00215,BR039,Credit,2023-02-20,10811481.71,Active
A010689,C09187,BR013,Current,2021-10-30,41809973.32,Active
A010690,C07644,BR027,Current,2022-11-23,4344323.42,Inactive
A010691,C04840,BR026,Current,2019-03-18,1125818152.32,Active
A010692,C06707,BR031,Savings,2024-10-03,49042555.31,Active
A010693,C06541,BR029,Current,2025-09-05,7152890.11,Active
A010694,C06851,BR028,Savings,2026-08-16,10740478.26,Active
A010695,C05743,BR005,Savings,2025-09-23,65835189.1,Inactive
A010696,C03363,BR023,Current,2026-07-27,55637651.08,Active
A010697,C00321,BR006,Current,2024-09-18,11536691.47,Active
A010698,C07962,BR001,Savings,2025-08-11,123316849.26,Active
A010699,C00002,BR050,Credit,2026-07-12,15784176.72,Active
A010700,C08842,BR025,Savings,2024-06-11,77763549.06,Active
A010701,C08798,BR024,Current,2023-12-26,30667198.37,Active
A010702,C02485,BR023,Current,2023-11-05,20022970.45,Active
A010703,C04291,BR028,Current,2024-09-16,241415696.16,Active
A010704,C00349,BR050,Current,2023-04-04,36812373.91,Active
A010705,C09297,BR025,Savings,2021-10-04,24923059.73,Active
A010706,C07395,BR035,Savings,2024-06-24,95786849.86,Active
A010707,C01437,BR007,Savings,2026-07-19,10067737.77,Active
A010708,C07348,BR041,Savings,2025-12-15,6767415.53,Active
A010709,C06178,BR011,Current,2023-05-16,8732621.47,Closed
A010710,C08192,BR036,Current,2023-10-30,60938719.03,Inactive
A010711,C04239,BR050,Current,2022-08-15,1117155689.69,Active
A010712,C03402,BR016,Current,2024-10-19,55386911.15,Active
A010713,C08238,BR037,Savings,2023-03-26,2280350.53,Active
A010714,C07124,BR024,Current,2026-08-25,69264680.07,Active
A010715,C07060,BR013,Savings,2025-08-02,39359667.27,Active
A010716,C06453,BR030,Current,2022-10-21,56614857.72,Active
A010717,C00131,BR019,Current,2026-08-06,150566660.99,Active
A010718,C02849,BR011,Savings,2020-05-13,4138857.32,Active
A010719,C09706,BR030,Credit,2019-05-11,67668020.38,Active
A010720,C08220,BR038,Credit,2021-04-20,8680816.91,Active
A010721,C03725,BR014,Savings,2022-04-12,46441081.46,Active
A010722,C04667,BR038,Savings,2025-10-02,12565481.28,Active
A010723,C08411,BR046,Current,2024-05-08,6070292.78,Active
A010724,C08376,BR044,Current,2023-08-21,114248340.86,Active
A010725,C04680,BR046,Savings,2025-02-07,60842395.16,Active
A010726,C05860,BR047,Savings,2026-04-10,12709748.74,Active
A010727,C02535,BR023,Credit,2026-06-21,16843670.51,Active
A010728,C08708,BR041,Savings,2024-01-14,7832485.81,Active
A010729,C04080,BR018,Savings,2023-05-26,4100632.04,Active
A010730,C09527,BR028,Current,2024-01-24,14397211.03,Active
A010731,C08506,BR043,Current,2025-11-19,32433257.53,Active
A010732,C01457,BR039,Current,2022-08-23,7291995.17,Inactive
A010733,C02002,BR016,Current,2024-02-27,16966147.14,Active
A010734,C03715,BR036,Savings,2026-01-05,50021650.41,Inactive
A010735,C03685,BR035,Current,2026-04-17,13960589.04,Active
A010736,C06358,BR006,Savings,2026-08-19,84969527.73,Active
A010737,C06742,BR029,Current,2024-11-01,15677398.42,Active
A010738,C01592,BR022,Savings,2025-11-16,8690014.96,Active
A010739,C03451,BR025,Savings,2023-02-12,6775861.97,Inactive
A010740,C08827,BR007,Savings,2024-02-22,158621880.35,Active
A010741,C05390,BR049,Current,2025-10-23,20137761.99,Active
A010742,C01846,BR035,Savings,2020-04-22,27504457.73,Active
A010743,C07944,BR013,Savings,2021-04-06,140552938.12,Active
A010744,C00415,BR002,Savings,2026-08-18,11080822.57,Active
A010745,C02633,BR018,Current,2026-08-21,35970423.59,Active
A010746,C08359,BR029,Current,2026-06-29,19181403.78,Active
A010747,C09243,BR037,Savings,2022-11-29,15873387.72,Active
A010748,C05064,BR015,Current,2021-06-09,7725117.02,Closed
A010749,C02903,BR009,Savings,2024-07-28,7799990.47,Inactive
A010750,C06584,BR023,Savings,2024-05-09,4442298.31,Active
A010751,C06550,BR021,Savings,2025-11-21,124086399.06,Active
A010752,C04327,BR021,Savings,2025-12-20,16184870.18,Active
A010753,C06703,BR027,Savings,2023-12-28,148464228.75,Active
A010754,C04548,BR028,Current,2026-02-16,19135404.31,Closed
A010755,C06921,BR014,Credit,2022-11-10,4803074.86,Active
A010756,C01671,BR044,Savings,2025-11-07,38528278.03,Active
A010757,C03903,BR038,Current,2026-06-12,8498359.43,Active
A010758,C06522,BR044,Savings,2022-01-12,116760176.77,Active
A010759,C04176,BR004,Current,2026-08-02,45952283.57,Active
A010760,C00689,BR026,Savings,2018-08-02,9386227.38,Active
A010761,C09147,BR023,Savings,2022-01-10,43207630.62,Active
A010762,C04870,BR010,Current,2026-08-25,15579766.32,Active
A010763,C00435,BR022,Current,2025-10-21,18118993.09,Active
A010764,C02449,BR044,Current,2024-06-21,14253557.93,Active
A010765,C09632,BR011,Savings,2026-06-05,69679559.26,Active
A010766,C07383,BR036,Savings,2025-04-24,21316687.79,Active
A010767,C02061,BR007,Savings,2026-05-09,27120967.85,Active
A010768,C06021,BR041,Current,2026-08-11,43068795.05,Active
A010769,C00932,BR034,Savings,2025-07-28,70071510.98,Active
A010770,C08845,BR013,Current,2024-02-26,57023888.63,Active
A010771,C01332,BR038,Current,2025-04-15,17284344.07,Active
A010772,C02812,BR013,Credit,2026-01-28,440226002.91,Closed
A010773,C09249,BR028,Savings,2024-10-08,38162945.52,Active
A010774,C08241,BR031,Savings,2020-09-15,10044795.12,Active
A010775,C06570,BR023,Savings,2024-01-01,78120632.25,Active
A010776,C06386,BR029,Savings,2023-06-16,28833160.14,Active
A010777,C02652,BR039,Savings,2026-01-22,190424958.17,Active
A010778,C06273,BR022,Current,2022-08-18,2261290.27,Active
A010779,C05641,BR001,Savings,2026-02-04,8320440.25,Inactive
A010780,C00442,BR040,Current,2024-11-30,6748754.41,Active
A010781,C01384,BR039,Current,2023-04-15,13585324.35,Active
A010782,C00840,BR018,Savings,2026-08-29,7170045.35,Active
A010783,C07438,BR045,Current,2021-07-11,25516737.28,Active
A010784,C07464,BR025,Current,2022-09-02,17218398.18,Active
A010785,C02464,BR039,Savings,2022-11-28,712860172.7,Active
A010786,C02251,BR023,Savings,2024-11-16,155887127.68,Closed
A010787,C06977,BR047,Current,2023-05-17,25824380.23,Active
A010788,C07059,BR047,Current,2023-07-11,11466362.63,Active
A010789,C02392,BR048,Savings,2021-07-08,16305006.89,Active
A010790,C06725,BR022,Savings,2022-02-02,10374502.12,Active
A010791,C05050,BR038,Credit,2026-04-15,117465527.0,Active
A010792,C05983,BR009,Savings,2024-08-26,32171484.28,Active
A010793,C07642,BR040,Savings,2026-08-07,14024397.61,Active
A010794,C02731,BR048,Savings,2020-12-28,4508482.53,Active
A010795,C03796,BR019,Current,2023-01-11,23048711.28,Active
A010796,C09075,BR003,Savings,2026-01-20,68392446.85,Active
A010797,C06787,BR046,Savings,2021-01-13,2886968.6,Closed
A010798,C01038,BR019,Savings,2025-09-19,30582138.95,Active
A010799,C09247,BR025,Savings,2024-05-06,48989148.95,Active
A010800,C05113,BR002,Savings,2026-04-18,17751319.44,Active
A010801,C00924,BR018,Savings,2024-06-19,28175877.08,Active
A010802,C08316,BR042,Credit,2025-06-19,27414315.64,Active
A010803,C09614,BR045,Savings,2025-05-08,24296700.64,Active
A010804,C05559,BR001,Savings,2021-10-08,14593267.67,Active
A010805,C09816,BR033,Savings,2024-03-29,59491654.94,Active
A010806,C05455,BR040,Current,2024-05-13,26257382.73,Active
A010807,C03806,BR050,Credit,2020-05-13,17916722.53,Active
A010808,C00650,BR002,Current,2024-10-13,550707403.0,Active
A010809,C06502,BR024,Savings,2023-03-10,10900647.58,Active
A010810,C00556,BR021,Savings,2021-05-29,14328568.2,Active
A010811,C07572,BR046,Credit,2023-03-25,2836261.95,Active
A010812,C07816,BR044,Savings,2025-07-11,11008327.93,Active
A010813,C09638,BR003,Credit,2019-11-29,274224810.35,Active
A010814,C09778,BR029,Credit,2025-03-09,88755848.85,Active
A010815,C03130,BR032,Current,2019-08-24,16337156.0,Active
A010816,C04807,BR032,Savings,2019-02-20,33345855.01,Inactive
A010817,C05292,BR022,Savings,2025-12-26,19971585.4,Active
A010818,C08338,BR008,Current,2024-09-01,7995374.27,Active
A010819,C07416,BR048,Current,2025-12-03,81335851.17,Inactive
A010820,C01316,BR010,Current,2025-11-20,36139022.87,Active
A010821,C04716,BR038,Savings,2022-03-01,17373393.69,Active
A010822,C01369,BR010,Current,2024-05-28,7674093.99,Active
A010823,C02961,BR014,Credit,2026-08-03,153213575.01,Active
A010824,C00317,BR002,Credit,2024-06-05,232697809.55,Active
A010825,C08586,BR032,Savings,2026-02-01,44913297.02,Active
A010826,C04961,BR029,Savings,2023-11-14,13705327.29,Inactive
A010827,C06489,BR038,Savings,2025-08-06,103316894.23,Active
A010828,C04684,BR038,Savings,2020-04-26,5709803.46,Active
A010829,C07298,BR020,Credit,2025-03-23,9885182.54,Active
A010830,C01358,BR033,Savings,2025-10-15,16316551.89,Active
A010831,C08313,BR035,Current,2025-11-10,204156043.25,Active
A010832,C07470,BR005,Savings,2023-04-13,1983925.76,Active
A010833,C09411,BR036,Current,2026-02-19,24536965.2,Active
A010834,C08555,BR047,Savings,2025-04-29,11036387.3,Active
A010835,C03744,BR018,Current,2026-05-18,10098247.8,Active
A010836,C02100,BR009,Current,2023-04-01,8698482.92,Active
A010837,C06630,BR033,Credit,2024-07-13,11211429.33,Inactive
A010838,C08278,BR023,Savings,2024-12-03,24648202.13,Active
A010839,C04202,BR046,Savings,2025-10-03,9763207.89,Active
A010840,C02081,BR013,Savings,2022-04-19,255453665.73,Active
A010841,C08438,BR036,Current,2026-07-09,24708408.94,Active
A010842,C01474,BR036,Current,2025-05-07,17574129.42,Active
A010843,C06978,BR029,Savings,2023-04-07,13134013.38,Active
A010844,C01061,BR038,Savings,2025-11-10,38858761.17,Active
A010845,C08381,BR029,Credit,2026-04-17,1019175151.26,Active
A010846,C08829,BR005,Savings,2026-04-13,5923600.66,Active
A010847,C07814,BR038,Savings,2023-07-13,8555135.25,Active
A010848,C07161,BR017,Current,2022-12-13,24922085.2,Active
A010849,C04190,BR028,Savings,2026-08-04,31734199.78,Active
A010850,C07746,BR036,Savings,2025-05-11,11796203.74,Active
A010851,C03187,BR050,Current,2025-10-07,8282081.4,Active
A010852,C09726,BR034,Current,2026-05-05,372718430.01,Active
A010853,C08285,BR047,Savings,2025-09-15,48881790.55,Active
A010854,C05489,BR005,Savings,2025-09-13,15500582.58,Active
A010855,C05901,BR046,Current,2026-03-11,5456991.25,Active
A010856,C07969,BR029,Credit,2025-12-06,86378162.41,Active
A010857,C09920,BR031,Savings,2025-08-02,138372632.91,Active
A010858,C09973,BR006,Savings,2026-08-31,13831496.57,Active
A010859,C08773,BR048,Savings,2024-09-21,41041495.94,Active
A010860,C08644,BR004,Current,2026-02-11,29985964.72,Active
A010861,C00822,BR027,Savings,2026-04-12,14276903.08,Active
A010862,C05501,BR040,Current,2026-04-22,15526766.67,Closed
A010863,C06912,BR033,Savings,2023-07-28,3437149.3,Active
A010864,C08009,BR018,Savings,2026-05-10,39497271.0,Active
A010865,C01704,BR038,Credit,2026-06-25,63520614.47,Inactive
A010866,C04725,BR047,Savings,2026-03-10,60464530.31,Active
A010867,C09694,BR042,Savings,2025-05-03,9661677.78,Active
A010868,C07322,BR038,Savings,2025-12-01,21615448.15,Active
A010869,C04112,BR001,Current,2026-06-01,6080553.94,Active
A010870,C01252,BR038,Savings,2026-01-29,40169407.06,Active
A010871,C08137,BR041,Savings,2025-07-09,14382757.88,Active
A010872,C03293,BR025,Current,2026-01-18,9086951.98,Active
A010873,C08724,BR018,Current,2026-08-23,19613871.78,Active
A010874,C05352,BR045,Current,2026-03-07,9357131.48,Active
A010875,C04306,BR050,Credit,2025-07-26,244337879.57,Active
A010876,C03354,BR036,Savings,2025-02-10,26123001.42,Active
A010877,C00547,BR021,Credit,2023-04-13,128849748.26,Active
A010878,C03150,BR023,Credit,2023-09-10,52381496.41,Active
A010879,C05705,BR047,Savings,2025-12-08,102780324.69,Inactive
A010880,C02630,BR040,Current,2025-12-23,10557551.54,Active
A010881,C07169,BR004,Savings,2026-07-11,48538604.02,Active
A010882,C01318,BR035,Current,2026-05-09,131203093.21,Active
A010883,C03137,BR002,Credit,2026-03-14,17535593.11,Active
A010884,C09933,BR045,Savings,2023-06-08,45112420.97,Active
A010885,C06138,BR038,Current,2020-12-19,372084004.8,Active
A010886,C07978,BR028,Savings,2026-02-11,32737781.21,Inactive
A010887,C01719,BR013,Current,2025-10-13,15048140.7,Active
A010888,C05527,BR042,Current,2025-08-28,102405283.3,Active
A010889,C03750,BR023,Savings,2026-02-07,28693606.17,Active
A010890,C08470,BR021,Savings,2025-08-21,14857866.05,Active
A010891,C05097,BR041,Savings,2023-03-07,93055893.43,Active
A010892,C00098,BR038,Savings,2024-11-05,25412418.91,Inactive
A010893,C07776,BR047,Current,2023-10-06,123063233.69,Active
A010894,C00546,BR031,Savings,2026-02-07,61043290.67,Active
A010895,C06418,BR042,Savings,2023-01-06,15604837.93,Active
A010896,C04149,BR032,Savings,2023-09-20,10799456.45,Active
A010897,C08830,BR023,Savings,2025-06-06,47457700.47,Active
A010898,C05737,BR037,Credit,2024-04-04,4139267.69,Active
A010899,C00757,BR044,Savings,2023-08-19,44734568.51,Active
A010900,C05948,BR011,Savings,2025-03-29,7434833.44,Active
A010901,C03976,BR015,Savings,2026-03-19,334152071.07,Active
A010902,C06389,BR022,Savings,2023-03-01,65064244.79,Active
A010903,C06808,BR028,Savings,2020-03-01,55585362.05,Active
A010904,C03103,BR026,Savings,2025-07-29,26046346.78,Active
A010905,C08170,BR038,Savings,2025-01-09,14937858.52,Active
A010906,C00751,BR032,Credit,2026-07-03,8792430.61,Active
A010907,C08374,BR027,Current,2025-12-27,16966598.64,Active
A010908,C04917,BR013,Credit,2023-12-19,8595001.56,Closed
A010909,C07989,BR048,Current,2026-08-24,9755486.08,Active
A010910,C08955,BR038,Current,2025-04-16,105649042.73,Active
A010911,C06881,BR022,Savings,2020-02-09,244126359.9,Active
A010912,C01050,BR019,Savings,2025-06-29,113065783.38,Active
A010913,C05842,BR028,Savings,2025-02-01,15452180.65,Active
A010914,C03836,BR037,Savings,2019-08-25,64078002.88,Active
A010915,C05749,BR049,Savings,2026-05-24,121304532.35,Active
A010916,C02210,BR045,Current,2021-01-16,10346781.28,Active
A010917,C02192,BR034,Savings,2026-01-09,7701352.75,Active
A010918,C05783,BR042,Savings,2023-10-06,864184589.79,Inactive
A010919,C06579,BR017,Credit,2023-10-07,19613474.31,Active
A010920,C05375,BR020,Savings,2026-05-28,868382752.09,Active
A010921,C03669,BR008,Current,2026-04-23,20637602.71,Active
A010922,C08811,BR001,Credit,2025-02-02,12839982.35,Active
A010923,C05223,BR002,Current,2026-05-11,12898385.68,Active
A010924,C02943,BR047,Savings,2026-06-06,108307064.15,Inactive
A010925,C09653,BR046,Current,2021-12-18,12669012.92,Active
A010926,C04445,BR041,Current,2026-02-07,39791415.4,Active
A010927,C07755,BR036,Current,2025-08-12,5291916.19,Active
A010928,C01163,BR017,Savings,2026-06-29,187153133.96,Active
A010929,C04740,BR038,Credit,2022-12-29,21555825.64,Active
A010930,C09182,BR044,Savings,2021-05-14,16846316.54,Active
A010931,C04601,BR005,Current,2022-11-07,11509997.63,Active
A010932,C08718,BR010,Current,2023-06-09,4459183.32,Active
A010933,C05324,BR025,Savings,2025-03-05,2886471.06,Active
A010934,C06210,BR001,Savings,2025-09-16,6234126.45,Active
A010935,C00317,BR005,Savings,2021-04-11,363028235.77,Active
A010936,C05454,BR038,Savings,2026-08-13,9265547.01,Inactive
A010937,C06265,BR040,Savings,2022-02-15,6522717.48,Active
A010938,C05933,BR033,Savings,2022-05-01,44250871.56,Active
A010939,C04093,BR041,Savings,2026-06-25,130606033.25,Active
A010940,C01309,BR028,Savings,2023-03-07,25825027.15,Active
A010941,C09751,BR001,Savings,2022-03-08,7365836.3,Active
A010942,C02987,BR028,Current,2021-03-07,6109258.79,Closed
A010943,C00416,BR032,Savings,2026-02-12,215910129.28,Active
A010944,C04110,BR016,Savings,2023-05-30,24630439.08,Active
A010945,C07562,BR050,Savings,2025-02-25,30630633.56,Active
A010946,C05831,BR045,Savings,2023-06-09,97831373.4,Active
A010947,C05603,BR020,Current,2025-06-08,40833165.71,Active
A010948,C08450,BR047,Current,2024-07-15,8032025.24,Active
A010949,C04682,BR007,Current,2023-02-18,20667521.79,Active
A010950,C01130,BR011,Savings,2026-08-01,85356488.2,Active
A010951,C02719,BR028,Savings,2024-11-23,7237216.05,Active
A010952,C03564,BR011,Current,2026-07-11,132415279.81,Active
A010953,C02169,BR011,Credit,2024-09-21,11680027.12,Inactive
A010954,C08730,BR009,Current,2021-12-06,57380597.09,Active
A010955,C04493,BR018,Savings,2021-05-04,169353770.15,Active
A010956,C06393,BR029,Current,2025-10-11,178237139.1,Active
A010957,C08185,BR009,Savings,2026-05-31,5958147.55,Active
A010958,C01825,BR017,Savings,2023-11-12,21675678.75,Inactive
A010959,C01696,BR037,Current,2023-10-01,1253581823.72,Active
A010960,C02783,BR050,Savings,2025-10-21,27331666.24,Active
A010961,C00049,BR049,Savings,2021-01-01,4866798.34,Active
A010962,C07648,BR023,Savings,2023-12-08,9168592.33,Active
A010963,C02638,BR010,Savings,2026-01-23,158815857.76,Active
A010964,C07521,BR023,Current,2023-07-25,241967588.95,Active
A010965,C00631,BR028,Current,2023-06-29,18011658.84,Active
A010966,C09476,BR008,Current,2023-02-09,9437698.75,Active
A010967,C09976,BR041,Savings,2021-11-25,55972767.21,Closed
A010968,C00214,BR034,Current,2023-08-19,14131061.72,Active
A010969,C01175,BR013,Savings,2023-12-03,9238719.94,Active
A010970,C02630,BR040,Current,2025-04-05,8069602.06,Active
A010971,C09230,BR017,Savings,2021-11-06,34657487.5,Active
A010972,C08588,BR046,Savings,2025-09-13,144736456.12,Active
A010973,C04895,BR041,Credit,2025-05-23,46750104.61,Inactive
A010974,C06984,BR028,Savings,2019-08-08,8873022.98,Active
A010975,C06565,BR030,Savings,2023-01-03,1398833418.67,Active
A010976,C00074,BR038,Savings,2023-12-17,22981555.05,Active
A010977,C08905,BR011,Savings,2026-07-22,21918622.15,Active
A010978,C03303,BR049,Savings,2025-06-01,8446199.5,Inactive
A010979,C06671,BR034,Savings,2024-07-03,9941803.66,Active
A010980,C01319,BR040,Savings,2026-03-29,77659183.5,Active
A010981,C06768,BR029,Current,2025-06-20,72638418.25,Active
A010982,C07272,BR007,Savings,2025-12-09,10161378.24,Active
A010983,C00180,BR038,Savings,2025-10-16,15053972.44,Closed
A010984,C09233,BR037,Savings,2026-05-13,42762661.47,Active
A010985,C03134,BR022,Savings,2025-11-01,9159688.43,Active
A010986,C08523,BR003,Current,2019-09-05,28724795.08,Active
A010987,C07946,BR038,Savings,2023-04-12,18909812.38,Active
A010988,C00078,BR038,Savings,2026-02-07,181081599.84,Inactive
A010989,C04392,BR048,Current,2025-03-05,7299257.48,Active
A010990,C06147,BR033,Savings,2023-02-07,16647641.86,Active
A010991,C02568,BR042,Savings,2022-04-28,20762006.3,Active
A010992,C01596,BR042,Credit,2026-02-03,414087291.39,Active
A010993,C07158,BR025,Current,2026-01-01,13771846.43,Active
A010994,C00280,BR036,Savings,2020-03-17,33547596.95,Active
A010995,C07691,BR027,Savings,2026-08-31,7362631.92,Active
A010996,C01149,BR036,Savings,2025-10-11,33287959.52,Active
A010997,C02809,BR008,Savings,2025-07-05,9301244.74,Active
A010998,C05412,BR048,Current,2023-02-02,74419627.63,Active
A010999,C02172,BR025,Current,2026-01-25,28150532.04,Inactive
A011000,C08944,BR047,Savings,2025-11-14,29811937.2,Closed
A011001,C07890,BR019,Current,2026-05-27,5219824.44,Active
A011002,C09447,BR049,Credit,2021-02-13,31212555.94,Active
A011003,C07421,BR038,Current,2024-08-17,6410137.96,Active
A011004,C00219,BR048,Savings,2025-03-19,33772829.74,Active
A011005,C04052,BR032,Current,2024-10-12,80572844.46,Active
A011006,C00195,BR015,Savings,2026-03-26,54103368.98,Active
A011007,C02705,BR030,Savings,2026-08-25,53966938.31,Active
A011008,C05159,BR038,Savings,2024-03-01,331241978.19,Active
A011009,C05993,BR008,Savings,2025-07-11,62100747.72,Closed
A011010,C01570,BR042,Current,2022-09-08,31042106.07,Active
A011011,C01945,BR040,Current,2026-03-18,28380623.94,Active
A011012,C03541,BR002,Savings,2023-03-14,1986387.61,Active
A011013,C01021,BR002,Current,2026-01-05,37880413.34,Active
A011014,C02765,BR042,Savings,2023-03-08,7682988.03,Active
A011015,C03794,BR037,Current,2025-10-16,29956554.28,Active
A011016,C03026,BR040,Savings,2026-06-08,15564304.18,Active
A011017,C02565,BR044,Savings,2023-07-30,5911257.77,Active
A011018,C01873,BR012,Current,2024-11-01,24382755.41,Active
A011019,C05200,BR007,Current,2026-08-31,10803974.21,Active
A011020,C04072,BR016,Savings,2019-03-19,37633266.22,Active
A011021,C02726,BR050,Current,2025-12-18,6468945.44,Active
A011022,C05511,BR003,Current,2026-07-01,3750087.59,Inactive
A011023,C04948,BR013,Current,2025-03-15,20706964.79,Active
A011024,C02110,BR005,Current,2022-05-01,41564486.53,Active
A011025,C02122,BR006,Savings,2025-09-16,14589068.26,Active
A011026,C05258,BR013,Savings,2026-06-26,70444198.69,Active
A011027,C02969,BR038,Savings,2022-11-29,41385764.04,Active
A011028,C07744,BR045,Savings,2026-08-26,4435899.57,Active
A011029,C05566,BR033,Credit,2024-03-02,113865606.71,Active
A011030,C02281,BR019,Current,2025-10-30,14428770.73,Active
A011031,C02697,BR030,Current,2026-06-23,286688053.09,Active
A011032,C08849,BR013,Current,2025-12-20,38091822.56,Active
A011033,C00232,BR049,Current,2025-07-13,11601309.27,Closed
A011034,C03873,BR045,Savings,2023-09-18,17336635.32,Active
A011035,C09996,BR038,Savings,2024-12-28,16938393.1,Inactive
A011036,C08992,BR010,Savings,2025-02-21,65589180.59,Active
A011037,C02861,BR010,Savings,2024-12-14,29134328.56,Active
A011038,C05957,BR007,Savings,2024-07-08,7863501.61,Active
A011039,C05114,BR030,Savings,2024-07-31,19872667.01,Active
A011040,C06771,BR008,Savings,2025-12-01,140477407.29,Active
A011041,C01626,BR042,Savings,2025-03-03,5857922.17,Active
A011042,C03707,BR018,Credit,2025-06-25,22272877.37,Active
A011043,C04132,BR001,Savings,2025-08-16,205176155.24,Inactive
A011044,C03508,BR032,Credit,2022-09-10,7553961.14,Active
A011045,C00753,BR038,Savings,2025-12-02,8436734.68,Active
A011046,C05618,BR046,Current,2026-01-18,885640541.36,Active
A011047,C00209,BR041,Savings,2023-05-26,11298400.32,Active
A011048,C04752,BR019,Current,2023-10-10,6837645.66,Active
A011049,C08841,BR026,Current,2026-05-06,30382556.23,Active
A011050,C02930,BR037,Current,2020-07-19,119800109.58,Active
A011051,C06115,BR047,Current,2026-01-08,85464609.81,Active
A011052,C06326,BR015,Current,2026-05-02,36881729.9,Active
A011053,C04299,BR024,Savings,2025-06-29,184744041.0,Active
A011054,C09339,BR005,Credit,2025-02-01,14038336.01,Active
A011055,C01494,BR033,Savings,2019-07-19,72785103.44,Active
A011056,C05505,BR038,Current,2021-04-01,53237453.61,Active
A011057,C08403,BR010,Savings,2026-05-18,3066728.75,Active
A011058,C04092,BR017,Savings,2026-08-28,6579483.6,Active
A011059,C05739,BR038,Savings,2019-07-26,2469008.73,Active
A011060,C06989,BR046,Savings,2019-11-17,11568411.13,Inactive
A011061,C05817,BR047,Current,2024-08-18,5692079.47,Active
A011062,C04454,BR036,Savings,2020-02-08,182450414.64,Active
A011063,C07398,BR041,Current,2025-03-03,35891651.46,Active
A011064,C00047,BR036,Savings,2026-08-25,23421310.03,Active
A011065,C02513,BR038,Savings,2025-04-24,16640488.53,Active
A011066,C09287,BR027,Current,2025-04-13,16560019.97,Active
A011067,C01119,BR038,Savings,2023-12-12,14043206.72,Inactive
A011068,C05347,BR016,Savings,2026-06-18,16654378.36,Inactive
A011069,C04761,BR039,Savings,2025-11-28,16767281.16,Active
A011070,C09120,BR013,Savings,2023-10-22,7849160.54,Active
A011071,C01633,BR015,Current,2025-04-29,51544777.37,Active
A011072,C03101,BR023,Savings,2022-10-10,5757787.77,Active
A011073,C09231,BR046,Current,2025-07-23,56902475.82,Active
A011074,C08105,BR045,Savings,2020-06-08,29881840.25,Active
A011075,C06239,BR011,Current,2024-11-20,27470101.42,Active
A011076,C07092,BR040,Savings,2025-01-11,41090685.37,Active
A011077,C01667,BR001,Savings,2025-11-22,37014753.47,Active
A011078,C07364,BR039,Current,2024-11-16,9690572.81,Active
A011079,C04966,BR036,Current,2019-12-28,101881617.51,Active
A011080,C04158,BR021,Savings,2023-01-05,15910189.27,Active
A011081,C08691,BR041,Savings,2023-11-30,14360486.69,Active
A011082,C04225,BR039,Current,2026-02-27,969933612.63,Closed
A011083,C07569,BR022,Savings,2022-09-17,27806353.95,Inactive
A011084,C06814,BR042,Credit,2023-04-18,6011820.67,Inactive
A011085,C07977,BR048,Current,2023-09-27,12032286.45,Active
A011086,C03492,BR038,Savings,2026-07-26,60509601.63,Active
A011087,C03327,BR019,Savings,2026-07-21,19369499.39,Active
A011088,C05740,BR025,Credit,2026-05-19,4489644.08,Active
A011089,C06305,BR015,Current,2026-04-06,4751303.87,Active
A011090,C03540,BR037,Savings,2024-01-07,30574503.66,Closed
A011091,C09985,BR019,Savings,2024-07-13,26311340.79,Active
A011092,C06850,BR049,Savings,2024-11-09,7177547.43,Closed
A011093,C00823,BR046,Savings,2025-08-04,27280013.95,Active
A011094,C04367,BR044,Savings,2025-07-18,245084029.77,Active
A011095,C09777,BR039,Savings,2025-09-02,48150776.89,Active
A011096,C02777,BR020,Credit,2023-08-09,54134550.89,Active
A011097,C08032,BR008,Savings,2024-07-29,23393102.67,Active
A011098,C01598,BR020,Savings,2025-04-15,13012655.0,Active
A011099,C03158,BR017,Savings,2025-09-29,10870646.08,Active
A011100,C00427,BR018,Credit,2025-12-05,14792801.69,Active
A011101,C03379,BR013,Savings,2021-11-28,7442684.16,Active
A011102,C08407,BR022,Savings,2023-02-22,11252735.13,Active
A011103,C07643,BR007,Credit,2026-08-06,41601906.67,Inactive
A011104,C01009,BR016,Savings,2022-01-22,4140404.11,Active
A011105,C07063,BR008,Current,2026-03-13,27209272.79,Active
A011106,C06864,BR001,Savings,2020-07-07,29150576.35,Active
A011107,C00439,BR030,Current,2023-04-28,11335187.91,Active
A011108,C06510,BR038,Savings,2025-02-23,3214062.72,Active
A011109,C04991,BR028,Savings,2025-07-19,14281755.39,Active
A011110,C07889,BR012,Savings,2024-02-10,69348292.52,Active
A011111,C04779,BR019,Current,2023-11-15,10624712.12,Active
A011112,C02515,BR030,Credit,2021-01-29,25961509.11,Active
A011113,C01929,BR045,Savings,2022-06-10,31462291.59,Active
A011114,C04694,BR044,Savings,2024-12-10,15156637.17,Active
A011115,C02718,BR033,Savings,2020-09-26,12670446.13,Active
A011116,C02567,BR037,Savings,2023-09-04,15460840.12,Active
A011117,C08862,BR035,Savings,2023-04-20,3752045.94,Active
A011118,C01140,BR016,Savings,2026-02-27,55488312.5,Active
A011119,C09217,BR003,Savings,2026-07-24,355579377.1,Inactive
A011120,C00763,BR018,Current,2025-03-01,116843844.4,Active
A011121,C03051,BR024,Savings,2024-12-23,65704499.29,Active
A011122,C04447,BR006,Current,2026-03-24,28582907.87,Active
A011123,C04404,BR042,Current,2025-05-22,110480084.63,Active
A011124,C04997,BR022,Credit,2023-05-24,41480773.67,Active
A011125,C09721,BR015,Savings,2025-08-27,11763390.91,Active
A011126,C02174,BR027,Current,2022-05-29,51997348.77,Active
A011127,C05814,BR020,Current,2022-08-17,36725393.37,Active
A011128,C02749,BR047,Savings,2024-04-23,10499713.47,Inactive
A011129,C01628,BR045,Savings,2022-08-22,69910394.37,Active
A011130,C06236,BR039,Current,2022-06-08,21447293.34,Active
A011131,C04164,BR005,Savings,2023-10-04,86697528.93,Active
A011132,C08193,BR048,Current,2022-05-27,19117344.36,Active
A011133,C04852,BR044,Savings,2025-04-08,9568785.72,Closed
A011134,C00144,BR002,Savings,2025-04-24,46747042.16,Active
A011135,C03003,BR015,Savings,2024-12-02,62365124.47,Active
A011136,C09061,BR018,Savings,2025-06-30,9497363.63,Active
A011137,C07984,BR033,Savings,2026-05-01,41477912.09,Active
A011138,C04370,BR011,Current,2020-05-15,78393785.96,Active
A011139,C04762,BR031,Current,2025-03-28,4124035.04,Active
A011140,C02007,BR011,Savings,2021-04-12,17786747.43,Active
A011141,C08315,BR041,Savings,2025-12-28,16584369.17,Active
A011142,C02139,BR023,Savings,2025-04-14,10310513.51,Active
A011143,C06870,BR007,Savings,2025-05-29,18580707.64,Active
A011144,C05193,BR013,Credit,2021-02-21,14479917.0,Active
A011145,C03146,BR020,Current,2019-10-21,124669020.78,Active
A011146,C01137,BR019,Current,2026-06-18,554416553.28,Active
A011147,C09959,BR041,Credit,2025-01-15,103281537.6,Active
A011148,C01674,BR006,Savings,2026-05-11,5306675.08,Active
A011149,C05319,BR002,Savings,2021-08-13,81717124.62,Active
A011150,C02793,BR018,Savings,2024-09-21,4320026.94,Active
A011151,C02808,BR015,Savings,2022-07-31,73107445.19,Active
A011152,C06370,BR039,Current,2026-06-09,6249512.87,Active
A011153,C02835,BR011,Current,2025-12-27,20596491.18,Active
A011154,C03015,BR025,Current,2025-07-09,16756307.94,Active
A011155,C06865,BR009,Current,2018-11-07,13105570.04,Active
A011156,C07836,BR020,Savings,2026-02-08,50514904.34,Inactive
A011157,C07117,BR023,Credit,2020-01-28,36410126.44,Active
A011158,C07411,BR007,Savings,2026-07-16,11546217.87,Active
A011159,C01830,BR036,Current,2020-08-14,28541464.21,Active
A011160,C09100,BR014,Current,2025-04-25,52446542.22,Active
A011161,C00066,BR009,Current,2024-11-24,36202429.6,Active
A011162,C03560,BR011,Current,2022-07-21,13451294.31,Active
A011163,C06650,BR028,Savings,2023-09-28,4203045.91,Active
A011164,C05597,BR026,Savings,2026-04-10,19448472.36,Active
A011165,C01351,BR050,Savings,2023-10-12,25608862.15,Active
A011166,C02887,BR050,Savings,2019-12-22,8103991.2,Active
A011167,C01257,BR018,Savings,2022-11-11,15272997.73,Active
A011168,C08197,BR038,Credit,2021-12-01,14037607.16,Active
A011169,C02897,BR020,Savings,2026-02-27,211330673.5,Active
A011170,C01147,BR018,Current,2024-03-31,66095663.63,Active
A011171,C09833,BR030,Savings,2024-09-06,38406310.32,Active
A011172,C00477,BR035,Savings,2023-09-29,14007678.65,Active
A011173,C09237,BR017,Savings,2026-05-14,37570651.43,Active
A011174,C08090,BR027,Savings,2024-10-06,25205967.34,Closed
A011175,C08484,BR025,Savings,2025-01-25,75913681.97,Active
A011176,C08067,BR027,Savings,2023-12-04,346090339.22,Active
A011177,C08923,BR005,Savings,2019-12-29,8311461.36,Active
A011178,C00487,BR006,Savings,2024-12-23,24317041.03,Active
A011179,C03348,BR021,Current,2025-09-11,29361923.55,Active
A011180,C09914,BR032,Current,2024-08-08,11918015.1,Active
A011181,C08922,BR017,Savings,2024-11-10,23461499.33,Active
A011182,C02145,BR038,Savings,2019-12-14,31958813.68,Inactive
A011183,C09189,BR018,Current,2025-05-03,425659908.64,Active
A011184,C08764,BR023,Current,2026-05-20,21890366.45,Active
A011185,C00686,BR018,Savings,2026-02-27,16320061.2,Active
A011186,C07417,BR045,Savings,2026-03-30,28390832.4,Active
A011187,C03131,BR029,Savings,2020-09-05,12489237.4,Active
A011188,C08239,BR004,Savings,2026-07-21,272733445.41,Active
A011189,C08715,BR005,Current,2025-06-23,15248762.07,Active
A011190,C09983,BR038,Current,2026-05-01,38666952.72,Active
A011191,C07030,BR043,Current,2025-06-16,23544033.42,Active
A011192,C07740,BR003,Current,2026-03-27,7246762.0,Active
A011193,C03584,BR040,Savings,2024-07-19,92634925.87,Active
A011194,C07148,BR004,Savings,2025-02-04,96994912.28,Active
A011195,C06160,BR002,Savings,2026-01-18,10831097.16,Closed
A011196,C02222,BR002,Savings,2025-10-22,28330293.38,Active
A011197,C09109,BR009,Current,2022-10-16,8004697.85,Active
A011198,C02059,BR035,Savings,2023-06-22,18358164.29,Active
A011199,C04274,BR033,Current,2022-12-31,19923305.14,Active
A011200,C00293,BR042,Savings,2025-02-18,47965305.66,Active
A011201,C09314,BR024,Savings,2024-10-21,16267382.41,Active
A011202,C07363,BR041,Credit,2025-10-22,19522562.21,Active
A011203,C04038,BR027,Current,2026-08-29,16806120.52,Active
A011204,C04584,BR006,Savings,2022-10-23,3822305.87,Active
A011205,C07850,BR039,Current,2025-09-09,15318708.74,Active
A011206,C06526,BR047,Credit,2025-10-13,21407295.05,Active
A011207,C00389,BR047,Savings,2020-02-14,4893964.89,Closed
A011208,C05109,BR004,Current,2025-08-21,4449142.38,Active
A011209,C07465,BR035,Savings,2023-12-31,6377846.7,Active
A011210,C01243,BR014,Current,2019-01-12,134930786.15,Inactive
A011211,C07532,BR028,Current,2026-01-15,19751029.41,Active
A011212,C04544,BR008,Savings,2020-09-15,29132933.86,Active
A011213,C06330,BR047,Current,2021-12-11,20526049.77,Inactive
A011214,C04632,BR007,Savings,2025-12-07,12207477.1,Active
A011215,C04755,BR026,Current,2023-10-02,4588469.25,Active
A011216,C02863,BR032,Savings,2025-07-27,45809860.07,Active
A011217,C09826,BR006,Current,2025-02-06,28038356.36,Inactive
A011218,C08099,BR003,Savings,2024-04-11,40994190.54,Active
A011219,C08499,BR049,Savings,2023-09-24,153368404.61,Active
A011220,C07270,BR027,Savings,2026-05-12,37395149.72,Active
A011221,C02627,BR005,Current,2021-04-15,25965023.63,Active
A011222,C07901,BR031,Current,2024-01-27,14918177.61,Active
A011223,C04640,BR027,Current,2026-08-11,47728468.51,Active
A011224,C01899,BR050,Credit,2021-09-23,9420971.21,Active
A011225,C05735,BR007,Credit,2025-03-23,64482140.5,Active
A011226,C02781,BR012,Current,2024-12-09,17301680.79,Active
A011227,C04166,BR031,Current,2022-06-29,43464515.72,Active
A011228,C07456,BR038,Credit,2024-11-14,94738192.9,Active
A011229,C04770,BR007,Current,2026-03-06,58272954.69,Active
A011230,C07684,BR028,Credit,2020-02-11,23934533.81,Active
A011231,C02721,BR045,Current,2026-01-21,84294638.16,Active
A011232,C07779,BR040,Savings,2026-05-20,50965298.13,Active
A011233,C02225,BR004,Current,2023-11-05,31160314.81,Active
A011234,C09966,BR012,Current,2023-01-26,407622026.88,Active
A011235,C04614,BR004,Current,2022-04-29,4704106.21,Active
A011236,C06082,BR033,Current,2022-11-10,4620722.72,Active
A011237,C03783,BR007,Savings,2025-03-27,10448549.9,Active
A011238,C03259,BR046,Current,2023-04-01,19807112.07,Active
A011239,C03992,BR038,Current,2022-08-20,147951972.87,Active
A011240,C01450,BR012,Current,2025-11-26,4268744.51,Active
A011241,C06333,BR017,Current,2022-07-30,589981494.18,Active
A011242,C00927,BR011,Current,2023-12-19,73637945.43,Active
A011243,C05206,BR027,Savings,2026-07-18,15039818.13,Active
A011244,C08775,BR041,Current,2024-03-12,120790172.28,Active
A011245,C03006,BR023,Current,2024-11-12,60638769.98,Active
A011246,C03405,BR042,Current,2023-09-13,98946163.08,Active
A011247,C00781,BR032,Savings,2026-06-01,118219559.39,Active
A011248,C03840,BR038,Savings,2021-06-03,12914829.06,Active
A011249,C07941,BR042,Current,2026-05-22,145259304.31,Inactive
A011250,C08848,BR030,Savings,2026-07-28,30449967.25,Active
A011251,C09615,BR019,Savings,2024-09-06,25551849.47,Active
A011252,C01159,BR005,Current,2025-07-08,9974434.57,Active
A011253,C04099,BR018,Savings,2021-04-03,5021807.67,Active
A011254,C05809,BR029,Savings,2022-03-18,24038492.65,Active
A011255,C07809,BR035,Current,2026-03-08,5678350.09,Inactive
A011256,C03332,BR010,Current,2023-08-13,129947996.85,Active
A011257,C06695,BR045,Savings,2025-07-01,129973318.33,Active
A011258,C02564,BR033,Savings,2025-08-31,57664491.13,Active
A011259,C08494,BR046,Savings,2025-06-25,13709370.39,Active
A011260,C01916,BR036,Savings,2025-10-28,91936777.68,Active
A011261,C06521,BR028,Credit,2026-01-09,52021461.96,Active
A011262,C08855,BR011,Savings,2025-07-11,4966454.34,Active
A011263,C06933,BR038,Savings,2026-04-26,77833594.25,Active
A011264,C07900,BR005,Savings,2021-10-12,368691128.31,Active
A011265,C00524,BR037,Savings,2026-01-30,44562294.74,Active
A011266,C00383,BR033,Savings,2026-08-17,8024156.41,Active
A011267,C00211,BR003,Credit,2023-06-03,35263454.35,Inactive
A011268,C05056,BR033,Current,2024-08-21,5991816.48,Active
A011269,C01055,BR028,Savings,2023-03-05,5115977.27,Active
A011270,C08079,BR006,Savings,2025-11-10,11791279.65,Active
A011271,C00034,BR041,Savings,2020-10-23,7066200.99,Active
A011272,C09782,BR041,Current,2026-04-09,5058942.93,Active
A011273,C03956,BR028,Current,2025-03-15,312017056.86,Active
A011274,C05336,BR043,Current,2024-12-08,10451359.78,Active
A011275,C04826,BR009,Current,2026-08-27,95306028.85,Active
A011276,C06384,BR028,Current,2025-05-01,6768389.44,Active
A011277,C03163,BR002,Savings,2024-06-30,3823678.62,Active
A011278,C07870,BR016,Current,2024-12-02,42143563.84,Active
A011279,C08152,BR009,Savings,2022-04-11,8387352.32,Inactive
A011280,C05307,BR003,Savings,2025-12-26,88166995.6,Active
A011281,C09089,BR049,Savings,2023-08-10,118323969.47,Active
A011282,C05777,BR038,Savings,2019-12-08,14549544.5,Active
A011283,C06163,BR042,Current,2026-03-02,5006561.47,Active
A011284,C07614,BR004,Current,2026-04-20,75966424.23,Active
A011285,C06563,BR008,Savings,2023-10-07,10266684.82,Active
A011286,C04757,BR047,Current,2025-01-19,18034099.55,Active
A011287,C06998,BR004,Savings,2026-07-14,24744501.38,Active
A011288,C01538,BR040,Savings,2023-04-16,18190767.78,Active
A011289,C08024,BR017,Savings,2024-04-12,109701080.21,Active
A011290,C08257,BR021,Savings,2022-10-03,13747047.32,Active
A011291,C09757,BR039,Savings,2026-07-11,247071604.96,Active
A011292,C05234,BR048,Current,2025-06-28,21848781.37,Inactive
A011293,C07155,BR025,Savings,2023-04-02,13720512.12,Active
A011294,C08749,BR030,Savings,2024-11-21,75998209.99,Inactive
A011295,C02119,BR038,Savings,2023-08-18,20619684.41,Active
A011296,C04253,BR046,Savings,2023-04-02,6563196.28,Active
A011297,C03806,BR003,Savings,2024-10-26,47074858.86,Inactive
A011298,C07367,BR009,Savings,2026-06-25,12287284.37,Active
A011299,C06243,BR047,Current,2022-12-28,87265375.22,Active
A011300,C04219,BR015,Credit,2026-08-30,14475168.19,Active
A011301,C00999,BR002,Current,2023-11-22,590003033.02,Active
A011302,C04693,BR047,Current,2025-02-13,101438611.67,Active
A011303,C08535,BR020,Current,2020-11-25,14412718.47,Inactive
A011304,C03713,BR005,Savings,2026-06-25,47801331.46,Inactive
A011305,C05430,BR026,Current,2025-04-23,8496758.25,Active
A011306,C06457,BR050,Savings,2023-05-28,40535969.08,Active
A011307,C04935,BR050,Current,2024-09-24,31318924.31,Active
A011308,C03092,BR035,Savings,2023-03-11,3453529.99,Active
A011309,C02417,BR027,Savings,2026-01-06,153319639.17,Active
A011310,C02244,BR017,Savings,2022-08-09,34981668.16,Active
A011311,C06675,BR009,Current,2026-06-01,23510825.93,Inactive
A011312,C04508,BR034,Current,2025-11-14,4309320.55,Active
A011313,C01869,BR046,Savings,2023-04-29,129009176.43,Active
A011314,C02797,BR036,Savings,2025-12-22,161913854.89,Active
A011315,C02393,BR035,Savings,2026-03-29,9490440.28,Active
A011316,C05620,BR039,Savings,2025-04-04,21347983.51,Active
A011317,C07638,BR017,Savings,2025-06-13,11307699.72,Active
A011318,C01158,BR038,Savings,2024-12-02,30458094.67,Active
A011319,C06853,BR010,Savings,2025-08-06,11672607.45,Inactive
A011320,C05900,BR038,Credit,2024-06-21,9430567.08,Active
A011321,C04135,BR037,Savings,2022-12-18,77829384.67,Inactive
A011322,C09507,BR041,Credit,2026-05-12,5128065.56,Active
A011323,C05987,BR020,Current,2024-10-07,72603944.07,Active
A011324,C07195,BR038,Current,2023-09-24,103078573.9,Active
A011325,C07570,BR007,Current,2026-03-02,30084726.47,Active
A011326,C06848,BR024,Savings,2023-01-05,18305756.84,Active
A011327,C02600,BR004,Savings,2026-07-19,111258001.81,Active
A011328,C08883,BR038,Savings,2024-10-15,206152550.56,Active
A011329,C03832,BR038,Savings,2023-08-06,47322080.57,Active
A011330,C06287,BR015,Current,2026-05-31,16413497.35,Active
A011331,C06326,BR034,Credit,2025-09-19,8219397.46,Active
A011332,C01111,BR035,Savings,2024-10-19,9803660.65,Active
A011333,C04706,BR024,Current,2021-11-18,12746188.46,Active
A011334,C03631,BR045,Savings,2025-07-06,18746085.66,Active
A011335,C04365,BR013,Current,2024-08-19,11757154.82,Active
A011336,C01976,BR008,Savings,2026-01-23,7548434.37,Active
A011337,C05126,BR038,Savings,2024-04-05,163716054.72,Closed
A011338,C03955,BR005,Savings,2022-04-11,18428141.24,Active
A011339,C02412,BR005,Savings,2025-03-15,38296795.3,Active
A011340,C08791,BR041,Current,2020-08-05,18936638.04,Active
A011341,C00321,BR031,Savings,2024-03-20,17073829.7,Active
A011342,C02754,BR037,Savings,2025-02-02,8445281.4,Active
A011343,C06760,BR004,Savings,2019-11-06,39020611.59,Active
A011344,C01408,BR007,Savings,2026-06-25,16709235.09,Active
A011345,C02177,BR016,Savings,2019-09-17,12613313.55,Active
A011346,C05877,BR045,Credit,2024-01-09,14030938.76,Active
A011347,C06101,BR019,Savings,2024-08-14,21395564.58,Closed
A011348,C01884,BR011,Savings,2025-09-05,14158334.62,Active
A011349,C07943,BR022,Current,2025-12-24,75614348.76,Closed
A011350,C02945,BR046,Current,2026-08-31,35192122.18,Active
A011351,C07789,BR033,Savings,2026-05-03,4822665.29,Active
A011352,C03698,BR047,Savings,2026-06-30,5511339.46,Active
A011353,C02644,BR030,Current,2020-12-15,27927751.98,Closed
A011354,C02150,BR035,Savings,2025-03-15,103619965.74,Active
A011355,C08081,BR043,Savings,2020-01-05,30242449.84,Active
A011356,C03675,BR026,Savings,2026-08-14,66647480.1,Active
A011357,C02875,BR040,Current,2023-08-11,10596808.92,Active
A011358,C04939,BR008,Savings,2025-01-12,9010452.19,Active
A011359,C08244,BR034,Credit,2026-03-01,21612605.66,Active
A011360,C05529,BR028,Current,2023-06-10,155957090.19,Active
A011361,C04748,BR023,Savings,2026-06-17,5253053.26,Active
A011362,C08100,BR023,Current,2021-03-11,12647701.55,Active
A011363,C01689,BR010,Savings,2023-03-08,14679272.53,Active
A011364,C00762,BR038,Current,2023-01-06,8714201.3,Active
A011365,C08260,BR002,Current,2025-09-24,9566550.97,Inactive
A011366,C03447,BR046,Savings,2026-01-28,29444456.02,Active
A011367,C00242,BR043,Credit,2020-08-22,21841193.26,Active
A011368,C03878,BR008,Savings,2026-01-04,28411992.82,Closed
A011369,C06484,BR011,Savings,2025-12-10,19639639.62,Active
A011370,C05477,BR042,Savings,2021-08-29,43412480.15,Active
A011371,C05291,BR038,Savings,2026-08-08,21042256.76,Active
A011372,C02872,BR038,Savings,2026-07-26,41081652.19,Active
A011373,C07215,BR005,Savings,2025-10-06,11688991.83,Active
A011374,C02728,BR043,Savings,2025-10-21,6547290.35,Active
A011375,C00126,BR019,Credit,2024-12-09,9201255.73,Active
A011376,C04305,BR011,Savings,2026-03-05,85230711.1,Active
A011377,C05621,BR047,Savings,2024-02-11,58077783.77,Active
A011378,C04617,BR049,Savings,2023-06-10,7400298.03,Active
A011379,C00693,BR020,Savings,2025-06-29,37273707.24,Active
A011380,C06293,BR046,Current,2026-08-12,13631411.89,Inactive
A011381,C05752,BR046,Savings,2021-01-26,9832642.95,Active
A011382,C08941,BR029,Current,2024-01-03,37500237.16,Inactive
A011383,C01967,BR038,Savings,2020-07-31,21577049.25,Active
A011384,C01960,BR029,Savings,2026-08-15,12558686.66,Active
A011385,C04184,BR048,Savings,2023-10-09,4980225.83,Active
A011386,C04098,BR045,Savings,2026-01-01,131690194.97,Active
A011387,C04466,BR025,Credit,2025-10-05,15358102.07,Active
A011388,C04201,BR008,Current,2020-03-08,238144868.6,Active
A011389,C09905,BR008,Savings,2019-11-26,17930615.58,Active
A011390,C08812,BR043,Current,2021-09-10,8387344.51,Active
A011391,C02618,BR005,Savings,2026-05-13,3333571.06,Active
A011392,C06224,BR029,Savings,2021-01-22,28596527.43,Active
A011393,C07117,BR045,Savings,2019-05-29,5306283.01,Active
A011394,C07663,BR037,Savings,2023-03-18,10821496.61,Active
A011395,C00641,BR023,Savings,2025-04-05,57243883.5,Active
A011396,C07860,BR038,Credit,2025-01-10,24455053.47,Active
A011397,C06438,BR050,Savings,2020-12-21,20490114.8,Active
A011398,C03723,BR007,Current,2026-01-14,154942231.1,Active
A011399,C04218,BR033,Savings,2021-04-24,30990789.77,Active
A011400,C07976,BR023,Current,2026-06-08,53133485.77,Active
A011401,C01105,BR047,Savings,2022-04-21,9265582.43,Active
A011402,C09484,BR040,Savings,2025-08-31,11097311.57,Active
A011403,C05390,BR036,Current,2025-09-16,7171698.37,Active
A011404,C01042,BR030,Savings,2026-05-21,14612715.76,Active
A011405,C08894,BR049,Current,2026-02-02,13494254.71,Active
A011406,C03647,BR002,Savings,2025-09-16,3684328.97,Closed
A011407,C00661,BR041,Current,2023-03-12,50617436.14,Active
A011408,C03220,BR023,Savings,2025-05-24,219073701.26,Active
A011409,C06796,BR012,Current,2023-04-30,94914135.98,Active
A011410,C09205,BR028,Savings,2024-10-13,26585583.51,Active
A011411,C03462,BR040,Savings,2023-08-13,13621023.8,Closed
A011412,C07027,BR024,Current,2023-12-31,3314727.38,Active
A011413,C04530,BR047,Savings,2025-07-04,13533139.61,Active
A011414,C00512,BR046,Savings,2021-03-28,165871638.13,Active
A011415,C04613,BR040,Current,2024-02-21,5809550.31,Active
A011416,C07379,BR007,Savings,2025-01-14,27267113.5,Inactive
A011417,C03748,BR035,Current,2025-04-12,3844274.37,Active
A011418,C06801,BR047,Current,2024-04-27,81138737.77,Inactive
A011419,C01543,BR004,Savings,2025-10-25,23188696.99,Active
A011420,C09470,BR005,Savings,2023-04-02,272664781.76,Active
A011421,C03452,BR035,Savings,2018-10-03,451581882.49,Active
A011422,C06490,BR041,Credit,2026-08-04,56644411.26,Active
A011423,C08840,BR022,Savings,2025-11-01,9443410.63,Inactive
A011424,C04409,BR013,Current,2024-08-08,17666034.38,Closed
A011425,C06175,BR036,Current,2024-12-15,8199487.83,Active
A011426,C03855,BR034,Current,2023-12-14,29168527.98,Active
A011427,C05620,BR039,Current,2025-04-04,6233352.94,Active
A011428,C02348,BR012,Current,2022-09-23,27506975.0,Active
A011429,C09674,BR028,Savings,2025-06-21,11752882.79,Active
A011430,C09327,BR021,Current,2021-05-23,58537464.12,Active
A011431,C00639,BR045,Current,2025-03-15,10538773.87,Inactive
A011432,C08605,BR045,Savings,2025-03-05,617909148.82,Active
A011433,C07881,BR019,Current,2026-02-23,114390269.7,Active
A011434,C02182,BR014,Savings,2023-09-03,242988109.18,Active
A011435,C09557,BR017,Current,2023-01-04,43244081.68,Active
A011436,C08182,BR001,Current,2026-06-01,23801867.53,Active
A011437,C02907,BR038,Savings,2026-08-13,117826261.63,Active
A011438,C04769,BR025,Savings,2023-03-20,185083754.09,Active
A011439,C01023,BR033,Current,2019-05-13,4204290.97,Active
A011440,C03741,BR028,Savings,2020-10-24,61726613.82,Closed
A011441,C07578,BR023,Credit,2025-07-07,8797921.82,Active
A011442,C09275,BR046,Savings,2023-09-09,23316132.93,Active
A011443,C09260,BR045,Savings,2024-12-24,11532026.19,Active
A011444,C05980,BR038,Savings,2020-07-15,43225675.43,Active
A011445,C08170,BR038,Current,2022-02-19,11029082.51,Active
A011446,C08866,BR022,Savings,2022-04-08,33668349.53,Active
A011447,C06590,BR031,Savings,2022-10-02,57619606.88,Active
A011448,C01775,BR029,Current,2026-04-21,11258895.43,Active
A011449,C09660,BR045,Current,2026-06-25,22849521.07,Active
A011450,C06749,BR001,Current,2025-12-13,11125446.44,Active
A011451,C08436,BR001,Savings,2023-12-16,21330274.72,Inactive
A011452,C06324,BR048,Savings,2022-05-08,7969826.98,Closed
A011453,C04433,BR038,Savings,2023-03-01,11849774.73,Active
A011454,C00473,BR046,Current,2025-11-05,8004651.26,Inactive
A011455,C04391,BR002,Current,2026-08-22,7619699.47,Active
A011456,C09146,BR010,Current,2023-11-20,195275254.5,Inactive
A011457,C09359,BR001,Savings,2024-02-21,8465055.26,Active
A011458,C02475,BR015,Savings,2025-03-31,62721437.0,Active
A011459,C01792,BR022,Savings,2021-04-15,34595851.26,Inactive
A011460,C02487,BR018,Current,2025-10-23,27331812.54,Active
A011461,C07226,BR023,Savings,2024-02-20,55757725.48,Active
A011462,C04085,BR004,Current,2026-08-17,515003988.91,Active
A011463,C01728,BR008,Current,2024-01-20,9278785.72,Active
A011464,C03372,BR037,Current,2025-01-23,77770790.74,Active
A011465,C04416,BR007,Current,2023-11-19,120239207.67,Active
A011466,C08093,BR036,Savings,2025-06-13,13253927.59,Active
A011467,C03120,BR016,Current,2026-08-19,15705683.31,Active
A011468,C00161,BR042,Current,2024-08-22,90696951.0,Active
A011469,C08349,BR009,Savings,2023-09-22,12411217.51,Active
A011470,C03766,BR036,Current,2025-09-23,4989649.76,Active
A011471,C00898,BR005,Savings,2024-01-22,249817679.86,Active
A011472,C06874,BR028,Current,2025-08-11,14740266.11,Inactive
A011473,C08853,BR018,Savings,2023-09-21,90964943.28,Active
A011474,C04683,BR038,Savings,2026-07-20,79088339.45,Active
A011475,C03211,BR045,Current,2026-01-19,8683476.71,Active
A011476,C00300,BR001,Savings,2026-03-05,25341375.64,Active
A011477,C07728,BR049,Savings,2026-01-08,7958266.93,Active
A011478,C05128,BR032,Savings,2026-08-25,19392126.46,Inactive
A011479,C05246,BR038,Savings,2025-11-12,17623879.96,Inactive
A011480,C01973,BR024,Credit,2025-05-05,658796069.54,Active
A011481,C07862,BR019,Current,2026-07-14,186372011.31,Active
A011482,C08740,BR044,Credit,2026-08-29,220151573.93,Active
A011483,C01977,BR042,Credit,2023-05-01,46590193.25,Active
A011484,C04959,BR015,Current,2024-08-03,1150460878.9,Active
A011485,C03676,BR046,Savings,2026-02-17,67157248.72,Inactive
A011486,C03513,BR015,Current,2021-12-21,14921216.64,Active
A011487,C05490,BR037,Current,2024-07-24,10100350.29,Active
A011488,C00160,BR038,Savings,2023-01-21,11748167.02,Active
A011489,C06841,BR029,Savings,2025-12-17,5727445.83,Active
A011490,C09706,BR030,Savings,2025-01-28,27940543.86,Active
A011491,C09859,BR002,Current,2026-02-26,2909016.6,Closed
A011492,C03590,BR021,Current,2023-10-02,49109880.13,Active
A011493,C02221,BR049,Current,2022-10-29,14456159.12,Active
A011494,C09431,BR003,Current,2024-01-20,42431375.02,Active
A011495,C00002,BR003,Savings,2025-07-14,9697368.36,Active
A011496,C02715,BR045,Current,2023-08-31,107934310.34,Active
A011497,C00298,BR041,Savings,2026-07-28,14059002.1,Active
A011498,C04751,BR013,Savings,2019-12-11,31949141.86,Inactive
A011499,C00858,BR028,Current,2024-09-21,20257372.48,Active
A011500,C08442,BR009,Savings,2023-03-09,29143086.4,Active
A011501,C08510,BR047,Savings,2025-10-10,54411862.68,Inactive
A011502,C08056,BR044,Savings,2021-11-15,6664735.62,Closed
A011503,C04447,BR037,Current,2022-09-24,20120774.86,Active
A011504,C05097,BR001,Current,2023-04-18,10154000.7,Active
A011505,C06531,BR021,Current,2026-02-15,15368336.15,Active
A011506,C08218,BR003,Credit,2022-07-06,19334095.69,Active
A011507,C02040,BR040,Current,2025-04-25,945259203.22,Active
A011508,C08044,BR022,Savings,2019-02-14,138743386.28,Active
A011509,C00696,BR046,Savings,2024-05-16,8699299.13,Active
A011510,C09235,BR035,Savings,2026-08-20,35891879.36,Active
A011511,C08325,BR011,Current,2024-05-31,58789018.95,Active
A011512,C09737,BR043,Current,2024-02-12,4228817.76,Active
A011513,C09910,BR021,Savings,2026-01-18,10444211.72,Active
A011514,C03704,BR049,Current,2026-07-09,25134616.95,Closed
A011515,C04267,BR040,Savings,2023-10-08,251932075.0,Active
A011516,C04868,BR042,Savings,2024-05-21,300727318.15,Active
A011517,C04976,BR036,Savings,2025-06-18,15331730.91,Active
A011518,C07427,BR002,Current,2023-04-27,43358702.79,Inactive
A011519,C06815,BR037,Current,2026-06-21,87414215.06,Closed
A011520,C00707,BR048,Credit,2026-05-12,5977049.3,Active
A011521,C01834,BR004,Savings,2026-08-25,47314990.42,Active
A011522,C06036,BR046,Current,2019-09-04,27637198.7,Active
A011523,C04060,BR001,Current,2026-07-12,10603548.91,Active
A011524,C09934,BR038,Savings,2020-09-18,31244686.78,Active
A011525,C04822,BR001,Savings,2024-11-21,13266532.36,Active
A011526,C07531,BR023,Current,2026-05-17,30686983.35,Active
A011527,C07450,BR034,Savings,2023-08-24,38196443.98,Active
A011528,C06414,BR037,Credit,2023-10-13,31858313.72,Active
A011529,C08932,BR037,Savings,2025-09-20,9268487.39,Active
A011530,C05455,BR023,Credit,2024-03-01,12785234.31,Active
A011531,C05409,BR006,Current,2025-09-04,33539139.42,Active
A011532,C01742,BR031,Credit,2026-08-01,55339517.68,Active
A011533,C05263,BR011,Credit,2021-06-22,7146884.1,Active
A011534,C07311,BR003,Savings,2023-04-09,89648618.03,Inactive
A011535,C01841,BR019,Savings,2025-01-05,68872063.3,Active
A011536,C01043,BR037,Savings,2025-07-18,10320556.9,Active
A011537,C05848,BR001,Current,2024-01-06,17836349.58,Active
A011538,C09228,BR007,Savings,2025-12-10,5726893.45,Active
A011539,C06228,BR046,Savings,2025-06-09,3783228.59,Active
A011540,C06950,BR038,Savings,2021-02-11,83016076.92,Active
A011541,C00891,BR027,Credit,2021-03-15,86052441.91,Active
A011542,C02478,BR020,Savings,2026-07-30,17242804.17,Active
A011543,C06222,BR006,Savings,2023-09-21,8024173.69,Active
A011544,C04022,BR032,Savings,2022-11-18,149967083.27,Active
A011545,C09330,BR029,Savings,2026-07-15,228410613.67,Active
A011546,C05640,BR038,Savings,2025-07-11,1614672.34,Active
A011547,C06991,BR018,Savings,2021-02-11,53790845.59,Active
A011548,C06408,BR038,Current,2023-09-10,11976180.74,Active
A011549,C07448,BR027,Savings,2024-07-04,13091763.84,Active
A011550,C02177,BR025,Savings,2022-07-04,12792267.3,Active
A011551,C03681,BR039,Savings,2025-05-02,8954162.5,Active
A011552,C04296,BR050,Credit,2020-09-17,47606147.06,Active
A011553,C02620,BR003,Savings,2023-08-14,11818513.8,Active
A011554,C02594,BR029,Savings,2025-03-19,4021557.77,Active
A011555,C05787,BR019,Savings,2025-12-23,3132944.09,Active
A011556,C05341,BR023,Savings,2026-06-05,16224048.11,Active
A011557,C09412,BR025,Savings,2026-08-26,16441984.61,Active
A011558,C02765,BR017,Current,2024-01-15,30312818.18,Active
A011559,C07057,BR028,Savings,2023-06-08,285282782.08,Active
A011560,C04586,BR034,Current,2021-06-24,5772749.19,Active
A011561,C02536,BR017,Current,2025-05-10,3178256.41,Active
A011562,C05719,BR044,Savings,2022-06-22,7358773.98,Active
A011563,C08176,BR016,Current,2023-01-30,107532212.68,Inactive
A011564,C04840,BR017,Savings,2026-08-04,1108865031.67,Active
A011565,C09027,BR044,Current,2023-06-28,15663270.79,Active
A011566,C00720,BR040,Current,2025-04-19,5681289.83,Inactive
A011567,C01529,BR035,Current,2024-04-12,7419515.21,Active
A011568,C02810,BR026,Savings,2024-06-24,44164994.15,Active
A011569,C09585,BR031,Current,2024-09-18,10840176.95,Active
A011570,C03440,BR003,Current,2023-05-07,36773097.85,Active
A011571,C04956,BR016,Savings,2026-07-22,39141283.78,Active
A011572,C02766,BR042,Savings,2022-02-14,13069032.3,Active
A011573,C06977,BR028,Savings,2020-07-06,17365861.38,Inactive
A011574,C04182,BR013,Savings,2025-01-04,184913258.14,Active
A011575,C08484,BR020,Credit,2026-05-12,24169481.05,Active
A011576,C07513,BR026,Savings,2025-09-28,279740806.14,Active
A011577,C02894,BR023,Savings,2026-01-10,2339788.55,Active
A011578,C04743,BR042,Current,2025-11-03,22130094.24,Active
A011579,C09735,BR031,Savings,2026-07-27,63128661.21,Active
A011580,C07157,BR016,Current,2026-07-03,80935894.71,Inactive
A011581,C05350,BR023,Savings,2023-06-13,6094082.85,Active
A011582,C00918,BR042,Savings,2026-08-08,129013774.33,Inactive
A011583,C01270,BR050,Savings,2022-04-19,27840529.26,Active
A011584,C04769,BR034,Current,2026-01-25,31473523.96,Active
A011585,C03114,BR005,Current,2024-09-04,9794038.65,Closed
A011586,C07341,BR027,Savings,2022-09-18,30236411.96,Active
A011587,C04042,BR049,Savings,2019-07-24,7803135.22,Active
A011588,C03021,BR037,Savings,2026-07-11,18798577.31,Active
A011589,C00611,BR023,Current,2026-08-01,46894479.01,Active
A011590,C09664,BR040,Current,2026-05-07,2212365.57,Active
A011591,C04864,BR046,Savings,2025-07-06,11416407.16,Active
A011592,C06758,BR042,Current,2023-07-15,18492384.52,Active
A011593,C07019,BR031,Savings,2026-07-10,83453838.42,Inactive
A011594,C03644,BR040,Savings,2021-07-20,55218534.2,Active
A011595,C05446,BR016,Current,2026-01-18,34592922.75,Active
A011596,C03812,BR018,Current,2023-11-09,8538608.73,Inactive
A011597,C03708,BR031,Current,2022-09-19,4574919.27,Active
A011598,C03840,BR038,Current,2021-04-29,37066576.46,Active
A011599,C09323,BR033,Savings,2022-07-26,21405578.29,Active
A011600,C09352,BR001,Savings,2023-03-04,331241634.05,Active
A011601,C01534,BR019,Savings,2025-02-17,13864571.03,Active
A011602,C07972,BR012,Savings,2026-06-25,164321416.16,Active
A011603,C07238,BR050,Savings,2023-01-31,18985449.33,Active
A011604,C00017,BR019,Savings,2025-12-01,25142004.11,Active
A011605,C09529,BR039,Savings,2026-07-29,8619241.48,Active
A011606,C05829,BR041,Current,2025-07-06,20902695.64,Active
A011607,C08319,BR030,Current,2025-12-07,24669833.0,Active
A011608,C05955,BR033,Current,2026-08-29,36190351.08,Active
A011609,C07914,BR020,Savings,2021-09-19,68363103.55,Active
A011610,C06256,BR041,Current,2025-12-24,148926998.56,Active
A011611,C01861,BR035,Credit,2024-04-05,11471663.68,Active
A011612,C09721,BR025,Current,2024-01-16,13950158.53,Active
A011613,C03985,BR047,Savings,2024-05-05,60946305.07,Active
A011614,C07988,BR004,Savings,2023-03-14,65232812.21,Active
A011615,C07449,BR035,Savings,2023-11-18,62591410.73,Inactive
A011616,C01748,BR021,Current,2021-06-18,3360422.07,Closed
A011617,C00033,BR009,Savings,2026-06-20,26052369.64,Closed
A011618,C04040,BR041,Savings,2026-02-13,8500943.09,Active
A011619,C09024,BR015,Savings,2026-06-21,16874948.92,Inactive
A011620,C08862,BR035,Savings,2021-02-02,11658306.51,Active
A011621,C09983,BR038,Savings,2026-08-14,10500428.11,Active
A011622,C02709,BR029,Current,2021-10-20,13651734.86,Active
A011623,C03058,BR048,Credit,2022-07-27,14517696.15,Inactive
A011624,C09343,BR025,Savings,2026-02-10,182232250.72,Active
A011625,C00826,BR034,Current,2026-08-13,231869551.23,Active
A011626,C02377,BR046,Savings,2024-08-05,126157005.47,Active
A011627,C03643,BR005,Savings,2021-12-05,41483465.74,Active
A011628,C03210,BR025,Current,2026-03-02,145464179.05,Active
A011629,C07176,BR021,Current,2026-01-19,22281160.1,Active
A011630,C03558,BR028,Savings,2024-03-09,48046272.13,Active
A011631,C08597,BR038,Credit,2024-04-24,5265997.03,Active
A011632,C06019,BR040,Savings,2019-10-20,8675304.62,Active
A011633,C09695,BR027,Savings,2023-04-29,181492064.87,Active
A011634,C05976,BR047,Savings,2024-01-05,11786323.9,Active
A011635,C08440,BR038,Current,2025-04-14,129302792.85,Active
A011636,C04147,BR021,Current,2025-11-09,6147020.17,Active
A011637,C08055,BR002,Savings,2026-03-13,22427537.55,Active
A011638,C03578,BR031,Credit,2023-05-31,9378327.73,Active
A011639,C00522,BR040,Savings,2025-11-16,11363414.71,Active
A011640,C03288,BR006,Current,2026-06-16,17608517.46,Active
A011641,C07761,BR037,Savings,2025-07-23,57572712.4,Active
A011642,C03693,BR040,Savings,2026-08-12,197958123.86,Active
A011643,C08060,BR026,Savings,2025-11-24,14069023.79,Active
A011644,C05624,BR021,Current,2025-12-30,6331074.83,Active
A011645,C08235,BR007,Savings,2024-06-20,8419008.18,Active
A011646,C02869,BR024,Savings,2025-01-13,6285070.46,Active
A011647,C02709,BR029,Savings,2022-04-08,18244766.49,Active
A011648,C07124,BR031,Current,2025-09-20,107742354.8,Active
A011649,C04316,BR023,Savings,2020-11-08,129406831.89,Inactive
A011650,C08068,BR007,Savings,2025-04-06,8208173.55,Active
A011651,C00881,BR020,Current,2025-08-22,114158380.82,Active
A011652,C05585,BR027,Savings,2026-05-02,16420495.23,Active
A011653,C08459,BR038,Savings,2026-08-26,14322735.98,Inactive
A011654,C01159,BR048,Current,2026-07-31,5556186.21,Active
A011655,C00175,BR017,Current,2026-07-27,16956529.83,Active
A011656,C04328,BR038,Savings,2023-11-25,17392089.86,Active
A011657,C00841,BR045,Current,2023-06-06,16271790.38,Active
A011658,C00457,BR021,Savings,2024-05-09,20657755.27,Active
A011659,C07833,BR002,Current,2025-08-21,610091948.92,Active
A011660,C02529,BR023,Savings,2024-10-03,6231590.23,Active
A011661,C02151,BR041,Credit,2022-08-18,12612562.39,Active
A011662,C07318,BR038,Savings,2022-09-04,22661428.23,Active
A011663,C04217,BR020,Savings,2020-01-20,12101559.69,Active
A011664,C04947,BR030,Savings,2025-12-27,32316859.07,Active
A011665,C05853,BR009,Savings,2025-07-13,16122132.19,Active
A011666,C00172,BR030,Current,2026-03-17,20360174.98,Closed
A011667,C05649,BR030,Savings,2024-04-19,29358829.52,Active
A011668,C04501,BR006,Savings,2021-05-04,73703801.3,Inactive
A011669,C01322,BR004,Credit,2026-08-07,3641084.35,Active
A011670,C02926,BR038,Savings,2026-04-02,12258484.54,Active
A011671,C06224,BR035,Credit,2021-01-08,5437713.71,Active
A011672,C05211,BR027,Current,2024-06-03,639341143.59,Active
A011673,C07023,BR032,Savings,2026-07-05,78017873.55,Active
A011674,C07309,BR033,Savings,2024-11-30,41904988.59,Inactive
A011675,C03825,BR013,Current,2026-03-11,669553853.35,Active
A011676,C05646,BR038,Savings,2019-08-18,21647083.5,Active
A011677,C03931,BR005,Savings,2019-03-16,67829100.84,Closed
A011678,C01818,BR026,Savings,2025-03-12,5537661.22,Active
A011679,C02404,BR028,Savings,2026-03-29,44358084.43,Active
A011680,C03225,BR048,Savings,2026-04-17,7554050.23,Active
A011681,C08315,BR048,Savings,2025-06-17,27255299.08,Active
A011682,C08340,BR038,Savings,2022-03-18,3909198.53,Active
A011683,C03633,BR028,Current,2025-02-21,14443757.98,Active
A011684,C00692,BR036,Current,2022-07-25,12278167.54,Active
A011685,C08329,BR012,Current,2025-04-09,165158223.9,Active
A011686,C00744,BR017,Current,2025-08-23,94154987.25,Active
A011687,C01329,BR050,Savings,2019-09-12,23016662.94,Active
A011688,C07287,BR046,Savings,2022-08-04,9852864.23,Active
A011689,C09291,BR038,Current,2025-05-17,5602716.96,Active
A011690,C09564,BR001,Current,2026-06-29,11561370.6,Active
A011691,C09859,BR007,Savings,2025-05-15,27932199.01,Active
A011692,C01958,BR005,Savings,2025-02-05,27881481.03,Active
A011693,C06475,BR002,Savings,2023-05-04,10628936.54,Active
A011694,C09795,BR007,Savings,2021-12-19,7534218.85,Active
A011695,C04934,BR001,Savings,2023-12-29,6441148.75,Active
A011696,C08227,BR020,Credit,2026-02-25,13446904.34,Active
A011697,C02892,BR008,Credit,2022-03-08,16731466.01,Active
A011698,C02080,BR008,Savings,2021-05-24,1137384224.36,Active
A011699,C03139,BR019,Current,2024-09-28,16555440.97,Inactive
A011700,C08862,BR035,Current,2021-10-18,24509553.89,Active
A011701,C03517,BR041,Savings,2025-11-22,8033945.97,Active
A011702,C02689,BR011,Savings,2024-05-05,15508852.73,Active
A011703,C09608,BR050,Savings,2023-02-05,16778745.99,Active
A011704,C02733,BR042,Credit,2022-06-28,13404973.29,Active
A011705,C07752,BR046,Savings,2026-05-27,14740446.29,Active
A011706,C00632,BR020,Savings,2023-09-01,87389886.6,Active
A011707,C02087,BR042,Current,2025-09-13,22040455.51,Active
A011708,C09747,BR046,Savings,2021-08-22,38219453.34,Active
A011709,C04159,BR024,Savings,2023-06-30,2448833.94,Active
A011710,C09571,BR046,Savings,2023-05-03,36563124.76,Active
A011711,C07129,BR021,Savings,2025-12-29,3816766.92,Active
A011712,C04167,BR023,Current,2025-09-23,99301493.32,Active
A011713,C01335,BR044,Current,2025-10-30,98746244.86,Active
A011714,C03083,BR041,Savings,2023-07-26,14498105.28,Active
A011715,C08887,BR019,Savings,2025-10-19,17323526.88,Active
A011716,C08603,BR032,Savings,2026-02-08,11702967.36,Active
A011717,C01969,BR047,Credit,2026-08-28,127626786.93,Inactive
A011718,C03511,BR045,Savings,2023-11-05,103086930.89,Active
A011719,C08451,BR017,Savings,2022-11-24,8733903.49,Active
A011720,C00949,BR022,Savings,2019-02-18,13688660.06,Active
A011721,C06422,BR013,Current,2021-06-09,6130651.34,Inactive
A011722,C03369,BR013,Savings,2025-02-06,13638505.3,Active
A011723,C01057,BR044,Current,2020-12-20,59648327.16,Active
A011724,C02265,BR004,Credit,2021-10-03,16731329.21,Active
A011725,C01173,BR002,Current,2023-09-15,8500449.83,Active
A011726,C04997,BR022,Current,2023-02-23,12635430.96,Active
A011727,C03695,BR016,Savings,2019-01-31,80492786.95,Active
A011728,C02354,BR028,Savings,2020-12-28,372660311.94,Active
A011729,C08109,BR015,Savings,2023-09-08,96933505.75,Active
A011730,C02727,BR016,Savings,2023-01-20,13049059.59,Active
A011731,C03730,BR010,Current,2024-02-09,186527415.32,Active
A011732,C02450,BR004,Savings,2020-06-23,16017931.59,Active
A011733,C02421,BR022,Current,2020-08-10,13000189.58,Active
A011734,C07838,BR029,Savings,2026-05-20,34047844.1,Inactive
A011735,C08791,BR041,Savings,2021-03-15,37661690.17,Active
A011736,C05247,BR022,Current,2026-06-26,116777312.14,Inactive
A011737,C03356,BR016,Savings,2025-10-18,24576085.6,Active
A011738,C00343,BR005,Savings,2023-08-05,141804244.61,Active
A011739,C05690,BR005,Current,2024-07-24,5110949.32,Active
A011740,C06533,BR041,Savings,2021-12-29,23846285.39,Active
A011741,C01696,BR022,Savings,2023-11-02,716728486.31,Active
A011742,C02429,BR031,Savings,2024-05-03,7016979.75,Active
A011743,C08422,BR014,Savings,2019-02-07,12415887.5,Active
A011744,C02094,BR003,Savings,2026-04-21,17411068.94,Active
A011745,C01982,BR007,Current,2022-01-24,552415015.0,Active
A011746,C02786,BR010,Savings,2023-01-12,6802557.69,Active
A011747,C02966,BR004,Savings,2022-09-15,179815499.63,Closed
A011748,C02446,BR018,Current,2023-06-17,2958172.55,Active
A011749,C02416,BR037,Savings,2025-10-08,43252136.9,Active
A011750,C09988,BR008,Savings,2026-05-27,23295592.4,Active
A011751,C01749,BR012,Savings,2025-08-04,51768744.38,Active
A011752,C03319,BR044,Current,2025-02-28,29951364.27,Active
A011753,C05137,BR025,Savings,2026-07-17,6487070.01,Active
A011754,C04868,BR042,Savings,2024-10-15,383708058.07,Inactive
A011755,C05146,BR050,Current,2025-05-23,18153331.55,Active
A011756,C06913,BR022,Current,2026-08-29,94379227.8,Active
A011757,C00761,BR001,Savings,2026-06-25,44443750.0,Active
A011758,C07015,BR039,Current,2024-08-22,10086404.86,Active
A011759,C01758,BR030,Current,2018-09-13,87422093.87,Active
A011760,C09049,BR035,Savings,2024-08-12,8386767.84,Active
A011761,C07893,BR035,Savings,2024-08-17,96741608.15,Active
A011762,C02995,BR025,Current,2023-02-15,9177450.35,Active
A011763,C06902,BR029,Credit,2026-08-21,33383114.62,Active
A011764,C00141,BR002,Current,2024-10-11,238866806.13,Active
A011765,C08788,BR007,Current,2023-11-23,64961949.91,Closed
A011766,C07743,BR039,Current,2025-04-07,152354153.41,Active
A011767,C09734,BR029,Savings,2026-05-27,12656951.22,Active
A011768,C02823,BR013,Savings,2024-07-26,7091559.28,Active
A011769,C05991,BR016,Credit,2023-06-16,59383963.57,Active
A011770,C08118,BR023,Credit,2024-11-29,16062799.26,Active
A011771,C08090,BR044,Current,2025-09-17,3591191.6,Inactive
A011772,C00267,BR027,Current,2023-06-09,24743816.27,Closed
A011773,C05027,BR010,Current,2021-08-07,16068597.16,Active
A011774,C00187,BR036,Savings,2020-12-20,161161570.44,Active
A011775,C02402,BR047,Savings,2023-06-22,24399441.53,Active
A011776,C08743,BR037,Current,2020-04-29,16510703.29,Inactive
A011777,C06130,BR037,Savings,2022-01-01,11283960.05,Active
A011778,C04082,BR038,Credit,2023-12-02,50720977.3,Active
A011779,C02117,BR029,Savings,2026-02-11,365379856.61,Active
A011780,C08846,BR039,Savings,2025-07-11,11435592.92,Active
A011781,C00346,BR045,Current,2025-06-25,34531949.92,Active
A011782,C07067,BR037,Current,2025-05-30,8521995.05,Active
A011783,C00294,BR028,Savings,2026-05-28,9373639.47,Active
A011784,C06927,BR042,Savings,2019-03-11,11012756.03,Active
A011785,C06567,BR035,Savings,2021-03-13,25940263.87,Active
A011786,C02732,BR003,Current,2026-05-19,6347871.54,Active
A011787,C09923,BR038,Current,2022-05-18,51832718.58,Active
A011788,C09622,BR011,Credit,2025-05-24,31764458.48,Active
A011789,C08038,BR030,Savings,2026-07-24,127114375.86,Active
A011790,C03842,BR014,Current,2024-09-05,11857949.28,Active
A011791,C05673,BR016,Savings,2025-11-01,29126262.92,Active
A011792,C01343,BR036,Current,2023-03-06,1453769.61,Active
A011793,C04106,BR003,Savings,2019-02-05,21344013.28,Active
A011794,C07467,BR050,Credit,2026-04-18,17049959.96,Active
A011795,C04692,BR046,Savings,2020-04-25,3317056.35,Active
A011796,C01445,BR037,Credit,2023-12-08,20760509.23,Active
A011797,C00905,BR013,Credit,2025-04-23,24065122.23,Active
A011798,C09822,BR018,Current,2021-06-23,21854649.99,Active
A011799,C07501,BR008,Savings,2023-11-01,5804497.61,Active
A011800,C04806,BR030,Savings,2026-08-01,78222827.96,Active
A011801,C08331,BR002,Current,2026-07-27,301524211.85,Closed
A011802,C08043,BR038,Savings,2026-07-02,763897793.5,Active
A011803,C01783,BR040,Savings,2022-12-02,176053509.78,Active
A011804,C09154,BR032,Current,2022-04-03,105402083.61,Active
A011805,C05636,BR024,Savings,2025-08-01,33846760.12,Active
A011806,C04521,BR020,Credit,2019-09-04,2766933.08,Active
A011807,C01421,BR030,Savings,2025-02-28,12473752.94,Closed
A011808,C09047,BR038,Savings,2024-05-25,30000000.0,Active
A011809,C06202,BR033,Savings,2025-07-22,3710532.03,Closed
A011810,C08820,BR047,Current,2025-05-24,9691397.18,Active
A011811,C02161,BR027,Current,2025-01-28,8808724.49,Active
A011812,C07865,BR037,Savings,2023-02-14,82352913.63,Closed
A011813,C06880,BR046,Current,2022-09-18,14754229.56,Active
A011814,C03280,BR025,Savings,2025-02-20,16693912.72,Active
A011815,C08480,BR041,Current,2022-11-01,17250099.65,Closed
A011816,C07385,BR010,Current,2022-01-22,19577645.52,Active
A011817,C02518,BR018,Savings,2026-07-11,6964420.9,Active
A011818,C00032,BR037,Current,2024-12-28,195996989.42,Active
A011819,C04563,BR040,Savings,2026-07-13,14563927.52,Active
A011820,C04967,BR033,Savings,2025-01-26,344074703.09,Active
A011821,C09128,BR024,Current,2022-04-03,6312351.75,Inactive
A011822,C02268,BR030,Savings,2025-04-01,170565297.75,Active
A011823,C04982,BR038,Savings,2022-10-15,26786304.83,Active
A011824,C00823,BR046,Current,2022-08-03,7540412.23,Active
A011825,C09752,BR007,Credit,2026-03-01,69142557.61,Active
A011826,C06508,BR018,Savings,2024-03-07,74864657.88,Active
A011827,C08078,BR007,Savings,2025-03-29,17056166.87,Active
A011828,C05279,BR040,Current,2024-03-31,20585747.46,Active
A011829,C04333,BR038,Credit,2026-06-11,9215637.42,Active
A011830,C08415,BR004,Current,2024-08-09,64254268.59,Active
A011831,C03296,BR036,Savings,2022-11-11,230431773.41,Active
A011832,C02736,BR022,Savings,2023-11-22,16423048.47,Active
A011833,C00334,BR048,Savings,2026-01-24,14172558.94,Active
A011834,C08013,BR022,Savings,2026-02-14,15091973.86,Active
A011835,C09332,BR030,Credit,2026-06-07,114933813.95,Active
A011836,C02825,BR038,Savings,2025-01-16,15485377.69,Active
A011837,C08994,BR050,Savings,2023-04-12,180164765.32,Active
A011838,C00767,BR038,Savings,2026-08-07,50566080.39,Active
A011839,C05897,BR013,Savings,2025-05-27,138179813.91,Active
A011840,C07201,BR019,Current,2023-10-01,4783943.95,Active
A011841,C01664,BR038,Savings,2024-08-07,21509970.81,Active
A011842,C03778,BR026,Savings,2026-02-14,8406424.03,Active
A011843,C05742,BR049,Savings,2026-03-08,79116188.25,Active
A011844,C04533,BR016,Savings,2023-07-27,6848245.09,Active
A011845,C04958,BR050,Current,2025-03-15,81556848.24,Active
A011846,C03410,BR016,Savings,2026-01-01,45795421.36,Active
A011847,C03946,BR020,Savings,2023-05-15,726760279.66,Active
A011848,C08108,BR007,Savings,2025-03-22,11859129.82,Active
A011849,C06722,BR032,Savings,2026-03-10,32648530.82,Active
A011850,C08336,BR049,Current,2023-06-24,62319897.34,Active
A011851,C04264,BR017,Savings,2025-09-21,28659028.53,Active
A011852,C09875,BR046,Savings,2025-04-17,15255198.19,Active
A011853,C05831,BR004,Savings,2024-06-15,27878975.49,Active
A011854,C08573,BR035,Savings,2026-01-12,28252355.85,Active
A011855,C06613,BR025,Savings,2024-04-15,140631458.21,Active
A011856,C01903,BR047,Credit,2026-04-01,7419222.37,Inactive
A011857,C02627,BR001,Savings,2021-11-20,16852991.98,Active
A011858,C08985,BR020,Savings,2025-11-07,16724748.83,Active
A011859,C02156,BR027,Savings,2026-01-22,30132999.69,Active
A011860,C02444,BR019,Current,2026-02-20,5540006.08,Active
A011861,C07523,BR036,Current,2024-12-22,24231179.67,Active
A011862,C09367,BR045,Savings,2026-08-03,5231169.15,Inactive
A011863,C02856,BR044,Savings,2025-09-19,27932787.87,Inactive
A011864,C03073,BR036,Credit,2022-01-06,35100245.41,Active
A011865,C07927,BR003,Savings,2025-02-26,204846320.02,Active
A011866,C00025,BR029,Savings,2022-11-13,39779563.25,Active
A011867,C02157,BR029,Savings,2023-03-15,4258103.32,Active
A011868,C09798,BR019,Current,2022-03-20,36151446.34,Active
A011869,C09938,BR009,Savings,2024-10-05,47409147.33,Active
A011870,C07150,BR034,Savings,2021-09-29,19780613.79,Active
A011871,C06647,BR011,Current,2026-05-28,12827990.95,Active
A011872,C06529,BR039,Savings,2024-07-14,19259145.85,Active
A011873,C04788,BR026,Current,2025-04-04,52425639.58,Active
A011874,C01347,BR038,Savings,2026-01-24,122455970.93,Active
A011875,C05217,BR047,Current,2024-03-02,9382302.19,Inactive
A011876,C05386,BR038,Savings,2026-01-15,43033166.69,Active
A011877,C01771,BR022,Savings,2025-07-19,8290151.69,Active
A011878,C05772,BR047,Savings,2024-02-01,53812017.98,Active
A011879,C06328,BR028,Savings,2025-09-25,75031878.25,Active
A011880,C02822,BR011,Savings,2024-10-20,20426699.62,Inactive
A011881,C00996,BR043,Savings,2026-08-24,18866276.5,Active
A011882,C01547,BR021,Savings,2025-04-01,40952846.41,Active
A011883,C08451,BR026,Current,2025-02-10,6344042.06,Active
A011884,C05073,BR002,Savings,2026-02-13,19036951.1,Active
A011885,C02949,BR031,Current,2024-08-25,222018645.86,Active
A011886,C02924,BR031,Current,2024-03-02,9674448.26,Active
A011887,C04498,BR008,Savings,2020-01-09,87741375.74,Active
A011888,C05408,BR022,Current,2021-12-15,9206718.13,Active
A011889,C08205,BR006,Savings,2026-06-16,18021468.72,Active
A011890,C04721,BR045,Savings,2026-04-30,18059346.71,Active
A011891,C07829,BR020,Savings,2023-09-06,74511432.65,Inactive
A011892,C06713,BR039,Current,2025-07-12,2924104.23,Active
A011893,C03164,BR042,Current,2025-07-26,51866622.13,Active
A011894,C04411,BR046,Savings,2022-07-25,17597584.26,Active
A011895,C07351,BR049,Savings,2026-08-11,13891291.38,Active
A011896,C05948,BR044,Current,2026-03-18,24953455.97,Active
A011897,C08497,BR038,Current,2026-07-04,135885385.0,Inactive
A011898,C08478,BR031,Savings,2020-11-23,12378826.0,Inactive
A011899,C07559,BR047,Current,2026-04-22,6945582.9,Active
A011900,C07883,BR006,Savings,2023-10-15,51764488.57,Active
A011901,C09580,BR004,Current,2021-06-16,5071721.65,Active
A011902,C09170,BR033,Current,2026-07-14,9316662.11,Active
A011903,C03718,BR016,Savings,2021-08-26,44126243.14,Active
A011904,C00411,BR019,Savings,2026-07-16,27254436.05,Active
A011905,C03973,BR044,Current,2026-04-18,43020114.3,Active
A011906,C00144,BR007,Current,2026-04-12,70841236.8,Active
A011907,C07829,BR025,Savings,2026-03-24,93960113.42,Active
A011908,C04304,BR050,Credit,2026-08-12,21137900.43,Active
A011909,C02525,BR042,Savings,2018-11-29,63513563.4,Active
A011910,C09525,BR007,Current,2026-08-28,3629850.44,Active
A011911,C07614,BR039,Current,2026-04-04,134690824.64,Active
A011912,C05278,BR027,Current,2023-07-15,104125193.44,Active
A011913,C04220,BR032,Savings,2025-09-22,11149320.8,Active
A011914,C01455,BR044,Current,2024-10-02,19473052.56,Closed
A011915,C01110,BR048,Savings,2019-12-20,27131987.48,Active
A011916,C03050,BR045,Savings,2024-05-28,23916781.59,Active
A011917,C01729,BR033,Savings,2026-03-31,362482812.3,Inactive
A011918,C08203,BR006,Current,2026-08-09,87467189.52,Inactive
A011919,C03094,BR018,Savings,2023-04-20,81520967.98,Active
A011920,C02122,BR019,Current,2026-08-28,12974828.0,Active
A011921,C04491,BR007,Savings,2023-04-12,23346177.61,Active
A011922,C09635,BR020,Savings,2021-04-20,14620192.07,Active
A011923,C01581,BR017,Current,2026-02-02,80743142.53,Active
A011924,C07147,BR040,Credit,2023-07-31,81004729.08,Active
A011925,C09317,BR023,Savings,2018-08-19,72806165.03,Active
A011926,C07784,BR047,Current,2026-06-23,9217574.74,Active
A011927,C05935,BR043,Savings,2022-11-14,20958314.3,Active
A011928,C05134,BR048,Savings,2025-08-20,11941409.49,Active
A011929,C01528,BR038,Credit,2024-02-08,24507858.06,Inactive
A011930,C09177,BR022,Savings,2026-08-01,16389883.82,Active
A011931,C07921,BR029,Savings,2025-10-04,61033581.02,Active
A011932,C04231,BR003,Current,2022-05-22,52452842.36,Active
A011933,C07659,BR026,Savings,2025-08-29,74470853.81,Active
A011934,C05006,BR039,Current,2023-05-09,24687785.64,Active
A011935,C07428,BR034,Current,2022-08-02,8568253.13,Active
A011936,C01128,BR038,Current,2024-01-24,2967199.97,Active
A011937,C08619,BR011,Current,2026-08-29,9530058.6,Active
A011938,C03623,BR045,Savings,2025-11-15,2713098.22,Active
A011939,C02118,BR017,Current,2026-01-31,289583261.75,Active
A011940,C01471,BR012,Savings,2025-06-07,48568142.54,Active
A011941,C01390,BR013,Savings,2025-01-25,7270479.05,Active
A011942,C04485,BR038,Savings,2026-03-31,2782125.25,Active
A011943,C01255,BR042,Savings,2023-11-04,49811993.78,Active
A011944,C04422,BR047,Savings,2022-07-23,57356048.26,Active
A011945,C01108,BR003,Credit,2026-06-17,79123487.67,Active
A011946,C03467,BR003,Savings,2024-10-14,28181737.91,Active
A011947,C09366,BR009,Savings,2024-07-07,531908438.51,Active
A011948,C04390,BR037,Current,2026-03-03,27342988.58,Active
A011949,C01921,BR029,Savings,2025-05-12,30827075.94,Active
A011950,C07340,BR005,Savings,2025-09-27,3710469.78,Active
A011951,C03328,BR006,Savings,2025-08-08,4838341.56,Active
A011952,C08576,BR019,Savings,2026-05-06,38282234.26,Active
A011953,C09121,BR038,Current,2024-02-26,8025780.21,Active
A011954,C03379,BR009,Savings,2024-12-29,8757701.85,Active
A011955,C02713,BR008,Current,2025-10-04,33050505.76,Active
A011956,C01850,BR027,Current,2022-10-24,253148137.98,Active
A011957,C01342,BR017,Savings,2023-01-04,11342960.71,Inactive
A011958,C05136,BR044,Savings,2026-01-20,7085721.13,Active
A011959,C00165,BR037,Savings,2026-06-13,150726503.37,Active
A011960,C01439,BR038,Current,2026-03-13,19355578.55,Active
A011961,C05320,BR002,Savings,2024-04-28,45452060.17,Active
A011962,C08982,BR030,Savings,2025-06-29,9234997.99,Active
A011963,C06121,BR046,Savings,2022-07-22,2609157.9,Active
A011964,C04471,BR048,Savings,2021-11-12,70711653.89,Active
A011965,C01673,BR015,Credit,2024-01-14,31865038.11,Active
A011966,C06281,BR012,Current,2023-06-16,10096666.89,Active
A011967,C06665,BR018,Current,2026-04-20,7306654.09,Inactive
A011968,C01879,BR032,Savings,2019-10-08,15131236.34,Active
A011969,C02686,BR009,Current,2022-08-12,14802903.28,Active
A011970,C08973,BR004,Savings,2026-01-10,5404743.24,Active
A011971,C07871,BR023,Current,2019-01-15,13418727.08,Active
A011972,C04929,BR047,Savings,2022-06-02,9847222.89,Active
A011973,C08093,BR036,Savings,2025-07-27,4294566.32,Inactive
A011974,C08555,BR028,Savings,2025-02-22,17204210.64,Active
A011975,C07050,BR002,Current,2023-08-26,90620796.74,Active
A011976,C01928,BR010,Savings,2022-05-06,6885928.92,Active
A011977,C08098,BR036,Savings,2026-07-11,55026651.87,Active
A011978,C01162,BR026,Savings,2024-02-28,61465961.79,Active
A011979,C05091,BR049,Current,2025-08-02,137636562.09,Active
A011980,C02266,BR028,Credit,2021-04-04,10446301.42,Closed
A011981,C06088,BR022,Current,2023-04-05,397978571.56,Active
A011982,C09629,BR001,Savings,2026-03-07,5757482.26,Active
A011983,C04123,BR029,Savings,2025-03-07,7829466.88,Inactive
A011984,C08486,BR031,Savings,2026-02-18,13730764.02,Active
A011985,C06633,BR049,Credit,2022-12-26,27393936.38,Active
A011986,C01547,BR029,Current,2026-05-17,280126993.88,Active
A011987,C01861,BR021,Savings,2025-07-26,17366999.62,Active
A011988,C07634,BR041,Savings,2022-12-24,7973241.44,Active
A011989,C08306,BR021,Current,2024-11-08,109451059.12,Active
A011990,C01116,BR010,Savings,2023-06-17,16859172.65,Active
A011991,C06506,BR004,Current,2020-12-31,64635957.64,Active
A011992,C03876,BR018,Credit,2025-07-04,5704401.49,Active
A011993,C04859,BR010,Current,2024-03-14,29273371.69,Active
A011994,C06192,BR031,Current,2025-11-06,86270783.85,Active
A011995,C01661,BR015,Savings,2022-04-10,31034894.95,Active
A011996,C07263,BR006,Savings,2023-01-14,262592262.96,Active
A011997,C01621,BR009,Savings,2026-02-26,7631183.03,Active
A011998,C03375,BR029,Current,2025-10-06,139080017.36,Active
A011999,C06868,BR047,Savings,2025-10-10,110811415.58,Active
A012000,C05629,BR049,Savings,2019-10-05,25543558.24,Active
A012001,C09107,BR044,Savings,2023-10-26,26941332.16,Active
A012002,C07222,BR038,Savings,2026-01-22,4132149.38,Active
A012003,C06146,BR029,Credit,2026-04-19,8731816.35,Inactive
A012004,C06687,BR022,Current,2026-08-29,30704003.81,Active
A012005,C04587,BR032,Savings,2025-12-12,91335302.46,Active
A012006,C07285,BR003,Credit,2026-07-28,5203725.1,Active
A012007,C03966,BR011,Savings,2026-02-25,3074715.75,Active
A012008,C05508,BR027,Credit,2023-10-22,67747834.7,Active
A012009,C07102,BR015,Savings,2023-01-19,17041836.61,Closed
A012010,C05962,BR025,Current,2020-11-17,18449564.33,Active
A012011,C04558,BR048,Current,2024-03-16,33171330.65,Inactive
A012012,C02345,BR023,Credit,2018-09-21,44416934.79,Active
A012013,C08034,BR012,Savings,2021-10-22,16211736.47,Inactive
A012014,C06227,BR031,Current,2023-11-24,253940042.08,Inactive
A012015,C07656,BR017,Savings,2024-01-21,28731273.94,Active
A012016,C02271,BR044,Savings,2025-12-29,62005666.16,Inactive
A012017,C04948,BR050,Current,2024-09-27,3577482.45,Active
A012018,C08214,BR028,Current,2025-07-20,7686887.49,Active
A012019,C04828,BR048,Current,2023-03-07,60916716.37,Active
A012020,C09445,BR012,Savings,2025-11-01,19030283.7,Active
A012021,C00171,BR038,Current,2025-11-29,8407678.57,Active
A012022,C05152,BR022,Current,2026-05-30,14595473.08,Active
A012023,C07639,BR049,Savings,2025-08-18,9579285.01,Active
A012024,C04994,BR028,Savings,2026-08-07,13930960.5,Active
A012025,C01640,BR001,Savings,2021-08-05,27198047.19,Active
A012026,C09771,BR005,Credit,2024-04-23,11509488.81,Active
A012027,C03315,BR036,Credit,2021-12-27,17886448.88,Active
A012028,C07716,BR004,Savings,2025-02-14,94403059.54,Active
A012029,C05077,BR041,Savings,2026-04-02,11555178.41,Active
A012030,C09533,BR049,Current,2023-10-10,194259008.26,Active
A012031,C00630,BR023,Savings,2025-02-12,9854256.72,Active
A012032,C08507,BR047,Savings,2025-03-24,26242976.79,Active
A012033,C00188,BR013,Savings,2026-05-05,28049857.87,Active
A012034,C03765,BR047,Savings,2026-08-23,6036441.82,Active
A012035,C03861,BR015,Savings,2026-07-14,12173466.83,Active
A012036,C01377,BR005,Credit,2026-05-22,8212954.34,Active
A012037,C06616,BR008,Savings,2026-04-16,28446130.62,Inactive
A012038,C07827,BR009,Current,2026-06-04,10289127.64,Active
A012039,C04497,BR038,Savings,2025-01-22,87251020.31,Active
A012040,C05049,BR019,Savings,2026-02-26,17856509.38,Active
A012041,C01171,BR036,Current,2022-10-22,182988654.31,Active
A012042,C03489,BR007,Savings,2025-06-06,39322585.79,Active
A012043,C05128,BR012,Current,2026-07-09,15141327.42,Active
A012044,C08578,BR049,Current,2025-11-25,24556797.01,Active
A012045,C09088,BR027,Savings,2025-04-02,6562751.87,Active
A012046,C06521,BR047,Savings,2025-12-09,81147341.49,Active
A012047,C01034,BR040,Credit,2023-08-18,34797217.51,Active
A012048,C05749,BR030,Savings,2023-03-07,11543127.0,Active
A012049,C00555,BR017,Savings,2021-09-12,7588608.17,Active
A012050,C09541,BR012,Savings,2022-02-16,63460506.37,Active
A012051,C04539,BR043,Current,2024-05-03,5874693.92,Active
A012052,C07473,BR018,Current,2026-05-29,396487952.97,Active
A012053,C03270,BR034,Savings,2021-01-04,8511593.12,Active
A012054,C03346,BR025,Savings,2025-06-13,165416372.24,Active
A012055,C06759,BR033,Savings,2024-07-18,27149967.99,Active
A012056,C09692,BR036,Savings,2022-09-26,12725673.29,Active
A012057,C03834,BR022,Current,2024-12-21,106287444.07,Active
A012058,C02632,BR034,Current,2020-05-10,16501060.14,Closed
A012059,C04564,BR040,Current,2025-04-11,22433290.23,Active
A012060,C09440,BR047,Current,2023-05-14,8428117.79,Active
A012061,C06564,BR012,Credit,2019-07-02,3336654.44,Active
A012062,C09617,BR016,Savings,2025-04-14,67751177.86,Active
A012063,C05297,BR025,Savings,2026-07-14,566084848.33,Active
A012064,C07653,BR036,Savings,2023-09-06,93795869.85,Active
A012065,C05723,BR015,Savings,2019-06-24,40755275.07,Active
A012066,C09444,BR030,Credit,2022-06-22,95137682.48,Active
A012067,C07995,BR031,Savings,2026-08-04,7918161.09,Active
A012068,C07585,BR046,Current,2025-04-12,13040711.43,Active
A012069,C08491,BR002,Current,2025-12-03,8717715.59,Active
A012070,C08393,BR045,Current,2025-11-15,56361122.85,Active
A012071,C05974,BR029,Savings,2025-11-25,5484287.95,Active
A012072,C00104,BR025,Savings,2024-08-03,161082506.08,Active
A012073,C04265,BR048,Savings,2026-07-03,30683302.9,Active
A012074,C01712,BR009,Current,2026-08-24,19564379.73,Active
A012075,C08183,BR027,Current,2024-03-13,10030593.36,Active
A012076,C05035,BR009,Current,2022-11-07,6590470.29,Active
A012077,C01717,BR024,Savings,2026-06-17,10845308.8,Active
A012078,C05052,BR047,Current,2024-04-14,3899975.84,Active
A012079,C00722,BR031,Savings,2025-10-16,16599202.97,Active
A012080,C03490,BR007,Savings,2024-11-20,31958154.87,Active
A012081,C04630,BR028,Current,2025-01-11,99646440.81,Inactive
A012082,C08565,BR043,Savings,2025-12-17,36956647.22,Active
A012083,C07326,BR044,Current,2024-10-06,150609191.62,Active
A012084,C05160,BR010,Current,2026-03-26,8518847.35,Active
A012085,C04849,BR010,Current,2025-10-30,36310510.02,Active
A012086,C02797,BR049,Savings,2024-07-02,36299281.38,Active
A012087,C04346,BR047,Credit,2024-11-09,88282477.33,Closed
A012088,C05879,BR023,Savings,2025-11-21,7123614.86,Active
A012089,C00406,BR016,Current,2022-12-07,52312460.58,Inactive
A012090,C09791,BR007,Savings,2025-01-13,58776710.89,Active
A012091,C05703,BR002,Savings,2026-02-26,8298509.57,Active
A012092,C08926,BR009,Savings,2024-07-31,45295941.99,Inactive
A012093,C09887,BR022,Current,2020-09-07,2148397.88,Active
A012094,C06053,BR021,Savings,2021-01-10,16080588.05,Active
A012095,C08321,BR035,Savings,2023-03-14,15834441.24,Inactive
A012096,C04303,BR011,Savings,2020-09-05,7926204.7,Active
A012097,C00694,BR042,Savings,2026-07-10,20012510.79,Active
A012098,C05346,BR050,Current,2026-03-10,45859218.06,Active
A012099,C08399,BR019,Savings,2024-07-17,356665019.57,Closed
A012100,C05902,BR021,Savings,2025-01-20,43478059.19,Active
A012101,C04135,BR022,Savings,2025-12-17,383262057.7,Active
A012102,C01138,BR049,Savings,2023-08-11,470310877.27,Active
A012103,C07256,BR042,Current,2024-08-10,5797700.26,Active
A012104,C09865,BR009,Current,2026-07-10,5821743.55,Inactive
A012105,C03716,BR047,Savings,2021-02-17,10511881.66,Active
A012106,C04618,BR002,Credit,2019-09-26,16626908.25,Active
A012107,C09341,BR038,Current,2026-02-23,53376565.48,Active
A012108,C07251,BR022,Savings,2025-03-28,24775200.62,Active
A012109,C00077,BR002,Current,2023-07-01,5728309.71,Active
A012110,C04814,BR007,Savings,2026-04-20,52136560.97,Active
A012111,C08666,BR030,Savings,2026-06-17,77682226.74,Inactive
A012112,C07040,BR010,Current,2026-06-07,4557262.98,Inactive
A012113,C03002,BR007,Current,2026-07-29,15164921.54,Active
A012114,C00868,BR028,Savings,2024-03-24,5796775.0,Active
A012115,C05727,BR005,Current,2023-02-12,4004718.51,Active
A012116,C03105,BR033,Current,2025-06-19,7031935.43,Active
A012117,C09241,BR018,Current,2024-03-21,20839850.54,Active
A012118,C02468,BR013,Current,2023-11-17,106155779.41,Active
A012119,C00480,BR022,Savings,2025-10-06,85599922.38,Active
A012120,C02283,BR045,Savings,2023-07-16,33159893.86,Active
A012121,C04843,BR040,Current,2020-12-16,148700601.52,Active
A012122,C04272,BR022,Savings,2025-07-18,17664469.95,Active
A012123,C08137,BR041,Savings,2025-06-09,15818113.08,Active
A012124,C02653,BR031,Current,2025-07-04,16637972.2,Active
A012125,C08393,BR045,Savings,2025-12-20,72144785.44,Active
A012126,C07545,BR044,Savings,2025-06-27,2634190.75,Active
A012127,C06030,BR033,Current,2025-06-22,37204810.85,Closed
A012128,C07294,BR028,Savings,2025-06-02,20616020.48,Active
A012129,C06163,BR012,Savings,2025-04-18,5668861.16,Active
A012130,C03827,BR049,Current,2021-09-08,217347676.7,Active
A012131,C07081,BR009,Current,2026-02-24,9356453.38,Active
A012132,C01567,BR011,Current,2025-09-30,321088874.48,Active
A012133,C04172,BR023,Current,2026-06-30,34018710.35,Active
A012134,C05978,BR041,Savings,2025-12-14,17888565.11,Active
A012135,C06968,BR039,Savings,2025-03-23,203728805.38,Active
A012136,C03463,BR033,Current,2025-02-06,62524319.02,Active
A012137,C02889,BR039,Savings,2024-05-20,58031662.69,Active
A012138,C02862,BR032,Savings,2022-11-11,8051093.18,Active
A012139,C05145,BR018,Current,2025-02-01,201212641.18,Active
A012140,C00525,BR004,Current,2026-07-21,2449693.28,Active
A012141,C03206,BR044,Savings,2022-06-03,145151716.11,Active
A012142,C08685,BR047,Current,2025-04-27,19037735.95,Active
A012143,C05106,BR033,Savings,2024-05-08,60443850.09,Active
A012144,C08031,BR023,Savings,2026-08-19,14129309.18,Active
A012145,C07668,BR036,Current,2024-10-09,15508231.34,Active
A012146,C08688,BR030,Savings,2021-12-15,34757480.29,Active
A012147,C02950,BR018,Savings,2026-02-19,6142958.76,Active
A012148,C00619,BR037,Savings,2024-01-07,18060872.18,Active
A012149,C07655,BR042,Savings,2024-05-25,8802042.88,Active
A012150,C02822,BR044,Savings,2022-12-22,43854497.9,Active
A012151,C06436,BR011,Current,2026-04-22,69941811.07,Active
A012152,C06553,BR034,Current,2023-06-05,26656984.41,Active
A012153,C00511,BR022,Savings,2020-06-15,109073591.22,Active
A012154,C08948,BR015,Savings,2021-10-02,216373116.52,Active
A012155,C00239,BR045,Savings,2026-07-21,3076483.34,Active
A012156,C01342,BR017,Savings,2022-01-03,38706335.52,Active
A012157,C09479,BR003,Current,2026-06-10,40317688.01,Active
A012158,C01422,BR022,Current,2020-04-12,10859537.83,Closed
A012159,C09586,BR046,Savings,2025-05-02,71983499.96,Closed
A012160,C06658,BR030,Savings,2025-12-23,77193753.23,Closed
A012161,C07338,BR022,Current,2026-07-16,32382466.9,Active
A012162,C04319,BR047,Current,2024-06-06,80326812.97,Active
A012163,C00320,BR013,Savings,2025-11-22,13547024.5,Active
A012164,C09160,BR029,Savings,2024-02-17,33879664.47,Active
A012165,C09544,BR038,Savings,2026-05-26,24253770.71,Active
A012166,C08718,BR043,Savings,2023-06-24,8327754.44,Active
A012167,C07552,BR005,Current,2023-09-19,5991404.74,Active
A012168,C02455,BR036,Current,2025-12-09,7760838.49,Active
A012169,C09503,BR039,Savings,2021-10-30,77290635.98,Active
A012170,C03266,BR038,Savings,2026-04-07,33441210.68,Active
A012171,C09448,BR022,Savings,2024-11-20,16129544.28,Active
A012172,C09474,BR033,Current,2025-12-18,13527052.28,Active
A012173,C04620,BR032,Credit,2019-11-01,1962138.55,Closed
A012174,C08240,BR047,Credit,2024-03-02,4870078.48,Active
A012175,C09184,BR031,Savings,2020-03-24,34790103.34,Active
A012176,C02438,BR001,Savings,2025-02-01,11392186.8,Active
A012177,C02605,BR046,Savings,2025-08-20,35419450.46,Active
A012178,C07579,BR043,Credit,2026-06-05,3305288.75,Active
A012179,C00882,BR007,Savings,2025-10-28,5208129.37,Closed
A012180,C02225,BR039,Credit,2020-08-16,13158394.33,Active
A012181,C03611,BR042,Credit,2024-01-24,6404800.44,Active
A012182,C03417,BR038,Savings,2024-07-28,6379642.03,Active
A012183,C08567,BR005,Savings,2024-05-23,23134511.02,Active
A012184,C05778,BR034,Savings,2025-05-13,56576846.18,Active
A012185,C00226,BR005,Savings,2026-06-27,106543488.5,Active
A012186,C06020,BR046,Current,2025-04-16,2823218.34,Active
A012187,C04672,BR006,Savings,2021-10-30,87774973.24,Active
A012188,C09762,BR032,Current,2023-09-11,36991843.59,Active
A012189,C06349,BR018,Savings,2026-04-15,10451479.26,Active
A012190,C02526,BR026,Current,2022-09-29,16092231.02,Active
A012191,C00014,BR029,Credit,2022-02-20,56829462.16,Active
A012192,C05198,BR049,Savings,2022-02-09,22565350.94,Active
A012193,C05764,BR039,Savings,2023-07-13,7573677.18,Inactive
A012194,C05315,BR038,Current,2024-08-02,9713451.02,Active
A012195,C09038,BR003,Current,2025-12-14,21593036.39,Inactive
A012196,C04974,BR035,Savings,2026-02-07,221346203.57,Active
A012197,C07451,BR043,Savings,2026-06-06,27144712.52,Active
A012198,C03300,BR040,Current,2026-07-09,40252869.9,Active
A012199,C06499,BR040,Current,2023-05-28,11682784.3,Active
A012200,C01652,BR015,Credit,2025-04-17,212623889.65,Active
A012201,C02667,BR013,Current,2026-07-26,20597296.66,Active
A012202,C03721,BR018,Current,2025-04-28,15891889.54,Active
A012203,C05248,BR020,Current,2026-07-15,20313543.4,Inactive
A012204,C06144,BR047,Current,2019-10-04,11799366.98,Active
A012205,C06741,BR047,Savings,2026-07-21,8058191.41,Active
A012206,C00309,BR038,Current,2026-08-16,40559618.48,Inactive
A012207,C02959,BR028,Current,2023-09-26,24865806.4,Active
A012208,C08800,BR003,Current,2026-06-17,42875928.51,Active
A012209,C06294,BR032,Savings,2026-07-03,6994939.26,Active
A012210,C05415,BR035,Credit,2024-12-15,8511880.55,Active
A012211,C04266,BR002,Savings,2026-03-04,916420159.65,Active
A012212,C03572,BR034,Savings,2023-10-13,77392020.34,Active
A012213,C09153,BR038,Current,2026-06-15,53712930.1,Active
A012214,C01214,BR049,Savings,2022-08-09,10058702.52,Active
A012215,C01959,BR031,Savings,2022-04-16,14867621.28,Active
A012216,C03007,BR019,Current,2025-02-07,161433437.46,Active
A012217,C02876,BR025,Current,2025-11-30,13192386.98,Active
A012218,C08439,BR038,Savings,2025-10-05,28232575.34,Active
A012219,C04672,BR039,Current,2024-05-08,21800925.49,Inactive
A012220,C01415,BR028,Current,2026-07-23,7428908.69,Inactive
A012221,C02711,BR001,Current,2022-09-30,173231640.29,Inactive
A012222,C08118,BR023,Savings,2025-09-05,10462913.19,Active
A012223,C02894,BR023,Savings,2026-08-20,5147854.76,Active
A012224,C04760,BR023,Savings,2023-08-15,9941710.78,Inactive
A012225,C04890,BR026,Current,2024-11-19,230771957.6,Active
A012226,C07122,BR050,Savings,2026-07-12,14628006.32,Active
A012227,C08239,BR004,Savings,2023-11-08,189572402.28,Active
A012228,C08749,BR030,Current,2024-10-21,305835657.58,Active
A012229,C07792,BR007,Current,2024-01-21,166241125.67,Active
A012230,C06983,BR042,Savings,2020-10-26,6948625.2,Active
A012231,C01009,BR025,Credit,2024-09-24,40110524.11,Active
A012232,C07619,BR048,Savings,2025-06-26,127096835.02,Active
A012233,C03648,BR037,Current,2021-12-23,13517743.0,Active
A012234,C06179,BR017,Current,2022-03-13,29182736.57,Closed
A012235,C07038,BR036,Savings,2025-06-11,445150824.17,Active
A012236,C06371,BR040,Savings,2026-08-22,5807186.88,Closed
A012237,C04235,BR029,Savings,2023-08-09,2203357.73,Active
A012238,C00072,BR043,Savings,2026-01-30,9527421.17,Active
A012239,C07073,BR036,Savings,2026-08-15,35729978.48,Active
A012240,C03253,BR012,Current,2023-11-29,10646957.07,Active
A012241,C06719,BR003,Current,2023-07-18,21674315.89,Active
A012242,C04137,BR009,Current,2026-06-29,17385535.37,Active
A012243,C03634,BR028,Savings,2024-11-13,24448684.93,Active
A012244,C05540,BR008,Credit,2025-05-31,60192613.72,Active
A012245,C02651,BR047,Savings,2024-06-27,19988431.19,Active
A012246,C01745,BR004,Savings,2025-08-03,7991138.15,Active
A012247,C00849,BR043,Credit,2024-07-14,11223610.9,Inactive
A012248,C03095,BR015,Savings,2025-11-27,20520982.0,Active
A012249,C05447,BR003,Current,2026-07-05,370938823.88,Active
A012250,C09749,BR002,Savings,2025-11-22,808726628.6,Inactive
A012251,C03562,BR036,Current,2022-02-06,104647365.47,Active
A012252,C01487,BR043,Current,2025-08-27,6982242.93,Active
A012253,C02313,BR046,Savings,2026-05-25,238864341.82,Active
A012254,C04599,BR036,Credit,2024-03-29,15245543.46,Active
A012255,C07445,BR011,Savings,2026-02-16,1021130081.16,Active
A012256,C00299,BR007,Savings,2024-06-29,10270027.45,Active
A012257,C09687,BR048,Current,2025-03-13,3750897.55,Active
A012258,C01137,BR004,Savings,2020-06-18,497893738.26,Inactive
A012259,C05516,BR023,Savings,2020-12-05,47139338.32,Active
A012260,C09923,BR038,Current,2025-08-03,5364532.03,Active
A012261,C05986,BR045,Current,2026-07-04,15227341.75,Active
A012262,C03036,BR008,Current,2026-05-13,32666311.4,Active
A012263,C01950,BR042,Savings,2021-05-19,9477738.85,Active
A012264,C08499,BR036,Credit,2025-12-15,520709478.94,Closed
A012265,C09509,BR032,Savings,2024-03-29,25882864.09,Active
A012266,C06718,BR018,Savings,2026-06-28,28261130.95,Active
A012267,C04904,BR018,Savings,2026-08-01,8349756.31,Inactive
A012268,C05370,BR038,Savings,2025-10-16,6117689.88,Active
A012269,C03628,BR037,Credit,2026-01-13,6822648.35,Active
A012270,C07992,BR004,Current,2024-08-29,658992986.75,Active
A012271,C06833,BR041,Current,2023-02-15,25583937.8,Active
A012272,C01326,BR028,Savings,2026-02-22,6974981.82,Active
A012273,C09804,BR041,Savings,2023-12-22,355981033.63,Active
A012274,C00118,BR038,Savings,2026-04-05,37658995.8,Active
A012275,C07854,BR038,Savings,2025-08-24,33368804.58,Active
A012276,C09427,BR004,Savings,2023-10-27,50591448.12,Active
A012277,C00283,BR016,Savings,2021-06-16,86388706.79,Active
A012278,C00990,BR001,Current,2024-04-19,8103297.89,Active
A012279,C04744,BR025,Savings,2025-10-23,8246161.17,Active
A012280,C07347,BR050,Savings,2024-12-19,12162750.47,Active
A012281,C06698,BR028,Credit,2024-05-26,35614285.08,Active
A012282,C05454,BR038,Credit,2026-03-19,5743963.92,Active
A012283,C06196,BR035,Current,2026-06-26,80392455.0,Active
A012284,C01071,BR025,Savings,2024-04-02,20039276.92,Active
A012285,C09056,BR007,Savings,2023-07-19,23887143.9,Inactive
A012286,C06161,BR037,Savings,2025-09-05,317223079.57,Active
A012287,C08971,BR026,Savings,2025-02-28,30398806.63,Active
A012288,C08339,BR005,Savings,2022-12-29,13466497.19,Inactive
A012289,C03299,BR011,Savings,2026-03-04,37997491.59,Active
A012290,C08692,BR002,Savings,2025-12-11,87062839.58,Active
A012291,C06617,BR003,Current,2025-01-19,12828879.62,Active
A012292,C07241,BR011,Current,2026-03-03,28218409.91,Inactive
A012293,C00748,BR028,Current,2023-03-02,216680080.68,Active
A012294,C07188,BR025,Savings,2025-06-08,29641602.8,Active
A012295,C09702,BR003,Current,2022-09-16,33265885.09,Active
A012296,C06678,BR037,Current,2023-05-21,4448223.66,Active
A012297,C06992,BR020,Current,2026-05-25,12051387.35,Active
A012298,C08189,BR050,Credit,2026-01-29,1929803.86,Active
A012299,C01132,BR014,Savings,2024-12-14,16051622.11,Active
A012300,C05059,BR007,Savings,2025-06-09,3750919.94,Active
A012301,C03649,BR022,Savings,2022-02-20,18802439.42,Active
A012302,C02703,BR028,Current,2024-10-31,17399087.31,Active
A012303,C00649,BR011,Credit,2025-09-06,14206225.62,Active
A012304,C05403,BR022,Credit,2023-09-04,21267437.25,Active
A012305,C02483,BR004,Savings,2023-01-24,17661871.72,Active
A012306,C03037,BR010,Savings,2023-01-13,11865674.29,Active
A012307,C08768,BR010,Savings,2022-08-03,288222145.4,Active
A012308,C02491,BR038,Current,2023-10-31,105355897.65,Closed
A012309,C08488,BR047,Credit,2023-01-08,137326636.45,Active
A012310,C09272,BR020,Savings,2020-01-13,35392997.73,Active
A012311,C00390,BR030,Savings,2025-06-07,127706057.84,Active
A012312,C03838,BR030,Savings,2025-02-10,1822928384.75,Active
A012313,C00512,BR022,Credit,2022-01-08,89858072.56,Active
A012314,C00418,BR019,Savings,2022-09-24,79611112.91,Closed
A012315,C08527,BR022,Current,2024-06-15,50771043.04,Active
A012316,C09404,BR037,Current,2024-08-04,12219475.75,Active
A012317,C09072,BR031,Savings,2026-04-28,194991018.64,Inactive
A012318,C00917,BR024,Savings,2026-05-20,601666126.84,Active
A012319,C04015,BR039,Savings,2020-08-13,7229697.55,Active
A012320,C09940,BR037,Savings,2026-07-16,15912165.41,Active
A012321,C05864,BR018,Savings,2023-11-29,23469172.43,Active
A012322,C00880,BR038,Savings,2023-04-14,394726162.01,Active
A012323,C02100,BR003,Current,2022-06-07,7325184.19,Active
A012324,C01293,BR038,Savings,2026-04-06,26237931.54,Active
A012325,C03351,BR015,Savings,2026-06-10,14010099.11,Active
A012326,C01641,BR046,Savings,2026-04-30,1506637.62,Active
A012327,C09173,BR038,Savings,2020-12-13,6830301.72,Active
A012328,C04865,BR026,Credit,2023-03-11,213325506.8,Active
A012329,C08238,BR022,Current,2023-12-23,49181014.96,Active
A012330,C08163,BR008,Savings,2024-12-05,22849726.99,Active
A012331,C08540,BR008,Savings,2026-08-15,138500636.12,Active
A012332,C04392,BR025,Current,2025-10-01,8047930.81,Active
A012333,C08230,BR042,Savings,2024-10-25,66681365.87,Active
A012334,C01203,BR020,Savings,2026-06-19,40299678.11,Active
A012335,C02291,BR003,Savings,2025-04-13,21089649.92,Active
A012336,C02332,BR047,Credit,2025-04-02,83721055.37,Active
A012337,C04922,BR018,Savings,2020-10-10,12917763.33,Inactive
A012338,C02050,BR046,Savings,2025-03-31,38383504.7,Active
A012339,C08733,BR048,Current,2024-06-22,175466675.58,Active
A012340,C00055,BR047,Savings,2026-02-01,25223790.12,Active
A012341,C06994,BR017,Current,2025-01-22,15816761.85,Active
A012342,C04652,BR047,Savings,2025-04-17,62320915.68,Closed
A012343,C00270,BR039,Current,2026-02-11,129948242.75,Active
A012344,C05267,BR040,Savings,2023-12-05,6212244.88,Active
A012345,C09959,BR001,Current,2026-03-30,42769607.34,Inactive
A012346,C08915,BR045,Current,2025-12-28,28970054.18,Active
A012347,C04000,BR046,Current,2025-09-06,40295267.23,Active
A012348,C03481,BR035,Credit,2026-04-25,8427641.02,Inactive
A012349,C08677,BR037,Current,2026-01-10,20723253.57,Active
A012350,C06307,BR023,Savings,2021-10-23,13566509.03,Active
A012351,C04254,BR027,Current,2024-04-13,152334901.0,Active
A012352,C04851,BR019,Savings,2026-05-10,21361165.22,Active
A012353,C01142,BR047,Current,2026-05-05,3381561.53,Active
A012354,C00574,BR048,Current,2025-12-16,38413109.95,Active
A012355,C02005,BR034,Credit,2023-08-10,11004776.77,Active
A012356,C03336,BR045,Savings,2023-07-16,12772672.91,Closed
A012357,C05619,BR040,Savings,2025-06-18,8758637.8,Active
A012358,C07412,BR030,Savings,2026-04-07,409289680.0,Active
A012359,C09872,BR019,Current,2019-04-21,405022922.64,Active
A012360,C09712,BR023,Savings,2020-06-19,8950133.59,Active
A012361,C04400,BR050,Savings,2025-12-08,9989500.43,Active
A012362,C07579,BR006,Savings,2026-06-25,16266033.64,Closed
A012363,C01365,BR001,Savings,2023-03-23,2302199.6,Active
A012364,C05750,BR049,Current,2025-02-23,4734386.85,Active
A012365,C06710,BR049,Savings,2023-05-23,257500355.82,Active
A012366,C07052,BR038,Credit,2025-12-14,100635119.35,Active
A012367,C04410,BR049,Savings,2025-04-24,9856419.92,Active
A012368,C02861,BR003,Credit,2022-04-09,3861995.18,Inactive
A012369,C02018,BR034,Current,2022-01-18,14339203.21,Active
A012370,C08281,BR008,Savings,2026-02-21,32989979.85,Active
A012371,C06769,BR039,Current,2026-04-19,123892602.92,Inactive
A012372,C05076,BR001,Savings,2021-09-22,68148922.08,Active
A012373,C02903,BR013,Current,2024-11-23,7377979.24,Inactive
A012374,C03385,BR016,Current,2025-03-22,10088645.42,Closed
A012375,C07571,BR021,Savings,2021-11-25,28559144.24,Active
A012376,C08171,BR039,Credit,2024-04-05,7650156.83,Active
A012377,C02656,BR038,Savings,2023-09-22,12651498.55,Active
A012378,C06434,BR027,Current,2026-08-23,61869710.91,Active
A012379,C07506,BR004,Savings,2025-02-15,77610602.37,Active
A012380,C04668,BR041,Savings,2022-05-01,122198601.28,Inactive
A012381,C07692,BR029,Current,2025-07-25,14468511.13,Active
A012382,C01170,BR023,Savings,2024-12-07,67165877.59,Active
A012383,C01860,BR018,Savings,2021-08-12,19545846.83,Active
A012384,C06668,BR018,Current,2021-07-28,5127847.23,Active
A012385,C05669,BR044,Savings,2024-09-17,173099236.35,Active
A012386,C06477,BR009,Savings,2026-05-25,11884434.12,Active
A012387,C07405,BR038,Savings,2022-03-31,29983212.66,Active
A012388,C05280,BR011,Current,2026-08-14,2789573.73,Active
A012389,C07547,BR042,Savings,2021-07-17,6856109.9,Active
A012390,C05706,BR033,Current,2025-04-22,18166058.11,Active
A012391,C06792,BR038,Current,2024-06-21,21015518.03,Active
A012392,C04344,BR029,Credit,2024-12-23,10067373.17,Active
A012393,C07124,BR006,Current,2023-05-08,152945946.03,Active
A012394,C03279,BR021,Savings,2025-10-30,36125775.37,Active
A012395,C01520,BR043,Savings,2026-02-22,1442535.5,Active
A012396,C05665,BR007,Savings,2021-02-10,18804442.06,Inactive
A012397,C01950,BR017,Savings,2022-01-17,42103330.69,Active
A012398,C08347,BR049,Savings,2024-03-12,42415639.06,Inactive
A012399,C06410,BR046,Current,2026-08-19,32206238.19,Active
A012400,C00604,BR020,Current,2026-01-24,9701646.87,Active
A012401,C05952,BR042,Current,2026-02-25,132780932.44,Active
A012402,C00179,BR045,Savings,2025-10-29,9082643.77,Active
A012403,C06056,BR001,Savings,2024-04-17,16319457.21,Active
A012404,C05274,BR034,Savings,2026-07-16,8456186.34,Active
A012405,C01423,BR013,Current,2023-04-06,6274784.83,Active
A012406,C08720,BR024,Savings,2020-12-07,170858244.53,Closed
A012407,C04971,BR038,Savings,2020-07-22,751832311.34,Active
A012408,C08198,BR032,Savings,2026-02-13,15166308.37,Active
A012409,C02338,BR018,Current,2022-07-15,194872165.4,Active
A012410,C03871,BR003,Current,2026-08-29,530738647.31,Active
A012411,C07249,BR049,Savings,2024-04-12,246300490.53,Active
A012412,C00216,BR038,Savings,2022-09-16,28861391.15,Active
A012413,C05251,BR037,Savings,2026-07-17,642525059.22,Active
A012414,C08670,BR011,Current,2021-01-06,13621642.42,Active
A012415,C03454,BR015,Savings,2022-09-11,3886632636.89,Active
A012416,C05928,BR010,Savings,2021-01-29,16415217.11,Active
A012417,C07461,BR013,Credit,2026-07-06,20098200.35,Closed
A012418,C01374,BR018,Current,2022-04-03,18587271.77,Active
A012419,C09248,BR041,Current,2026-03-21,6836093.25,Active
A012420,C05925,BR046,Credit,2020-08-27,33840808.23,Active
A012421,C08471,BR033,Savings,2024-08-13,26808087.32,Active
A012422,C02592,BR029,Current,2021-02-28,300282060.48,Active
A012423,C08995,BR050,Savings,2026-08-16,42969971.1,Active
A012424,C03118,BR004,Current,2022-09-02,393497114.87,Inactive
A012425,C09539,BR026,Credit,2026-04-08,8980568.21,Active
A012426,C03289,BR037,Savings,2026-02-04,138863221.35,Active
A012427,C00967,BR016,Current,2025-04-25,23402966.14,Active
A012428,C01429,BR006,Savings,2026-02-01,157090720.35,Inactive
A012429,C09821,BR049,Savings,2024-07-09,58583111.63,Active
A012430,C01897,BR047,Current,2026-08-02,11767125.85,Active
A012431,C09227,BR027,Savings,2026-01-08,13253075.81,Active
A012432,C03476,BR028,Current,2023-09-29,13725587.25,Active
A012433,C05631,BR001,Current,2026-06-28,34114187.43,Active
A012434,C07846,BR038,Savings,2026-04-13,280579368.46,Active
A012435,C08369,BR046,Credit,2023-02-02,72671956.99,Active
A012436,C00834,BR028,Savings,2026-04-03,23899804.74,Active
A012437,C02637,BR020,Savings,2022-01-29,237304544.97,Active
A012438,C06474,BR001,Savings,2026-07-14,8290030.54,Active
A012439,C09164,BR018,Credit,2024-12-10,804829866.57,Active
A012440,C06560,BR001,Current,2024-08-16,358077440.05,Active
A012441,C04184,BR001,Credit,2023-12-16,15109115.6,Active
A012442,C00807,BR011,Savings,2021-08-03,9293042.67,Inactive
A012443,C07634,BR041,Savings,2025-02-13,14280481.24,Inactive
A012444,C05639,BR038,Current,2023-05-25,8996956.2,Active
A012445,C06415,BR048,Savings,2019-10-28,207519363.63,Active
A012446,C03952,BR021,Savings,2023-04-22,132154109.96,Active
A012447,C00433,BR050,Savings,2026-04-11,13042785.29,Active
A012448,C09202,BR021,Savings,2026-01-08,70063290.01,Active
A012449,C07551,BR039,Current,2025-07-14,16147892.34,Active
A012450,C07547,BR018,Savings,2023-03-09,14933664.25,Active
A012451,C00704,BR041,Savings,2026-07-17,40942609.15,Active
A012452,C00988,BR035,Current,2022-05-25,76501768.01,Active
A012453,C03568,BR039,Savings,2023-07-20,7923948.8,Active
A012454,C09733,BR019,Savings,2026-06-25,73117255.42,Active
A012455,C01023,BR002,Current,2020-05-12,8312693.16,Inactive
A012456,C07232,BR018,Savings,2024-10-23,28890725.46,Inactive
A012457,C07678,BR037,Savings,2021-09-29,12487494.36,Inactive
A012458,C03385,BR016,Current,2024-04-16,67148666.29,Active
A012459,C00172,BR030,Savings,2026-04-13,53999816.8,Inactive
A012460,C01248,BR038,Credit,2025-01-01,88281307.65,Active
A012461,C07234,BR015,Savings,2026-08-19,11905027.57,Active
A012462,C08771,BR033,Current,2026-05-06,497579628.3,Active
A012463,C07197,BR006,Credit,2020-02-10,35186099.51,Active
A012464,C09357,BR022,Savings,2026-02-10,24402240.9,Active
A012465,C02710,BR021,Savings,2023-10-03,2954747.46,Active
A012466,C05490,BR037,Savings,2023-12-09,22374893.17,Active
A012467,C02414,BR004,Current,2024-06-21,6681534.57,Active
A012468,C09575,BR009,Savings,2021-03-04,11707560.84,Active
A012469,C00335,BR028,Savings,2023-01-16,26036868.44,Active
A012470,C06012,BR005,Current,2026-08-02,6124159.21,Active
A012471,C04325,BR044,Savings,2022-09-26,37818885.99,Closed
A012472,C05285,BR032,Current,2025-02-07,62468129.89,Active
A012473,C05761,BR015,Current,2025-11-20,85182848.04,Active
A012474,C09849,BR032,Current,2026-08-15,15847194.19,Active
A012475,C05187,BR022,Current,2026-07-17,58693230.42,Active
A012476,C09703,BR040,Current,2022-02-05,39102780.65,Active
A012477,C02168,BR035,Savings,2026-03-31,9199656.4,Active
A012478,C01889,BR007,Savings,2026-01-05,5294653.93,Active
A012479,C05309,BR018,Current,2025-11-06,16427423.29,Active
A012480,C04849,BR014,Savings,2020-01-31,53206280.92,Active
A012481,C04615,BR043,Current,2020-06-20,53081327.85,Active
A012482,C06607,BR050,Savings,2024-11-28,12311858.01,Active
A012483,C07221,BR016,Current,2025-11-07,11795605.35,Active
A012484,C04275,BR037,Savings,2023-03-04,4910282.29,Active
A012485,C08767,BR042,Savings,2025-06-15,20976941.52,Active
A012486,C03839,BR018,Credit,2018-11-28,5863064.24,Active
A012487,C04421,BR033,Credit,2022-05-25,21370249.22,Active
A012488,C01398,BR002,Savings,2025-05-03,556688888.65,Inactive
A012489,C09492,BR005,Current,2024-07-12,47335192.97,Active
A012490,C03326,BR008,Savings,2024-01-22,32243424.98,Closed
A012491,C06625,BR004,Savings,2026-07-30,12038981.58,Active
A012492,C01053,BR003,Current,2026-07-14,4623052.7,Active
A012493,C07859,BR002,Savings,2020-01-06,51639148.33,Active
A012494,C00909,BR039,Current,2025-02-07,7165470.62,Active
A012495,C03398,BR050,Current,2025-01-12,22504305.22,Inactive
A012496,C00558,BR001,Savings,2026-08-24,21087612.45,Active
A012497,C02171,BR029,Savings,2025-12-05,20478958.42,Active
A012498,C06579,BR026,Savings,2024-12-28,20197114.22,Active
A012499,C01525,BR041,Savings,2026-06-04,40564580.69,Active
A012500,C09608,BR003,Savings,2023-09-18,58039852.25,Active
A012501,C02923,BR033,Savings,2021-03-07,156241211.37,Active
A012502,C05708,BR038,Current,2026-05-16,21935264.35,Active
A012503,C02302,BR049,Savings,2025-11-17,31467122.48,Active
A012504,C07594,BR048,Savings,2025-06-15,40332964.88,Active
A012505,C06029,BR009,Savings,2025-02-27,25381371.58,Active
A012506,C06926,BR015,Current,2026-06-20,3019535.2,Active
A012507,C01935,BR018,Savings,2025-12-29,19668400.04,Closed
A012508,C02902,BR038,Savings,2024-12-25,5171220.65,Active
A012509,C04301,BR015,Current,2020-04-01,7490419.31,Active
A012510,C02304,BR005,Current,2023-11-29,4851054.55,Active
A012511,C01317,BR027,Credit,2019-05-19,95040310.79,Active
A012512,C05384,BR007,Savings,2021-07-15,36639956.87,Active
A012513,C04936,BR017,Current,2026-08-20,19815495.25,Active
A012514,C05086,BR026,Savings,2026-07-19,21635092.31,Active
A012515,C06458,BR019,Savings,2026-07-07,400334429.45,Active
A012516,C05041,BR040,Savings,2022-11-20,604310393.94,Closed
A012517,C06473,BR026,Savings,2026-03-03,21795830.55,Active
A012518,C02166,BR047,Savings,2023-04-17,1709108.08,Active
A012519,C05329,BR021,Credit,2025-06-25,30972372.31,Active
A012520,C03338,BR044,Savings,2026-01-04,664380298.38,Active
A012521,C04977,BR008,Current,2025-03-29,11225634.26,Inactive
A012522,C08780,BR003,Current,2026-08-22,72137049.31,Active
A012523,C04950,BR049,Current,2025-10-05,18211065.82,Active
A012524,C08244,BR013,Savings,2025-03-16,19479815.84,Active
A012525,C07440,BR044,Credit,2025-09-04,10545122.33,Inactive
A012526,C04562,BR013,Savings,2024-04-24,91169138.09,Inactive
A012527,C04745,BR005,Current,2021-12-18,35357919.82,Active
A012528,C09388,BR041,Current,2026-06-01,102111726.92,Active
A012529,C05708,BR038,Current,2025-09-23,16870611.43,Active
A012530,C04441,BR024,Current,2026-05-27,19593172.16,Active
A012531,C04496,BR036,Credit,2024-10-15,7760285.32,Active
A012532,C02742,BR009,Savings,2025-09-10,10043609.53,Active
A012533,C09258,BR024,Savings,2024-01-23,72733115.77,Active
A012534,C08937,BR037,Current,2023-07-05,38483309.56,Inactive
A012535,C03498,BR025,Savings,2022-03-29,141924760.83,Active
A012536,C02677,BR039,Savings,2025-04-05,70212957.68,Active
A012537,C02376,BR037,Current,2024-09-21,4553377.48,Active
A012538,C02591,BR021,Savings,2024-12-28,5202099.14,Active
A012539,C09143,BR046,Savings,2025-02-28,36223806.81,Active
A012540,C07613,BR048,Savings,2026-01-25,47805395.14,Active
A012541,C06947,BR019,Savings,2026-08-23,81876852.52,Active
A012542,C08916,BR030,Savings,2024-05-08,421290.4,Active
A012543,C07627,BR017,Current,2026-07-12,8274900.29,Active
A012544,C09116,BR046,Savings,2026-05-24,19617953.13,Active
A012545,C04348,BR023,Savings,2026-06-01,7304713.41,Active
A012546,C08345,BR004,Current,2025-03-27,405870474.36,Active
A012547,C06408,BR038,Savings,2024-05-31,68504165.95,Active
A012548,C00559,BR047,Savings,2023-01-20,46944049.52,Active
A012549,C06656,BR030,Savings,2023-12-01,28650302.38,Active
A012550,C01249,BR027,Current,2025-01-11,14246208.17,Active
A012551,C01079,BR043,Savings,2019-02-23,56585852.27,Active
A012552,C08265,BR033,Current,2024-11-21,135972485.85,Active
A012553,C02854,BR030,Savings,2026-02-28,15307852.36,Active
A012554,C07548,BR007,Current,2025-07-10,15733839.15,Active
A012555,C04287,BR015,Current,2020-09-02,27009150.22,Active
A012556,C03718,BR025,Savings,2021-03-10,48514143.17,Active
A012557,C04247,BR034,Savings,2018-05-06,27372492.2,Active
A012558,C03875,BR022,Current,2022-06-04,6216435.85,Active
A012559,C03495,BR035,Current,2026-01-12,18552710.18,Closed
A012560,C05612,BR015,Savings,2026-08-31,20864581.93,Active
A012561,C04841,BR039,Savings,2023-02-17,21862229.2,Active
A012562,C02233,BR023,Current,2024-06-12,118416916.27,Active
A012563,C02723,BR027,Credit,2026-03-21,24784811.94,Active
A012564,C01195,BR002,Current,2026-05-06,9106748.46,Active
A012565,C04296,BR013,Credit,2021-08-17,28636108.03,Active
A012566,C03868,BR025,Current,2025-04-06,7457512.18,Active
A012567,C06942,BR003,Current,2022-12-16,26896257.72,Active
A012568,C04200,BR036,Savings,2021-10-08,5739504.75,Active
A012569,C01639,BR038,Savings,2026-05-28,6524482.61,Active
A012570,C04453,BR014,Current,2023-04-20,151565511.99,Active
A012571,C09079,BR046,Credit,2025-08-13,3425579.44,Active
A012572,C02691,BR022,Current,2025-04-28,5992128.6,Active
A012573,C09767,BR040,Savings,2024-03-07,33393715.77,Inactive
A012574,C05776,BR012,Current,2026-06-10,48438326.87,Active
A012575,C09369,BR009,Savings,2026-04-04,3702097.96,Active
A012576,C03496,BR032,Current,2022-04-15,9961574.26,Active
A012577,C05110,BR020,Savings,2025-04-12,22566984.47,Active
A012578,C05153,BR021,Savings,2026-07-14,3467493.47,Active
A012579,C06536,BR014,Savings,2023-01-17,32159196.16,Active
A012580,C07752,BR046,Current,2025-06-01,4736344.09,Active
A012581,C07581,BR014,Savings,2025-12-27,10931661.35,Active
A012582,C05848,BR031,Savings,2026-05-07,10820452.71,Active
A012583,C07139,BR011,Current,2020-05-18,9572535.53,Active
A012584,C00784,BR013,Savings,2024-04-23,76452179.88,Active
A012585,C06483,BR012,Savings,2023-02-02,27963455.14,Active
A012586,C09807,BR005,Current,2022-07-28,14518285.68,Active
A012587,C06705,BR022,Savings,2024-04-08,52355399.41,Active
A012588,C08057,BR039,Current,2026-04-19,110186095.54,Active
A012589,C00365,BR024,Current,2020-12-07,17705249.61,Active
A012590,C08920,BR033,Current,2026-03-12,50067602.52,Active
A012591,C08910,BR008,Savings,2024-10-21,82404300.83,Active
A012592,C08664,BR048,Current,2023-09-25,8216761.87,Inactive
A012593,C04389,BR015,Savings,2024-11-16,43641543.3,Inactive
A012594,C05039,BR047,Savings,2024-12-30,28579542.72,Active
A012595,C02972,BR037,Savings,2023-05-28,21447696.41,Active
A012596,C03514,BR049,Savings,2025-08-28,27781043.77,Active
A012597,C05580,BR002,Current,2021-05-06,24932022.02,Active
A012598,C02729,BR028,Savings,2022-11-20,7376319.44,Active
A012599,C00134,BR040,Savings,2025-04-10,33417367.34,Active
A012600,C07926,BR017,Savings,2025-11-27,64955450.47,Active
A012601,C06413,BR036,Savings,2025-12-03,153312620.95,Active
A012602,C02993,BR049,Savings,2025-07-08,13571295.17,Active
A012603,C09400,BR038,Savings,2026-05-27,99607832.02,Active
A012604,C03770,BR004,Credit,2021-08-08,19739713.97,Active
A012605,C08673,BR018,Current,2025-11-21,28749216.35,Active
A012606,C00008,BR049,Savings,2025-10-13,4056876.34,Active
A012607,C07527,BR017,Credit,2023-08-29,4250055.45,Inactive
A012608,C02220,BR007,Current,2026-06-18,25672461.83,Active
A012609,C02976,BR028,Credit,2025-11-26,19948225.12,Active
A012610,C01807,BR019,Current,2026-07-11,8065012.67,Active
A012611,C05225,BR038,Savings,2025-03-21,20075443.03,Active
A012612,C07737,BR046,Current,2025-11-08,29858050.07,Active
A012613,C03450,BR037,Current,2022-08-31,786056986.95,Inactive
A012614,C05871,BR047,Savings,2026-06-24,42832934.77,Active
A012615,C09785,BR018,Current,2026-01-14,575808589.98,Closed
A012616,C06131,BR018,Savings,2026-03-22,84349416.73,Active
A012617,C03281,BR037,Current,2026-02-06,9143724.21,Active
A012618,C00342,BR007,Current,2025-08-04,5258791.3,Active
A012619,C04670,BR028,Current,2023-08-06,13694469.96,Active
A012620,C05676,BR034,Current,2020-09-27,175936765.92,Active
A012621,C08099,BR003,Savings,2022-02-11,7900268.31,Active
A012622,C06562,BR004,Current,2024-09-25,4829026.47,Active
A012623,C08763,BR015,Savings,2026-05-28,18316103.45,Active
A012624,C00744,BR017,Current,2026-04-21,61444306.59,Active
A012625,C06342,BR030,Current,2026-07-14,23014108.96,Active
A012626,C01556,BR025,Savings,2025-01-05,21622387.49,Active
A012627,C09592,BR009,Savings,2026-06-10,18022516.72,Active
A012628,C05101,BR026,Current,2025-11-11,514726048.93,Active
A012629,C00768,BR005,Savings,2022-06-02,28991845.82,Inactive
A012630,C01105,BR028,Savings,2024-09-11,5471743.98,Active
A012631,C03047,BR008,Savings,2025-07-30,21650734.06,Active
A012632,C05433,BR037,Savings,2026-05-14,14365582.0,Active
A012633,C00788,BR017,Savings,2026-07-23,31279259.28,Active
A012634,C00588,BR044,Current,2021-10-01,29573645.75,Active
A012635,C06429,BR038,Savings,2025-05-08,21555101.88,Active
A012636,C04300,BR034,Credit,2023-05-09,26208616.45,Active
A012637,C09619,BR037,Current,2024-08-21,38461071.32,Active
A012638,C09126,BR016,Current,2026-02-28,32595812.97,Active
A012639,C00506,BR021,Savings,2025-12-19,97657524.72,Active
A012640,C01880,BR002,Current,2023-06-25,184772999.98,Active
A012641,C08613,BR035,Savings,2021-08-30,35864448.77,Active
A012642,C09181,BR015,Savings,2023-12-04,71601841.57,Active
A012643,C01275,BR045,Savings,2025-08-18,55508157.13,Active
A012644,C00658,BR044,Savings,2022-08-11,6102858.87,Active
A012645,C01232,BR010,Credit,2026-08-16,101523043.78,Active
A012646,C04024,BR036,Savings,2026-08-31,7426254.72,Active
A012647,C08323,BR018,Current,2022-01-01,14434887.45,Active
A012648,C01637,BR034,Savings,2025-01-25,9528616.77,Active
A012649,C08171,BR004,Savings,2026-04-18,11096363.15,Active
A012650,C00481,BR043,Savings,2022-12-07,155538475.38,Active
A012651,C08474,BR050,Credit,2023-10-06,10359185.88,Active
A012652,C01911,BR045,Current,2026-06-29,29634431.12,Active
A012653,C06903,BR029,Current,2026-06-24,12425214.96,Active
A012654,C01514,BR033,Current,2025-02-12,154101570.76,Active
A012655,C07254,BR011,Savings,2024-06-06,9705789.73,Active
A012656,C00778,BR047,Current,2026-07-03,18411139.26,Active
A012657,C02060,BR040,Current,2021-02-20,24804097.01,Active
A012658,C04206,BR026,Credit,2026-03-25,8419925.99,Inactive
A012659,C04563,BR018,Current,2025-09-04,136214512.44,Active
A012660,C07029,BR027,Savings,2026-02-23,25862732.57,Active
A012661,C07720,BR023,Credit,2026-03-28,12519324.84,Active
A012662,C06909,BR001,Current,2026-04-28,49105079.07,Active
A012663,C00911,BR011,Savings,2025-11-18,16142065.36,Active
A012664,C03464,BR025,Savings,2022-11-11,5670355.38,Closed
A012665,C03479,BR038,Savings,2026-02-02,62420042.15,Active
A012666,C09477,BR004,Credit,2022-06-22,494197963.33,Inactive
A012667,C00920,BR004,Savings,2025-03-22,13980469.88,Active
A012668,C03701,BR038,Current,2024-08-16,34633883.15,Active
A012669,C00143,BR037,Current,2026-05-22,8421924.61,Active
A012670,C07086,BR041,Current,2026-04-15,35618135.21,Active
A012671,C07241,BR011,Savings,2025-01-02,13516940.41,Active
A012672,C02650,BR025,Credit,2025-12-20,87470989.45,Active
A012673,C00612,BR003,Savings,2025-04-30,22931675.55,Active
A012674,C01655,BR006,Current,2026-05-29,28463771.21,Active
A012675,C05190,BR047,Current,2020-08-24,10412393.06,Active
A012676,C01126,BR013,Current,2025-08-23,9240548.82,Active
A012677,C08216,BR027,Savings,2025-09-06,34966211.69,Active
A012678,C01073,BR024,Savings,2025-03-26,26582668.1,Active
A012679,C02619,BR029,Current,2023-12-02,32358309.42,Active
A012680,C02254,BR019,Savings,2025-08-09,6016144.3,Active
A012681,C01913,BR048,Savings,2024-08-08,11569433.32,Active
A012682,C07400,BR009,Savings,2026-03-30,15310442.7,Active
A012683,C07769,BR011,Savings,2025-09-05,35535717.31,Active
A012684,C01393,BR017,Savings,2026-06-08,233315832.79,Active
A012685,C09820,BR001,Savings,2022-08-29,16954207.03,Active
A012686,C01385,BR037,Current,2021-10-06,12177096.81,Inactive
A012687,C05827,BR020,Current,2024-10-09,4726076.26,Active
A012688,C07263,BR031,Credit,2023-04-06,86286667.75,Active
A012689,C01058,BR038,Savings,2022-04-20,341884303.41,Active
A012690,C03413,BR019,Savings,2023-05-09,982487080.89,Active
A012691,C04779,BR045,Savings,2021-12-10,17252151.12,Active
A012692,C05603,BR020,Current,2025-11-26,98927880.09,Active
A012693,C03559,BR014,Current,2026-05-07,8647213.34,Active
A012694,C03736,BR001,Savings,2025-11-13,62304377.9,Active
A012695,C00293,BR026,Current,2023-10-27,88707643.45,Active
A012696,C08874,BR033,Savings,2025-09-02,394824209.55,Active
A012697,C06594,BR022,Current,2023-09-10,33671444.95,Active
A012698,C01501,BR045,Savings,2023-04-12,32385686.4,Active
A012699,C03868,BR034,Savings,2021-06-09,22748600.46,Active
A012700,C06040,BR038,Current,2024-08-11,6744539.8,Active
A012701,C02115,BR018,Savings,2025-05-09,6951225.29,Active
A012702,C02921,BR039,Savings,2024-04-18,7372353.75,Active
A012703,C04794,BR047,Current,2019-06-27,18110039.13,Active
A012704,C03030,BR042,Savings,2025-12-11,2965344.92,Active
A012705,C02138,BR029,Savings,2023-08-07,14924887.82,Active
A012706,C00776,BR014,Savings,2021-12-08,214449983.97,Inactive
A012707,C02597,BR023,Savings,2025-01-22,25572333.1,Active
A012708,C03411,BR004,Credit,2024-08-18,62584478.93,Active
A012709,C02830,BR023,Savings,2022-11-29,49069999.75,Active
A012710,C08269,BR024,Credit,2026-06-30,28577578.13,Active
A012711,C03039,BR036,Current,2022-05-14,19161335.91,Active
A012712,C05645,BR013,Current,2025-05-24,67324480.2,Active
A012713,C06237,BR008,Savings,2023-06-12,52968903.74,Active
A012714,C05584,BR012,Credit,2025-02-28,372054201.36,Active
A012715,C07281,BR038,Savings,2026-07-30,11770787.07,Active
A012716,C06406,BR024,Savings,2026-05-11,28093938.94,Active
A012717,C02002,BR025,Current,2024-01-23,40487183.93,Active
A012718,C04398,BR034,Savings,2021-09-28,5024120.12,Active
A012719,C05442,BR030,Credit,2026-04-09,33918240.38,Active
A012720,C07858,BR033,Savings,2020-01-07,44101559.79,Active
A012721,C05291,BR038,Savings,2026-04-19,17127842.49,Active
A012722,C06010,BR038,Savings,2023-09-19,6066183.7,Active
A012723,C04999,BR047,Savings,2022-10-18,32938806.33,Active
A012724,C03739,BR034,Savings,2020-05-03,19715365.0,Active
A012725,C00708,BR022,Current,2024-12-21,87413244.55,Active
A012726,C02234,BR006,Savings,2022-02-15,12426221.28,Active
A012727,C04512,BR018,Current,2026-01-31,36416187.92,Active
A012728,C02013,BR014,Current,2026-06-16,4706679.4,Active
A012729,C07955,BR046,Current,2022-01-13,45826945.2,Active
A012730,C04541,BR045,Savings,2025-08-20,31924643.9,Active
A012731,C01692,BR011,Credit,2025-06-01,54137556.39,Inactive
A012732,C07395,BR021,Savings,2024-07-29,36470891.71,Inactive
A012733,C06734,BR036,Savings,2025-08-04,13857292.83,Active
A012734,C03304,BR022,Savings,2026-05-10,5877602.55,Active
A012735,C05634,BR014,Savings,2024-12-16,9266519.78,Active
A012736,C02467,BR001,Savings,2022-12-29,23317901.34,Active
A012737,C08212,BR018,Savings,2020-11-30,7180226.84,Active
A012738,C05178,BR049,Savings,2023-10-19,21088740.67,Active
A012739,C04895,BR001,Savings,2022-11-14,14437773.01,Active
A012740,C09535,BR030,Savings,2022-08-24,12543192.51,Inactive
A012741,C01437,BR002,Savings,2026-07-09,7953148.34,Active
A012742,C03735,BR002,Current,2024-02-28,23135016.3,Active
A012743,C07160,BR039,Current,2025-06-23,404883610.8,Active
A012744,C07758,BR044,Savings,2025-12-23,20315382.45,Active
A012745,C05992,BR038,Savings,2022-07-25,6785577.16,Inactive
A012746,C08417,BR018,Savings,2021-01-17,9789378.63,Active
A012747,C05602,BR048,Savings,2024-09-17,51509021.36,Active
A012748,C04882,BR038,Savings,2025-04-24,37926442.65,Active
A012749,C05032,BR038,Savings,2026-08-09,4574560.15,Active
A012750,C04361,BR015,Credit,2018-07-10,14017984.21,Closed
A012751,C04983,BR029,Current,2021-05-23,1120911755.34,Active
A012752,C09714,BR013,Savings,2022-05-26,12615338.35,Active
A012753,C01186,BR029,Savings,2025-11-19,12096251.97,Active
A012754,C05119,BR011,Current,2026-05-26,35953998.52,Active
A012755,C09422,BR040,Current,2026-05-02,33039558.85,Active
A012756,C07687,BR034,Credit,2025-01-13,31699245.44,Active
A012757,C05116,BR044,Current,2025-12-21,12163776.57,Active
A012758,C07964,BR031,Current,2024-05-01,25491896.42,Closed
A012759,C00250,BR032,Savings,2021-04-25,49592847.13,Active
A012760,C04758,BR017,Current,2022-12-06,14413297.85,Active
A012761,C03196,BR038,Savings,2018-08-30,10862565.32,Active
A012762,C04997,BR037,Savings,2026-08-09,40129363.07,Active
A012763,C01722,BR022,Current,2025-11-10,77045953.57,Active
A012764,C08949,BR037,Credit,2024-05-24,81455275.92,Active
A012765,C08925,BR050,Savings,2025-04-23,11116616.84,Active
A012766,C01702,BR038,Credit,2021-11-30,12047028.13,Active
A012767,C02923,BR002,Current,2020-06-02,38924076.86,Active
A012768,C01646,BR048,Savings,2021-01-27,16485678.93,Active
A012769,C06025,BR018,Savings,2023-12-18,148211159.35,Active
A012770,C03510,BR007,Current,2023-04-17,9842831.74,Active
A012771,C02193,BR019,Current,2025-08-14,26283833.11,Active
A012772,C07724,BR017,Savings,2023-03-13,20491950.06,Active
A012773,C03530,BR049,Credit,2022-04-09,3523564.63,Active
A012774,C04307,BR046,Savings,2021-07-10,240142198.94,Active
A012775,C08018,BR022,Savings,2024-08-21,37379759.71,Active
A012776,C05509,BR045,Current,2024-10-25,6953902.84,Closed
A012777,C05479,BR008,Savings,2026-07-12,33608571.16,Inactive
A012778,C02571,BR007,Current,2023-10-22,50356529.74,Active
A012779,C01372,BR032,Savings,2026-07-16,42702700.83,Active
A012780,C02555,BR022,Savings,2024-08-03,7464089.45,Active
A012781,C08387,BR044,Savings,2021-02-18,2088889.45,Active
A012782,C01568,BR026,Savings,2025-09-26,16643040.06,Active
A012783,C00052,BR011,Savings,2025-05-14,18060050.34,Active
A012784,C07641,BR014,Current,2025-10-07,90339571.9,Active
A012785,C00760,BR044,Savings,2025-11-08,22134179.54,Active
A012786,C08414,BR006,Current,2022-11-24,56509813.93,Inactive
A012787,C03361,BR020,Savings,2025-07-25,5740109.11,Active
A012788,C09046,BR038,Savings,2026-01-13,13888053.82,Active
A012789,C07894,BR013,Savings,2024-06-15,21477986.19,Active
A012790,C07112,BR009,Savings,2025-10-02,10027900.98,Active
A012791,C01575,BR033,Savings,2021-12-20,15750356.85,Active
A012792,C02638,BR024,Current,2026-05-10,301923749.54,Closed
A012793,C08697,BR037,Savings,2024-01-05,11031580.34,Active
A012794,C03400,BR022,Savings,2026-01-28,3315570.67,Active
A012795,C00773,BR036,Current,2024-04-29,30169745.9,Active
A012796,C06964,BR003,Savings,2026-08-19,19288467.1,Active
A012797,C03429,BR030,Savings,2022-01-30,3822316.27,Active
A012798,C05119,BR011,Savings,2026-05-29,21118831.76,Active
A012799,C09927,BR017,Savings,2026-06-29,39786280.84,Active
A012800,C03181,BR009,Savings,2026-08-31,21351203.82,Active
A012801,C06292,BR046,Current,2025-10-16,68983062.85,Active
A012802,C06197,BR033,Savings,2025-07-22,13019845.02,Active
A012803,C01035,BR018,Current,2022-02-26,35682742.21,Active
A012804,C03252,BR023,Savings,2023-04-13,5613982.42,Active
A012805,C07277,BR012,Current,2019-11-07,4448268.34,Active
A012806,C08535,BR034,Current,2021-03-27,75335131.44,Active
A012807,C05962,BR025,Current,2019-06-22,19188328.66,Active
A012808,C04152,BR050,Current,2023-07-01,24962785.95,Inactive
A012809,C06799,BR003,Savings,2023-01-04,37700299.68,Active
A012810,C09617,BR016,Savings,2024-06-21,9833533.72,Active
A012811,C06482,BR001,Savings,2026-08-09,29024586.73,Active
A012812,C02460,BR043,Savings,2021-10-28,128189232.14,Active
A012813,C05647,BR021,Current,2024-07-29,5323901.21,Inactive
A012814,C01815,BR021,Credit,2025-11-18,50321803.39,Active
A012815,C02469,BR001,Current,2025-03-19,42671814.23,Active
A012816,C09220,BR033,Savings,2026-08-26,5371334.62,Active
A012817,C04714,BR015,Current,2021-09-15,410822935.44,Active
A012818,C06205,BR014,Savings,2025-04-25,12468262.45,Active
A012819,C03896,BR025,Current,2026-01-10,46651084.61,Active
A012820,C03880,BR014,Savings,2024-12-14,4852822.99,Inactive
A012821,C08896,BR015,Savings,2025-07-22,800000000.0,Active
A012822,C04238,BR037,Credit,2022-07-31,13045755.94,Active
A012823,C08341,BR041,Savings,2025-10-09,134147273.31,Active
A012824,C03272,BR024,Savings,2024-10-04,1062024020.89,Active
A012825,C01745,BR019,Savings,2025-11-18,12823131.99,Active
A012826,C07139,BR011,Credit,2020-11-13,13682213.34,Active
A012827,C03168,BR001,Savings,2023-06-25,10032055.2,Active
A012828,C05563,BR004,Credit,2025-08-31,7386674.99,Closed
A012829,C07549,BR020,Savings,2026-01-24,18644245.0,Active
A012830,C09103,BR038,Current,2022-12-08,13461541.7,Active
A012831,C04588,BR032,Credit,2021-08-31,9979678.17,Active
A012832,C02912,BR034,Savings,2025-04-22,243998480.07,Active
A012833,C06795,BR038,Savings,2024-03-21,23784567.93,Active
A012834,C05305,BR048,Savings,2025-11-20,7924818.19,Inactive
A012835,C03604,BR018,Savings,2025-08-23,12310817.98,Closed
A012836,C08309,BR021,Savings,2024-06-14,30783662.61,Inactive
A012837,C03453,BR038,Current,2026-07-03,95114788.65,Inactive
A012838,C04834,BR009,Savings,2024-09-27,6477941.49,Active
A012839,C06613,BR016,Savings,2024-01-26,78674326.83,Active
A012840,C05573,BR027,Savings,2026-07-22,21277868.56,Closed
A012841,C04882,BR038,Savings,2025-09-28,33097837.7,Active
A012842,C08195,BR028,Savings,2021-02-20,8196828.14,Active
A012843,C01855,BR036,Current,2020-09-29,9594849.3,Active
A012844,C03809,BR040,Credit,2024-08-11,49176439.78,Active
A012845,C03606,BR014,Savings,2026-08-19,8949825.56,Active
A012846,C06099,BR013,Current,2025-10-23,106221861.06,Active
A012847,C03237,BR023,Savings,2022-10-24,24134479.56,Active
A012848,C03748,BR035,Savings,2023-06-18,34770627.58,Active
A012849,C08922,BR032,Savings,2024-03-28,13944850.13,Active
A012850,C01539,BR020,Savings,2025-03-28,4873399.96,Active
A012851,C07425,BR019,Savings,2026-04-16,25626483.61,Active
A012852,C03079,BR013,Current,2021-12-03,17036619.98,Active
A012853,C00280,BR049,Savings,2021-09-25,83429775.85,Active
A012854,C05061,BR022,Savings,2025-12-30,32578227.36,Active
A012855,C05351,BR036,Current,2025-10-31,12824809.15,Active
A012856,C07718,BR027,Current,2025-12-03,34690583.61,Active
A012857,C06539,BR020,Savings,2026-06-26,112101210.3,Inactive
A012858,C07850,BR039,Current,2025-12-15,10634835.47,Inactive
A012859,C04513,BR046,Current,2022-02-27,9898890.54,Active
A012860,C00706,BR038,Current,2026-05-16,27276289.18,Active
A012861,C03634,BR028,Current,2026-05-25,164184984.01,Active
A012862,C01840,BR005,Savings,2024-05-23,284599078.99,Active
A012863,C05314,BR010,Credit,2026-01-25,16080941.57,Active
A012864,C02721,BR004,Savings,2025-06-12,8328289.8,Active
A012865,C00845,BR003,Current,2022-05-24,4005186.53,Active
A012866,C00942,BR028,Current,2026-01-31,9803600.64,Active
A012867,C02131,BR046,Savings,2026-03-01,11143062.77,Active
A012868,C06052,BR027,Savings,2022-07-16,18958610.68,Active
A012869,C02173,BR011,Current,2026-06-04,11291206.9,Active
A012870,C06841,BR021,Savings,2026-01-11,8443282.15,Active
A012871,C07606,BR019,Savings,2022-08-19,4505859.6,Inactive
A012872,C03314,BR008,Savings,2021-11-13,15592858.13,Active
A012873,C03504,BR044,Current,2023-07-19,45806889.2,Active
A012874,C02098,BR017,Current,2019-08-15,43150561.41,Active
A012875,C09025,BR035,Savings,2025-10-23,16914437.21,Inactive
A012876,C01115,BR041,Savings,2021-06-14,23517209.52,Inactive
A012877,C01348,BR030,Savings,2021-01-03,12292868.14,Active
A012878,C00090,BR046,Credit,2020-06-15,411149701.87,Active
A012879,C07413,BR005,Savings,2023-09-12,7355717.84,Active
A012880,C02238,BR022,Savings,2026-01-26,5844348.59,Active
A012881,C04260,BR010,Current,2026-04-04,15182676.33,Active
A012882,C05341,BR023,Savings,2024-05-13,23673671.54,Active
A012883,C05497,BR047,Credit,2026-07-21,20490439.17,Active
A012884,C03112,BR016,Savings,2024-09-15,56410436.8,Active
A012885,C01616,BR049,Savings,2025-08-18,290473430.31,Active
A012886,C00688,BR043,Savings,2025-10-26,22008577.03,Active
A012887,C02084,BR003,Current,2026-08-18,51324438.77,Active
A012888,C03343,BR049,Savings,2023-04-08,210755183.71,Active
A012889,C01104,BR012,Current,2023-01-11,58060908.1,Active
A012890,C08273,BR021,Current,2025-12-14,32506395.59,Active
A012891,C07861,BR026,Savings,2024-06-22,24701562.12,Active
A012892,C05625,BR022,Savings,2026-05-01,74885286.66,Active
A012893,C08481,BR033,Current,2025-05-15,5463215.6,Closed
A012894,C02841,BR007,Savings,2023-10-21,179796023.98,Active
A012895,C08854,BR020,Credit,2026-05-01,111746478.32,Active
A012896,C09508,BR047,Savings,2026-04-12,4265490.8,Active
A012897,C07555,BR037,Savings,2025-06-03,46106111.92,Active
A012898,C04872,BR034,Savings,2022-05-15,10313041.78,Active
A012899,C00021,BR009,Savings,2022-01-27,11487681.42,Active
A012900,C06874,BR028,Current,2025-07-10,18611167.26,Active
A012901,C02953,BR034,Savings,2025-10-10,34403570.04,Active
A012902,C02044,BR045,Savings,2020-10-01,14560894.05,Active
A012903,C03751,BR036,Current,2025-11-04,4133180.88,Inactive
A012904,C07592,BR002,Savings,2021-05-10,21953271.97,Active
A012905,C09950,BR047,Savings,2025-09-24,382080783.45,Closed
A012906,C03968,BR043,Current,2025-07-02,51129140.16,Active
A012907,C02807,BR029,Savings,2022-02-15,13105808.52,Inactive
A012908,C06802,BR012,Credit,2020-07-05,13632650.13,Active
A012909,C07205,BR042,Credit,2023-05-06,33023686.49,Active
A012910,C09378,BR038,Current,2025-03-12,20749208.4,Active
A012911,C09750,BR016,Current,2024-01-20,152363458.66,Active
A012912,C01963,BR029,Savings,2023-01-01,10004769.54,Active
A012913,C07529,BR001,Savings,2022-09-29,21219178.2,Closed
A012914,C02397,BR020,Current,2023-10-19,7572798.04,Active
A012915,C00166,BR024,Current,2023-05-01,25585358.61,Active
A012916,C09320,BR009,Savings,2025-01-21,34109356.76,Active
A012917,C01687,BR035,Savings,2021-04-20,11541798.47,Active
A012918,C00800,BR021,Savings,2024-04-07,27228142.47,Active
A012919,C08382,BR002,Savings,2023-08-22,4389337.63,Active
A012920,C08456,BR038,Savings,2026-08-01,836711554.71,Active
A012921,C04909,BR001,Current,2025-10-16,13580111.76,Active
A012922,C00250,BR026,Savings,2019-06-09,47968406.2,Active
A012923,C05360,BR046,Savings,2024-12-24,7284689.91,Active
A012924,C00699,BR005,Current,2025-08-19,22490100.34,Active
A012925,C05363,BR046,Savings,2025-02-07,14656630.53,Active
A012926,C03666,BR038,Current,2022-05-01,23991774.81,Active
A012927,C07137,BR050,Savings,2026-04-19,25656571.87,Active
A012928,C03831,BR016,Current,2025-10-19,6047589.07,Inactive
A012929,C09023,BR042,Current,2022-02-25,4089177.07,Active
A012930,C07171,BR026,Savings,2022-12-19,11683656.93,Active
A012931,C07747,BR018,Current,2026-06-23,22673693.9,Inactive
A012932,C00957,BR040,Current,2020-07-12,21773195.02,Active
A012933,C03041,BR041,Credit,2019-09-29,1231064133.66,Inactive
A012934,C06042,BR021,Current,2023-09-22,11126014.78,Active
A012935,C04546,BR044,Credit,2026-07-09,21990249.0,Inactive
A012936,C02146,BR019,Current,2024-05-21,184877444.15,Active
A012937,C01679,BR007,Current,2022-05-25,91712928.35,Active
A012938,C09061,BR040,Savings,2026-03-24,18798940.83,Active
A012939,C09133,BR016,Current,2021-10-19,136864297.97,Active
A012940,C03299,BR027,Current,2026-07-30,41221710.58,Active
A012941,C07008,BR005,Savings,2022-07-11,14726288.26,Active
A012942,C06626,BR044,Credit,2021-08-02,38447416.7,Active
A012943,C00149,BR040,Savings,2022-01-27,23330446.22,Active
A012944,C00067,BR048,Savings,2026-06-17,207154986.76,Active
A012945,C09728,BR020,Current,2022-12-11,67949154.95,Active
A012946,C09654,BR018,Savings,2025-10-07,24568015.64,Active
A012947,C03903,BR038,Savings,2026-07-12,8507859.55,Active
A012948,C05256,BR018,Savings,2025-10-13,30484473.33,Active
A012949,C09833,BR030,Current,2025-03-25,17023538.46,Active
A012950,C01701,BR039,Savings,2026-01-05,20355370.68,Active
A012951,C05091,BR036,Credit,2026-05-02,219286777.87,Inactive
A012952,C00232,BR036,Current,2024-06-25,19951487.52,Active
A012953,C02978,BR026,Credit,2021-06-17,84100703.54,Closed
A012954,C04875,BR035,Credit,2026-07-31,14040969.24,Active
A012955,C03671,BR032,Savings,2024-01-16,13468109.52,Active
A012956,C00017,BR019,Savings,2025-06-26,19257290.04,Active
A012957,C02487,BR018,Current,2023-11-30,44643494.12,Inactive
A012958,C03442,BR035,Savings,2024-06-07,52132223.58,Active
A012959,C05843,BR040,Savings,2021-04-16,49442315.06,Active
A012960,C07964,BR024,Savings,2026-08-25,41933377.85,Active
A012961,C06592,BR029,Current,2026-07-12,222519692.34,Active
A012962,C05988,BR036,Savings,2025-01-07,416051498.71,Active
A012963,C06396,BR032,Current,2026-03-04,9342858.26,Active
A012964,C06615,BR043,Savings,2021-06-24,3913619.44,Active
A012965,C07496,BR022,Current,2024-09-04,91907650.13,Active
A012966,C00789,BR013,Current,2025-12-25,174625583.76,Active
A012967,C09142,BR005,Savings,2022-08-28,14273523.53,Active
A012968,C09537,BR027,Current,2026-03-18,106976191.88,Active
A012969,C03557,BR002,Current,2026-02-12,16367647.41,Active
A012970,C07047,BR005,Current,2026-06-21,8193073.4,Active
A012971,C08017,BR008,Credit,2024-12-09,43048573.22,Active
A012972,C07484,BR022,Savings,2026-02-28,14060131.28,Active
A012973,C03894,BR041,Current,2026-04-09,22696201.06,Active
A012974,C09039,BR003,Savings,2024-11-10,182439839.0,Active
A012975,C04034,BR016,Current,2023-11-29,61162483.88,Active
A012976,C01800,BR048,Current,2025-09-04,25249307.84,Active
A012977,C06898,BR046,Credit,2021-06-16,153780124.73,Active
A012978,C01795,BR045,Savings,2025-11-21,5367691.03,Active
A012979,C02371,BR049,Savings,2025-11-22,54899862.41,Active
A012980,C06130,BR037,Savings,2022-12-18,41344456.37,Inactive
A012981,C09079,BR022,Savings,2026-08-15,11182586.74,Active
A012982,C00770,BR016,Current,2025-04-28,25877614.79,Closed
A012983,C06943,BR021,Savings,2023-11-18,23876739.63,Active
A012984,C06927,BR042,Current,2026-07-16,48629046.14,Active
A012985,C09363,BR028,Savings,2021-04-05,13292021.7,Active
A012986,C05100,BR047,Credit,2025-08-11,47449395.64,Active
A012987,C09775,BR026,Savings,2025-06-01,56771121.71,Active
A012988,C06760,BR039,Savings,2022-11-28,30737610.05,Active
A012989,C04973,BR025,Current,2026-02-11,3228939.88,Active
A012990,C05485,BR024,Savings,2026-04-01,1363958.93,Active
A012991,C00352,BR038,Savings,2022-11-27,30675043.44,Active
A012992,C07876,BR047,Savings,2026-08-06,18688242.31,Active
A012993,C01325,BR007,Savings,2022-02-07,15223204.42,Active
A012994,C04597,BR038,Savings,2026-03-12,5278346.57,Active
A012995,C04336,BR020,Current,2026-08-16,3819572.06,Active
A012996,C05245,BR016,Savings,2026-07-19,9028867.41,Active
A012997,C02385,BR005,Savings,2021-09-16,20033508.18,Active
A012998,C01094,BR001,Savings,2024-10-06,9388125.36,Active
A012999,C00293,BR042,Savings,2025-09-04,150219382.38,Active
A013000,C03608,BR025,Current,2021-10-26,6992252.34,Active
A013001,C09399,BR037,Savings,2026-07-12,9900389.92,Active
A013002,C04166,BR024,Savings,2026-07-13,26327421.66,Active
A013003,C01045,BR030,Savings,2026-08-28,61447682.59,Active
A013004,C06406,BR031,Current,2026-07-12,11544050.92,Active
A013005,C09750,BR033,Current,2023-11-15,50987714.78,Active
A013006,C01438,BR047,Savings,2023-03-05,7728367.18,Active
A013007,C05782,BR038,Credit,2026-04-20,19913384.31,Active
A013008,C00436,BR030,Savings,2026-05-28,22087575.08,Active
A013009,C09310,BR002,Savings,2025-04-28,17989152.75,Active
A013010,C07217,BR030,Savings,2022-06-04,51971636.13,Closed
A013011,C04937,BR009,Current,2026-08-10,12766910.18,Active
A013012,C08931,BR023,Savings,2024-07-11,53774427.44,Active
A013013,C05736,BR028,Current,2023-12-26,4812340.23,Active
A013014,C04887,BR038,Current,2024-04-13,299510816.16,Inactive
A013015,C04205,BR010,Savings,2025-02-25,85783829.98,Active
A013016,C05548,BR013,Savings,2025-03-19,12987003.01,Active
A013017,C03009,BR040,Credit,2022-03-22,32160946.41,Active
A013018,C01515,BR037,Savings,2025-08-25,2869785.67,Active
A013019,C08143,BR002,Current,2025-12-26,45254669.62,Active
A013020,C05171,BR004,Savings,2023-02-27,1547063377.35,Active
A013021,C06739,BR034,Savings,2024-03-31,35817209.67,Active
A013022,C07271,BR004,Current,2026-06-18,2790503.11,Active
A013023,C09298,BR038,Credit,2024-11-03,27643329.17,Active
A013024,C05656,BR038,Savings,2025-07-14,55971859.05,Active
A013025,C02277,BR046,Savings,2026-03-02,1202468955.09,Closed
A013026,C07238,BR050,Savings,2024-02-02,4862626.89,Active
A013027,C04070,BR024,Current,2026-07-16,33822818.1,Active
A013028,C01002,BR039,Savings,2026-03-09,63086482.51,Active
A013029,C00319,BR019,Savings,2025-05-25,15357789.06,Active
A013030,C04886,BR021,Savings,2024-10-30,4692142.13,Active
A013031,C00291,BR023,Credit,2026-05-14,29106813.14,Active
A013032,C07123,BR037,Savings,2024-02-07,34852907.96,Active
A013033,C07673,BR043,Savings,2023-04-24,13419161.79,Closed
A013034,C06374,BR027,Savings,2023-02-08,5786174.91,Active
A013035,C04314,BR038,Savings,2025-09-14,159068844.61,Active
A013036,C02078,BR009,Current,2023-08-21,8109231.54,Active
A013037,C05097,BR048,Savings,2025-01-04,20613116.21,Inactive
A013038,C04360,BR022,Current,2023-02-21,238112460.03,Active
A013039,C08239,BR039,Credit,2024-06-25,92841587.16,Inactive
A013040,C07371,BR032,Current,2026-02-11,31008501.21,Active
A013041,C00483,BR037,Savings,2022-01-07,12715027.69,Active
A013042,C08938,BR008,Current,2020-11-04,70496942.2,Active
A013043,C01563,BR016,Current,2024-11-21,22635135.08,Active
A013044,C05941,BR020,Current,2025-07-11,8092542.64,Active
A013045,C01614,BR038,Savings,2021-11-26,5859327.83,Closed
A013046,C06859,BR018,Current,2026-05-19,83979887.6,Active
A013047,C07592,BR033,Savings,2026-08-23,40183656.92,Active
A013048,C05136,BR044,Savings,2025-03-07,11141896.4,Active
A013049,C01654,BR003,Credit,2024-03-04,119221716.49,Inactive
A013050,C02711,BR048,Current,2025-04-16,237438227.42,Active
A013051,C01906,BR044,Credit,2026-02-09,138175518.72,Active
A013052,C05671,BR043,Savings,2026-08-26,25277136.44,Active
A013053,C09652,BR047,Savings,2026-06-12,19500112.99,Active
A013054,C08172,BR015,Savings,2026-04-22,67775259.68,Active
A013055,C02754,BR022,Current,2026-06-11,19097683.63,Inactive
A013056,C06705,BR005,Savings,2021-01-23,40841039.47,Active
A013057,C01391,BR005,Savings,2026-08-13,817632504.07,Inactive
A013058,C01868,BR011,Credit,2025-03-26,197690540.57,Active
A013059,C08918,BR002,Current,2025-05-01,27535989.5,Active
A013060,C08702,BR023,Savings,2026-06-12,11139101.7,Active
A013061,C05496,BR041,Savings,2020-12-14,15729338.09,Closed
A013062,C05359,BR036,Savings,2023-10-15,52621214.69,Active
A013063,C02832,BR038,Current,2020-07-08,196142804.24,Inactive
A013064,C04188,BR019,Savings,2024-05-26,73931979.42,Active
A013065,C03320,BR049,Savings,2025-02-23,8033619.06,Active
A013066,C00890,BR034,Credit,2024-05-23,7477364.38,Inactive
A013067,C06944,BR014,Current,2026-03-09,389720332.04,Active
A013068,C07250,BR049,Savings,2024-04-27,106362563.14,Active
A013069,C07607,BR045,Savings,2023-12-23,13386126.96,Active
A013070,C01978,BR041,Savings,2025-10-29,256258221.08,Inactive
A013071,C01041,BR013,Current,2024-09-19,41345614.07,Inactive
A013072,C00792,BR030,Current,2026-02-02,75076993.82,Active
A013073,C08776,BR037,Current,2022-02-27,5673924.71,Active
A013074,C08037,BR035,Credit,2026-08-24,6223291.4,Active
A013075,C00375,BR040,Savings,2026-08-31,18278064.16,Active
A013076,C07183,BR042,Savings,2025-12-16,165698883.95,Active
A013077,C05403,BR037,Current,2021-12-20,6870900.72,Active
A013078,C00653,BR013,Savings,2024-02-24,11659845.68,Active
A013079,C07608,BR021,Current,2025-09-13,102708411.92,Active
A013080,C09802,BR035,Savings,2025-02-18,56998794.8,Active
A013081,C01326,BR047,Current,2024-06-19,21594072.9,Inactive
A013082,C00966,BR008,Credit,2024-11-23,297425609.16,Active
A013083,C02881,BR036,Current,2023-01-08,7006702.96,Active
A013084,C03905,BR047,Savings,2026-06-19,11712328.72,Active
A013085,C09893,BR042,Savings,2026-08-08,10181348.36,Closed
A013086,C06158,BR033,Savings,2025-08-15,4453694.21,Active
A013087,C01620,BR038,Savings,2019-12-26,52643509.66,Active
A013088,C03186,BR028,Savings,2026-03-11,9390764.73,Active
A013089,C09141,BR013,Savings,2022-12-12,7441360.24,Active
A013090,C06644,BR039,Savings,2025-01-27,10511848.93,Active
A013091,C00140,BR003,Savings,2022-05-05,31535545.09,Active
A013092,C08983,BR017,Savings,2025-02-17,16417782.25,Closed
A013093,C02265,BR018,Savings,2021-07-29,7962294.06,Closed
A013094,C07684,BR047,Savings,2024-02-12,20808677.29,Active
A013095,C00706,BR038,Savings,2026-03-05,141294013.73,Active
A013096,C02036,BR046,Savings,2024-04-02,14717518.67,Active
A013097,C04893,BR038,Savings,2026-01-17,12431598.01,Closed
A013098,C00074,BR038,Savings,2024-11-25,33809808.47,Active
A013099,C08984,BR042,Savings,2025-07-09,12996784.8,Active
A013100,C08474,BR050,Savings,2019-02-01,54304299.6,Active
A013101,C06723,BR018,Credit,2026-07-29,8182046.51,Active
A013102,C06606,BR047,Credit,2024-05-03,46311356.35,Active
A013103,C02422,BR038,Savings,2025-12-06,7279140.39,Active
A013104,C06140,BR043,Savings,2025-08-24,12391032.63,Active
A013105,C01737,BR001,Current,2025-06-20,15030078.85,Active
A013106,C08357,BR011,Savings,2026-06-26,31629223.83,Active
A013107,C07574,BR047,Current,2018-11-16,16207206.93,Active
A013108,C04191,BR038,Current,2026-07-07,23578459.23,Active
A013109,C04027,BR039,Savings,2026-08-19,28679498.98,Active
A013110,C09253,BR011,Savings,2026-03-04,230671821.3,Active
A013111,C04389,BR020,Savings,2022-10-14,119017036.26,Active
A013112,C02473,BR046,Current,2025-10-06,37316408.97,Active
A013113,C03622,BR048,Savings,2021-09-05,11649548.03,Inactive
A013114,C07835,BR014,Savings,2026-06-22,835875776.74,Active
A013115,C06312,BR007,Credit,2026-01-11,63066921.69,Active
A013116,C07121,BR050,Savings,2024-07-30,21327181.16,Active
A013117,C01026,BR017,Savings,2026-08-16,13100462.99,Active
A013118,C05970,BR028,Savings,2026-01-24,10043561.52,Active
A013119,C08606,BR028,Credit,2026-06-13,725264512.76,Active
A013120,C01395,BR046,Savings,2022-09-25,176869312.79,Inactive
A013121,C08312,BR036,Savings,2024-10-21,35606263.97,Active
A013122,C07323,BR002,Current,2021-05-22,31074627.61,Active
A013123,C03207,BR011,Savings,2026-01-11,52305117.93,Active
A013124,C08733,BR004,Savings,2025-03-23,43830836.22,Active
A013125,C05840,BR038,Credit,2025-02-27,13265077.61,Inactive
A013126,C05856,BR013,Savings,2023-01-28,33159882.78,Active
A013127,C08020,BR038,Savings,2021-05-21,99346164.47,Active
A013128,C05798,BR040,Current,2025-09-29,18801102.9,Closed
A013129,C04449,BR042,Savings,2026-08-09,19885752.57,Active
A013130,C09490,BR037,Current,2025-04-28,21805813.66,Active
A013131,C04740,BR038,Savings,2025-06-08,73856260.78,Active
A013132,C08173,BR034,Savings,2024-01-14,24867487.15,Active
A013133,C03214,BR049,Current,2023-10-28,8848999.88,Active
A013134,C03525,BR027,Savings,2019-07-21,25250761.71,Active
A013135,C05377,BR046,Savings,2025-05-02,29774087.83,Active
A013136,C06267,BR030,Current,2026-06-05,26241955.29,Active
A013137,C08853,BR018,Current,2023-12-09,135334138.02,Active
A013138,C00418,BR045,Savings,2023-06-01,110767408.38,Active
A013139,C02658,BR011,Savings,2022-11-22,38351917.76,Active
A013140,C09918,BR002,Current,2020-05-29,2436979.04,Active
A013141,C05342,BR008,Current,2026-06-13,145423300.74,Active
A013142,C00290,BR007,Current,2021-10-26,72850997.34,Active
A013143,C01605,BR022,Savings,2026-06-10,9120583.85,Active
A013144,C06055,BR012,Savings,2026-05-27,8340025.84,Active
A013145,C06158,BR002,Current,2023-09-08,41976310.0,Active
A013146,C06752,BR041,Current,2026-08-30,41817256.83,Closed
A013147,C07236,BR004,Savings,2026-05-10,50165102.51,Active
A013148,C01714,BR027,Current,2025-11-01,17184520.66,Active
A013149,C09425,BR022,Current,2026-08-01,7916025.37,Active
A013150,C00941,BR027,Savings,2025-08-06,30206882.71,Active
A013151,C01807,BR039,Credit,2025-10-25,7967800.67,Active
A013152,C07331,BR029,Current,2026-02-02,20016498.92,Active
A013153,C06153,BR019,Credit,2025-09-19,97628002.07,Inactive
A013154,C00987,BR007,Savings,2026-04-17,56778666.14,Active
A013155,C01890,BR040,Savings,2026-05-13,38102949.51,Inactive
A013156,C08453,BR018,Savings,2020-08-02,55221775.3,Active
A013157,C00338,BR018,Current,2026-07-04,33012357.14,Active
A013158,C04557,BR029,Savings,2021-10-12,29324556.61,Active
A013159,C07056,BR023,Savings,2026-07-21,8893649.95,Active
A013160,C00212,BR020,Savings,2021-12-15,11467406.69,Active
A013161,C00444,BR020,Savings,2023-01-11,38097446.22,Active
A013162,C09288,BR003,Savings,2022-01-20,128680808.61,Active
A013163,C09415,BR040,Current,2025-07-28,50880586.86,Active
A013164,C09240,BR030,Credit,2024-09-30,14585339.06,Active
A013165,C05518,BR038,Savings,2023-10-05,78915249.74,Active
A013166,C00048,BR006,Savings,2023-09-29,17372677.21,Active
A013167,C05686,BR046,Savings,2025-03-16,127125347.24,Active
A013168,C07323,BR007,Savings,2023-12-25,12351702.45,Active
A013169,C00790,BR033,Current,2025-12-18,8288824.28,Active
A013170,C09195,BR005,Savings,2021-08-29,3388591.99,Active
A013171,C03894,BR041,Savings,2022-10-17,16283525.72,Active
A013172,C07577,BR011,Savings,2023-04-28,13229523.6,Active
A013173,C07659,BR026,Savings,2024-10-15,48652133.1,Active
A013174,C02911,BR018,Current,2024-05-09,15769728.28,Closed
A013175,C04720,BR018,Current,2026-04-14,29750214.42,Active
A013176,C03111,BR024,Credit,2021-05-15,36509068.04,Active
A013177,C03496,BR012,Savings,2019-10-07,4392683.28,Active
A013178,C06380,BR028,Savings,2023-07-19,11238677.31,Active
A013179,C02760,BR039,Current,2026-04-03,32358293.99,Active
A013180,C08587,BR011,Credit,2025-12-05,53778998.51,Active
A013181,C09652,BR028,Savings,2026-03-27,7800901.3,Active
A013182,C07711,BR044,Savings,2026-07-29,45182441.3,Active
A013183,C06514,BR021,Current,2025-09-27,31092270.06,Active
A013184,C05715,BR024,Savings,2023-11-18,37587736.93,Inactive
A013185,C03124,BR022,Savings,2022-08-03,65680179.77,Active
A013186,C03084,BR009,Current,2025-10-11,52368685.81,Active
A013187,C03539,BR028,Current,2026-02-20,57812486.59,Active
A013188,C09093,BR046,Savings,2026-04-26,11706422.46,Active
A013189,C08779,BR037,Current,2026-08-31,314573908.31,Active
A013190,C09878,BR019,Current,2024-11-12,4385966.79,Active
A013191,C01531,BR020,Current,2025-08-13,23296328.32,Active
A013192,C08863,BR012,Current,2024-12-03,526397435.86,Active
A013193,C03369,BR050,Credit,2025-05-04,33076401.38,Active
A013194,C06198,BR014,Savings,2021-09-09,24388512.04,Active
A013195,C05340,BR040,Current,2025-12-20,33256282.77,Active
A013196,C09611,BR041,Savings,2020-06-12,22025507.14,Active
A013197,C06823,BR048,Savings,2024-04-13,40000175.96,Active
A013198,C02830,BR018,Current,2019-07-01,106418935.94,Active
A013199,C00549,BR028,Current,2025-03-29,176608609.13,Active
A013200,C01139,BR048,Credit,2021-02-15,20126224.85,Active
A013201,C09967,BR043,Savings,2021-07-08,1133154115.76,Active
A013202,C00765,BR007,Savings,2026-05-25,13303939.89,Active
A013203,C02992,BR002,Current,2024-02-07,12613034.26,Active
A013204,C00810,BR036,Current,2025-01-07,15830385.71,Inactive
A013205,C04470,BR031,Savings,2025-09-24,5124009.99,Active
A013206,C09663,BR015,Savings,2025-07-05,10866550.84,Active
A013207,C04647,BR015,Current,2025-06-24,11657429.07,Active
A013208,C00469,BR015,Savings,2024-09-20,65577108.18,Active
A013209,C03358,BR013,Credit,2025-03-17,18591103.04,Active
A013210,C09740,BR047,Savings,2018-11-06,107090027.44,Active
A013211,C08747,BR008,Savings,2024-06-19,35877015.22,Active
A013212,C04204,BR004,Savings,2025-09-13,865743635.47,Active
A013213,C02878,BR047,Current,2024-05-28,3010937.89,Active
A013214,C09871,BR022,Savings,2020-12-03,24560686.53,Active
A013215,C06016,BR038,Savings,2025-05-25,11125084.87,Active
A013216,C04420,BR028,Savings,2022-07-23,17049965.61,Active
A013217,C03499,BR041,Current,2022-04-23,52171127.53,Active
A013218,C06826,BR015,Current,2023-09-15,13505594.03,Active
A013219,C00669,BR021,Current,2024-07-03,24738496.81,Active
A013220,C08401,BR023,Credit,2025-05-05,15719528.22,Active
A013221,C09144,BR032,Savings,2025-02-28,74103540.85,Active
A013222,C09489,BR044,Savings,2026-01-14,12447377.56,Active
A013223,C06566,BR035,Savings,2025-03-03,26282330.78,Inactive
A013224,C03907,BR038,Current,2024-08-21,8354235.94,Inactive
A013225,C04670,BR047,Savings,2026-04-16,6064375.99,Active
A013226,C05675,BR002,Current,2026-02-03,15920859.69,Active
A013227,C01848,BR028,Savings,2026-07-17,17501339.2,Active
A013228,C09800,BR042,Current,2026-05-23,3485890.97,Active
A013229,C07375,BR038,Savings,2026-06-29,14874677.32,Active
A013230,C01066,BR048,Savings,2026-06-25,33893145.28,Active
A013231,C05337,BR005,Current,2021-10-29,24767311.2,Active
A013232,C05413,BR044,Savings,2023-07-12,3543455.27,Inactive
A013233,C00016,BR015,Savings,2024-06-26,307839860.89,Active
A013234,C02555,BR046,Savings,2024-05-19,11444296.32,Active
A013235,C08202,BR047,Savings,2025-12-30,7508837.37,Active
A013236,C07981,BR034,Savings,2026-08-03,65624290.7,Active
A013237,C09491,BR004,Savings,2022-12-31,23407743.54,Active
A013238,C03482,BR009,Savings,2024-06-20,30582448.7,Inactive
A013239,C01975,BR038,Savings,2023-03-30,12044416.04,Active
A013240,C08210,BR034,Current,2019-03-26,4745030.54,Active
A013241,C01153,BR044,Current,2025-10-20,5687168.48,Active
A013242,C06555,BR026,Current,2025-07-04,97758291.99,Active
A013243,C09960,BR044,Credit,2025-12-21,33046375.88,Active
A013244,C08419,BR048,Credit,2026-04-12,36672619.08,Active
A013245,C03658,BR018,Savings,2026-06-29,17159024.78,Active
A013246,C01316,BR010,Savings,2024-07-13,157454469.04,Active
A013247,C05149,BR040,Savings,2023-02-11,305109609.36,Inactive
A013248,C02519,BR046,Savings,2026-07-25,38874105.92,Inactive
A013249,C09316,BR033,Savings,2023-01-14,31364620.51,Active
A013250,C04351,BR021,Current,2021-08-06,7868004.36,Active
A013251,C09837,BR042,Current,2024-12-31,156939498.15,Active
A013252,C05691,BR028,Savings,2025-12-17,21694009.95,Active
A013253,C06299,BR001,Current,2023-10-09,589013826.07,Active
A013254,C02604,BR004,Current,2024-11-27,41138121.59,Active
A013255,C03854,BR044,Savings,2026-06-16,19983291.11,Active
A013256,C04447,BR033,Current,2023-02-27,13818567.19,Active
A013257,C04485,BR038,Savings,2026-03-29,6373556.0,Active
A013258,C02969,BR038,Savings,2026-08-14,65005066.46,Active
A013259,C02698,BR011,Savings,2018-12-27,17784584.0,Active
A013260,C09097,BR023,Savings,2026-05-05,18730358.81,Active
A013261,C04064,BR030,Current,2026-04-13,18231506.8,Inactive
A013262,C06716,BR031,Current,2023-07-17,156598238.72,Active
A013263,C00079,BR046,Credit,2025-09-16,29974348.36,Active
A013264,C01762,BR046,Current,2026-05-09,14273142.26,Active
A013265,C01659,BR030,Savings,2024-02-19,7615917.88,Active
A013266,C00952,BR004,Credit,2026-01-19,20383720.15,Active
A013267,C08960,BR022,Savings,2024-05-05,90479222.54,Active
A013268,C09287,BR027,Savings,2024-07-17,19395564.8,Active
A013269,C01522,BR023,Current,2026-02-15,11837956.71,Active
A013270,C08670,BR044,Credit,2022-06-02,23028190.13,Closed
A013271,C00011,BR027,Savings,2021-01-26,24158570.62,Closed
A013272,C02619,BR035,Current,2026-04-08,23945266.93,Active
A013273,C09236,BR014,Savings,2024-10-20,44986136.17,Active
A013274,C00381,BR012,Current,2025-09-29,20428368.89,Active
A013275,C04324,BR038,Savings,2026-03-09,43309845.57,Active
A013276,C07382,BR024,Savings,2024-05-17,93990199.32,Closed
A013277,C02696,BR002,Current,2024-04-06,50302200.07,Closed
A013278,C06457,BR013,Savings,2021-11-23,39387100.24,Active
A013279,C01445,BR037,Current,2024-09-04,31358636.96,Active
A013280,C03655,BR019,Savings,2019-10-15,28202166.18,Active
A013281,C04565,BR045,Current,2022-05-11,400650312.67,Active
A013282,C01966,BR035,Savings,2022-10-15,169976288.3,Active
A013283,C08991,BR028,Savings,2024-04-17,7603408.22,Active
A013284,C05005,BR036,Savings,2026-02-02,18261054.86,Active
A013285,C06932,BR009,Savings,2026-08-08,12137220.27,Active
A013286,C06390,BR042,Savings,2026-07-11,78228282.78,Active
A013287,C09724,BR013,Savings,2025-08-16,40821146.71,Active
A013288,C06454,BR022,Savings,2026-08-07,76219018.7,Active
A013289,C03814,BR046,Savings,2022-03-01,8166615.62,Active
A013290,C03364,BR005,Savings,2021-09-16,172983966.27,Active
A013291,C07797,BR038,Savings,2020-08-20,5035067.92,Active
A013292,C01927,BR028,Current,2020-04-08,4196892.35,Active
A013293,C05502,BR044,Savings,2026-05-28,10918791.49,Active
A013294,C08407,BR046,Savings,2025-11-11,50297245.35,Active
A013295,C00499,BR007,Current,2025-10-11,158197004.73,Active
A013296,C05329,BR021,Credit,2025-09-30,14799608.44,Active
A013297,C06331,BR050,Savings,2024-03-01,38827334.49,Inactive
A013298,C08714,BR038,Savings,2026-08-21,144678761.6,Active
A013299,C02936,BR020,Savings,2023-08-05,88322904.15,Active
A013300,C02424,BR005,Savings,2024-03-26,15040518.53,Active
A013301,C06615,BR010,Credit,2024-02-11,10535458.47,Active
A013302,C01879,BR012,Current,2019-06-08,6249274.25,Active
A013303,C02892,BR035,Current,2021-03-18,11174677.14,Active
A013304,C09788,BR022,Current,2025-01-01,6203856.0,Inactive
A013305,C04208,BR033,Credit,2020-12-26,3564037.31,Active
A013306,C07127,BR023,Current,2021-12-19,72151225.19,Active
A013307,C05538,BR008,Savings,2024-12-22,15598513.8,Active
A013308,C02093,BR046,Current,2025-04-11,119250187.02,Active
A013309,C00421,BR049,Current,2026-06-01,7664654.62,Active
A013310,C08196,BR005,Savings,2026-01-26,59255618.86,Active
A013311,C08384,BR038,Savings,2021-08-31,46491445.43,Active
A013312,C08552,BR040,Savings,2023-09-05,8984001.18,Inactive
A013313,C02634,BR023,Current,2026-04-14,30172568.88,Active
A013314,C01842,BR049,Savings,2021-10-14,23596759.05,Active
A013315,C01899,BR013,Savings,2024-08-30,30216186.01,Active
A013316,C02389,BR032,Savings,2021-12-21,43897943.54,Active
A013317,C04980,BR018,Credit,2023-01-27,36376910.14,Active
A013318,C05618,BR037,Current,2025-02-03,156200643.78,Active
A013319,C06742,BR008,Savings,2025-01-30,9865021.81,Inactive
A013320,C01801,BR009,Savings,2025-04-23,16530984.18,Active
A013321,C09563,BR025,Current,2023-04-17,5000000000.0,Active
A013322,C00926,BR048,Savings,2024-10-06,27825985.51,Active
A013323,C07640,BR009,Savings,2026-03-12,86203329.36,Active
A013324,C08880,BR001,Savings,2026-05-17,25704600.37,Active
A013325,C03625,BR006,Savings,2022-09-12,9258656.55,Active
A013326,C07659,BR032,Savings,2024-03-05,96132215.85,Active
A013327,C04458,BR034,Savings,2021-07-26,32193995.14,Active
A013328,C03542,BR007,Current,2023-12-21,14656056.36,Active
A013329,C08537,BR021,Current,2024-08-17,8189129.45,Active
A013330,C01806,BR014,Current,2026-02-09,14094025.14,Active
A013331,C04057,BR027,Savings,2025-11-22,11616063.38,Active
A013332,C06889,BR025,Credit,2026-04-13,5064970.26,Active
A013333,C07109,BR022,Savings,2025-12-02,53620964.62,Active
A013334,C03109,BR047,Savings,2023-04-06,4922418.49,Active
A013335,C08902,BR012,Savings,2026-07-17,33658654.39,Inactive
A013336,C07383,BR049,Credit,2023-12-02,6021248.39,Active
A013337,C08734,BR020,Savings,2024-09-09,32162823.62,Active
A013338,C05252,BR047,Current,2026-07-22,49371940.26,Inactive
A013339,C06109,BR025,Current,2026-08-11,27296837.71,Inactive
A013340,C01420,BR049,Current,2025-08-28,53101072.94,Active
A013341,C02744,BR024,Current,2026-06-10,6090772.15,Active
A013342,C01717,BR024,Current,2023-06-18,27263649.0,Active
A013343,C05545,BR026,Credit,2026-06-19,18446913.34,Active
A013344,C00181,BR029,Savings,2025-02-16,24946447.74,Inactive
A013345,C04354,BR027,Savings,2026-08-13,5902970.85,Active
A013346,C03310,BR031,Savings,2020-06-08,82108975.0,Active
A013347,C02942,BR047,Savings,2024-10-31,45603786.37,Active
A013348,C07704,BR016,Current,2026-08-28,21105741.68,Active
A013349,C05265,BR020,Savings,2026-06-06,71777678.37,Active
A013350,C01875,BR017,Current,2025-09-14,38908787.17,Active
A013351,C02434,BR036,Savings,2022-11-27,13859628.81,Active
A013352,C05441,BR047,Current,2024-03-25,47354942.47,Active
A013353,C05724,BR011,Savings,2025-12-31,14794703.64,Active
A013354,C03650,BR030,Current,2019-07-11,74686911.73,Active
A013355,C08902,BR042,Current,2023-04-05,228299181.75,Active
A013356,C07519,BR024,Current,2026-03-31,15291223.92,Active
A013357,C03588,BR048,Current,2024-11-30,31242605.75,Active
A013358,C03091,BR026,Savings,2025-01-19,67998470.91,Active
A013359,C06005,BR038,Current,2026-03-03,17471179.93,Active
A013360,C03805,BR038,Savings,2025-09-06,176308866.37,Active
A013361,C01770,BR050,Savings,2025-10-03,16666882.38,Active
A013362,C05420,BR008,Credit,2024-07-13,17153723.44,Active
A013363,C09565,BR001,Current,2023-09-04,185449075.8,Active
A013364,C06171,BR017,Current,2020-01-29,9781681.01,Active
A013365,C07024,BR028,Savings,2023-08-13,6671186.24,Active
A013366,C01368,BR003,Savings,2026-08-17,8311467.02,Active
A013367,C06185,BR029,Savings,2023-10-07,40814339.97,Active
A013368,C09834,BR038,Savings,2026-04-10,283738531.87,Active
A013369,C01447,BR041,Savings,2021-09-30,5530234.91,Active
A013370,C07664,BR007,Current,2025-12-28,20577281.54,Inactive
A013371,C00729,BR004,Credit,2026-01-03,11633595.65,Active
A013372,C00846,BR005,Current,2024-09-27,45861457.32,Active
A013373,C01969,BR047,Savings,2026-03-11,87920129.88,Active
A013374,C05392,BR042,Current,2022-11-29,79582454.0,Active
A013375,C03033,BR018,Savings,2023-02-01,8266694.66,Active
A013376,C07198,BR048,Current,2020-01-31,4404497.46,Active
A013377,C04949,BR030,Savings,2023-06-27,27572006.13,Active
A013378,C09528,BR032,Savings,2024-03-29,19894296.07,Active
A013379,C04169,BR013,Savings,2023-03-07,20287511.78,Active
A013380,C01339,BR047,Savings,2026-02-28,216690804.27,Active
A013381,C07945,BR024,Savings,2025-09-11,311474788.16,Active
A013382,C03404,BR045,Credit,2020-08-31,28244732.78,Active
A013383,C05309,BR040,Savings,2026-03-20,32908806.77,Active
A013384,C09534,BR036,Credit,2022-02-05,5843166.79,Active
A013385,C09748,BR027,Savings,2025-12-12,51350926.82,Active
A013386,C07920,BR012,Savings,2021-12-28,30238266.93,Active
A013387,C07599,BR041,Savings,2024-08-29,17620477.7,Active
A013388,C05567,BR033,Savings,2026-08-28,30432796.25,Active
A013389,C05518,BR038,Savings,2020-11-05,65820133.56,Active
A013390,C04600,BR017,Savings,2023-08-30,8826555.93,Active
A013391,C09290,BR046,Current,2022-02-05,11470846.37,Active
A013392,C01688,BR045,Savings,2021-11-17,401997534.36,Active
A013393,C06410,BR046,Savings,2026-02-16,184265251.66,Active
A013394,C03017,BR028,Savings,2026-03-14,26919419.46,Active
A013395,C01757,BR018,Current,2026-06-27,19377343.4,Active
A013396,C05116,BR044,Credit,2021-09-05,14847879.04,Closed
A013397,C05493,BR005,Current,2025-03-17,7262647.78,Active
A013398,C01220,BR013,Savings,2024-08-15,6415377.62,Active
A013399,C08033,BR009,Savings,2024-05-14,9523111.75,Active
A013400,C09629,BR005,Current,2021-11-28,6993815.77,Active
A013401,C06986,BR005,Current,2019-07-11,52277055.28,Active
A013402,C08344,BR004,Savings,2025-07-30,13825762.51,Active
A013403,C08864,BR030,Savings,2024-08-02,342986772.96,Active
A013404,C07235,BR016,Current,2025-03-21,9131638.86,Active
A013405,C01812,BR028,Credit,2024-12-29,22291776.53,Active
A013406,C04901,BR048,Savings,2026-04-14,300884977.38,Active
A013407,C09247,BR016,Current,2025-11-20,92973608.8,Active
A013408,C08935,BR050,Savings,2026-01-02,8267878.06,Active
A013409,C01059,BR032,Credit,2025-06-04,26110779.71,Active
A013410,C03757,BR042,Savings,2024-10-22,9778375.06,Active
A013411,C04436,BR037,Savings,2025-03-14,54320060.15,Active
A013412,C04409,BR003,Savings,2024-03-18,12529139.83,Active
A013413,C03339,BR045,Savings,2026-07-31,13905757.35,Active
A013414,C01178,BR040,Credit,2025-08-05,24117096.57,Active
A013415,C08539,BR036,Savings,2022-01-03,141220397.11,Active
A013416,C04576,BR038,Savings,2022-10-22,31303350.77,Active
A013417,C08293,BR048,Current,2024-12-24,62086006.63,Active
A013418,C06981,BR001,Savings,2024-08-02,25471460.26,Active
A013419,C01413,BR043,Savings,2023-12-21,76335346.85,Active
A013420,C09867,BR048,Current,2024-03-10,55217199.72,Active
A013421,C05179,BR022,Savings,2026-06-11,13477041.05,Active
A013422,C02392,BR041,Current,2024-02-07,49169002.45,Active
A013423,C01732,BR028,Savings,2025-03-30,4945495.48,Active
A013424,C07878,BR022,Current,2026-08-02,7790022.19,Active
A013425,C00351,BR049,Savings,2026-06-16,293754316.45,Closed
A013426,C08173,BR016,Current,2023-06-19,7707530.4,Active
A013427,C02147,BR005,Savings,2026-02-12,60092572.32,Active
A013428,C04670,BR047,Savings,2025-07-22,63626995.11,Active
A013429,C00484,BR017,Savings,2025-07-13,11817432.47,Active
A013430,C05738,BR015,Current,2025-10-02,20850314.94,Active
A013431,C05635,BR039,Savings,2022-03-24,3980839.48,Active
A013432,C05249,BR016,Current,2021-06-05,6209624.24,Active
A013433,C02062,BR018,Savings,2025-04-03,31632880.09,Active
A013434,C07721,BR048,Savings,2022-06-18,56967045.52,Active
A013435,C04065,BR046,Savings,2026-03-24,17906766.87,Active
A013436,C08002,BR023,Current,2025-06-04,11742763.68,Active
A013437,C09338,BR049,Savings,2025-09-18,113220786.62,Active
A013438,C08206,BR009,Savings,2025-09-03,1877803.21,Active
A013439,C04845,BR027,Savings,2025-12-06,18017567.89,Active
A013440,C08576,BR045,Savings,2024-05-21,6495838.37,Inactive
A013441,C03846,BR045,Current,2025-12-17,28313099.77,Active
A013442,C01024,BR002,Credit,2025-04-05,2596621.23,Active
A013443,C09548,BR012,Savings,2023-02-16,51529963.37,Inactive
A013444,C06116,BR030,Current,2026-08-25,14516261.89,Closed
A013445,C01802,BR014,Savings,2023-05-19,8154885.98,Active
A013446,C07243,BR017,Savings,2026-02-23,61509249.05,Active
A013447,C01446,BR002,Savings,2026-04-18,30926013.22,Active
A013448,C01685,BR030,Current,2025-03-13,14708909.37,Active
A013449,C01796,BR009,Savings,2024-09-13,41704960.19,Active
A013450,C04599,BR036,Savings,2022-10-02,31828759.06,Active
A013451,C09468,BR025,Savings,2024-09-29,18335423.45,Active
A013452,C04748,BR023,Current,2026-06-01,18954477.53,Inactive
A013453,C09805,BR029,Savings,2026-08-29,7345158.44,Active
A013454,C07483,BR043,Savings,2026-07-30,1954168.66,Active
A013455,C03486,BR035,Current,2025-08-12,7265558.83,Active
A013456,C08009,BR040,Current,2024-11-16,6697640.76,Active
A013457,C09559,BR009,Current,2026-03-06,9183538.94,Active
A013458,C09381,BR013,Savings,2026-03-27,7648929.23,Active
A013459,C00353,BR022,Current,2026-01-04,16415220.9,Active
A013460,C00745,BR029,Current,2026-06-27,30348654.32,Active
A013461,C00646,BR034,Savings,2025-10-30,35480361.38,Active
A013462,C06827,BR028,Credit,2024-08-27,143749893.03,Active
A013463,C08360,BR011,Current,2026-07-25,7315169.61,Active
A013464,C08350,BR017,Current,2026-07-03,15723726.85,Active
A013465,C02299,BR027,Savings,2023-02-05,52466920.2,Active
A013466,C03061,BR039,Savings,2026-08-18,26382808.41,Active
A013467,C08300,BR045,Credit,2023-01-03,44107694.1,Active
A013468,C01381,BR042,Savings,2025-11-25,39835333.67,Active
A013469,C05868,BR030,Current,2020-03-19,98264452.19,Active
A013470,C01919,BR003,Savings,2025-08-15,20869281.53,Active
A013471,C05351,BR049,Savings,2024-07-01,17461188.72,Active
A013472,C08870,BR016,Savings,2026-08-07,2081224018.08,Active
A013473,C00819,BR046,Current,2024-08-06,64808988.45,Active
A013474,C02368,BR035,Savings,2023-09-04,4040869.54,Active
A013475,C03194,BR029,Savings,2026-05-29,19949575.3,Active
A013476,C09436,BR010,Current,2025-01-25,13092220.69,Active
A013477,C08987,BR047,Current,2024-04-28,23380238.75,Active
A013478,C06049,BR003,Current,2021-09-19,148337977.8,Active
A013479,C09594,BR009,Current,2023-07-25,78135450.42,Active
A013480,C03141,BR003,Credit,2025-08-21,21265765.91,Active
A013481,C09209,BR049,Current,2024-12-30,16834671.62,Active
A013482,C08358,BR049,Current,2026-08-29,62900880.14,Active
A013483,C08295,BR032,Savings,2025-04-13,61721566.48,Active
A013484,C02915,BR047,Current,2025-02-01,8657223.36,Active
A013485,C06247,BR032,Savings,2023-09-25,30345096.02,Closed
A013486,C04812,BR038,Current,2025-05-28,7132817.72,Active
A013487,C02432,BR042,Current,2026-06-03,105270907.46,Active
A013488,C05371,BR023,Savings,2026-04-10,13096943.44,Active
A013489,C08882,BR033,Credit,2025-05-18,13832123.18,Active
A013490,C06223,BR034,Savings,2024-08-28,105413836.16,Active
A013491,C00807,BR027,Savings,2019-03-08,40258437.01,Active
A013492,C05688,BR037,Savings,2025-02-14,792503388.25,Active
A013493,C04908,BR004,Savings,2020-07-29,22931389.98,Active
A013494,C01734,BR018,Savings,2026-01-12,8626500.37,Active
A013495,C08040,BR047,Savings,2026-08-20,96068724.48,Inactive
A013496,C01706,BR019,Credit,2026-08-21,23919873.53,Active
A013497,C08752,BR013,Savings,2026-05-10,17588381.56,Active
A013498,C07305,BR023,Savings,2024-09-29,16181206.29,Active
A013499,C07884,BR028,Savings,2024-02-20,10914484.52,Active
A013500,C03818,BR004,Savings,2023-01-03,96877538.33,Active
A013501,C00206,BR009,Current,2021-02-02,9851198.47,Inactive
A013502,C00527,BR032,Savings,2021-07-24,26332100.46,Active
A013503,C07619,BR048,Savings,2023-02-22,19511163.6,Active
A013504,C07760,BR008,Savings,2023-10-09,44480240.38,Active
A013505,C07665,BR039,Savings,2022-03-31,5252569.99,Active
A013506,C06451,BR012,Current,2022-11-04,6386881.89,Active
A013507,C00073,BR019,Current,2026-06-22,20803756.05,Active
A013508,C09027,BR027,Current,2022-01-04,23103951.54,Active
A013509,C09520,BR007,Current,2022-03-02,79096812.92,Active
A013510,C04910,BR049,Savings,2026-07-07,19012141.94,Active
A013511,C02798,BR019,Savings,2025-02-05,14522314.37,Inactive
A013512,C02920,BR040,Savings,2024-07-30,17480565.2,Inactive
A013513,C03802,BR039,Savings,2021-06-30,53540608.86,Active
A013514,C00993,BR023,Savings,2026-03-09,104331172.8,Active
A013515,C09198,BR030,Savings,2026-01-27,12938533.63,Active
A013516,C07065,BR019,Current,2022-07-06,23156329.0,Active
A013517,C06615,BR014,Savings,2026-08-17,14133372.62,Active
A013518,C03835,BR038,Savings,2023-12-05,13910405.1,Active
A013519,C06611,BR005,Credit,2021-08-05,298080049.04,Active
A013520,C07991,BR040,Savings,2026-05-12,41846762.23,Active
A013521,C04989,BR023,Savings,2026-05-07,2317815.7,Active
A013522,C05623,BR028,Savings,2023-12-29,99906793.47,Active
A013523,C04707,BR009,Savings,2025-12-12,185439967.59,Inactive
A013524,C00769,BR009,Current,2022-09-03,93312518.45,Active
A013525,C08925,BR009,Current,2021-05-17,22416853.0,Active
A013526,C05456,BR048,Savings,2026-05-23,27384164.44,Active
A013527,C04058,BR029,Current,2026-03-14,16391764.76,Active
A013528,C08609,BR027,Credit,2024-10-14,118089400.75,Active
A013529,C08397,BR022,Current,2025-01-03,538949930.57,Active
A013530,C09350,BR031,Current,2025-11-10,3130417.94,Closed
A013531,C09667,BR044,Credit,2025-07-02,16430571.51,Active
A013532,C09375,BR027,Savings,2024-03-16,4262363.99,Active
A013533,C07596,BR049,Savings,2024-08-12,14548865.19,Active
A013534,C05917,BR013,Savings,2024-08-24,10092831.73,Active
A013535,C02232,BR022,Savings,2026-04-29,34303905.29,Active
A013536,C06626,BR027,Current,2023-06-30,18239332.86,Closed
A013537,C09199,BR042,Current,2023-12-27,21902580.87,Active
A013538,C09793,BR004,Savings,2025-03-16,300297178.73,Active
A013539,C07852,BR023,Savings,2024-12-03,812144406.26,Active
A013540,C02776,BR029,Savings,2025-07-27,4179492.92,Active
A013541,C02750,BR009,Current,2022-04-26,7327601.46,Active
A013542,C00901,BR032,Savings,2025-02-04,41975910.68,Active
A013543,C03803,BR029,Savings,2026-07-03,10585989.71,Active
A013544,C00254,BR029,Savings,2024-06-30,2694963.33,Active
A013545,C00373,BR045,Savings,2025-04-15,47950211.99,Active
A013546,C01424,BR048,Savings,2023-11-11,35502355.92,Active
A013547,C05164,BR002,Current,2025-05-29,131591867.43,Active
A013548,C02745,BR048,Current,2023-11-21,16176749.68,Active
A013549,C00185,BR020,Credit,2025-09-25,56636169.35,Active
A013550,C09452,BR012,Current,2023-05-27,41056326.64,Active
A013551,C09626,BR044,Credit,2026-05-28,1207392083.29,Active
A013552,C02142,BR005,Current,2022-04-28,130174644.88,Active
A013553,C09520,BR033,Credit,2020-10-22,16548358.0,Active
A013554,C09992,BR048,Savings,2020-04-12,10899515.12,Active
A013555,C08027,BR049,Credit,2026-08-27,5435280.49,Active
A013556,C02570,BR043,Savings,2020-05-27,22414020.84,Active
A013557,C05664,BR027,Savings,2021-12-25,23958809.11,Active
A013558,C00814,BR049,Savings,2025-07-26,62625948.33,Active
A013559,C03467,BR050,Current,2022-03-09,24507887.97,Active
A013560,C01344,BR015,Savings,2025-02-05,63402427.7,Active
A013561,C09256,BR033,Credit,2025-06-28,146822741.44,Active
A013562,C08047,BR004,Savings,2025-08-06,7406547.21,Active
A013563,C04248,BR037,Current,2026-04-07,38223425.48,Inactive
A013564,C04370,BR044,Credit,2026-04-15,67600915.48,Active
A013565,C05661,BR038,Current,2025-11-05,142904476.64,Active
A013566,C09072,BR024,Savings,2025-11-26,138504772.39,Active
A013567,C03204,BR023,Savings,2025-03-24,34736805.99,Inactive
A013568,C02363,BR026,Savings,2025-01-30,4030859.76,Active
A013569,C01174,BR037,Credit,2026-07-30,12312973.97,Active
A013570,C04486,BR040,Credit,2026-08-07,113009541.45,Active
A013571,C09722,BR011,Savings,2024-12-06,1859171.04,Active
A013572,C02127,BR022,Current,2025-08-02,103393582.78,Inactive
A013573,C06886,BR035,Savings,2023-12-06,13011080.16,Active
A013574,C01957,BR048,Current,2025-03-27,30085922.81,Active
A013575,C04865,BR017,Current,2023-04-02,55723219.88,Active
A013576,C01885,BR022,Savings,2020-05-23,108995248.93,Active
A013577,C02316,BR037,Current,2025-03-25,11173338.7,Inactive
A013578,C02899,BR037,Savings,2026-08-16,298565178.38,Active
A013579,C05840,BR038,Savings,2024-07-21,10905692.98,Active
A013580,C02120,BR045,Savings,2018-10-03,9414099.35,Active
A013581,C00143,BR046,Current,2024-04-09,9316438.14,Active
A013582,C06638,BR018,Savings,2025-07-31,9100162.84,Active
A013583,C00590,BR040,Savings,2019-01-02,8211502.38,Active
A013584,C02803,BR038,Savings,2023-02-17,6647325.03,Active
A013585,C02990,BR050,Savings,2023-09-05,11070460.52,Active
A013586,C08429,BR047,Savings,2026-02-09,8989955.69,Active
A013587,C08218,BR050,Savings,2021-05-04,6364217.56,Active
A013588,C09732,BR009,Credit,2023-02-16,27684201.99,Closed
A013589,C00071,BR046,Current,2026-08-05,938273920.05,Active
A013590,C08229,BR028,Credit,2026-05-04,14998766.76,Active
A013591,C08360,BR011,Savings,2024-09-01,15819266.43,Active
A013592,C07765,BR009,Current,2026-01-05,49265885.24,Active
A013593,C01486,BR042,Current,2023-03-18,35222154.95,Active
A013594,C00350,BR033,Savings,2025-11-14,1405963408.16,Active
A013595,C02877,BR001,Savings,2026-04-26,13157805.25,Active
A013596,C08335,BR019,Savings,2023-12-16,9883759.73,Active
A013597,C04458,BR020,Savings,2024-07-16,19712055.72,Active
A013598,C02808,BR020,Savings,2024-01-23,87555980.46,Active
A013599,C00842,BR007,Credit,2025-06-29,10053550.15,Inactive
A013600,C02597,BR018,Savings,2025-03-28,21867617.02,Active
A013601,C02188,BR038,Current,2022-02-11,31771710.5,Active
A013602,C09004,BR044,Savings,2019-07-20,7999631.52,Inactive
A013603,C06963,BR001,Savings,2022-09-05,2674613968.98,Active
A013604,C06418,BR042,Savings,2022-09-30,4400404.53,Active
A013605,C05288,BR040,Current,2023-05-22,7588983.23,Active
A013606,C00096,BR006,Savings,2020-02-07,18087563.91,Closed
A013607,C03895,BR021,Credit,2018-11-07,90517997.27,Active
A013608,C08533,BR001,Savings,2024-09-05,9563728.37,Active
A013609,C04532,BR038,Savings,2024-01-24,6394595.31,Active
A013610,C09671,BR030,Savings,2024-01-11,23276479.42,Active
A013611,C08501,BR021,Current,2023-02-21,12294778.68,Active
A013612,C02817,BR026,Savings,2019-01-30,25540227.47,Active
A013613,C05710,BR044,Current,2025-11-07,76132881.15,Active
A013614,C01920,BR011,Savings,2024-04-01,7555811.24,Active
A013615,C07040,BR010,Savings,2026-01-14,98214216.66,Active
A013616,C02119,BR038,Current,2022-04-29,1411337.34,Active
A013617,C09576,BR039,Current,2024-11-14,64343839.9,Active
A013618,C06011,BR048,Savings,2025-09-19,31647517.97,Active
A013619,C08487,BR049,Credit,2022-07-22,8261273.63,Active
A013620,C04617,BR036,Current,2025-08-10,67086731.68,Active
A013621,C09860,BR032,Current,2024-05-03,5007390.1,Active
A013622,C07798,BR011,Current,2021-08-21,33600433.57,Active
A013623,C08978,BR004,Credit,2025-07-29,2834694.33,Active
A013624,C09283,BR010,Savings,2020-04-03,5997529.57,Active
A013625,C09653,BR037,Savings,2025-05-17,5985624.88,Active
A013626,C04245,BR038,Savings,2026-04-21,8227851.08,Active
A013627,C02047,BR005,Credit,2025-12-11,15139619.16,Active
A013628,C02351,BR047,Savings,2021-01-20,7746716.76,Active
A013629,C07350,BR038,Credit,2025-01-02,2941505.25,Active
A013630,C05267,BR018,Savings,2025-02-20,21732543.03,Closed
A013631,C03198,BR008,Current,2026-07-29,15599064.42,Active
A013632,C04928,BR006,Credit,2024-07-19,20804973.61,Active
A013633,C00431,BR001,Savings,2026-02-18,17211616.41,Active
A013634,C03068,BR045,Savings,2026-03-16,32183002.06,Active
A013635,C02840,BR011,Savings,2026-06-27,14121017.9,Active
A013636,C07026,BR022,Savings,2024-09-16,162518376.1,Active
A013637,C08413,BR033,Savings,2024-11-07,188175650.16,Active
A013638,C08572,BR028,Current,2026-02-06,48373752.8,Active
A013639,C00009,BR025,Current,2022-02-28,209611163.38,Active
A013640,C06517,BR048,Current,2025-07-03,44370956.73,Active
A013641,C08738,BR019,Savings,2025-02-15,23737211.33,Active
A013642,C05674,BR025,Savings,2024-11-18,42933443.7,Active
A013643,C02916,BR007,Current,2026-05-25,6905679.94,Active
A013644,C06939,BR048,Savings,2025-09-19,43401819.8,Active
A013645,C07012,BR013,Savings,2026-05-22,968806688.92,Active
A013646,C00453,BR004,Current,2024-06-05,14256126.08,Active
A013647,C07381,BR022,Savings,2022-09-28,97666453.98,Active
A013648,C05958,BR005,Credit,2024-06-29,21653568.31,Active
A013649,C05280,BR044,Current,2026-05-20,6186012.54,Active
A013650,C01481,BR033,Savings,2025-10-27,12031705.87,Active
A013651,C01981,BR008,Savings,2025-11-28,15065790.8,Inactive
A013652,C02258,BR039,Savings,2026-08-29,16073454.31,Active
A013653,C08909,BR029,Current,2025-08-01,40774332.39,Active
A013654,C00320,BR003,Savings,2025-10-06,6979791.68,Active
A013655,C02233,BR023,Current,2024-01-29,31499385.11,Inactive
A013656,C08096,BR044,Savings,2023-08-01,24286220.88,Active
A013657,C04323,BR023,Savings,2022-01-20,9998775.08,Active
A013658,C09238,BR002,Savings,2024-09-02,104256592.89,Active
A013659,C05213,BR046,Current,2025-08-10,154822748.07,Active
A013660,C07911,BR001,Credit,2023-07-31,9852576.94,Active
A013661,C07366,BR038,Current,2025-11-10,39580366.19,Active
A013662,C09891,BR038,Savings,2026-08-07,26906794.47,Active
A013663,C03871,BR050,Savings,2026-08-31,581081412.87,Active
A013664,C08783,BR023,Current,2024-02-29,13602519.81,Active
A013665,C09014,BR013,Savings,2024-04-24,20997657.47,Active
A013666,C00516,BR023,Current,2025-04-28,18355992.8,Active
A013667,C00085,BR038,Savings,2025-09-05,201137593.3,Active
A013668,C05231,BR011,Savings,2019-09-23,960021.39,Active
A013669,C03057,BR044,Savings,2026-07-20,10531299.48,Active
A013670,C09622,BR044,Savings,2025-10-27,4184895.6,Active
A013671,C09450,BR011,Savings,2024-07-22,10047956.58,Active
A013672,C08022,BR013,Current,2026-04-25,14136447.39,Active
A013673,C06132,BR015,Savings,2026-07-12,34614447.78,Active
A013674,C04277,BR003,Current,2025-11-19,1629818.09,Active
A013675,C04551,BR038,Savings,2024-08-14,17702445.26,Active
A013676,C03801,BR006,Savings,2026-07-12,79614960.94,Inactive
A013677,C08718,BR031,Current,2022-12-10,11325151.71,Active
A013678,C08809,BR035,Current,2021-04-22,32314465.11,Active
A013679,C07030,BR006,Current,2025-09-27,229314866.25,Active
A013680,C04402,BR045,Savings,2025-10-25,3280578.77,Active
A013681,C04898,BR009,Current,2026-02-14,58086543.55,Active
A013682,C04393,BR039,Current,2024-12-08,32738662.09,Active
A013683,C02101,BR028,Savings,2023-01-04,7869767.9,Inactive
A013684,C04481,BR005,Savings,2023-06-12,58537030.97,Active
A013685,C04043,BR031,Savings,2025-02-03,418583647.13,Inactive
A013686,C09487,BR023,Savings,2020-04-23,28193996.97,Active
A013687,C02894,BR023,Savings,2026-01-03,14482353.62,Active
A013688,C03555,BR016,Current,2021-05-06,5695110.98,Active
A013689,C05732,BR011,Savings,2024-10-22,25804341.65,Active
A013690,C02767,BR039,Current,2024-08-24,40858321.05,Active
A013691,C02991,BR030,Savings,2026-04-28,19335631.28,Active
A013692,C04859,BR024,Current,2025-02-23,112664422.49,Inactive
A013693,C00516,BR040,Savings,2025-10-27,33705656.24,Active
A013694,C06336,BR021,Savings,2021-05-25,26404675.79,Active
A013695,C00551,BR045,Savings,2021-08-14,44029561.45,Active
A013696,C00777,BR034,Savings,2024-04-01,106190692.81,Active
A013697,C08889,BR034,Current,2025-08-13,3563073.82,Active
A013698,C04908,BR019,Current,2020-03-03,55509479.15,Active
A013699,C09605,BR046,Current,2022-09-26,7044104.93,Active
A013700,C07508,BR047,Savings,2023-03-05,20456070.05,Active
A013701,C05640,BR038,Savings,2022-04-11,32150603.31,Inactive
A013702,C00058,BR045,Current,2024-05-23,170333701.01,Active
A013703,C01278,BR023,Savings,2022-08-25,3553754.86,Inactive
A013704,C04405,BR047,Savings,2025-11-23,16474669.28,Closed
A013705,C04475,BR032,Savings,2021-09-03,15624926.47,Active
A013706,C03341,BR025,Current,2024-12-11,1106719712.05,Active
A013707,C05115,BR028,Savings,2025-04-09,21650510.53,Active
A013708,C06952,BR026,Savings,2021-06-14,47776998.94,Active
A013709,C07255,BR005,Current,2026-04-08,23103503.69,Active
A013710,C01480,BR037,Current,2025-12-20,75952663.04,Active
A013711,C07928,BR022,Current,2025-02-25,17516402.69,Active
A013712,C04638,BR026,Current,2024-04-04,50750817.94,Active
A013713,C07629,BR033,Current,2024-08-04,32271172.83,Active
A013714,C04230,BR038,Savings,2025-03-04,30963646.08,Active
A013715,C04547,BR008,Current,2023-03-03,9078939.66,Active
A013716,C00122,BR017,Savings,2020-12-04,7645115.4,Active
A013717,C06832,BR022,Credit,2026-08-04,34014649.33,Active
A013718,C05689,BR005,Savings,2023-08-09,172684002.73,Closed
A013719,C07813,BR025,Current,2025-02-10,20281516.92,Active
A013720,C04590,BR011,Savings,2025-05-30,56813140.12,Active
A013721,C08872,BR016,Savings,2024-04-15,2276185.11,Active
A013722,C07898,BR011,Savings,2022-08-31,21981979.08,Inactive
A013723,C07949,BR030,Savings,2024-12-28,16595095.82,Active
A013724,C00639,BR045,Savings,2025-06-03,3254327.96,Active
A013725,C08544,BR005,Savings,2021-06-18,200148886.33,Active
A013726,C02235,BR028,Current,2025-07-27,3534092.36,Active
A013727,C05610,BR025,Current,2026-07-05,26934341.58,Closed
A013728,C03951,BR013,Savings,2025-01-01,45533338.11,Active
A013729,C01705,BR010,Savings,2026-05-04,690575728.3,Active
A013730,C04119,BR048,Current,2025-08-30,33094077.09,Active
A013731,C05578,BR022,Current,2025-11-28,55675787.11,Active
A013732,C02598,BR021,Savings,2025-06-12,23233439.76,Active
A013733,C01288,BR043,Savings,2026-08-20,14891570.24,Active
A013734,C06002,BR033,Current,2023-02-11,17397070.22,Active
A013735,C08396,BR034,Savings,2026-06-21,32265397.45,Active
A013736,C06435,BR045,Savings,2026-06-13,38414697.65,Inactive
A013737,C03520,BR028,Savings,2024-02-08,10981862.95,Active
A013738,C02911,BR040,Savings,2026-03-22,4864356.09,Active
A013739,C09113,BR011,Savings,2026-04-29,12911605.7,Active
A013740,C07422,BR034,Savings,2026-08-30,12586585.11,Active
A013741,C03277,BR045,Current,2026-07-20,18835219.69,Active
A013742,C07091,BR001,Current,2022-11-17,29208125.35,Active
A013743,C00612,BR011,Savings,2024-01-01,3242629.68,Inactive
A013744,C04133,BR033,Current,2024-08-01,50018210.49,Active
A013745,C02264,BR037,Current,2025-05-25,6937487.31,Active
A013746,C02279,BR019,Current,2021-12-11,40803392.69,Active
A013747,C03567,BR034,Current,2019-03-18,69142321.4,Active
A013748,C02661,BR038,Savings,2022-04-29,55868914.6,Active
A013749,C01056,BR012,Savings,2026-05-11,23073656.49,Active
A013750,C02319,BR025,Current,2026-05-30,9333827.07,Active
A013751,C03780,BR013,Savings,2022-09-02,14818766.43,Inactive
A013752,C07196,BR002,Savings,2026-04-29,64027146.74,Active
A013753,C05904,BR015,Current,2024-03-04,279340051.26,Active
A013754,C01806,BR014,Credit,2025-12-25,10828079.81,Active
A013755,C07215,BR041,Current,2025-09-03,12963798.72,Active
A013756,C07161,BR026,Current,2022-07-24,9141526.65,Active
A013757,C06185,BR021,Current,2026-08-18,3213491.31,Active
A013758,C04667,BR038,Savings,2022-02-26,34363731.01,Active
A013759,C08224,BR039,Current,2024-04-25,104076259.46,Active
A013760,C07068,BR041,Current,2026-07-24,10520130.91,Active
A013761,C08572,BR047,Savings,2025-05-24,45162677.45,Active
A013762,C03473,BR036,Savings,2025-09-04,66091085.72,Active
A013763,C00065,BR037,Savings,2021-01-02,374641658.86,Active
A013764,C07999,BR017,Savings,2026-07-05,6047386.0,Active
A013765,C08164,BR033,Credit,2023-10-26,10394402.42,Active
A013766,C02133,BR046,Current,2025-06-12,33783347.52,Active
A013767,C06151,BR038,Current,2025-09-26,87461008.67,Closed
A013768,C03189,BR046,Savings,2022-02-16,194668255.19,Active
A013769,C06557,BR008,Savings,2021-06-14,468599020.95,Active
A013770,C01586,BR027,Current,2025-11-26,6277152.07,Active
A013771,C06233,BR036,Savings,2024-11-03,9461576.51,Active
A013772,C02639,BR015,Current,2024-10-25,18297782.03,Inactive
A013773,C08969,BR019,Current,2026-07-27,6110317.77,Closed
A013774,C00865,BR005,Savings,2026-03-16,33294853.04,Active
A013775,C04677,BR038,Savings,2023-03-31,5779341.56,Active
A013776,C07828,BR002,Current,2022-12-10,22662095.14,Active
A013777,C02107,BR026,Current,2022-06-04,261109834.89,Active
A013778,C00851,BR044,Current,2022-06-02,38629008.35,Inactive
A013779,C08785,BR023,Savings,2026-07-01,7322222.45,Active
A013780,C01271,BR001,Credit,2025-11-29,2100404.59,Active
A013781,C07360,BR019,Current,2020-08-16,13510755.96,Active
A013782,C08819,BR021,Current,2026-08-01,56041597.38,Inactive
A013783,C09993,BR040,Current,2020-04-05,15420622.46,Active
A013784,C05461,BR002,Savings,2026-08-31,30617182.3,Active
A013785,C08714,BR038,Current,2026-05-08,25662557.36,Active
A013786,C08089,BR025,Credit,2020-07-28,39109747.49,Active
A013787,C01969,BR047,Credit,2026-07-20,45459457.95,Active
A013788,C07031,BR048,Savings,2026-08-25,235399333.63,Active
A013789,C04672,BR030,Current,2025-01-18,25313173.71,Active
A013790,C00107,BR015,Savings,2025-05-30,46680594.11,Active
A013791,C01476,BR034,Current,2023-04-16,38158925.05,Active
A013792,C08134,BR001,Credit,2024-10-12,7163025.72,Active
A013793,C01612,BR033,Credit,2023-05-22,4712320.73,Active
A013794,C07313,BR043,Current,2022-01-24,7498131.73,Active
A013795,C01602,BR046,Credit,2026-06-12,137022108.78,Active
A013796,C04366,BR033,Current,2023-04-24,177434854.91,Active
A013797,C01697,BR001,Savings,2022-05-13,10926908.22,Inactive
A013798,C04157,BR008,Savings,2022-10-13,3364909.78,Active
A013799,C09413,BR028,Savings,2024-02-16,4317329.47,Active
A013800,C00460,BR049,Savings,2026-06-14,6384886.69,Active
A013801,C03780,BR009,Current,2022-08-22,5327343.44,Inactive
A013802,C05135,BR022,Current,2026-02-16,18548603.48,Inactive
A013803,C04468,BR037,Current,2026-08-21,70706879.73,Active
A013804,C02937,BR041,Savings,2024-08-15,28351259.62,Active
A013805,C00361,BR011,Current,2020-08-14,6082802.49,Active
A013806,C05772,BR028,Savings,2024-06-17,8606774.18,Active
A013807,C07079,BR014,Savings,2024-09-03,10060507.97,Active
A013808,C09431,BR050,Savings,2024-07-19,20479441.61,Active
A013809,C05801,BR047,Savings,2025-09-06,52723115.82,Active
A013810,C05098,BR037,Savings,2026-05-30,10320476.15,Active
A013811,C00685,BR002,Credit,2025-06-19,51370908.72,Active
A013812,C02250,BR047,Credit,2024-05-08,348892658.31,Active
A013813,C07861,BR032,Savings,2024-06-23,11337600.82,Active
A013814,C07544,BR026,Savings,2026-08-03,11106544.22,Active
A013815,C07277,BR032,Savings,2020-05-21,11240852.73,Active
A013816,C08843,BR035,Savings,2026-07-26,15768940.11,Active
A013817,C08338,BR029,Savings,2026-03-06,11262818.74,Closed
A013818,C02746,BR038,Savings,2021-10-02,148554346.0,Active
A013819,C07075,BR006,Savings,2026-08-05,4344823.68,Active
A013820,C05771,BR030,Current,2025-02-26,9780127.54,Active
A013821,C01939,BR043,Savings,2023-11-18,100730527.41,Inactive
A013822,C07148,BR019,Current,2024-02-22,147096052.19,Active
A013823,C01349,BR014,Savings,2023-05-16,86858317.1,Active
A013824,C03380,BR049,Credit,2026-02-25,5348574.19,Active
A013825,C00964,BR028,Current,2022-04-29,50683324.17,Active
A013826,C03434,BR045,Savings,2026-08-04,2447152.11,Active
A013827,C08721,BR028,Current,2018-04-27,6172815.13,Active
A013828,C04079,BR034,Credit,2026-01-28,3643373.23,Active
A013829,C02014,BR021,Savings,2024-10-23,9884938.99,Active
A013830,C06855,BR018,Credit,2024-02-24,68181326.33,Active
A013831,C05346,BR013,Savings,2025-11-16,21837170.64,Active
A013832,C03052,BR025,Credit,2022-06-15,11812645.11,Active
A013833,C03743,BR043,Current,2023-03-22,111161332.38,Active
A013834,C03886,BR037,Credit,2024-06-01,16433296.23,Inactive
A013835,C02447,BR002,Current,2021-11-02,6562631.31,Active
A013836,C02694,BR003,Savings,2025-06-15,3892420.64,Active
A013837,C02305,BR048,Savings,2026-05-11,23926719.4,Active
A013838,C07739,BR032,Savings,2025-10-17,1306537180.3,Active
A013839,C01555,BR008,Savings,2022-05-27,114018214.33,Active
A013840,C01399,BR016,Credit,2025-07-26,31703083.96,Active
A013841,C02708,BR002,Current,2023-02-12,221913414.95,Active
A013842,C09436,BR014,Credit,2022-01-05,21697953.87,Active
A013843,C02771,BR009,Savings,2021-12-24,19099415.06,Closed
A013844,C00129,BR045,Current,2023-08-19,16392944.36,Active
A013845,C03667,BR044,Current,2026-02-02,74288776.51,Active
A013846,C09390,BR044,Current,2026-04-22,122361554.49,Active
A013847,C01768,BR038,Current,2025-08-27,9890478.59,Active
A013848,C02551,BR018,Savings,2025-11-17,13331054.52,Active
A013849,C02005,BR015,Current,2025-05-20,5845529.46,Active
A013850,C06554,BR001,Savings,2021-07-13,21932982.11,Active
A013851,C07376,BR013,Savings,2026-04-09,6964126.37,Active
A013852,C08087,BR028,Savings,2025-11-25,15410455.28,Active
A013853,C01463,BR038,Savings,2021-06-25,113564436.72,Active
A013854,C09348,BR041,Savings,2024-02-15,23969048.36,Active
A013855,C08092,BR038,Savings,2025-02-16,27806144.78,Active
A013856,C06791,BR019,Current,2023-01-21,12646961.4,Active
A013857,C01900,BR047,Savings,2024-07-20,112423307.75,Closed
A013858,C05965,BR023,Credit,2020-01-05,10162962.56,Active
A013859,C04396,BR031,Current,2022-07-26,20134102.83,Active
A013860,C02785,BR016,Current,2025-11-16,22926595.68,Active
A013861,C09572,BR043,Savings,2026-04-02,98589849.44,Active
A013862,C04111,BR003,Savings,2026-02-23,33740841.02,Active
A013863,C03471,BR046,Current,2021-02-24,78596293.01,Active
A013864,C08395,BR012,Current,2025-07-09,4160018.45,Active
A013865,C01847,BR042,Credit,2026-06-10,75029778.82,Active
A013866,C08717,BR038,Savings,2020-08-09,30487435.65,Closed
A013867,C07379,BR002,Savings,2024-01-29,21952434.58,Active
A013868,C03916,BR047,Savings,2025-03-29,72190281.65,Inactive
A013869,C02838,BR033,Savings,2026-03-08,3963798.64,Active
A013870,C07006,BR021,Savings,2023-12-15,6601102.21,Active
A013871,C00436,BR049,Savings,2026-06-27,21973590.28,Closed
A013872,C00043,BR044,Savings,2021-06-16,3958734.8,Active
A013873,C03472,BR039,Savings,2022-09-08,11628445.21,Inactive
A013874,C00952,BR004,Current,2026-07-19,15468225.38,Closed
A013875,C06493,BR025,Savings,2026-05-01,37637463.57,Active
A013876,C02991,BR036,Credit,2024-12-08,24523764.87,Active
A013877,C03245,BR008,Credit,2023-12-10,156960549.65,Active
A013878,C02294,BR038,Savings,2025-03-18,19097030.66,Active
A013879,C01772,BR050,Current,2023-11-17,7627204.65,Inactive
A013880,C04168,BR030,Current,2023-07-30,9180868.67,Active
A013881,C09403,BR020,Savings,2026-03-24,41644315.94,Active
A013882,C04802,BR049,Savings,2026-07-29,120973706.95,Active
A013883,C07533,BR038,Savings,2026-07-04,8609897.61,Active
A013884,C02767,BR045,Savings,2024-10-17,10944641.23,Active
A013885,C09954,BR016,Current,2025-10-07,15272337.59,Inactive
A013886,C01099,BR034,Savings,2019-02-06,252382387.29,Inactive
A013887,C01821,BR011,Current,2021-06-17,25374819.59,Active
A013888,C01962,BR031,Savings,2023-12-21,8083035.33,Active
A013889,C07643,BR002,Savings,2025-01-21,16937469.99,Active
A013890,C06327,BR010,Savings,2026-07-30,56210277.26,Active
A013891,C08022,BR003,Savings,2020-11-24,24537281.72,Active
A013892,C05920,BR010,Savings,2025-04-22,97449204.9,Active
A013893,C07021,BR016,Savings,2020-07-06,42155241.69,Active
A013894,C09051,BR045,Savings,2026-05-07,39951722.31,Active
A013895,C02198,BR033,Credit,2026-01-28,47495456.86,Closed
A013896,C03605,BR030,Current,2026-04-05,40979633.11,Active
A013897,C09545,BR036,Savings,2024-02-22,9097690.76,Active
A013898,C05208,BR049,Credit,2021-11-15,50877484.65,Active
A013899,C02083,BR042,Current,2023-10-21,15546003.99,Closed
A013900,C06407,BR031,Credit,2020-06-25,15923331.73,Active
A013901,C05739,BR038,Savings,2022-03-15,6946163.26,Active
A013902,C08528,BR016,Current,2025-11-23,67197440.72,Active
A013903,C03996,BR013,Credit,2023-01-19,4688757.33,Active
A013904,C03770,BR039,Current,2021-06-13,41508854.46,Active
A013905,C02481,BR023,Current,2026-05-10,3668510.75,Active
A013906,C07843,BR043,Savings,2023-10-27,3636052.68,Active
A013907,C06638,BR023,Savings,2024-11-19,21244154.28,Active
A013908,C06235,BR038,Savings,2026-08-02,5576432.37,Active
A013909,C03918,BR006,Credit,2026-06-30,10047041.72,Active
A013910,C03462,BR018,Savings,2018-10-07,15777557.04,Active
A013911,C06279,BR046,Savings,2025-01-08,25746298.39,Active
A013912,C01558,BR029,Credit,2021-12-22,12568384.66,Active
A013913,C09924,BR037,Savings,2025-05-10,277951570.8,Active
A013914,C00798,BR010,Savings,2024-08-09,14994733.06,Active
A013915,C05938,BR049,Savings,2025-10-08,38888009.64,Inactive
A013916,C00282,BR026,Savings,2022-06-28,97223813.95,Active
A013917,C01719,BR003,Savings,2024-11-28,82518128.41,Active
A013918,C02593,BR048,Current,2026-02-25,167818172.61,Closed
A013919,C01022,BR029,Savings,2026-01-05,15530813.55,Active
A013920,C09435,BR043,Savings,2021-05-26,124239125.06,Active
A013921,C01606,BR015,Current,2024-08-05,12175156.42,Active
A013922,C09191,BR044,Savings,2023-11-25,12077332.28,Active
A013923,C09995,BR033,Credit,2024-12-28,5287373.07,Active
A013924,C08002,BR023,Savings,2025-11-16,7857283.37,Active
A013925,C00424,BR038,Current,2024-05-28,78009242.19,Active
A013926,C07942,BR027,Savings,2025-05-13,5724900.13,Active
A013927,C07735,BR050,Savings,2025-11-29,207169849.18,Inactive
A013928,C00400,BR002,Savings,2026-03-18,13916501.02,Active
A013929,C04347,BR036,Current,2020-09-10,14292326.22,Active
A013930,C08462,BR043,Savings,2023-07-13,104651387.63,Active
A013931,C03859,BR005,Savings,2026-04-09,10306282.23,Active
A013932,C05868,BR049,Current,2025-08-09,109266526.14,Active
A013933,C04592,BR045,Current,2025-07-08,37410767.12,Active
A013934,C05189,BR048,Credit,2025-03-04,41320389.73,Active
A013935,C08534,BR040,Savings,2026-04-16,66338364.12,Active
A013936,C07034,BR015,Savings,2024-07-18,24462099.1,Active
A013937,C02834,BR023,Savings,2026-06-03,5996304.14,Active
A013938,C01700,BR046,Current,2024-02-20,8420568.68,Active
A013939,C09550,BR048,Savings,2024-07-07,35177731.54,Active
A013940,C02758,BR010,Current,2018-06-26,14460986.69,Active
A013941,C07000,BR021,Current,2024-03-14,43841161.71,Active
A013942,C04903,BR015,Current,2023-01-02,4443735.51,Active
A013943,C00566,BR014,Savings,2022-07-08,11014868.29,Closed
A013944,C00806,BR012,Current,2025-03-04,3762874.58,Active
A013945,C01406,BR030,Current,2025-11-08,43371592.84,Active
A013946,C07468,BR038,Current,2022-08-29,9602579.42,Active
A013947,C02373,BR034,Savings,2024-12-28,159452789.25,Active
A013948,C03350,BR003,Credit,2022-11-10,10118811.43,Active
A013949,C07441,BR033,Savings,2026-01-26,5766699.7,Active
A013950,C01611,BR038,Credit,2026-02-02,38415820.93,Active
A013951,C05964,BR030,Savings,2025-02-07,16103120.41,Active
A013952,C06620,BR023,Savings,2025-06-07,67868881.45,Active
A013953,C08339,BR041,Savings,2020-08-12,10327723.28,Active
A013954,C06163,BR017,Current,2024-02-20,10507675.2,Inactive
A013955,C04219,BR025,Savings,2026-06-26,33511306.01,Active
A013956,C08952,BR003,Current,2026-03-31,33698466.15,Active
A013957,C09848,BR040,Savings,2025-07-23,16958929.52,Active
A013958,C02514,BR039,Savings,2026-08-25,200000000.0,Active
A013959,C01040,BR046,Savings,2023-04-15,65735169.06,Active
A013960,C03419,BR040,Savings,2025-02-07,5432935.59,Active
A013961,C06204,BR010,Savings,2025-06-01,6726171.89,Active
A013962,C00644,BR033,Savings,2023-02-24,12040291.01,Inactive
A013963,C04544,BR008,Savings,2022-07-15,50555422.29,Active
A013964,C08532,BR022,Credit,2022-11-30,70216682.92,Active
A013965,C09163,BR019,Current,2026-04-25,239430480.05,Active
A013966,C01244,BR038,Savings,2024-06-07,21233715.95,Active
A013967,C07932,BR019,Savings,2026-03-24,35685542.62,Active
A013968,C05928,BR014,Savings,2024-04-21,20445955.8,Active
A013969,C05754,BR017,Current,2024-05-26,20316809.68,Active
A013970,C03217,BR017,Current,2025-10-25,27391114.76,Active
A013971,C04350,BR048,Current,2020-10-26,53803079.06,Active
A013972,C04538,BR006,Current,2022-07-02,9616490.31,Active
A013973,C00284,BR038,Current,2025-12-12,102177298.51,Closed
A013974,C09352,BR001,Current,2023-07-26,1653785753.57,Active
A013975,C00402,BR016,Current,2025-07-01,4372992.78,Active
A013976,C05671,BR014,Savings,2026-08-24,2958557.17,Active
A013977,C03541,BR007,Current,2023-11-30,12146670.9,Active
A013978,C05184,BR050,Savings,2024-04-29,34217180.29,Active
A013979,C09986,BR029,Current,2023-03-21,15629358.01,Active
A013980,C02207,BR007,Current,2025-12-26,35286333.71,Active
A013981,C01063,BR035,Savings,2026-03-03,84554143.65,Active
A013982,C09568,BR017,Savings,2023-10-27,3749684.23,Active
A013983,C03448,BR014,Savings,2020-07-28,24808438.31,Active
A013984,C04501,BR024,Current,2025-11-26,64434617.22,Active
A013985,C07098,BR032,Savings,2026-08-28,75535586.15,Active
A013986,C00049,BR049,Savings,2024-10-18,21111091.75,Inactive
A013987,C04514,BR033,Current,2021-02-15,92389088.04,Active
A013988,C04490,BR014,Credit,2025-02-23,9728332.87,Inactive
A013989,C02453,BR011,Current,2025-10-05,164935686.81,Active
A013990,C05607,BR031,Savings,2026-07-10,28377490.78,Active
A013991,C06285,BR012,Current,2022-10-10,3627787.1,Active
A013992,C05062,BR011,Current,2026-06-19,12476614.65,Active
A013993,C01057,BR044,Current,2021-10-16,37555726.84,Active
A013994,C04338,BR034,Credit,2025-05-30,5439046.24,Active
A013995,C03408,BR047,Current,2023-06-28,23015251.39,Active
A013996,C06262,BR023,Savings,2024-03-01,59652958.1,Active
A013997,C01306,BR017,Current,2026-05-15,13380961.08,Inactive
A013998,C01624,BR029,Credit,2026-05-24,8778471.06,Active
A013999,C07824,BR027,Credit,2022-10-30,20169883.24,Active
A014000,C08312,BR049,Savings,2024-04-25,128620917.54,Inactive
A014001,C07954,BR023,Current,2023-06-16,365477617.31,Active
A014002,C07863,BR032,Current,2026-05-02,12978196.92,Active
A014003,C09776,BR021,Current,2025-08-04,4708249.68,Active
A014004,C01498,BR015,Savings,2026-08-29,233882347.89,Active
A014005,C00696,BR022,Savings,2024-11-20,29538607.55,Active
A014006,C06982,BR028,Savings,2024-04-30,46580174.08,Active
A014007,C00460,BR049,Savings,2026-08-13,4582973.95,Active
A014008,C06997,BR033,Savings,2025-08-12,8220212.43,Active
A014009,C07785,BR027,Current,2026-05-24,9789960.94,Active
A014010,C07130,BR041,Savings,2023-05-11,6308604.93,Active
A014011,C01200,BR037,Savings,2025-07-24,93154573.55,Inactive
A014012,C06437,BR033,Current,2022-04-04,14081084.56,Active
A014013,C08825,BR029,Current,2023-05-16,28213889.55,Active
A014014,C00323,BR050,Savings,2022-10-08,10499864.3,Active
A014015,C07554,BR050,Savings,2022-05-18,118234740.27,Inactive
A014016,C04255,BR012,Credit,2023-12-11,236067202.13,Active
A014017,C07603,BR028,Savings,2022-08-16,6076083.41,Inactive
A014018,C03785,BR049,Savings,2023-10-28,9714648.42,Active
A014019,C05995,BR012,Savings,2025-01-31,4110055.16,Active
A014020,C06771,BR037,Current,2025-12-21,279716777.6,Active
A014021,C00619,BR046,Current,2026-02-28,16811278.48,Active
A014022,C09285,BR045,Savings,2021-06-25,45843884.6,Active
A014023,C01054,BR004,Current,2023-10-08,61416327.57,Inactive
A014024,C00024,BR014,Current,2026-01-29,2112092.19,Active
A014025,C06102,BR043,Current,2025-10-16,47253786.16,Active
A014026,C07684,BR047,Current,2023-10-18,43697401.43,Active
A014027,C05195,BR003,Credit,2025-12-14,86254822.52,Active
A014028,C03577,BR047,Credit,2026-04-08,451919014.05,Active
A014029,C02939,BR024,Savings,2026-05-11,5440705.72,Active
A014030,C05335,BR029,Current,2025-07-30,134552874.17,Inactive
A014031,C03421,BR025,Savings,2025-10-08,3858248.34,Active
A014032,C04292,BR011,Savings,2022-11-23,71470085.29,Active
A014033,C04827,BR028,Savings,2022-02-07,35053607.23,Active
A014034,C07315,BR041,Current,2025-01-16,61177311.56,Active
A014035,C00894,BR033,Current,2024-04-25,19810396.29,Active
A014036,C00313,BR026,Savings,2024-10-26,32822600.48,Active
A014037,C05453,BR020,Savings,2026-01-25,95454778.53,Closed
A014038,C06548,BR028,Savings,2024-03-08,65660829.25,Active
A014039,C06654,BR013,Credit,2026-03-05,37860430.29,Active
A014040,C05042,BR044,Credit,2022-02-06,22627463.67,Active
A014041,C06200,BR007,Savings,2024-11-16,152763779.89,Active
A014042,C06752,BR001,Current,2024-06-13,157871284.66,Active
A014043,C08398,BR026,Current,2026-07-02,98187071.83,Inactive
A014044,C03813,BR038,Savings,2026-04-22,47024679.68,Active
A014045,C03274,BR005,Savings,2026-05-21,58274487.52,Active
A014046,C06257,BR008,Savings,2025-08-13,21704056.21,Active
A014047,C03218,BR031,Savings,2026-08-14,43179439.4,Active
A014048,C07997,BR048,Credit,2025-12-19,1742098.46,Active
A014049,C00386,BR002,Savings,2025-09-29,496857781.52,Active
A014050,C03169,BR013,Savings,2023-10-25,26782111.51,Active
A014051,C06655,BR001,Savings,2024-10-01,3824000.43,Active
A014052,C06729,BR021,Current,2021-11-26,18793409.88,Active
A014053,C06676,BR038,Savings,2024-06-13,7949312.26,Active
A014054,C05718,BR006,Savings,2024-07-10,20604205.93,Active
A014055,C01428,BR015,Savings,2023-03-04,74853070.13,Active
A014056,C08549,BR011,Savings,2021-09-14,41247764.45,Active
A014057,C01778,BR047,Current,2023-04-17,173954052.66,Active
A014058,C04943,BR047,Current,2021-06-24,10733376.46,Active
A014059,C04783,BR010,Savings,2024-07-05,18615996.47,Inactive
A014060,C02067,BR014,Savings,2026-04-11,42917870.45,Active
A014061,C06800,BR029,Savings,2026-03-15,7204419.13,Active
A014062,C01229,BR050,Savings,2022-01-21,15096902.64,Active
A014063,C09618,BR049,Savings,2023-01-15,235490703.82,Active
A014064,C05967,BR038,Savings,2023-07-17,281516043.5,Active
A014065,C05575,BR014,Current,2024-10-27,84176717.39,Active
A014066,C03383,BR002,Credit,2022-06-11,21616802.56,Active
A014067,C04053,BR038,Savings,2022-06-15,19277224.91,Active
A014068,C03004,BR048,Current,2026-06-24,22812760.91,Active
A014069,C04209,BR033,Current,2025-02-24,108116394.54,Active
A014070,C01408,BR002,Credit,2026-02-06,3481277.66,Closed
A014071,C05369,BR038,Credit,2024-03-12,94203643.34,Active
A014072,C04916,BR025,Savings,2025-06-01,4648546.46,Active
A014073,C05968,BR047,Savings,2025-04-19,59986864.54,Active
A014074,C05660,BR002,Savings,2023-09-04,24593015.83,Active
A014075,C03830,BR031,Current,2023-05-27,90792070.03,Active
A014076,C06680,BR002,Savings,2023-06-05,11747755.73,Active
A014077,C04569,BR038,Savings,2025-11-25,495535512.11,Active
A014078,C01442,BR009,Current,2022-10-13,567661223.13,Active
A014079,C04207,BR014,Current,2025-10-20,15213765.65,Active
A014080,C00892,BR006,Savings,2024-10-26,55000525.6,Active
A014081,C07905,BR004,Current,2023-06-03,8881154.73,Active
A014082,C00787,BR013,Savings,2024-04-08,15619792.79,Active
A014083,C04840,BR042,Current,2020-02-07,166243025.9,Active
A014084,C03899,BR034,Current,2024-10-05,25836056.1,Active
A014085,C07761,BR046,Savings,2024-02-21,8948950.9,Active
A014086,C01473,BR033,Current,2019-07-10,33515721.01,Active
A014087,C09620,BR011,Savings,2021-10-01,32921307.95,Inactive
A014088,C01786,BR029,Current,2025-12-31,334817166.5,Active
A014089,C06305,BR020,Current,2026-02-07,23862113.33,Active
A014090,C05120,BR042,Current,2022-08-30,24837170.18,Active
A014091,C03127,BR033,Current,2020-07-27,4656131.32,Active
A014092,C00573,BR044,Current,2026-03-22,59943628.29,Active
A014093,C02411,BR033,Current,2025-04-28,285242068.54,Active
A014094,C00531,BR038,Savings,2024-02-09,26167260.02,Active
A014095,C06515,BR042,Savings,2024-11-02,26761091.15,Active
A014096,C07371,BR017,Savings,2025-09-10,2047092.57,Active
A014097,C09546,BR026,Current,2026-01-23,8868510.4,Active
A014098,C09098,BR028,Savings,2025-03-12,144067913.36,Active
A014099,C01715,BR036,Current,2024-01-17,15765943.97,Active
A014100,C03970,BR042,Savings,2024-10-21,26029374.02,Active
A014101,C01009,BR020,Current,2025-01-13,16150377.92,Active
A014102,C02826,BR008,Savings,2023-11-23,40107190.65,Active
A014103,C02456,BR045,Savings,2020-06-01,16432766.71,Active
A014104,C01497,BR014,Current,2018-12-09,46867359.73,Active
A014105,C08932,BR011,Savings,2025-09-09,6848484.17,Active
A014106,C09017,BR001,Savings,2026-08-31,13543925.52,Active
A014107,C09966,BR026,Credit,2021-02-10,217720798.17,Active
A014108,C08450,BR028,Current,2022-05-20,20469972.42,Active
A014109,C08029,BR041,Savings,2023-08-05,12002510.61,Active
A014110,C09023,BR017,Savings,2021-05-07,12483887.98,Active
A014111,C07805,BR047,Credit,2024-08-19,8535527.09,Active
A014112,C00739,BR035,Savings,2026-03-05,57946013.35,Active
A014113,C02062,BR023,Current,2025-04-16,14877180.81,Active
A014114,C02601,BR037,Savings,2020-07-15,2977172.67,Active
A014115,C09808,BR029,Savings,2025-09-14,2378902.19,Active
A014116,C02573,BR023,Savings,2022-11-02,15726810.88,Active
A014117,C09377,BR038,Savings,2024-12-15,1636744.08,Active
A014118,C09997,BR005,Current,2024-05-30,12852474.74,Inactive
A014119,C06717,BR011,Current,2025-10-23,11093054.5,Active
A014120,C05466,BR030,Savings,2024-12-18,23142725.48,Active
A014121,C06738,BR033,Current,2025-02-23,8762099.09,Active
A014122,C04388,BR039,Savings,2025-09-08,1228494813.23,Active
A014123,C00119,BR038,Current,2026-02-16,144856072.49,Active
A014124,C01822,BR046,Current,2024-07-27,4473696.28,Active
A014125,C07615,BR045,Current,2023-03-09,11948110.1,Active
A014126,C01946,BR030,Savings,2021-08-05,233004143.25,Active
A014127,C07621,BR046,Current,2025-09-20,8584383.47,Active
A014128,C08370,BR038,Current,2018-04-16,77092192.22,Active
A014129,C01256,BR024,Savings,2023-11-10,213773263.67,Active
A014130,C02930,BR046,Current,2025-10-11,54795589.3,Active
A014131,C07228,BR002,Savings,2020-12-23,36834472.27,Active
A014132,C01033,BR028,Savings,2026-08-19,7243108.89,Active
A014133,C01014,BR044,Credit,2024-08-24,1488783.17,Active
A014134,C00070,BR046,Current,2024-12-02,40079847.6,Active
A014135,C06945,BR003,Savings,2025-08-08,21307054.89,Active
A014136,C06524,BR046,Savings,2025-02-19,22459229.01,Active
A014137,C02327,BR019,Current,2024-03-07,37223961.52,Inactive
A014138,C06098,BR047,Savings,2020-06-23,6668321.03,Active
A014139,C01656,BR025,Credit,2024-09-17,37652502.4,Active
A014140,C04696,BR016,Savings,2026-02-24,18221752.03,Active
A014141,C02338,BR040,Savings,2022-11-19,73685600.08,Active
A014142,C04041,BR004,Current,2026-01-06,17899835.64,Inactive
A014143,C06072,BR022,Current,2025-06-02,50141781.63,Active
A014144,C01366,BR038,Savings,2022-07-04,26762476.69,Closed
A014145,C00931,BR026,Current,2024-06-06,10260833.18,Active
A014146,C08069,BR016,Savings,2025-10-12,4880559.73,Active
A014147,C01102,BR045,Current,2023-02-04,24010547.44,Active
A014148,C09170,BR007,Current,2024-06-09,7162619.69,Active
A014149,C02687,BR020,Current,2025-04-23,34965532.07,Active
A014150,C06217,BR034,Savings,2026-07-14,42976332.22,Active
A014151,C09943,BR036,Savings,2019-10-08,30143665.41,Inactive
A014152,C02767,BR039,Current,2024-10-05,20421718.0,Closed
A014153,C08309,BR008,Savings,2024-07-27,5569651.88,Active
A014154,C04359,BR045,Savings,2022-05-30,279922527.45,Active
A014155,C02925,BR030,Savings,2026-02-26,164388816.64,Closed
A014156,C07458,BR005,Savings,2021-12-16,11763737.66,Active
A014157,C06420,BR019,Savings,2025-12-11,55775270.71,Inactive
A014158,C09344,BR038,Credit,2026-03-28,15972076.74,Active
A014159,C05182,BR018,Current,2025-06-20,57233166.72,Active
A014160,C05025,BR049,Current,2025-06-28,88017298.28,Active
A014161,C03015,BR020,Current,2026-02-12,11019071.03,Active
A014162,C09612,BR023,Current,2025-09-06,37883233.43,Active
A014163,C03076,BR003,Savings,2023-05-16,53451937.61,Active
A014164,C06842,BR010,Savings,2026-08-29,9514345.71,Active
A014165,C01710,BR037,Savings,2026-08-24,138729738.11,Active
A014166,C04107,BR027,Current,2026-08-24,25748085.79,Active
A014167,C09289,BR019,Credit,2024-09-22,76786834.47,Active
A014168,C00771,BR021,Savings,2024-10-23,6887118.55,Active
A014169,C00897,BR037,Savings,2026-01-08,14432806.72,Active
A014170,C05889,BR042,Savings,2026-02-01,5883555.85,Active
A014171,C08032,BR008,Current,2022-02-13,14718070.01,Active
A014172,C01230,BR030,Current,2023-05-14,27834475.39,Active
A014173,C06123,BR029,Savings,2025-09-05,59280134.75,Active
A014174,C06923,BR005,Savings,2021-02-11,6282518.33,Active
A014175,C03311,BR033,Credit,2025-08-06,286450650.37,Active
A014176,C04196,BR044,Savings,2026-05-17,9857191.93,Active
A014177,C03926,BR031,Savings,2022-11-23,96896577.56,Active
A014178,C06179,BR032,Current,2022-10-31,4439774.11,Active
A014179,C09597,BR002,Savings,2022-02-24,41760994.61,Active
A014180,C01265,BR017,Current,2024-07-06,3874578.78,Inactive
A014181,C05181,BR028,Savings,2022-09-14,4746495.56,Active
A014182,C00063,BR023,Current,2021-02-11,8843652.46,Active
A014183,C08658,BR035,Savings,2023-10-31,57097269.24,Active
A014184,C09989,BR016,Savings,2024-12-11,19808885.16,Active
A014185,C04803,BR038,Savings,2024-07-27,15800583.98,Active
A014186,C02595,BR009,Credit,2026-05-15,44060293.57,Active
A014187,C02349,BR039,Current,2026-05-24,104642015.78,Active
A014188,C01780,BR002,Current,2025-03-06,21979519.55,Active
A014189,C07207,BR044,Current,2025-08-31,10274145.86,Active
A014190,C07990,BR003,Current,2018-12-25,9008670.63,Active
A014191,C01832,BR043,Credit,2026-03-15,5254835.19,Inactive
A014192,C02033,BR041,Savings,2025-04-08,9273663.94,Active
A014193,C07996,BR022,Savings,2026-04-18,11984707.59,Active
A014194,C06505,BR035,Savings,2025-03-22,19763273.85,Closed
A014195,C07254,BR011,Current,2024-10-18,14565321.58,Active
A014196,C08868,BR036,Current,2022-06-05,11200905.56,Active
A014197,C04674,BR024,Savings,2022-02-03,7233397.19,Active
A014198,C08945,BR028,Savings,2024-05-01,20642491.54,Active
A014199,C02204,BR038,Credit,2021-07-15,10072786.0,Active
A014200,C00051,BR016,Savings,2022-01-16,19907318.09,Active
A014201,C07441,BR033,Savings,2025-01-19,3246029.36,Inactive
A014202,C06469,BR004,Savings,2025-09-20,19632515.22,Active
A014203,C03979,BR045,Current,2024-06-28,27264233.73,Active
A014204,C08515,BR039,Savings,2026-03-05,123432967.6,Active
A014205,C08283,BR046,Credit,2026-02-06,12815736.9,Active
A014206,C09224,BR041,Current,2026-06-10,31196467.07,Active
A014207,C01291,BR002,Credit,2022-10-07,5417763.52,Active
A014208,C00063,BR023,Current,2022-10-12,13966831.62,Active
A014209,C04811,BR037,Savings,2022-01-22,12849868.27,Active
A014210,C05023,BR038,Current,2021-12-19,34369514.06,Active
A014211,C08424,BR022,Savings,2023-04-19,2979202.55,Active
A014212,C03684,BR024,Savings,2024-04-09,38142755.03,Active
A014213,C04621,BR035,Credit,2025-09-23,60694364.26,Active
A014214,C05112,BR035,Current,2026-06-15,14594289.88,Closed
A014215,C05666,BR021,Current,2023-01-06,28777371.84,Active
A014216,C01362,BR022,Current,2023-03-28,8565893.71,Inactive
A014217,C01376,BR031,Current,2026-07-29,18390096.46,Active
A014218,C02383,BR036,Savings,2024-12-04,215222917.67,Active
A014219,C08741,BR038,Current,2026-05-27,98226048.95,Active
A014220,C03088,BR029,Savings,2024-02-08,218371992.99,Active
A014221,C02088,BR038,Savings,2025-11-17,10116531.38,Active
A014222,C06840,BR034,Savings,2024-04-25,11244838.2,Active
A014223,C00167,BR026,Savings,2025-10-16,28149342.58,Active
A014224,C08137,BR005,Savings,2025-11-18,10554009.48,Active
A014225,C05745,BR042,Current,2022-09-14,121530966.84,Active
A014226,C09851,BR050,Savings,2020-07-02,902326590.04,Active
A014227,C00771,BR029,Current,2025-01-09,30045704.83,Active
A014228,C01121,BR024,Savings,2026-04-16,4241516.83,Active
A014229,C03678,BR039,Credit,2025-02-02,11415197.48,Active
A014230,C01122,BR023,Savings,2022-08-13,18793596.28,Active
A014231,C04014,BR004,Current,2021-04-08,287959061.59,Active
A014232,C09538,BR029,Current,2025-11-04,15983277.38,Active
A014233,C03370,BR018,Savings,2026-03-17,18993689.58,Active
A014234,C08004,BR025,Savings,2026-06-09,9843346.1,Active
A014235,C07187,BR011,Savings,2025-08-01,299819926.7,Active
A014236,C00523,BR045,Savings,2026-01-21,34998399.26,Active
A014237,C02600,BR034,Savings,2025-03-04,238807962.55,Active
A014238,C03580,BR038,Current,2026-03-27,4422509.6,Active
A014239,C08162,BR016,Current,2026-08-23,16465175.22,Active
A014240,C03528,BR010,Current,2025-06-21,12851652.95,Active
A014241,C03429,BR030,Current,2025-01-14,7209604.04,Active
A014242,C08563,BR028,Savings,2020-11-27,279138619.03,Active
A014243,C08390,BR028,Savings,2023-09-02,12326125.26,Inactive
A014244,C00904,BR038,Current,2026-06-15,18864701.99,Active
A014245,C03572,BR015,Savings,2022-11-03,51161301.66,Active
A014246,C08335,BR004,Savings,2024-01-26,10767924.75,Active
A014247,C03559,BR006,Current,2025-07-03,19444825.19,Inactive
A014248,C06527,BR040,Current,2025-06-06,11498876.8,Active
A014249,C08191,BR012,Current,2020-12-15,80185202.03,Active
A014250,C01247,BR038,Savings,2021-02-27,140724470.04,Active
A014251,C05420,BR021,Savings,2024-03-17,9910841.49,Active
A014252,C04314,BR038,Current,2026-05-01,31485080.74,Active
A014253,C05467,BR044,Current,2022-01-31,4423975.69,Active
A014254,C05678,BR024,Current,2025-01-18,218969830.52,Active
A014255,C00323,BR009,Credit,2021-02-03,31594010.5,Active
A014256,C01623,BR023,Current,2026-05-28,25347749.14,Active
A014257,C09641,BR015,Savings,2026-08-03,10582566.28,Active
A014258,C02563,BR028,Current,2022-01-07,5163353.09,Closed
A014259,C09343,BR015,Credit,2024-11-13,65655114.63,Active
A014260,C09857,BR004,Current,2021-04-24,13920557.5,Active
A014261,C01814,BR050,Credit,2024-08-05,6066664.01,Active
A014262,C02694,BR009,Savings,2025-04-12,4628927.27,Active
A014263,C00247,BR039,Savings,2022-07-10,3757673.88,Active
A014264,C08607,BR018,Current,2022-03-20,25380083.47,Active
A014265,C08322,BR006,Current,2026-08-22,5718826.05,Active
A014266,C01713,BR032,Credit,2025-12-31,19212833.32,Active
A014267,C01174,BR022,Credit,2026-06-19,10911424.05,Active
A014268,C02744,BR043,Current,2026-07-30,24040995.72,Active
A014269,C09565,BR041,Current,2023-10-11,457873417.11,Active
A014270,C09183,BR031,Savings,2026-04-18,68011067.01,Active
A014271,C06174,BR038,Current,2025-09-06,16650045.37,Closed
A014272,C07190,BR044,Savings,2021-09-05,13732720.11,Active
A014273,C09582,BR002,Savings,2019-05-01,213931406.65,Active
A014274,C08421,BR028,Savings,2025-05-23,158869734.17,Active
A014275,C05444,BR036,Current,2021-02-26,10693020.07,Active
A014276,C08309,BR035,Savings,2022-06-02,13993180.22,Active
A014277,C03520,BR028,Credit,2024-08-30,4835333.59,Active
A014278,C03570,BR028,Savings,2024-09-17,18676870.45,Active
A014279,C04073,BR005,Savings,2026-07-23,52175838.13,Inactive
A014280,C01093,BR011,Current,2025-11-18,10242761.63,Active
A014281,C02217,BR045,Current,2026-06-06,7662984.37,Active
A014282,C03443,BR047,Savings,2022-01-01,13583462.26,Active
A014283,C07536,BR030,Savings,2025-09-27,3012806.72,Active
A014284,C01333,BR004,Savings,2022-12-26,604147736.46,Active
A014285,C02547,BR019,Savings,2026-08-17,14543125.12,Active
A014286,C09008,BR038,Credit,2023-08-19,57680935.63,Active
A014287,C00114,BR013,Savings,2025-07-09,4346911.83,Active
A014288,C09311,BR047,Savings,2025-12-13,494915234.1,Active
A014289,C00965,BR005,Savings,2023-11-22,9030323.15,Inactive
A014290,C00050,BR035,Savings,2024-12-14,42645412.1,Active
A014291,C06597,BR026,Savings,2026-04-13,112443391.5,Active
A014292,C09444,BR036,Current,2025-12-09,234225802.2,Active
A014293,C04285,BR038,Current,2024-02-21,16737073.58,Active
A014294,C06031,BR023,Credit,2026-06-26,35527548.51,Active
A014295,C08924,BR047,Savings,2026-03-20,21720728.55,Active
A014296,C06301,BR035,Current,2021-04-08,243995071.11,Active
A014297,C07161,BR017,Savings,2024-08-25,17423471.18,Active
A014298,C04029,BR025,Credit,2025-05-25,179602152.6,Inactive
A014299,C07320,BR022,Savings,2025-11-15,78498047.16,Active
A014300,C00856,BR050,Savings,2025-05-26,13837165.35,Active
A014301,C09963,BR023,Current,2023-10-19,15317844.17,Active
A014302,C05536,BR029,Current,2026-01-21,20492088.61,Active
A014303,C09992,BR001,Current,2023-11-03,6287062.44,Closed
A014304,C06625,BR045,Savings,2025-06-29,43170055.09,Active
A014305,C08194,BR040,Current,2024-02-26,39028648.33,Active
A014306,C09215,BR002,Current,2024-12-25,5511703.56,Active
A014307,C08172,BR016,Savings,2025-08-08,71197650.96,Closed
A014308,C07111,BR008,Savings,2025-10-10,125775070.42,Active
A014309,C02879,BR025,Credit,2022-01-15,238742367.44,Inactive
A014310,C09140,BR025,Savings,2024-06-18,12472018.13,Active
A014311,C04749,BR044,Current,2026-07-20,1140100.26,Closed
A014312,C01530,BR035,Current,2025-05-22,17601938.11,Active
A014313,C09122,BR010,Savings,2021-07-30,23356025.23,Active
A014314,C04629,BR002,Savings,2020-08-18,10707071.41,Active
A014315,C01685,BR036,Savings,2026-04-10,5069974.46,Active
A014316,C07662,BR024,Current,2025-06-10,13810160.48,Active
A014317,C04572,BR007,Savings,2025-12-29,10203041.14,Active
A014318,C03657,BR027,Savings,2025-06-05,6872944.83,Active
A014319,C09273,BR030,Savings,2021-02-10,6404431.32,Closed
A014320,C03670,BR027,Credit,2025-07-13,16997033.01,Inactive
A014321,C07381,BR037,Savings,2023-03-06,30891085.32,Active
A014322,C03851,BR002,Savings,2023-12-17,21699414.35,Active
A014323,C07782,BR001,Current,2026-06-06,23865362.35,Active
A014324,C06205,BR014,Credit,2026-01-14,24543145.38,Active
A014325,C04067,BR011,Current,2025-07-28,137381048.81,Active
A014326,C07128,BR048,Current,2023-06-06,45741574.09,Active
A014327,C08898,BR015,Savings,2025-01-18,163697948.07,Active
A014328,C03149,BR028,Savings,2025-05-01,14335917.33,Active
A014329,C02181,BR044,Savings,2023-04-08,23619428.18,Active
A014330,C08594,BR034,Current,2019-05-09,55298127.43,Active
A014331,C06742,BR029,Current,2023-10-25,23326220.74,Active
A014332,C03383,BR002,Savings,2023-10-27,14714437.29,Active
A014333,C09009,BR028,Savings,2025-10-02,44234643.12,Active
A014334,C00557,BR041,Current,2025-07-28,8158468.03,Active
A014335,C05212,BR017,Savings,2024-06-10,40751053.26,Active
A014336,C07576,BR004,Savings,2021-02-05,6759272.54,Active
A014337,C08206,BR050,Savings,2025-05-02,5892320.98,Active
A014338,C00257,BR029,Savings,2025-06-18,461017612.04,Active
A014339,C08307,BR007,Savings,2025-04-29,14637576.77,Active
A014340,C06073,BR027,Savings,2023-02-26,5252757.09,Active
A014341,C09654,BR018,Savings,2026-04-24,9899795.12,Active
A014342,C00456,BR027,Savings,2026-01-21,7803911.0,Active
A014343,C06271,BR045,Savings,2025-02-26,8977452.57,Active
A014344,C03813,BR038,Savings,2026-05-16,113072196.13,Closed
A014345,C03506,BR038,Savings,2025-09-02,11775089.93,Active
A014346,C07904,BR001,Current,2023-05-02,172937870.36,Active
A014347,C06102,BR031,Current,2025-10-31,75601807.66,Active
A014348,C08036,BR049,Savings,2021-07-10,30528297.48,Active
A014349,C07602,BR044,Savings,2025-01-23,132874427.37,Active
A014350,C09838,BR006,Current,2026-03-25,179730358.43,Active
A014351,C05239,BR022,Savings,2024-03-28,38909439.71,Active
A014352,C01633,BR025,Savings,2025-11-03,28820008.1,Active
A014353,C07247,BR050,Savings,2021-09-13,16873120.73,Active
A014354,C07372,BR014,Savings,2025-03-31,3800025.22,Active
A014355,C09784,BR007,Savings,2025-08-02,14762854.56,Active
A014356,C09412,BR016,Credit,2026-08-31,59859178.13,Active
A014357,C06082,BR002,Savings,2026-06-27,17892049.58,Active
A014358,C06951,BR019,Current,2025-07-10,11099243.8,Active
A014359,C00929,BR020,Credit,2026-06-18,12494447.26,Active
A014360,C00710,BR035,Savings,2024-07-17,71560984.76,Active
A014361,C04857,BR047,Credit,2022-09-09,45709067.19,Active
A014362,C01416,BR038,Current,2020-10-27,14513138.43,Active
A014363,C07471,BR013,Current,2019-12-26,219629229.77,Active
A014364,C05818,BR046,Savings,2022-12-21,43450141.32,Active
A014365,C06174,BR038,Savings,2024-12-07,8203668.83,Active
A014366,C05666,BR021,Current,2023-11-20,41627795.65,Inactive
A014367,C08146,BR040,Savings,2025-04-13,27576480.43,Active
A014368,C06953,BR025,Savings,2022-09-23,24896345.64,Active
A014369,C09368,BR036,Savings,2026-07-12,21191066.61,Inactive
A014370,C03358,BR041,Current,2025-08-02,7125993.09,Active
A014371,C08231,BR038,Savings,2026-06-24,10843736.73,Active
A014372,C04975,BR007,Current,2022-09-14,681480663.29,Active
A014373,C08977,BR035,Savings,2022-06-06,5711912.61,Active
A014374,C00440,BR042,Current,2026-08-15,38608947.92,Active
A014375,C00337,BR019,Savings,2025-06-21,19163513.66,Active
A014376,C07423,BR007,Savings,2026-08-16,7975896.63,Active
A014377,C06074,BR033,Savings,2026-04-02,142416047.0,Active
A014378,C07497,BR048,Savings,2024-10-07,8204442.99,Active
A014379,C00950,BR044,Credit,2026-01-23,94925534.43,Active
A014380,C07876,BR047,Current,2026-02-13,19501813.34,Active
A014381,C02586,BR007,Credit,2023-03-30,10199864.73,Inactive
A014382,C00373,BR039,Savings,2023-05-16,12383103.19,Active
A014383,C02327,BR045,Savings,2026-05-27,49700679.18,Active
A014384,C01581,BR012,Savings,2026-08-28,78964891.38,Active
A014385,C09406,BR011,Current,2022-04-15,6949713.31,Active
A014386,C07023,BR026,Savings,2026-06-21,68413570.81,Active
A014387,C06410,BR037,Savings,2026-03-02,135093933.49,Active
A014388,C06309,BR028,Current,2026-07-30,6041481.95,Active
A014389,C01937,BR046,Credit,2024-01-15,10159352.11,Active
A014390,C09508,BR047,Current,2026-07-09,22706702.13,Active
A014391,C07666,BR028,Savings,2025-03-02,18684144.71,Active
A014392,C05745,BR042,Current,2025-03-10,293223600.66,Active
A014393,C06741,BR028,Savings,2022-10-17,34613941.43,Active
A014394,C06606,BR028,Current,2023-12-02,27253766.41,Inactive
A014395,C06177,BR009,Credit,2026-04-30,2786241.52,Active
A014396,C02222,BR002,Current,2025-08-24,15359655.07,Inactive
A014397,C01155,BR012,Savings,2025-10-03,6121791.88,Closed
A014398,C08904,BR007,Current,2019-08-24,32370413.22,Active
A014399,C06203,BR038,Credit,2025-10-14,20558036.41,Closed
A014400,C09514,BR032,Current,2023-04-11,16556080.14,Active
A014401,C05651,BR035,Savings,2026-06-04,9505257.75,Active
A014402,C02362,BR036,Savings,2026-04-28,53949925.62,Active
A014403,C08460,BR041,Current,2019-10-15,27407367.98,Active
A014404,C06287,BR034,Credit,2026-05-27,24302588.04,Active
A014405,C07703,BR044,Savings,2023-08-08,39177201.09,Active
A014406,C09283,BR022,Savings,2026-08-01,6639001.07,Active
A014407,C01988,BR031,Credit,2026-05-22,41923247.09,Inactive
A014408,C06916,BR014,Savings,2021-07-28,12138273.55,Active
A014409,C05695,BR038,Savings,2023-05-12,19605966.99,Active
A014410,C06159,BR033,Savings,2025-06-04,13235197.97,Active
A014411,C08066,BR007,Current,2026-07-03,3339288.35,Active
A014412,C01748,BR035,Savings,2022-10-21,32263249.95,Active
A014413,C02152,BR045,Current,2021-01-31,3484984.31,Active
A014414,C08556,BR014,Credit,2025-06-08,6922892.83,Closed
A014415,C03651,BR018,Current,2025-12-22,10441523.46,Active
A014416,C03674,BR039,Savings,2026-02-09,20378812.38,Active
A014417,C05562,BR038,Current,2024-02-26,6218645.41,Active
A014418,C08371,BR028,Savings,2024-04-19,18245277.4,Active
A014419,C06976,BR033,Current,2025-07-29,11367168.54,Active
A014420,C00245,BR033,Current,2020-11-14,12142696.79,Active
A014421,C04359,BR039,Current,2022-03-01,42162117.11,Active
A014422,C09978,BR023,Current,2022-12-09,82628409.44,Active
A014423,C02968,BR009,Current,2024-01-01,11563479.13,Active
A014424,C01417,BR022,Savings,2020-08-15,4036095.97,Active
A014425,C03034,BR029,Savings,2021-11-26,69503948.64,Active
A014426,C09884,BR004,Current,2022-10-09,129593637.97,Active
A014427,C01945,BR018,Current,2025-12-02,149966901.49,Active
A014428,C02040,BR018,Savings,2026-06-28,255884908.37,Active
A014429,C09060,BR040,Current,2026-01-13,112760911.04,Active
A014430,C07560,BR038,Credit,2026-06-25,32510796.37,Active
A014431,C08444,BR038,Savings,2024-02-24,13515468.72,Active
A014432,C04776,BR024,Savings,2026-06-23,23846400.12,Active
A014433,C01709,BR032,Current,2025-05-13,2818516.97,Inactive
A014434,C09676,BR049,Savings,2025-10-04,156913111.08,Active
A014435,C07738,BR022,Current,2026-08-01,181580804.19,Active
A014436,C00730,BR001,Savings,2021-07-01,16116387.81,Active
A014437,C07986,BR033,Current,2026-06-14,195553723.89,Active
A014438,C05072,BR044,Savings,2025-12-23,51785167.78,Active
A014439,C07261,BR019,Current,2025-01-02,70473318.11,Active
A014440,C00981,BR021,Current,2023-09-01,15950918.62,Active
A014441,C02085,BR009,Savings,2023-10-22,14680462.04,Active
A014442,C05379,BR036,Savings,2024-07-07,14976203.41,Active
A014443,C06508,BR018,Current,2024-10-23,4085744.79,Active
A014444,C03381,BR038,Credit,2026-05-05,96901004.43,Active
A014445,C03213,BR047,Current,2024-12-23,94105158.56,Active
A014446,C03979,BR019,Savings,2025-09-28,21287160.08,Active
A014447,C06707,BR014,Current,2024-06-01,63056607.65,Active
A014448,C08935,BR013,Current,2025-04-13,7453818.46,Active
A014449,C09791,BR007,Current,2025-10-15,88921294.44,Active
A014450,C09652,BR028,Savings,2026-03-03,18905856.27,Active
A014451,C06117,BR006,Current,2019-10-06,42499712.15,Active
A014452,C01617,BR041,Savings,2024-03-13,342529920.54,Active
A014453,C04942,BR035,Savings,2023-10-29,48894656.88,Active
A014454,C09190,BR024,Savings,2023-08-31,3650364.63,Active
A014455,C06985,BR020,Current,2021-09-04,10378285.48,Active
A014456,C05084,BR037,Current,2026-07-05,19623030.4,Active
A014457,C00927,BR011,Savings,2026-01-13,60450610.6,Inactive
A014458,C09012,BR005,Savings,2026-06-25,14483191.18,Active
A014459,C03338,BR027,Savings,2026-06-11,62917488.35,Active
A014460,C07380,BR048,Savings,2024-03-28,31168893.74,Inactive
A014461,C01237,BR046,Credit,2025-03-31,3345733.69,Active
A014462,C06858,BR023,Savings,2023-07-11,4263364.26,Closed
A014463,C05281,BR018,Savings,2026-08-11,6661292.76,Active
A014464,C04735,BR045,Current,2026-06-14,13874089.53,Active
A014465,C06890,BR036,Savings,2023-12-20,4095422.62,Active
A014466,C08646,BR044,Savings,2026-07-08,6422043.79,Active
A014467,C07345,BR037,Current,2024-11-21,37607602.91,Active
A014468,C01870,BR038,Credit,2021-04-26,73948905.43,Active
A014469,C04093,BR048,Savings,2020-06-26,495105433.79,Active
A014470,C04729,BR006,Savings,2024-04-05,5579259.01,Active
A014471,C04368,BR019,Current,2026-06-25,14367682.04,Active
A014472,C05812,BR048,Savings,2025-11-17,72742078.26,Active
A014473,C08062,BR021,Savings,2019-06-14,45848262.61,Active
A014474,C02738,BR050,Current,2026-01-12,14399428.49,Active
A014475,C07637,BR040,Credit,2026-03-31,3301411.05,Active
A014476,C02458,BR043,Savings,2026-07-03,21304902.2,Active
A014477,C09507,BR048,Savings,2026-06-30,10896656.81,Active
A014478,C01279,BR011,Savings,2026-02-21,12210236.87,Active
A014479,C07613,BR041,Savings,2024-05-21,29650021.27,Active
A014480,C09997,BR005,Current,2025-06-21,21193128.1,Active
A014481,C09720,BR043,Credit,2022-04-07,11627568.23,Active
A014482,C09152,BR038,Credit,2019-08-06,6139733.75,Active
A014483,C04069,BR038,Savings,2025-07-14,43422568.82,Active
A014484,C06789,BR014,Savings,2021-12-04,31310115.78,Active
A014485,C05821,BR046,Savings,2024-01-09,124285764.48,Active
A014486,C01785,BR049,Savings,2022-02-16,4179263.55,Active
A014487,C02649,BR014,Current,2026-06-13,31260297.55,Active
A014488,C09351,BR022,Credit,2025-12-18,162300122.89,Active
A014489,C04966,BR036,Savings,2022-03-24,20972227.12,Active
A014490,C07556,BR041,Savings,2021-01-31,21488507.2,Closed
A014491,C03859,BR005,Savings,2026-02-15,20110722.27,Closed
A014492,C00294,BR028,Savings,2021-09-13,26324225.71,Inactive
A014493,C04051,BR014,Credit,2025-05-16,20090406.67,Active
A014494,C06820,BR019,Current,2022-11-25,6946220.14,Active
A014495,C09064,BR028,Credit,2025-02-09,12607146.39,Active
A014496,C01535,BR038,Savings,2026-05-11,56813128.25,Active
A014497,C01306,BR012,Current,2026-07-15,6182974.22,Active
A014498,C00132,BR027,Savings,2026-08-28,19420642.91,Active
A014499,C04183,BR047,Savings,2025-02-22,37677130.8,Inactive
A014500,C00302,BR036,Credit,2024-06-09,6789979.71,Active
A014501,C09647,BR045,Savings,2023-07-06,4828910.55,Active
A014502,C08972,BR011,Current,2025-07-23,5447562.9,Active
A014503,C05733,BR028,Savings,2026-07-27,20573982.46,Active
A014504,C04527,BR025,Savings,2025-03-09,32779522.08,Active
A014505,C01925,BR038,Savings,2022-08-07,314079180.71,Active
A014506,C05466,BR036,Savings,2025-02-23,44928274.5,Active
A014507,C02761,BR008,Savings,2025-10-06,14396767.49,Active
A014508,C02428,BR040,Current,2025-01-22,8051029.49,Active
A014509,C06407,BR010,Savings,2025-08-27,16582997.76,Active
A014510,C04603,BR010,Current,2025-01-15,14198153.46,Active
A014511,C00672,BR010,Savings,2026-01-22,21545701.11,Active
A014512,C00967,BR015,Current,2026-08-22,54782228.51,Active
A014513,C03913,BR042,Current,2023-01-27,105611243.26,Active
A014514,C03731,BR047,Savings,2023-09-14,76330775.88,Inactive
A014515,C01479,BR033,Savings,2025-10-10,21591327.38,Active
A014516,C06246,BR046,Credit,2026-03-12,8118822.79,Active
A014517,C08690,BR047,Savings,2026-03-07,93568388.48,Active
A014518,C00252,BR022,Current,2025-05-09,13574537.39,Active
A014519,C01037,BR044,Credit,2023-03-31,6450363.05,Active
A014520,C00464,BR028,Current,2020-09-11,96258100.63,Active
A014521,C01019,BR018,Current,2023-04-06,8344116.6,Active
A014522,C02756,BR008,Credit,2026-01-19,8086036.26,Active
A014523,C00295,BR026,Savings,2022-03-08,9649188.27,Active
A014524,C00095,BR028,Savings,2025-10-06,399268564.78,Active
A014525,C08659,BR008,Savings,2025-04-01,31586800.23,Active
A014526,C06393,BR021,Savings,2025-10-17,42051702.1,Active
A014527,C04457,BR050,Savings,2022-08-27,31476794.42,Active
A014528,C08225,BR019,Credit,2026-03-16,224596503.08,Active
A014529,C01088,BR027,Credit,2024-01-24,251543918.35,Active
A014530,C01285,BR023,Savings,2026-03-17,59157516.04,Active
A014531,C03208,BR032,Current,2026-08-20,17791071.48,Active
A014532,C07762,BR011,Savings,2021-04-03,21460440.84,Active
A014533,C01729,BR033,Credit,2026-08-05,77326332.76,Active
A014534,C04288,BR004,Savings,2019-03-22,27631716.69,Active
A014535,C08554,BR036,Savings,2024-06-16,54732553.45,Active
A014536,C07455,BR007,Current,2026-04-22,14146693.71,Active
A014537,C05233,BR033,Credit,2022-07-16,35721208.7,Active
A014538,C05094,BR028,Current,2024-11-03,51711316.85,Inactive
A014539,C08161,BR011,Savings,2026-07-07,22396412.72,Active
A014540,C01083,BR049,Savings,2025-12-18,49792926.65,Active
A014541,C07156,BR028,Savings,2023-04-09,5966928.12,Active
A014542,C03585,BR010,Credit,2020-04-02,99238570.14,Active
A014543,C08329,BR042,Current,2025-10-24,42458963.89,Active
A014544,C08052,BR025,Current,2025-06-05,231452746.62,Active
A014545,C00873,BR032,Savings,2024-10-17,105149648.76,Active
A014546,C02860,BR048,Current,2026-08-04,1798301341.76,Closed
A014547,C00713,BR019,Credit,2021-09-26,64023136.1,Active
A014548,C04662,BR021,Savings,2025-04-06,4145342.7,Active
A014549,C03702,BR047,Current,2026-04-07,350608365.33,Active
A014550,C00111,BR004,Savings,2025-05-21,4567162.39,Active
A014551,C01954,BR032,Savings,2022-12-20,127701898.02,Active
A014552,C01537,BR006,Savings,2026-01-16,24819975.19,Active
A014553,C09381,BR047,Current,2026-03-08,27953839.5,Active
A014554,C07405,BR038,Savings,2025-10-09,137987876.91,Active
A014555,C08046,BR004,Credit,2026-08-12,8612188.41,Active
A014556,C01410,BR021,Current,2024-02-20,13496438.11,Active
A014557,C07764,BR038,Savings,2025-08-01,16384600.6,Active
A014558,C02294,BR038,Current,2025-03-05,71034165.95,Active
A014559,C06327,BR043,Credit,2026-04-23,5943967.04,Active
A014560,C01458,BR038,Savings,2025-12-29,8374430.62,Active
A014561,C09125,BR036,Savings,2023-07-20,11220083.21,Active
A014562,C06844,BR003,Savings,2026-06-09,8750692.8,Active
A014563,C08224,BR019,Current,2024-06-03,4668832.49,Active
A014564,C02256,BR021,Credit,2024-01-13,12046009.83,Active
A014565,C03079,BR003,Savings,2025-08-21,3478407.69,Active
A014566,C01022,BR021,Credit,2025-04-02,36135441.66,Active
A014567,C01439,BR038,Credit,2026-08-17,14901696.72,Active
A014568,C09635,BR034,Savings,2022-09-15,29267606.79,Inactive
A014569,C08199,BR028,Savings,2023-09-09,53211105.13,Active
A014570,C09551,BR029,Current,2025-12-15,13865194.03,Active
A014571,C08138,BR049,Savings,2026-02-01,54520468.6,Active
A014572,C00772,BR038,Credit,2020-06-04,51947224.29,Active
A014573,C04728,BR022,Current,2025-12-06,31868813.78,Active
A014574,C03436,BR038,Current,2025-10-31,92177778.35,Active
A014575,C03608,BR015,Savings,2022-05-17,22701380.63,Active
A014576,C08292,BR050,Savings,2025-02-20,20177353.06,Active
A014577,C07250,BR049,Savings,2024-02-09,71177579.85,Active
A014578,C07770,BR004,Savings,2022-01-24,60278034.56,Active
A014579,C06385,BR006,Current,2026-06-04,175507924.61,Active
A014580,C07419,BR019,Savings,2026-08-28,124142626.13,Active
A014581,C02681,BR034,Savings,2020-09-29,1150347990.8,Active
A014582,C08149,BR033,Current,2024-10-07,12033518.4,Active
A014583,C07220,BR028,Current,2023-08-28,5242546.73,Active
A014584,C03055,BR036,Savings,2026-05-01,9695349.28,Active
A014585,C09231,BR046,Savings,2025-01-24,7452308.81,Active
A014586,C03568,BR019,Savings,2022-01-15,9464147.57,Active
A014587,C09962,BR005,Current,2022-08-15,9326757.19,Active
A014588,C01400,BR046,Credit,2026-05-12,9034895.74,Active
A014589,C03933,BR042,Current,2023-09-01,11724545.46,Active
A014590,C08952,BR011,Savings,2023-02-21,14242515.43,Active
A014591,C09135,BR032,Current,2025-04-18,136555125.01,Active
A014592,C04756,BR038,Savings,2025-04-25,67394256.04,Active
A014593,C03810,BR048,Credit,2023-04-22,19469844.77,Active
A014594,C01503,BR008,Savings,2023-05-29,15090648.55,Active
A014595,C05702,BR012,Current,2024-03-25,23115764.2,Active
A014596,C08483,BR014,Current,2023-01-25,15570692.68,Inactive
A014597,C08306,BR021,Savings,2025-03-04,50868882.56,Inactive
A014598,C00643,BR050,Savings,2023-07-20,7195749.32,Active
A014599,C04020,BR039,Savings,2025-06-19,17747308.66,Active
A014600,C06339,BR024,Current,2024-10-18,41543995.28,Active
A014601,C02787,BR049,Current,2024-10-03,68145109.57,Active
A014602,C01588,BR014,Current,2024-06-29,48980491.05,Active
A014603,C00985,BR033,Credit,2024-09-06,12220485.23,Active
A014604,C04749,BR011,Savings,2026-07-05,9572884.71,Active
A014605,C03925,BR004,Savings,2026-01-07,8797484.13,Active
A014606,C04161,BR033,Credit,2024-10-25,4726450.68,Active
A014607,C04025,BR049,Savings,2024-08-03,67419940.97,Active
A014608,C02255,BR023,Savings,2026-08-06,18113760.97,Active
A014609,C06648,BR021,Credit,2025-09-22,6312468.95,Active
A014610,C06034,BR006,Current,2019-07-15,7428904.47,Active
A014611,C07537,BR016,Savings,2026-08-10,41197733.33,Closed
A014612,C07084,BR050,Credit,2025-01-01,4946636.39,Active
A014613,C09041,BR024,Savings,2026-05-29,6983683.63,Active
A014614,C08805,BR007,Savings,2025-09-12,12804095.21,Active
A014615,C03205,BR022,Current,2022-01-27,5126401.53,Active
A014616,C09884,BR004,Savings,2020-04-21,313531295.27,Active
A014617,C00968,BR009,Savings,2026-04-09,8544405.72,Active
A014618,C08761,BR019,Savings,2025-06-09,7133946.26,Active
A014619,C05730,BR028,Savings,2024-08-04,104175065.51,Active
A014620,C01864,BR039,Savings,2026-03-09,8988533.57,Active
A014621,C02988,BR029,Current,2022-11-01,10298920.75,Active
A014622,C03247,BR021,Savings,2025-09-12,42370639.13,Active
A014623,C00178,BR004,Savings,2025-05-04,7185073.1,Active
A014624,C00893,BR050,Savings,2025-08-22,1224922422.69,Active
A014625,C03943,BR028,Current,2025-11-25,11356806.98,Active
A014626,C04368,BR019,Credit,2021-11-09,6044462.08,Active
A014627,C08663,BR011,Savings,2026-08-15,9630079.95,Closed
A014628,C05622,BR038,Savings,2022-04-21,15848425.0,Active
A014629,C06491,BR023,Savings,2019-11-09,40921405.54,Active
A014630,C05544,BR027,Current,2025-02-06,28420481.02,Closed
A014631,C02510,BR004,Savings,2025-12-07,83660038.78,Active
A014632,C01805,BR038,Current,2025-12-14,41100282.14,Active
A014633,C09395,BR012,Savings,2025-11-02,3330826.8,Active
A014634,C07186,BR050,Current,2025-12-01,95262449.2,Active
A014635,C06861,BR023,Current,2025-02-02,19220972.15,Active
A014636,C09303,BR046,Savings,2026-06-19,19409529.86,Active
A014637,C05282,BR020,Savings,2025-01-16,25917562.26,Active
A014638,C02663,BR050,Savings,2024-04-19,39259284.09,Active
A014639,C08761,BR039,Credit,2025-10-21,13129618.91,Active
A014640,C06817,BR028,Savings,2026-04-07,853859242.22,Active
A014641,C00470,BR002,Savings,2020-04-01,69426025.03,Active
A014642,C02827,BR040,Current,2022-12-03,8815415.94,Active
A014643,C02779,BR033,Savings,2021-02-19,31980741.08,Active
A014644,C07313,BR017,Current,2022-10-07,28808179.3,Active
A014645,C06017,BR049,Savings,2024-05-09,121455289.83,Active
A014646,C04584,BR014,Current,2021-11-16,36364852.15,Active
A014647,C06260,BR027,Current,2026-02-12,8241183.99,Active
A014648,C09691,BR046,Savings,2026-05-11,147962910.21,Active
A014649,C04515,BR044,Savings,2023-05-27,25984232.13,Inactive
A014650,C04504,BR038,Current,2024-01-16,185883955.46,Active
A014651,C05935,BR005,Current,2021-01-16,70491485.83,Active
A014652,C05197,BR028,Credit,2024-01-16,7478683.34,Active
A014653,C04102,BR050,Current,2023-05-23,9126473.69,Active
A014654,C03571,BR037,Current,2024-03-15,133041513.4,Active
A014655,C07078,BR016,Savings,2026-08-26,78617389.24,Active
A014656,C08937,BR046,Savings,2020-09-21,15450724.67,Active
A014657,C06467,BR037,Savings,2025-04-23,82196332.63,Active
A014658,C00927,BR027,Savings,2026-01-06,174541508.22,Active
A014659,C05240,BR019,Current,2025-04-11,15720304.97,Active
A014660,C07781,BR030,Current,2023-07-29,18833954.1,Active
A014661,C05635,BR004,Savings,2022-06-12,11892256.8,Active
A014662,C08970,BR029,Current,2022-07-08,47241815.02,Active
A014663,C06624,BR030,Current,2025-09-07,8198416.84,Active
A014664,C09030,BR001,Current,2026-01-14,1819137.46,Active
A014665,C08455,BR021,Savings,2022-10-11,7919402.16,Active
A014666,C01548,BR010,Savings,2025-05-18,42115691.08,Active
A014667,C09485,BR025,Current,2026-08-06,29186144.8,Active
A014668,C06686,BR031,Savings,2024-09-01,12870589.07,Active
A014669,C09696,BR030,Savings,2026-04-16,4850324.57,Inactive
A014670,C03102,BR034,Savings,2025-11-19,28949299.85,Active
A014671,C08219,BR047,Savings,2024-07-05,42773935.37,Active
A014672,C02206,BR002,Savings,2025-08-12,34308939.18,Active
A014673,C01096,BR007,Current,2025-09-25,6910691.86,Active
A014674,C09475,BR049,Savings,2021-01-24,7509337.58,Active
A014675,C04291,BR028,Savings,2023-04-30,254974748.78,Active
A014676,C01850,BR011,Current,2024-04-07,133022238.54,Active
A014677,C03329,BR030,Current,2023-08-01,21990727.64,Inactive
A014678,C06184,BR042,Current,2018-10-27,3617782.55,Active
A014679,C09695,BR044,Current,2025-03-09,275250298.64,Active
A014680,C03248,BR034,Savings,2025-11-28,23954843.13,Active
A014681,C03658,BR023,Savings,2026-07-02,14644684.48,Active
A014682,C05272,BR040,Savings,2019-08-02,115441736.8,Active
A014683,C08079,BR010,Savings,2026-03-08,5624241.76,Active
A014684,C09588,BR038,Savings,2026-08-29,45061366.44,Active
A014685,C00367,BR007,Current,2026-07-03,22054240.67,Active
A014686,C03891,BR005,Savings,2026-04-05,26194794.68,Active
A014687,C06093,BR021,Current,2023-05-04,17883893.15,Active
A014688,C09210,BR031,Current,2024-05-21,31998735.76,Active
A014689,C05916,BR037,Current,2026-01-02,3983990.08,Active
A014690,C03595,BR047,Savings,2026-07-27,10330408.64,Active
A014691,C04985,BR029,Current,2025-06-10,64469820.8,Active
A014692,C07058,BR038,Current,2026-07-17,41880706.87,Inactive
A014693,C08236,BR015,Savings,2025-12-18,24902314.06,Closed
A014694,C05132,BR048,Savings,2026-03-01,13246808.06,Inactive
A014695,C07878,BR022,Savings,2026-01-03,34325986.93,Active
A014696,C00286,BR005,Savings,2024-04-26,108031807.58,Active
A014697,C08095,BR024,Savings,2024-10-09,27655327.33,Active
A014698,C01425,BR042,Savings,2026-04-01,33270135.37,Active
A014699,C08968,BR010,Savings,2018-05-15,43632236.42,Active
A014700,C02125,BR032,Savings,2026-05-19,27544442.78,Active
A014701,C09457,BR002,Savings,2026-02-12,4117606.18,Active
A014702,C09022,BR038,Savings,2024-12-13,245020080.19,Active
A014703,C03062,BR047,Savings,2020-09-03,65996332.32,Active
A014704,C09112,BR033,Savings,2021-03-27,6175446.18,Active
A014705,C02981,BR049,Savings,2026-06-22,201770107.58,Closed
A014706,C03233,BR037,Current,2025-08-12,11456656.6,Closed
A014707,C05998,BR041,Current,2022-04-07,14930922.95,Active
A014708,C01392,BR003,Current,2021-12-08,43058803.73,Inactive
A014709,C01644,BR040,Current,2025-02-11,15865775.33,Inactive
A014710,C08924,BR047,Savings,2026-07-26,2641420.29,Active
A014711,C04985,BR008,Current,2020-03-16,5608365.89,Active
A014712,C01585,BR037,Savings,2025-11-06,551312053.63,Active
A014713,C06296,BR013,Savings,2023-04-02,16715914.63,Active
A014714,C05889,BR026,Credit,2025-12-23,32094423.5,Inactive
A014715,C02162,BR023,Current,2026-04-19,11720896.68,Active
A014716,C00176,BR030,Current,2026-02-16,6715116.3,Active
A014717,C06361,BR013,Current,2026-08-29,10206496.44,Active
A014718,C05682,BR009,Savings,2026-08-29,87518910.81,Active
A014719,C02315,BR022,Savings,2024-07-13,10379795.03,Active
A014720,C07106,BR001,Savings,2018-03-28,69604165.47,Active
A014721,C08282,BR009,Current,2025-02-08,51969119.1,Inactive
A014722,C01898,BR044,Savings,2022-01-08,6450655.24,Active
A014723,C04927,BR046,Current,2026-04-11,28648251.42,Closed
A014724,C00362,BR011,Savings,2024-02-02,31615648.51,Active
A014725,C09122,BR029,Current,2023-05-09,15364073.56,Active
A014726,C07116,BR016,Savings,2023-03-24,9265847.26,Active
A014727,C00005,BR011,Current,2023-12-27,3278949.67,Active
A014728,C07788,BR032,Current,2026-08-09,39830279.68,Active
A014729,C08328,BR008,Savings,2025-03-16,30051089.87,Active
A014730,C08923,BR011,Current,2023-01-27,10550144.38,Active
A014731,C09921,BR050,Savings,2022-02-25,15732178.23,Active
A014732,C09796,BR011,Savings,2020-07-12,68261956.59,Active
A014733,C01480,BR037,Current,2026-07-29,250169278.71,Active
A014734,C09049,BR029,Savings,2025-04-12,6538550.85,Active
A014735,C05661,BR038,Savings,2025-08-14,51830749.29,Inactive
A014736,C06856,BR007,Current,2026-08-15,8454249.46,Active
A014737,C05138,BR048,Savings,2025-11-28,19224379.33,Active
A014738,C07666,BR047,Savings,2024-10-11,83205816.25,Active
A014739,C07873,BR028,Current,2023-01-11,17603622.98,Active
A014740,C08466,BR030,Current,2022-03-24,7415441.39,Active
A014741,C05567,BR044,Savings,2024-06-15,49203643.0,Active
A014742,C02704,BR005,Current,2026-04-25,58218027.62,Active
A014743,C06359,BR036,Savings,2025-09-07,38788435.99,Active
A014744,C09357,BR022,Savings,2025-10-08,184812426.32,Active
A014745,C02553,BR028,Savings,2024-12-12,43410068.05,Active
A014746,C08750,BR041,Savings,2025-04-04,101666318.63,Active
A014747,C00624,BR045,Savings,2025-06-08,13501047.71,Active
A014748,C01385,BR037,Savings,2020-07-03,76153835.44,Active
A014749,C01295,BR017,Credit,2024-12-26,11983456.33,Active
A014750,C03817,BR027,Current,2025-08-25,95212446.04,Active
A014751,C09464,BR033,Credit,2022-10-20,17985121.93,Active
A014752,C07750,BR011,Savings,2020-12-13,13842328.57,Inactive
A014753,C03013,BR037,Savings,2026-04-18,135755879.92,Inactive
A014754,C01359,BR001,Savings,2022-05-09,85404954.56,Active
A014755,C07970,BR044,Savings,2024-09-24,22054829.25,Active
A014756,C09257,BR048,Savings,2026-04-25,17795264.19,Active
A014757,C05122,BR018,Current,2026-02-15,9248117.53,Active
A014758,C02892,BR035,Savings,2025-06-13,12096069.36,Active
A014759,C07992,BR039,Savings,2025-10-25,545810276.64,Active
A014760,C04826,BR050,Savings,2021-08-06,23315967.88,Active
A014761,C05669,BR044,Savings,2024-02-22,191240723.86,Active
A014762,C00725,BR010,Savings,2023-12-09,66383300.04,Active
A014763,C06581,BR033,Savings,2025-08-24,9886746.27,Active
A014764,C03413,BR039,Credit,2023-08-16,389877458.63,Active
A014765,C05921,BR035,Current,2026-08-13,299827859.06,Inactive
A014766,C06918,BR043,Credit,2023-05-02,36852051.49,Active
A014767,C00774,BR032,Savings,2021-10-24,23563391.79,Active
A014768,C01095,BR021,Savings,2025-11-17,27947281.51,Active
A014769,C00623,BR002,Current,2026-08-17,6337327.95,Inactive
A014770,C02586,BR033,Current,2025-09-24,11116724.99,Active
A014771,C07982,BR028,Current,2025-09-30,10281833.33,Active
A014772,C05402,BR006,Savings,2026-08-30,4487565.9,Active
A014773,C02206,BR007,Savings,2025-04-28,14569762.76,Closed
A014774,C03745,BR007,Savings,2026-08-09,35886366.54,Active
A014775,C04090,BR030,Current,2025-02-09,17034575.88,Active
A014776,C07354,BR028,Current,2025-09-21,96583865.37,Active
A014777,C03663,BR049,Credit,2024-11-14,105334666.66,Active
A014778,C00264,BR028,Current,2025-09-10,21351199.98,Active
A014779,C07700,BR047,Savings,2023-09-25,233617493.87,Active
A014780,C01077,BR036,Current,2019-10-27,7854866.6,Inactive
A014781,C00753,BR038,Savings,2025-10-05,8176504.6,Active
A014782,C07432,BR002,Savings,2025-10-19,25334860.15,Inactive
A014783,C05295,BR017,Current,2025-06-13,72940173.71,Active
A014784,C04585,BR047,Savings,2023-10-12,36903687.81,Inactive
A014785,C07354,BR047,Savings,2025-02-23,118535060.89,Active
A014786,C06602,BR003,Savings,2026-06-14,69584320.64,Active
A014787,C02636,BR046,Credit,2023-12-17,13943137.35,Active
A014788,C03700,BR037,Savings,2023-01-30,106943589.76,Inactive
A014789,C09340,BR029,Savings,2026-04-20,19699225.83,Active
A014790,C02900,BR043,Savings,2024-02-19,14164103.97,Active
A014791,C05058,BR006,Savings,2025-01-12,23003357.66,Active
A014792,C08998,BR047,Current,2026-03-05,25486169.96,Active
A014793,C01789,BR032,Savings,2024-04-15,9780703.26,Active
A014794,C00583,BR031,Current,2025-12-16,39477175.67,Active
A014795,C04888,BR002,Current,2026-06-04,13347051.79,Inactive
A014796,C02056,BR002,Savings,2024-01-30,2232444.05,Active
A014797,C04402,BR045,Current,2026-02-22,15999924.57,Active
A014798,C06011,BR001,Current,2024-01-19,10827614.2,Inactive
A014799,C08300,BR045,Savings,2025-11-12,29886002.79,Active
A014800,C04007,BR008,Savings,2022-04-02,3062928.16,Active
A014801,C01436,BR001,Savings,2023-10-27,15076337.31,Active
A014802,C08875,BR034,Current,2026-05-03,241141436.3,Active
A014803,C02412,BR001,Savings,2023-11-29,128355988.56,Active
A014804,C03245,BR035,Current,2025-11-18,158935273.06,Active
A014805,C05614,BR020,Savings,2025-11-14,19684608.17,Active
A014806,C01727,BR038,Savings,2025-07-25,3970225.7,Active
A014807,C00271,BR036,Credit,2026-08-23,17137577.03,Active
A014808,C05238,BR033,Savings,2025-06-23,20797685.14,Active
A014809,C07042,BR019,Savings,2023-09-15,6331078.28,Active
A014810,C08782,BR038,Savings,2025-07-22,13555700.05,Active
A014811,C06360,BR022,Savings,2026-03-24,10498970.39,Active
A014812,C04197,BR039,Savings,2022-02-10,11481897.45,Active
A014813,C04500,BR045,Current,2022-01-07,10579830.94,Closed
A014814,C04602,BR007,Current,2025-10-26,1074622417.12,Active
A014815,C08807,BR029,Current,2023-04-05,52445286.42,Active
A014816,C04749,BR044,Savings,2026-07-14,12121303.86,Active
A014817,C05571,BR046,Current,2024-04-26,14078758.6,Active
A014818,C00889,BR050,Current,2025-06-08,9353907.61,Active
A014819,C08048,BR022,Savings,2026-04-04,26679176.07,Active
A014820,C03156,BR046,Current,2022-03-19,3046936.29,Active
A014821,C02226,BR007,Savings,2026-02-09,37237322.99,Active
A014822,C09037,BR004,Current,2021-09-17,14858137.67,Active
A014823,C00040,BR018,Credit,2026-08-31,42494213.3,Active
A014824,C03046,BR030,Current,2026-03-16,1665731.7,Active
A014825,C03660,BR050,Current,2022-12-17,2136281.59,Active
A014826,C02458,BR006,Current,2023-03-11,11875380.05,Active
A014827,C08339,BR041,Current,2025-07-01,22483518.09,Inactive
A014828,C01797,BR023,Current,2026-08-07,54248412.73,Inactive
A014829,C03474,BR050,Current,2024-08-25,120387862.23,Active
A014830,C01896,BR045,Savings,2024-02-21,32887676.3,Active
A014831,C01615,BR027,Savings,2026-01-29,25555430.52,Active
A014832,C05383,BR011,Savings,2025-10-18,85997187.11,Active
A014833,C07552,BR048,Savings,2022-12-04,16192245.92,Active
A014834,C05546,BR028,Savings,2025-08-12,9172539.03,Active
A014835,C09901,BR020,Savings,2026-06-04,334833601.04,Active
A014836,C08164,BR033,Current,2024-10-17,6610540.97,Active
A014837,C06071,BR044,Credit,2026-07-03,8006603.41,Active
A014838,C07880,BR044,Savings,2026-05-17,22636000.03,Active
A014839,C08248,BR030,Savings,2026-06-09,57859047.81,Active
A014840,C00310,BR030,Savings,2022-06-18,47738266.49,Active
A014841,C06714,BR030,Current,2023-02-19,21486718.75,Active
A014842,C00784,BR042,Savings,2024-03-12,104371473.37,Active
A014843,C08614,BR006,Current,2021-03-15,12626661.02,Active
A014844,C01394,BR050,Savings,2021-01-31,13315141.64,Active
A014845,C05751,BR047,Savings,2026-03-03,107038668.56,Closed
A014846,C09062,BR044,Savings,2025-06-09,32564277.14,Active
A014847,C05696,BR044,Savings,2025-12-28,92091863.58,Active
A014848,C04990,BR031,Current,2026-08-18,5780112.08,Active
A014849,C05244,BR029,Savings,2025-04-06,68513265.93,Active
A014850,C01413,BR006,Savings,2025-03-26,60160846.37,Active
A014851,C03692,BR024,Savings,2026-05-01,6460206.71,Active
A014852,C00599,BR036,Current,2025-01-25,22340393.63,Active
A014853,C06372,BR022,Savings,2025-07-24,554360511.56,Active
A014854,C02695,BR027,Savings,2026-05-26,26816488.44,Active
A014855,C04735,BR023,Savings,2026-05-16,6789109.86,Active
A014856,C09648,BR040,Current,2021-07-24,17013564.72,Active
A014857,C06468,BR003,Current,2022-03-02,14924885.91,Active
A014858,C02104,BR030,Credit,2022-03-30,19182006.45,Active
A014859,C00920,BR045,Savings,2026-03-13,16640365.4,Active
A014860,C04673,BR008,Savings,2026-05-06,14850201.66,Active
A014861,C01397,BR019,Savings,2026-06-03,13488954.88,Active
A014862,C09469,BR036,Savings,2026-06-30,36361942.4,Active
A014863,C00689,BR017,Savings,2026-05-10,7527771.1,Active
A014864,C08327,BR010,Savings,2023-03-12,70867151.96,Active
A014865,C04938,BR029,Current,2022-04-12,35628530.47,Active
A014866,C03377,BR025,Current,2024-05-22,7839738.36,Active
A014867,C02920,BR018,Savings,2024-05-24,8166005.44,Active
A014868,C03527,BR038,Savings,2021-01-14,26982889.87,Active
A014869,C01597,BR010,Current,2025-06-07,4801455.63,Active
A014870,C03912,BR020,Current,2022-11-06,127035734.49,Active
A014871,C07667,BR021,Savings,2026-08-27,10138525.14,Active
A014872,C09968,BR050,Savings,2024-11-07,106593983.01,Active
A014873,C08186,BR028,Current,2025-11-22,34039187.61,Active
A014874,C04394,BR030,Credit,2020-06-23,38710512.9,Active
A014875,C07960,BR038,Savings,2021-04-20,5664730.28,Inactive
A014876,C07049,BR009,Savings,2026-08-10,26789512.44,Active
A014877,C02666,BR006,Savings,2026-07-26,5857250.49,Active
A014878,C06246,BR022,Current,2025-05-05,63732261.73,Active
A014879,C05877,BR045,Savings,2025-10-10,14167417.35,Active
A014880,C08679,BR018,Current,2025-06-09,71431280.6,Active
A014881,C02009,BR027,Current,2021-08-14,7790773.99,Active
A014882,C09616,BR006,Current,2026-04-23,58684236.51,Active
A014883,C01414,BR004,Current,2024-05-27,186705045.96,Active
A014884,C09806,BR017,Current,2022-05-16,4792697.4,Active
A014885,C05759,BR017,Savings,2024-05-20,49035276.89,Active
A014886,C05297,BR025,Savings,2026-08-29,520082731.64,Active
A014887,C00312,BR038,Current,2025-12-20,6639427.5,Active
A014888,C00586,BR011,Credit,2022-10-26,115272493.03,Active
A014889,C00827,BR038,Credit,2024-06-10,17190788.86,Active
A014890,C08775,BR005,Credit,2022-12-27,27728886.34,Active
A014891,C04007,BR035,Savings,2024-06-13,32533334.2,Active
A014892,C00694,BR042,Savings,2026-05-29,5463577.13,Active
A014893,C01287,BR038,Current,2019-02-12,27801041.35,Active
A014894,C07162,BR013,Savings,2025-07-29,16623718.81,Active
A014895,C08193,BR048,Savings,2021-05-11,10423263.98,Active
A014896,C06907,BR040,Current,2020-03-14,6194911.2,Active
A014897,C08832,BR036,Savings,2025-10-26,19520509.1,Active
A014898,C07567,BR050,Savings,2019-07-23,7463543.98,Active
A014899,C06047,BR002,Savings,2026-03-08,919928486.84,Active
A014900,C06634,BR050,Savings,2026-06-05,40593610.95,Active
A014901,C08091,BR020,Savings,2026-03-13,55794618.27,Active
A014902,C07713,BR017,Savings,2025-08-25,18779543.22,Active
A014903,C01944,BR026,Credit,2026-04-25,10854745.49,Active
A014904,C04522,BR043,Savings,2026-03-19,11828692.37,Active
A014905,C05609,BR049,Savings,2021-04-26,11156029.73,Inactive
A014906,C01895,BR022,Savings,2022-06-30,95166740.05,Active
A014907,C00728,BR022,Current,2026-03-05,21270816.28,Active
A014908,C05399,BR029,Savings,2021-04-24,40177281.29,Active
A014909,C04401,BR037,Credit,2021-11-14,15243435.23,Active
A014910,C03856,BR046,Current,2023-09-20,4881577.06,Active
A014911,C06574,BR042,Credit,2024-10-16,10827762.74,Active
A014912,C03426,BR003,Savings,2022-03-26,237726981.99,Active
A014913,C05442,BR049,Savings,2025-08-11,26907946.05,Inactive
A014914,C02315,BR022,Current,2025-10-19,27095567.93,Active
A014915,C00964,BR028,Current,2023-02-22,60863001.12,Active
A014916,C06796,BR042,Savings,2026-02-02,43103388.67,Active
A014917,C02695,BR011,Current,2026-05-28,20584513.89,Active
A014918,C02320,BR042,Savings,2023-07-23,238577392.04,Active
A014919,C08713,BR004,Current,2026-05-02,19695802.51,Active
A014920,C05480,BR047,Savings,2026-01-17,66569444.94,Active
A014921,C07005,BR042,Savings,2020-04-30,5318603.72,Active
A014922,C07879,BR017,Savings,2025-09-27,74651619.77,Active
A014923,C03657,BR027,Savings,2026-06-12,5167196.84,Active
A014924,C03654,BR004,Current,2025-03-23,11706108.79,Active
A014925,C07070,BR033,Current,2026-03-01,14262077.37,Active
A014926,C08884,BR001,Current,2024-12-01,2269630.42,Active
A014927,C04813,BR035,Savings,2026-01-08,45545324.13,Active
A014928,C02188,BR038,Savings,2025-01-26,5569097.56,Active
A014929,C04276,BR045,Current,2022-03-20,12926543.59,Active
A014930,C05826,BR041,Savings,2026-04-12,116246147.8,Active
A014931,C05327,BR011,Current,2023-09-25,42729518.26,Active
A014932,C02413,BR048,Savings,2022-10-06,7959194.46,Active
A014933,C02957,BR033,Current,2025-12-01,2015166.84,Active
A014934,C03121,BR012,Savings,2022-08-12,35551458.21,Active
A014935,C02922,BR045,Savings,2026-06-28,5520421.92,Inactive
A014936,C08246,BR001,Savings,2026-05-14,19997450.61,Active
A014937,C08318,BR001,Savings,2022-11-29,21016796.71,Active
A014938,C03937,BR030,Savings,2024-07-09,1112296.34,Active
A014939,C07778,BR038,Current,2023-06-08,25832693.89,Active
A014940,C06482,BR001,Current,2026-03-03,10375022.51,Active
A014941,C00283,BR025,Savings,2021-09-14,13106877.49,Active
A014942,C01600,BR027,Current,2025-07-20,120000046.88,Active
A014943,C01074,BR020,Current,2023-09-13,16549452.99,Active
A014944,C08014,BR048,Savings,2026-04-04,13974905.81,Active
A014945,C04444,BR029,Savings,2026-08-28,19109273.59,Closed
A014946,C08366,BR011,Savings,2026-08-04,21486546.26,Inactive
A014947,C07330,BR023,Savings,2021-06-29,3906284.04,Active
A014948,C03136,BR049,Current,2025-11-21,5366476.73,Active
A014949,C04311,BR026,Current,2025-07-05,27581441.93,Active
A014950,C07268,BR039,Current,2025-09-08,50780600.1,Active
A014951,C06469,BR045,Savings,2023-05-21,6917979.6,Active
A014952,C03469,BR006,Current,2025-06-04,18452035.26,Active
A014953,C01798,BR046,Savings,2021-11-18,28608861.59,Active
A014954,C02452,BR027,Current,2023-02-28,18139551.04,Active
A014955,C03553,BR002,Credit,2023-11-11,12293088.04,Active
A014956,C00222,BR012,Current,2024-05-06,8984763.57,Active
A014957,C04962,BR014,Savings,2025-07-29,73425079.87,Active
A014958,C04812,BR038,Savings,2022-03-30,16200100.31,Active
A014959,C00083,BR014,Current,2025-03-15,477749616.05,Active
A014960,C00285,BR019,Current,2025-09-27,100388804.41,Closed
A014961,C00137,BR042,Current,2021-03-25,7831197.81,Active
A014962,C04998,BR033,Savings,2022-07-22,15622419.34,Closed
A014963,C08275,BR018,Current,2022-07-11,11591314.3,Inactive
A014964,C06111,BR038,Savings,2022-07-11,11426464.68,Active
A014965,C02717,BR001,Savings,2022-02-28,99872865.62,Active
A014966,C04556,BR040,Savings,2025-09-04,7210482.16,Active
A014967,C01968,BR005,Current,2026-02-12,5721433.95,Active
A014968,C01631,BR028,Savings,2023-01-24,113742165.07,Inactive
A014969,C04467,BR006,Savings,2018-08-28,9803718.25,Active
A014970,C06746,BR038,Savings,2018-08-12,11382050.82,Active
A014971,C04168,BR030,Current,2024-11-09,3205964.43,Closed
A014972,C02813,BR017,Savings,2020-11-22,32411601.41,Active
A014973,C04875,BR029,Current,2026-06-05,22811462.95,Active
A014974,C06588,BR047,Current,2023-08-12,26430145.38,Closed
A014975,C09352,BR048,Current,2019-06-11,477132223.6,Active
A014976,C06929,BR005,Current,2024-10-05,4460606.03,Active
A014977,C06498,BR018,Savings,2026-05-26,18015804.0,Inactive
A014978,C07649,BR010,Savings,2023-10-22,9214178.13,Active
A014979,C06208,BR017,Current,2026-08-30,6943212.18,Active
A014980,C06811,BR028,Current,2024-02-02,22378234.09,Closed
A014981,C08796,BR048,Savings,2026-03-01,56534854.09,Active
A014982,C06252,BR036,Current,2024-05-15,1155865496.15,Active
A014983,C04912,BR018,Credit,2019-07-22,24674398.69,Active
A014984,C05244,BR006,Current,2025-04-10,78325006.75,Active
A014985,C07066,BR002,Savings,2025-11-06,12624209.31,Active
A014986,C05144,BR039,Savings,2023-06-08,7275025.6,Active
A014987,C08427,BR049,Savings,2025-08-28,66235290.24,Active
A014988,C03118,BR039,Current,2024-05-05,723971713.7,Active
A014989,C09074,BR014,Savings,2021-11-27,64493310.6,Active
A014990,C08275,BR023,Savings,2025-11-14,7805785.23,Active
A014991,C04214,BR015,Current,2026-05-23,70946237.13,Active
A014992,C04326,BR016,Current,2026-04-03,55169752.29,Active
A014993,C09969,BR017,Savings,2021-02-08,150625182.17,Active
A014994,C07004,BR027,Current,2025-04-27,78718014.78,Active
A014995,C02836,BR039,Savings,2020-08-15,200147677.05,Active
A014996,C01443,BR004,Savings,2020-11-11,196709158.16,Active
A014997,C08998,BR047,Current,2025-05-21,7601928.14,Active
A014998,C04512,BR023,Savings,2025-08-19,7775196.28,Active
A014999,C02985,BR039,Current,2021-12-20,5201788.41,Inactive
A015000,C08851,BR022,Savings,2025-06-03,8808052.96,Active
