customer_id,full_name,gender,date_of_birth,province,occupation,monthly_income,join_date,customer_segment
C00001,An Vũ,Female,1985-03-13,Nam Dinh,Engineer,11433117.0,2024-05-12,Mass
C00002,Chị Lan Trần,Female,1983-04-27,Bac Ninh,Bank Employee,20449677.24,2025-03-18,Mass
C00003,Khoa Bùi,Male,1993-05-20,Quang Ninh,Doctor,32625917.06,2024-01-17,Affluent
C00004,Ngọc Trần,Male,1972-12-12,Hue,Freelancer,15697615.24,2020-06-17,Mass
C00005,Chị Vân Hoàng,Other,1996-07-23,Nghe An,IT Specialist,14509486.33,2018-07-12,Mass
C00006,Vân Phạm,Female,1996-07-15,Ho Chi Minh City,Teacher,30436091.83,2022-09-26,Affluent
C00007,Lâm Mai Hoàng,Female,1988-03-20,Hue,Freelancer,60000000.0,2023-12-08,Premium
C00008,Nam Lê,Male,2007-12-20,Binh Duong,Office Staff,9856252.39,2019-04-15,Mass
C00009,Thành Đức Lê,Female,2001-12-30,Dong Nai,Business Owner,38460135.42,2021-10-25,Affluent
C00010,Bà Hương Trần,Male,2000-02-21,Quang Ninh,IT Specialist,7319926.99,2026-02-05,Mass
C00011,Hà Phú Đặng,Female,1974-05-26,Nghe An,Teacher,11088238.42,2019-03-12,Mass
C00012,Hưng Dương,Female,1990-05-04,Binh Duong,Bank Employee,7288113.87,2020-03-25,Mass
C00013,Kim Trần,Male,1996-07-11,Nghe An,Government Employee,36184282.46,2024-09-19,Affluent
C00014,Trọng Đặng,Male,2003-09-21,Hai Phong,Sales,39175731.75,2021-06-13,Affluent
C00015,Cô Ngọc Phạm,Male,1997-05-31,Ba Ria - Vung Tau,Freelancer,88987213.07,2018-12-17,Premium
C00016,Vũ Phạm,Female,1997-08-27,Dong Nai,Government Employee,61009617.57,2019-06-10,Affluent
C00017,Kim Vũ,Female,1990-12-26,Quang Ninh,Business Owner,8287164.11,2024-10-20,Mass
C00018,Bác Phúc Đặng,Male,1981-06-19,Ba Ria - Vung Tau,Government Employee,24266455.55,2025-09-26,Affluent
C00019,Trung Đức Trần,Male,1988-04-27,Hue,Bank Employee,6043734.44,2022-11-30,Mass
C00020,Chị Bảo Dương,Female,2005-02-10,Hai Phong,Doctor,12855967.27,2021-10-16,Mass
C00021,Hạnh Hải Đặng,Male,1981-12-26,Bac Ninh,Freelancer,12741769.68,2018-10-18,Mass
C00022,Mai Nguyễn,Female,1992-09-02,Bac Ninh,Engineer,31977001.87,2021-09-15,Affluent
C00023,Thành Đức Trần,Male,2007-05-31,Nam Dinh,Bank Employee,9327445.44,2024-01-18,Mass
C00024,Bà Mai Dương,Male,1995-12-14,Khanh Hoa,IT Specialist,17372689.93,2023-04-22,Mass
C00025,Hải Mai Lê,Female,1987-06-29,Hai Phong,Engineer,6474313.61,2021-12-22,Mass
C00026,Hoàng Phạm,Male,1987-02-07,Binh Duong,Student,10486910.41,2025-04-30,Mass
C00027,Nhiên Bùi,Female,1998-08-12,Ha Noi,Accountant,42049645.17,2019-03-24,Affluent
C00028,Thành Hải Lê,Male,1979-07-01,Nghe An,IT Specialist,16624120.64,2020-01-22,Mass
C00029,Ông Hưng Trần,Male,2000-05-26,Binh Duong,Engineer,10769115.03,2024-03-04,Mass
C00030,Chị Hải Bùi,Male,1986-11-05,Nghe An,Office Staff,147730288.59,2026-06-14,Premium
C00031,Kim Bùi,Female,1996-07-08,Hue,IT Specialist,11245027.24,2022-07-01,Mass
C00032,Bác Tùng Nguyễn,Female,2003-07-08,Hue,Office Staff,61972301.57,2020-12-22,Premium
C00033,Hải Mai,Female,1982-02-15,Nam Dinh,Accountant,19290073.94,2026-03-12,Mass
C00034,Dũng Trần,Other,1990-12-23,Ho Chi Minh City,Student,17049879.97,2020-02-17,Mass
C00035,Huy Lê,Male,1987-09-05,Khanh Hoa,Student,9574609.35,2026-05-22,Mass
C00036,Ông Anh Mai,Male,1987-09-09,Khanh Hoa,IT Specialist,20557368.64,2023-12-16,Mass
C00037,Cô Hải Vũ,Male,1991-01-16,Hai Phong,Teacher,20749702.92,2018-10-06,Mass
C00038,Chị Linh Lê,Female,2008-05-31,Hue,Engineer,138924578.86,2024-05-22,Premium
C00039,Duyên Đặng,Male,1989-12-03,Ha Noi,Freelancer,10807648.49,2025-05-16,Mass
C00040,Ông Tú Đặng,Female,1989-01-09,Da Nang,Business Owner,5985007.13,2026-01-12,Mass
C00041,Quang Nguyễn,Male,1993-05-20,Hue,Teacher,13597637.3,2021-05-13,Mass
C00042,Cô Hương Dương,Male,1974-08-31,Ha Noi,IT Specialist,10009274.1,2024-04-25,Mass
C00043,Phương Lê,Other,1999-08-25,Nghe An,Doctor,10067291.31,2019-06-27,Mass
C00044,Quý cô Phương Lê,Female,1980-08-31,Ba Ria - Vung Tau,Doctor,13463327.91,2019-10-09,Mass
C00045,Minh Hoàng,Male,1995-12-28,Can Tho,Business Owner,14361489.03,2025-05-02,Mass
C00046,Lâm Hoàng Vũ,Female,1988-10-27,Binh Duong,Government Employee,16842953.79,2025-06-10,Mass
C00047,Hải Phú Dương,Male,1998-07-25,Nam Dinh,Engineer,31723236.26,2026-04-29,Affluent
C00048,Ông Quang Phạm,Female,1995-05-16,Nam Dinh,Freelancer,7189893.92,2021-11-05,Mass
C00049,Thành Nguyễn,Male,1986-11-14,Binh Duong,Business Owner,13148083.35,2020-10-25,Mass
C00050,Chị Ngọc Trần,Female,1990-09-07,Hai Phong,Bank Employee,11054097.27,2021-02-07,Mass
C00051,Mai Trần,Male,2006-04-12,Dong Nai,Teacher,10357188.16,2020-12-08,Mass
C00052,Ánh Đặng,Male,1994-02-18,Nghe An,Student,9062179.06,2018-02-09,Mass
C00053,Phương Phạm,Male,1991-10-15,Ba Ria - Vung Tau,Teacher,13822869.76,2022-02-21,Mass
C00054,Châu Phạm,Female,1970-07-25,Hue,Teacher,12756091.02,2022-02-02,Mass
C00055,Quý cô Lâm Dương,Female,1988-09-13,Ba Ria - Vung Tau,Sales,11691365.52,2020-10-19,Mass
C00056,Lâm Đức Trần,Female,2008-03-31,Dong Nai,Government Employee,34722708.58,2022-07-23,Affluent
C00057,Thành Bảo Bùi,Female,1990-07-16,Ba Ria - Vung Tau,Doctor,73282416.44,2019-12-27,Affluent
C00058,Ông Tú Nguyễn,Female,1993-09-20,Quang Ninh,Student,38313881.21,2022-08-14,Affluent
C00059,Nhật Tấn Trần,Female,1991-05-29,Nam Dinh,Teacher,24649205.04,2019-03-19,Affluent
C00060,Chị Mai Mai,Male,1978-09-17,Binh Duong,IT Specialist,15612676.98,2023-03-01,Mass
C00061,Anh Huy Lê,Male,1982-06-11,Bac Ninh,Office Staff,8728740.1,2022-06-21,Mass
C00062,Bảo Phạm,Male,1975-09-02,Dong Nai,Business Owner,7346755.43,2023-09-18,Mass
C00063,Nhật Mai,Male,1984-01-04,Da Nang,Office Staff,25830762.3,2020-12-05,Mass
C00064,An Mai,Male,2001-05-18,Ha Noi,Engineer,9842428.16,2021-11-16,Mass
C00065,Hương Phạm,Female,1989-04-26,Hue,Freelancer,81759329.4,2019-04-19,Premium
C00066,Quý cô Nhật Dương,Male,2007-12-08,Bac Ninh,Business Owner,12291447.45,2022-11-22,Mass
C00067,Quý cô Xuân Nguyễn,Male,2001-12-29,Ho Chi Minh City,Student,120856894.82,2026-04-07,Premium
C00068,Quý cô An Bùi,Female,2001-03-28,Hue,Engineer,185887926.79,2021-09-14,Premium
C00069,Bảo Vũ,Female,1998-10-27,Binh Duong,Engineer,31776582.1,2021-05-15,Affluent
C00070,Nhật Mai Bảo Lê,Female,1981-10-29,Hue,Sales,7799847.16,2021-04-26,Mass
C00071,Bà Mai Nguyễn,Female,1988-06-27,Hue,Bank Employee,168684024.55,2025-08-06,Premium
C00072,Yến Đặng,Female,2008-07-01,Khanh Hoa,Freelancer,12801066.66,2024-02-23,Mass
C00073,Ngọc Hoàng,Female,1988-05-01,Nam Dinh,Doctor,15776865.45,2024-07-03,Mass
C00074,Anh Hưng Mai,Female,2004-04-18,Thanh Hoa,IT Specialist,7559059.93,2020-05-25,Mass
C00075,Bảo Trần,Female,1985-07-10,Ho Chi Minh City,Engineer,13314468.29,2025-06-12,Mass
C00076,Hải Phạm,Female,1988-04-15,Hai Phong,Doctor,13546978.36,2020-07-09,Mass
C00077,Hà Hải Hoàng,Female,1998-07-18,Ha Noi,Office Staff,13016209.22,2023-05-01,Mass
C00078,Duyên Trần,Female,1987-08-28,Thanh Hoa,Accountant,28248564.33,2024-06-15,Affluent
C00079,Hải Tấn Vũ,Male,1969-10-17,Hue,IT Specialist,14164632.26,2019-08-28,Mass
C00080,Bà Mai Vũ,Female,2004-09-27,Ba Ria - Vung Tau,Engineer,42619595.85,2020-06-15,Affluent
C00081,Bảo Thế Dương,Male,2000-10-09,Nghe An,IT Specialist,15805946.99,2020-10-17,Mass
C00082,Vũ Văn Dương,Female,1978-08-05,Thanh Hoa,Teacher,27361676.49,2025-06-27,Affluent
C00083,Hà Mai,Female,1979-12-24,Khanh Hoa,Sales,117952565.55,2022-12-18,Premium
C00084,Bà Lan Đặng,Female,1981-01-20,Hue,Government Employee,23307709.69,2019-10-14,Mass
C00085,Lâm Đặng,Female,1993-02-01,Thanh Hoa,Business Owner,27916759.63,2025-02-24,Affluent
C00086,Phúc Dương,Male,2000-01-08,Thanh Hoa,Bank Employee,9019357.04,2022-12-07,Mass
C00087,Trọng Mai,Male,1991-05-10,Bac Ninh,Business Owner,13521889.83,2024-01-22,Mass
C00088,Dương Mai,Male,1987-07-19,Bac Ninh,Accountant,16029339.9,2025-12-03,Mass
C00089,Tú Lê,Male,1990-03-05,Hue,Sales,19958269.66,2022-08-31,Mass
C00090,Tú Trần,Male,1993-03-01,Hue,Freelancer,296853233.28,2018-03-22,Premium
C00091,Bà Hạnh Hoàng,Female,1983-12-15,Hue,IT Specialist,8889772.91,2021-12-11,Mass
C00092,Bà Mai Vũ,Male,2002-03-15,Binh Duong,Accountant,14207528.43,2026-03-29,Mass
C00093,Bác Hưng Trần,Female,1992-11-28,Ba Ria - Vung Tau,Doctor,15406766.91,2021-01-22,Mass
C00094,Hạnh Thị Nguyễn,Male,1985-09-20,Hue,Sales,11697984.13,2022-07-15,Mass
C00095,Hoàng Đức Lê,Female,2000-02-04,Ba Ria - Vung Tau,Teacher,60000000.0,2023-12-28,Premium
C00096,Quý ông Tùng Nguyễn,Male,1995-03-15,Khanh Hoa,Freelancer,16194087.85,2018-12-10,Mass
C00097,Hà Lê,Female,1988-07-26,Binh Duong,IT Specialist,7759346.19,2020-12-01,Mass
C00098,Ánh Đặng,Male,1989-06-17,Thanh Hoa,Sales,13732533.6,2022-04-02,Mass
C00099,Quý cô Bảo Nguyễn,Male,2000-02-28,Nam Dinh,Engineer,12663330.27,2026-05-27,Mass
C00100,Quang Nguyễn,Female,1990-04-07,Bac Ninh,Bank Employee,8043521.99,2025-04-23,Mass
C00101,Trung Hải Trần,Male,1987-09-19,Bac Ninh,Doctor,41412526.99,2024-12-19,Affluent
C00102,Tùng Bảo Hoàng,Male,1979-08-03,Thanh Hoa,Bank Employee,17352513.53,2020-06-11,Mass
C00103,Chị Bảo Lê,Male,2006-05-21,Dong Nai,Sales,8642292.52,2024-10-23,Mass
C00104,An Xuân Đặng,Female,1985-08-07,Dong Nai,Teacher,122815664.22,2019-03-19,Premium
C00105,Hải Hải Vũ,Female,1985-04-28,Khanh Hoa,Bank Employee,80000000.0,2022-03-18,Affluent
C00106,Cô Kim Nguyễn,Male,1984-06-25,Hai Phong,Freelancer,17856268.51,2025-01-13,Mass
C00107,Anh Trung Dương,Male,1979-10-15,Dong Nai,Business Owner,42553641.66,2024-09-25,Affluent
C00108,Khoa Hải Phạm,Female,1993-12-17,Dong Nai,Office Staff,15651173.17,2022-10-21,Mass
C00109,Dương Phạm,Female,1999-08-27,Nghe An,Bank Employee,11045467.22,2022-09-17,Mass
C00110,Thành Đức Trần,Female,1996-08-08,Hue,Sales,12348845.77,2023-02-27,Mass
C00111,Quang Mai,Female,1965-03-01,Quang Ninh,Student,6242394.44,2025-04-18,Mass
C00112,Hải Tấn Nguyễn,Male,1983-01-03,Dong Nai,IT Specialist,6824070.18,2026-03-14,Mass
C00113,Hạnh Lê,Female,1996-04-19,Binh Duong,Doctor,48522773.31,2018-12-21,Affluent
C00114,Hưng Trần,Male,1990-02-15,Bac Ninh,IT Specialist,8229259.03,2025-06-29,Mass
C00115,Thành Tấn Bùi,Male,1998-09-17,Thanh Hoa,Sales,15222367.04,2020-05-18,Mass
C00116,Kim Hoàng,Male,1999-05-22,Da Nang,Business Owner,37348234.39,2025-11-12,Affluent
C00117,Bà Ngọc Bùi,Female,1989-12-23,Ha Noi,Government Employee,77055816.35,2018-12-17,Premium
C00118,Vân Mai,Male,1967-03-15,Thanh Hoa,Government Employee,42331173.14,2025-09-29,Affluent
C00119,Bà Hồng Trần,Male,2007-09-30,Thanh Hoa,IT Specialist,37013560.89,2019-01-17,Affluent
C00120,Trọng Tấn Trần,Male,1998-03-08,Can Tho,Doctor,16171627.49,2024-07-10,Mass
C00121,Minh Vũ,Male,1998-12-22,Nghe An,Sales,11527654.59,2026-05-14,Mass
C00122,Thành Hữu Vũ,Female,1985-04-07,Can Tho,IT Specialist,16247206.2,2020-10-26,Mass
C00123,Chị Kim Bùi,Male,2004-06-23,Da Nang,Engineer,31658215.58,2026-07-19,Affluent
C00124,Bà Kim Mai,Female,1996-06-25,Bac Ninh,Student,9547137.95,2026-02-15,Mass
C00125,Thảo Vũ,Female,1971-01-13,Khanh Hoa,Business Owner,117585163.92,2020-03-06,Premium
C00126,Quý cô Vi Hoàng,Male,2004-03-29,Quang Ninh,Business Owner,16546230.83,2023-12-28,Mass
C00127,Bảo Mai Dương,Male,1967-09-16,Ha Noi,Government Employee,17223409.76,2019-06-02,Mass
C00128,Quý cô Vi Lê,Female,2007-01-21,Hai Phong,Office Staff,10129224.13,2023-04-07,Mass
C00129,Hạnh Mai,Male,1977-04-15,Quang Ninh,Office Staff,9367275.98,2023-05-11,Mass
C00130,Vũ Hải Vũ,Male,1986-09-01,Hue,IT Specialist,15737219.39,2025-01-22,Mass
C00131,Chị Lan Nguyễn,Female,2001-07-15,Quang Ninh,Freelancer,97647108.26,2018-12-15,Premium
C00132,Mai Dương,Other,2008-07-30,Nghe An,Accountant,8384384.4,2024-12-08,Mass
C00133,Nhật Bùi,Male,1993-01-08,Hue,IT Specialist,24071127.83,2021-05-02,Affluent
C00134,Quý cô Chi Bùi,Female,1973-03-02,Nam Dinh,Freelancer,7274369.68,2024-11-02,Mass
C00135,Chị Dương Nguyễn,Female,1995-08-13,Dong Nai,Doctor,12561867.7,2020-12-19,Mass
C00136,Kim Phạm,Female,1975-07-19,Bac Ninh,Teacher,7259819.0,2019-10-04,Mass
C00137,Quý cô An Mai,Male,1978-02-18,Can Tho,Freelancer,12043055.91,2018-05-14,Mass
C00138,Cô Chi Lê,Male,2000-10-04,Nam Dinh,Student,40204507.0,2018-10-19,Affluent
C00139,Bác Bảo Hoàng,Female,1988-05-21,Dong Nai,Bank Employee,9726272.63,2020-03-21,Mass
C00140,Phương Mai Lê,Male,1989-12-29,Bac Ninh,Bank Employee,10486061.41,2020-12-24,Mass
C00141,Quý ông Anh Phạm,Female,1989-08-28,Ha Noi,Teacher,42690963.23,2024-09-03,Affluent
C00142,Minh Dương,Female,1972-12-20,Ba Ria - Vung Tau,Business Owner,7780893.87,2023-04-04,Mass
C00143,Bà Chi Trần,Female,1966-10-16,Hue,Business Owner,6059794.69,2023-07-16,Mass
C00144,Quang Vũ,Male,1991-12-01,Ha Noi,Accountant,41756002.92,2024-10-08,Affluent
C00145,Dũng Quang Lê,Male,1987-08-19,Bac Ninh,Bank Employee,29036051.28,2024-06-14,Affluent
C00146,Chị Kim Lê,Female,1993-09-22,Dong Nai,Bank Employee,30188099.22,2024-06-18,Affluent
C00147,Cô Hồng Bùi,Male,1997-07-04,Thanh Hoa,Government Employee,16155610.42,2021-02-13,Mass
C00148,Tùng Mai Bùi,Male,1986-12-09,Hue,Bank Employee,28430860.23,2019-01-09,Affluent
C00149,Mai Bùi,Male,1981-03-10,Da Nang,Sales,13362623.01,2019-10-21,Mass
C00150,Khoa Văn Hoàng,Male,1981-10-15,Thanh Hoa,Business Owner,14958455.79,2022-06-29,Mass
C00151,Nhật Văn Đặng,Female,1999-12-24,Ha Noi,IT Specialist,9863521.8,2020-10-30,Mass
C00152,Thành Bùi,Male,1982-03-13,Binh Duong,Government Employee,42033173.05,2018-01-05,Affluent
C00153,Quý cô Mai Vũ,Female,1990-12-30,Thanh Hoa,Accountant,12503032.74,2023-10-25,Mass
C00154,Nhật Văn Bùi,Male,1976-01-25,Ho Chi Minh City,IT Specialist,29308472.7,2020-04-13,Affluent
C00155,Thành Xuân Dương,Male,1984-07-29,Ba Ria - Vung Tau,Business Owner,11180142.59,2025-10-31,Mass
C00156,Cô Kim Hoàng,Male,1993-09-18,Ho Chi Minh City,Freelancer,48666023.49,2025-12-17,Affluent
C00157,Hương Bùi,Male,1980-12-27,Ha Noi,Government Employee,15952810.53,2020-07-09,Mass
C00158,Quý cô Bảo Nguyễn,Other,1976-08-09,Thanh Hoa,Engineer,12088541.18,2019-09-23,Mass
C00159,Thành Đặng,Female,1983-05-09,Nghe An,Student,10765141.61,2023-05-31,Mass
C00160,Quý cô Linh Đặng,Female,1987-06-02,Thanh Hoa,Government Employee,11465661.14,2020-02-20,Mass
C00161,Hạnh Bảo Vũ,Female,1989-01-16,Can Tho,Teacher,41841771.93,2021-02-05,Affluent
C00162,Nhật Nguyễn,Female,2000-03-02,Da Nang,Government Employee,24959192.63,2018-01-11,Mass
C00163,Linh Phạm,Male,2002-05-01,Binh Duong,Freelancer,7845504.05,2025-05-27,Mass
C00164,Hải Nguyễn,Male,1978-07-22,Thanh Hoa,Government Employee,15831293.66,2021-09-23,Mass
C00165,Mai Phạm,Female,1983-12-31,Hue,IT Specialist,128574485.45,2020-02-12,Premium
C00166,Duyên Lê,Female,1991-06-03,Khanh Hoa,Accountant,8765886.2,2022-08-10,Mass
C00167,Chị Chi Trần,Male,1990-02-03,Can Tho,Accountant,9467832.98,2025-06-11,Mass
C00168,Quý cô Yến Vũ,Female,1979-11-07,Quang Ninh,IT Specialist,94287368.77,2019-06-02,Premium
C00169,Phúc Đức Lê,Female,1999-12-03,Da Nang,Engineer,31783023.94,2022-12-09,Affluent
C00170,Tú Hoàng,Male,1986-02-13,Ha Noi,Student,9851296.36,2025-05-05,Mass
C00171,Xuân Vũ,Female,2000-08-23,Thanh Hoa,Business Owner,13068400.93,2025-10-08,Mass
C00172,Kim Hoàng Trần,Male,1988-08-23,Binh Duong,Sales,30062095.99,2023-12-26,Affluent
C00173,Cô Yến Vũ,Male,1996-04-22,Ho Chi Minh City,Student,37523336.37,2023-06-22,Affluent
C00174,Khoa Nguyễn,Female,2006-09-11,Khanh Hoa,Engineer,7332337.27,2025-09-04,Mass
C00175,Tùng Bảo Đặng,Female,1998-06-07,Can Tho,Engineer,11136189.79,2019-02-08,Mass
C00176,Phương Đặng,Female,1986-10-09,Binh Duong,Engineer,20111289.53,2025-10-13,Mass
C00177,Ánh Bùi,Male,1981-09-21,Ha Noi,Sales,33360297.74,2021-04-16,Affluent
C00178,Ông Huy Đặng,Male,1991-02-25,Quang Ninh,Doctor,8448774.25,2024-05-07,Mass
C00179,Anh Huy Lê,Female,1991-07-03,Quang Ninh,Teacher,10846865.3,2022-04-16,Mass
C00180,Trọng Mai,Female,1987-06-03,Thanh Hoa,Freelancer,8983376.55,2023-03-04,Mass
C00181,Quý ông Huy Hoàng,Female,1985-02-11,Nam Dinh,Bank Employee,20519286.92,2023-03-21,Mass
C00182,Dũng Phạm,Female,1991-10-22,Nghe An,Teacher,13811557.65,2021-11-16,Mass
C00183,Hạnh Dương,Female,1983-05-05,Ho Chi Minh City,Accountant,10427843.46,2023-02-15,Mass
C00184,Quý cô Duyên Hoàng,Female,1988-06-24,Hue,IT Specialist,12053004.8,2022-04-12,Mass
C00185,Thành Văn Dương,Female,1988-12-13,Nam Dinh,Student,9155485.66,2025-05-20,Mass
C00186,Phúc Mai Bảo Phạm,Male,1990-09-29,Khanh Hoa,Bank Employee,40639786.46,2018-07-20,Affluent
C00187,Anh Tấn Vũ,Female,1975-01-26,Binh Duong,Business Owner,46671295.08,2020-07-31,Affluent
C00188,Tùng Nguyễn,Female,1967-04-12,Bac Ninh,Bank Employee,9173647.79,2020-10-23,Mass
C00189,Cô Mai Bùi,Female,1980-11-02,Ho Chi Minh City,Teacher,12795279.99,2025-01-14,Mass
C00190,Anh Châu Dương,Female,1966-05-04,Dong Nai,IT Specialist,9043101.93,2022-02-03,Mass
C00191,Ông Vũ Vũ,Female,2000-08-15,Ba Ria - Vung Tau,Business Owner,9729078.88,2022-08-29,Mass
C00192,Quý cô Yến Phạm,Male,2008-07-23,Dong Nai,Government Employee,29892916.77,2022-02-07,Affluent
C00193,Nhiên Đặng,Female,1999-05-15,Binh Duong,Teacher,12648573.92,2023-05-28,Mass
C00194,Bác Huy Mai,Female,1987-05-06,Can Tho,Sales,61448493.1,2023-04-03,Affluent
C00195,Quang Mai Vũ,Female,1980-07-25,Dong Nai,Doctor,29437723.52,2026-02-14,Affluent
C00196,Anh Phạm,Female,2000-03-11,Binh Duong,Government Employee,14254581.44,2022-06-05,Mass
C00197,Nhật Phạm,Male,2004-12-29,Hai Phong,IT Specialist,22780780.45,2026-05-26,Mass
C00198,Tú Xuân Phạm,Female,1977-12-11,Hue,Bank Employee,82888797.9,2019-03-20,Premium
C00199,Quý cô Thảo Hoàng,Female,2008-01-31,Ha Noi,Freelancer,52536584.46,2024-04-18,Affluent
C00200,Tú Phạm,Male,1991-11-25,Bac Ninh,Bank Employee,18506876.38,2023-03-17,Mass
C00201,Quang Đặng,Female,2008-04-27,Ho Chi Minh City,Accountant,9729138.89,2018-07-05,Mass
C00202,Bà An Mai,Female,1990-05-01,Thanh Hoa,Engineer,12198949.7,2024-01-11,Mass
C00203,Bà An Nguyễn,Male,1995-02-12,Da Nang,Bank Employee,128292159.48,2025-10-23,Premium
C00204,Hoàng Dương,Female,2002-02-28,Khanh Hoa,Student,33536493.9,2022-08-27,Affluent
C00205,An Hoàng,Female,1989-01-26,Khanh Hoa,Accountant,122847742.12,2021-02-19,Premium
C00206,Châu Dương,Male,1983-03-30,Bac Ninh,IT Specialist,8095286.01,2020-08-25,Mass
C00207,Bác Phúc Nguyễn,Female,2007-08-10,Ho Chi Minh City,Sales,18766878.56,2025-03-26,Mass
C00208,Châu Trần,Male,1987-03-15,Nam Dinh,Doctor,74126683.7,2023-02-06,Premium
C00209,Kim Dương,Male,1973-06-21,Ho Chi Minh City,Bank Employee,12495802.3,2018-03-29,Mass
C00210,Khoa Nguyễn,Male,1978-04-19,Bac Ninh,Teacher,35716172.8,2020-04-20,Affluent
C00211,Chị Khoa Vũ,Male,1967-12-30,Bac Ninh,Freelancer,22181884.55,2020-08-12,Mass
C00212,Lâm Trần,Male,1993-07-19,Dong Nai,Freelancer,16860211.26,2019-08-16,Mass
C00213,Khoa Hải Mai,Female,1983-01-02,Nam Dinh,Teacher,19373917.35,2018-04-16,Mass
C00214,Nhật Mai Vũ,Male,2001-03-31,Dong Nai,Doctor,15256790.17,2018-03-06,Mass
C00215,Hạnh Thị Hoàng,Male,1979-09-10,Quang Ninh,Student,6484066.3,2019-04-11,Mass
C00216,Lâm Phạm,Female,2004-01-30,Thanh Hoa,Sales,5877757.95,2019-03-23,Mass
C00217,Vũ Lê,Male,1993-06-11,Khanh Hoa,Office Staff,43406566.79,2025-05-22,Affluent
C00218,Chị Vân Trần,Female,1974-02-15,Ho Chi Minh City,Office Staff,12315268.36,2023-05-16,Mass
C00219,Cô Kim Dương,Female,1973-03-03,Ho Chi Minh City,Engineer,7402895.0,2022-12-22,Mass
C00220,Bác Hưng Phạm,Male,2008-08-18,Da Nang,Freelancer,11768952.92,2019-06-01,Mass
C00221,Khoa Dương,Male,1985-11-14,Khanh Hoa,Government Employee,34658383.24,2022-04-10,Affluent
C00222,Hải Phạm,Other,2008-01-01,Nam Dinh,IT Specialist,11631473.26,2022-10-29,Mass
C00223,Nhiên Phạm,Male,2004-10-05,Hai Phong,Bank Employee,15169579.02,2026-08-16,Mass
C00224,Hà Hải Lê,Female,1986-06-16,Hue,IT Specialist,26400531.05,2022-08-22,Affluent
C00225,Hoàng Trần,Male,1996-02-12,Hue,Accountant,25472106.86,2021-07-04,Affluent
C00226,Lan Vũ,Male,1990-10-28,Nam Dinh,Sales,146529549.94,2025-09-14,Premium
C00227,Bảo Trần,Female,2001-08-27,Hai Phong,Engineer,14315214.61,2019-01-31,Mass
C00228,Bác Thành Vũ,Female,1996-03-25,Dong Nai,Teacher,9092056.85,2024-07-30,Mass
C00229,Quý ông Vũ Hoàng,Female,1991-12-20,Da Nang,Bank Employee,8352591.39,2021-12-19,Mass
C00230,Xuân Bùi,Female,1997-02-27,Binh Duong,Student,7890420.17,2021-03-24,Mass
C00231,Trọng Đức Nguyễn,Female,1969-04-11,Hai Phong,Freelancer,12149024.68,2019-09-26,Mass
C00232,Lâm Hoàng,Female,1998-06-09,Binh Duong,Engineer,12933225.48,2024-03-28,Mass
C00233,Vi Vũ,Male,1992-05-13,Khanh Hoa,Doctor,32755051.08,2024-04-16,Affluent
C00234,Vi Lê,Female,1983-11-21,Khanh Hoa,Bank Employee,15643169.19,2018-04-18,Mass
C00235,Quý ông Anh Lê,Female,1995-10-31,Binh Duong,Student,9809686.01,2020-01-09,Mass
C00236,Hải Mai Bảo Trần,Male,1994-04-27,Ba Ria - Vung Tau,Sales,5361448.83,2020-01-14,Mass
C00237,Bác Huy Đặng,Female,2006-12-14,Ho Chi Minh City,Accountant,19362005.06,2026-04-24,Mass
C00238,Tú Xuân Đặng,Female,1972-09-22,Hai Phong,Student,10998336.52,2022-03-21,Mass
C00239,Nhật Mai Bảo Vũ,Male,1984-04-13,Quang Ninh,Sales,13381112.58,2021-08-21,Mass
C00240,Phương Thị Dương,Female,1956-12-25,Khanh Hoa,Engineer,48970620.41,2019-09-30,Affluent
C00241,Thành Vũ,Male,1991-11-21,Ha Noi,Bank Employee,8588872.72,2022-12-20,Mass
C00242,Tú Hữu Mai,Female,2008-01-24,Khanh Hoa,IT Specialist,12885709.7,2020-06-01,Mass
C00243,Dương Mai,Female,1999-08-04,Da Nang,Accountant,7294479.66,2025-08-09,Mass
C00244,Quý ông Hưng Phạm,Female,1998-01-25,Nghe An,Bank Employee,8218312.11,2020-06-22,Mass
C00245,Trọng Mai Bảo Dương,Male,1971-12-06,Ha Noi,Office Staff,16337785.68,2020-05-15,Mass
C00246,Mai Vũ,Female,1991-05-26,Nam Dinh,Sales,20143609.64,2023-07-31,Mass
C00247,Bà Nhật Dương,Female,1990-07-06,Quang Ninh,Accountant,8876942.45,2020-07-31,Mass
C00248,An Hoàng,Female,1973-10-30,Dong Nai,Sales,14490962.29,2026-04-28,Mass
C00249,Chị Thảo Mai,Male,2002-09-21,Thanh Hoa,Engineer,33057433.51,2024-06-16,Affluent
C00250,Vân Bùi,Male,2000-03-07,Can Tho,Bank Employee,7395907.04,2019-04-17,Mass
C00251,Lâm Trần,Male,1980-04-22,Quang Ninh,Freelancer,23410917.51,2025-09-25,Mass
C00252,Ông Hoàng Dương,Female,2006-08-15,Hue,Engineer,14613501.81,2024-08-09,Mass
C00253,Minh Vũ,Male,1998-08-22,Hue,Business Owner,30241357.66,2020-06-26,Affluent
C00254,Nhật Mai Bảo Phạm,Male,1997-07-07,Hai Phong,Government Employee,8868537.32,2023-12-14,Mass
C00255,Anh Thành Phạm,Female,1990-04-08,Da Nang,Student,71721469.61,2025-03-28,Premium
C00256,Cô Hạnh Bùi,Female,1988-06-05,Hai Phong,Teacher,11790844.16,2019-12-12,Mass
C00257,Minh Đức Nguyễn,Female,1992-11-01,Hai Phong,Teacher,69556872.07,2025-01-16,Premium
C00258,Khoa Hoàng,Female,1996-12-17,Dong Nai,Freelancer,15631585.5,2024-05-01,Mass
C00259,Anh Bảo Mai,Female,1984-11-19,Da Nang,Bank Employee,8522948.2,2022-12-07,Mass
C00260,Bác Dũng Mai,Male,1989-02-19,Ho Chi Minh City,Business Owner,43849538.69,2024-08-19,Affluent
C00261,Nhật Tấn Phạm,Male,2008-01-13,Hai Phong,Business Owner,14513550.31,2018-06-04,Mass
C00262,Quý cô Mai Bùi,Male,1998-05-08,Hai Phong,Bank Employee,41534635.19,2019-01-05,Affluent
C00263,Linh Dương,Female,1999-01-15,Hue,IT Specialist,6380190.24,2026-04-15,Mass
C00264,Kim Trí Dương,Female,2008-02-11,Ba Ria - Vung Tau,Freelancer,12203665.79,2021-08-09,Mass
C00265,Lan Mai,Female,1988-01-21,Quang Ninh,Office Staff,8744245.54,2021-11-07,Mass
C00266,Tú Mai Trần,Female,1983-08-23,Nghe An,Bank Employee,6708494.96,2020-10-11,Mass
C00267,Ông Hoàng Bùi,Female,1991-02-21,Nghe An,Government Employee,7854220.1,2022-01-30,Mass
C00268,Cô Nhật Vũ,Male,1998-05-10,Hue,Accountant,35501241.33,2025-08-12,Affluent
C00269,Trọng Hữu Trần,Female,1999-11-12,Ho Chi Minh City,Sales,10488843.93,2019-01-23,Mass
C00270,Tùng Hữu Đặng,Female,1979-03-23,Nam Dinh,Business Owner,29437827.61,2025-05-13,Affluent
C00271,Ông Trọng Trần,Female,1980-12-01,Binh Duong,Teacher,8080948.47,2024-07-14,Mass
C00272,Bà Mai Trần,Female,1985-04-08,Nam Dinh,Bank Employee,19874861.0,2022-05-25,Mass
C00273,Hà Đức Dương,Male,2007-10-02,Hai Phong,Business Owner,9079265.62,2025-03-20,Mass
C00274,Bà An Nguyễn,Female,1984-07-31,Ho Chi Minh City,Student,32931658.04,2026-04-15,Affluent
C00275,Hưng Thế Đặng,Other,1986-01-08,Hai Phong,Bank Employee,9713453.03,2023-09-14,Mass
C00276,Huy Trí Phạm,Male,1990-04-01,Nam Dinh,Teacher,93962831.25,2021-10-31,Premium
C00277,Khoa Xuân Lê,Female,1978-01-31,Bac Ninh,Doctor,110712696.2,2019-09-27,Premium
C00278,Cô Khoa Bùi,Male,1987-08-14,Nghe An,Government Employee,30931805.9,2023-11-27,Affluent
C00279,Quý cô Xuân Hoàng,Male,1996-04-12,Ba Ria - Vung Tau,Freelancer,10314093.74,2022-03-24,Mass
C00280,Chị Nhật Vũ,Male,1986-07-04,Binh Duong,Student,30847407.69,2019-11-10,Affluent
C00281,Bác Nam Dương,Female,1987-09-12,Hue,Sales,24811243.8,2020-08-30,Mass
C00282,Tùng Lê,Female,1980-11-27,Nam Dinh,Student,31738834.74,2020-08-16,Affluent
C00283,Nhật Đặng,Female,1977-05-01,Dong Nai,IT Specialist,30967103.07,2020-03-05,Affluent
C00284,Huy Vũ,Male,2007-12-11,Thanh Hoa,IT Specialist,25865813.85,2022-04-14,Affluent
C00285,Bác Trung Bùi,Female,2008-02-27,Quang Ninh,Doctor,31497053.96,2019-07-21,Affluent
C00286,Ông Quang Bùi,Female,1990-09-07,Ho Chi Minh City,IT Specialist,57874637.86,2024-03-21,Affluent
C00287,Nhiên Thế Vũ,Female,1986-10-05,Binh Duong,Government Employee,32773422.68,2021-03-13,Affluent
C00288,Ánh Bùi,Male,1981-07-15,Nam Dinh,IT Specialist,20000000.0,2019-08-27,Affluent
C00289,Nam Hoàng,Female,1988-08-18,Ba Ria - Vung Tau,Doctor,44106520.1,2021-12-02,Affluent
C00290,Xuân Hoàng,Female,2007-03-01,Ha Noi,Accountant,17907516.93,2020-08-23,Mass
C00291,Bác Quang Hoàng,Male,1987-08-24,Da Nang,Doctor,10376627.07,2019-02-10,Mass
C00292,Quang Hoàng Hoàng,Female,1983-11-07,Da Nang,Teacher,26566450.23,2021-03-21,Mass
C00293,Hoàng Trần,Female,1988-02-05,Can Tho,Teacher,37705811.64,2023-04-06,Affluent
C00294,Thảo Dương,Male,1996-09-29,Ba Ria - Vung Tau,Engineer,8912556.46,2020-06-02,Mass
C00295,Duyên Đặng,Female,1980-12-29,Can Tho,Freelancer,8893114.37,2019-04-01,Mass
C00296,Cô Hạnh Đặng,Female,1990-06-04,Nam Dinh,Engineer,10152566.63,2022-09-16,Mass
C00297,Bảo Hoàng Lê,Female,1984-11-20,Thanh Hoa,Engineer,13486489.23,2023-08-10,Mass
C00298,Minh Đức Lê,Female,1979-09-28,Ho Chi Minh City,Government Employee,10038231.07,2026-01-22,Mass
C00299,Châu Vũ,Male,1993-02-25,Ha Noi,Freelancer,8519344.06,2024-05-26,Mass
C00300,Tú Mai Trần,Male,1994-10-27,Ho Chi Minh City,Engineer,13694055.35,2022-01-17,Mass
C00301,Chị Hải Bùi,Male,1982-01-09,Nghe An,Government Employee,26541205.88,2023-09-11,Affluent
C00302,Vũ Hữu Nguyễn,Female,1981-03-20,Binh Duong,IT Specialist,19286008.8,2022-05-04,Mass
C00303,Tùng Trần,Female,1986-05-28,Can Tho,Office Staff,23145148.35,2018-10-04,Mass
C00304,Bác Anh Hoàng,Male,1998-10-30,Ho Chi Minh City,Engineer,24093730.24,2026-03-31,Affluent
C00305,Hải Phú Trần,Female,2008-07-22,Ha Noi,Sales,20257440.51,2025-03-17,Mass
C00306,Quý cô Ngọc Hoàng,Male,1982-10-20,Thanh Hoa,Student,11768800.62,2020-01-17,Mass
C00307,Trọng Hải Trần,Female,1987-09-02,Can Tho,IT Specialist,8092886.64,2020-04-05,Mass
C00308,Bác Huy Trần,Male,1964-06-29,Ba Ria - Vung Tau,Office Staff,12555189.22,2021-06-24,Mass
C00309,Cô An Vũ,Female,1988-12-29,Thanh Hoa,Business Owner,15470345.04,2025-04-03,Mass
C00310,Ông Tú Phạm,Male,1985-04-05,Binh Duong,Office Staff,37431525.19,2021-09-21,Affluent
C00311,Quý cô Nhật Đặng,Male,1999-03-27,Hue,Accountant,40317618.97,2022-05-03,Affluent
C00312,Khoa Trí Bùi,Male,1970-07-05,Thanh Hoa,Student,19217160.69,2023-10-28,Mass
C00313,Nhật Hoàng,Male,1973-08-26,Can Tho,Accountant,10034018.43,2024-10-03,Mass
C00314,Hạnh Thị Đặng,Other,2001-06-30,Nghe An,Business Owner,11483155.56,2018-11-24,Mass
C00315,Quý cô Chi Phạm,Male,1990-05-05,Nam Dinh,IT Specialist,17599556.12,2022-10-12,Mass
C00316,Tú Phú Mai,Male,2008-02-14,Da Nang,IT Specialist,20496400.01,2021-12-15,Mass
C00317,Hưng Hữu Vũ,Female,1992-02-23,Nam Dinh,Bank Employee,84303025.83,2018-08-23,Premium
C00318,Cô Ánh Dương,Male,2001-11-08,Hue,Sales,6724158.68,2026-05-30,Mass
C00319,Hải Phạm,Female,1981-09-20,Quang Ninh,Freelancer,12311920.49,2022-11-30,Mass
C00320,Ngọc Đặng,Male,2005-08-26,Bac Ninh,Bank Employee,7626500.42,2022-04-18,Mass
C00321,Chị Vi Hoàng,Female,1994-09-16,Khanh Hoa,Teacher,21521752.84,2022-02-28,Mass
C00322,Cô Ánh Mai,Male,1993-08-24,Khanh Hoa,Teacher,7090859.9,2022-06-19,Mass
C00323,Chị Ánh Phạm,Male,1993-05-13,Bac Ninh,Engineer,10907530.26,2020-02-02,Mass
C00324,Hoàng Văn Vũ,Female,2008-03-14,Ba Ria - Vung Tau,Government Employee,11774114.63,2020-12-02,Mass
C00325,Chị Phương Vũ,Female,1993-06-15,Khanh Hoa,Business Owner,15311112.58,2023-07-05,Mass
C00326,Cô Hải Nguyễn,Male,1970-07-31,Binh Duong,Engineer,17800105.96,2025-12-31,Mass
C00327,Cô Thành Phạm,Male,1993-08-19,Dong Nai,Bank Employee,64235744.42,2021-08-02,Premium
C00328,Nam Xuân Vũ,Female,1961-10-12,Hai Phong,Government Employee,12251312.84,2021-05-13,Mass
C00329,Lan Bùi,Female,1989-10-04,Can Tho,Student,11899101.22,2022-01-20,Mass
C00330,Nhật Trần,Female,1988-08-02,Bac Ninh,Teacher,11408748.87,2023-07-17,Mass
C00331,Quý ông Quang Mai,Male,1996-12-22,Khanh Hoa,Sales,9909620.18,2024-03-09,Mass
C00332,Nhật Mai,Male,1991-08-20,Hai Phong,Business Owner,9921538.3,2026-01-15,Mass
C00333,Cô Yến Mai,Female,1998-01-05,Hue,Accountant,36135549.44,2018-10-30,Affluent
C00334,Bảo Nguyễn,Male,1993-04-23,Ho Chi Minh City,Engineer,20313875.93,2025-08-17,Mass
C00335,Chi Bùi,Female,2008-07-25,Ba Ria - Vung Tau,Government Employee,17583026.76,2020-01-16,Mass
C00336,Hải Đức Dương,Female,1977-08-01,Hue,Government Employee,20000000.0,2018-08-15,Affluent
C00337,Ông Vũ Đặng,Female,1994-01-10,Quang Ninh,Business Owner,10537099.83,2021-08-14,Mass
C00338,Cô Bảo Vũ,Female,2006-06-06,Da Nang,Government Employee,27715811.29,2018-11-20,Affluent
C00339,Thành Thế Dương,Male,2002-11-09,Nghe An,Business Owner,22158059.82,2021-05-25,Mass
C00340,Hà Đức Mai,Female,1980-08-19,Nghe An,Bank Employee,18726711.61,2024-07-06,Mass
C00341,Quý cô Chi Phạm,Male,1982-11-02,Khanh Hoa,Student,24943980.49,2021-10-14,Affluent
C00342,Thành Mai Bùi,Female,1995-12-18,Ha Noi,Office Staff,14241891.77,2025-03-12,Mass
C00343,Nhật Đức Đặng,Female,2004-05-17,Ho Chi Minh City,Doctor,43347437.54,2022-09-03,Affluent
C00344,Thành Đức Đặng,Female,1993-09-17,Thanh Hoa,Bank Employee,10524642.03,2025-03-14,Mass
C00345,Quý cô Hà Trần,Female,1983-01-31,Bac Ninh,Bank Employee,14018793.31,2023-02-01,Mass
C00346,Hà Bùi,Male,1994-09-02,Quang Ninh,IT Specialist,18005406.63,2023-03-18,Mass
C00347,Nhật Đặng,Male,2001-11-24,Quang Ninh,Sales,42103410.36,2021-07-31,Affluent
C00348,Cô Khoa Mai,Female,1984-04-11,Hue,Teacher,31896112.26,2023-10-11,Affluent
C00349,Tú Bảo Đặng,Female,1987-04-24,Bac Ninh,IT Specialist,7744763.19,2023-01-16,Mass
C00350,Nhật Thị Vũ,Male,1980-08-17,Ha Noi,Business Owner,92870804.78,2024-11-25,Premium
C00351,Quang Trần,Male,1996-07-12,Binh Duong,Sales,152135850.7,2026-02-01,Premium
C00352,Chị Dương Dương,Male,1998-07-12,Thanh Hoa,Government Employee,7329777.76,2021-06-17,Mass
C00353,Cô Linh Mai,Female,2008-08-13,Hue,Government Employee,14835309.74,2020-09-13,Mass
C00354,Tú Đức Hoàng,Male,2005-04-02,Ha Noi,Office Staff,22177640.87,2024-09-13,Mass
C00355,Quý cô Ánh Mai,Female,2007-10-30,Ho Chi Minh City,IT Specialist,21729404.27,2018-02-03,Mass
C00356,Duyên Vũ,Female,1988-02-26,Quang Ninh,Business Owner,33999102.52,2026-07-26,Affluent
C00357,Lan Vũ,Male,1996-09-08,Hue,Office Staff,13799112.66,2020-03-08,Mass
C00358,Dũng Đặng,Male,1991-05-09,Hai Phong,Accountant,17655764.11,2026-07-28,Mass
C00359,Lan Lê,Female,1988-11-18,Ho Chi Minh City,Freelancer,12648166.53,2019-02-01,Mass
C00360,Hà Trí Nguyễn,Male,1994-04-12,Nghe An,Sales,34407149.41,2020-03-26,Affluent
C00361,Nhật Mai,Female,1987-03-13,Nghe An,Office Staff,6595236.94,2019-07-16,Mass
C00362,Quý cô Hồng Dương,Female,2005-01-30,Nghe An,IT Specialist,15565377.9,2023-10-13,Mass
C00363,Phúc Phú Vũ,Male,1988-11-24,Da Nang,Teacher,11251624.09,2024-11-30,Mass
C00364,Nhiên Quang Nguyễn,Female,1990-05-03,Khanh Hoa,Sales,13552353.83,2023-09-19,Mass
C00365,Chị Khoa Nguyễn,Female,1995-10-05,Khanh Hoa,Business Owner,9138534.16,2018-03-10,Mass
C00366,Hạnh Dương,Male,1987-10-25,Hai Phong,Accountant,8520509.82,2026-02-18,Mass
C00367,Nhật Mai Bùi,Female,1985-11-16,Ha Noi,Freelancer,6612768.41,2025-05-09,Mass
C00368,Trung Mai,Female,1978-12-14,Khanh Hoa,Doctor,40331278.37,2024-07-18,Affluent
C00369,Thành Bùi,Male,1988-01-09,Ho Chi Minh City,Student,16925959.26,2022-04-07,Mass
C00370,Hạnh Hoàng,Male,1971-10-25,Bac Ninh,Office Staff,17114673.12,2025-11-09,Mass
C00371,Bác Hưng Phạm,Male,2008-09-19,Thanh Hoa,Sales,7667991.46,2022-08-19,Mass
C00372,Khoa Thị Nguyễn,Female,1997-03-05,Nghe An,Freelancer,35275031.0,2026-04-02,Affluent
C00373,Bà Mai Lê,Female,1984-10-08,Quang Ninh,Government Employee,9308205.43,2021-08-24,Mass
C00374,Khoa Đặng,Other,1988-02-02,Nghe An,Accountant,9212144.09,2019-12-11,Mass
C00375,An Dương,Male,1997-01-02,Da Nang,Government Employee,7334397.49,2026-08-29,Mass
C00376,Bảo Trí Bùi,Female,2000-10-17,Ho Chi Minh City,Student,7476890.81,2023-06-07,Mass
C00377,Bà Hương Bùi,Male,2001-05-27,Nam Dinh,Government Employee,17351540.27,2021-05-04,Mass
C00378,Hồng Nguyễn,Female,2000-10-05,Bac Ninh,Student,77096869.83,2021-07-22,Affluent
C00379,Ông Dũng Hoàng,Male,1984-12-22,Ba Ria - Vung Tau,Student,12801972.92,2019-05-15,Mass
C00380,Khoa Hữu Bùi,Female,1999-12-27,Hue,Accountant,43182746.35,2019-08-23,Affluent
C00381,Tú Bùi,Male,1997-05-07,Can Tho,Engineer,12523540.15,2022-12-17,Mass
C00382,Linh Lê,Female,1962-02-07,Bac Ninh,Doctor,34005765.77,2021-01-15,Affluent
C00383,Bác Vũ Bùi,Female,1977-10-15,Nam Dinh,Teacher,9382018.21,2026-04-23,Mass
C00384,Lâm Bùi,Female,1991-06-01,Ha Noi,Bank Employee,59536421.55,2020-07-13,Affluent
C00385,Phương Quang Bùi,Female,1997-09-05,Hai Phong,Accountant,22629710.01,2023-04-19,Mass
C00386,Dũng Phạm,Male,1983-07-27,Ha Noi,Government Employee,79852683.08,2019-10-09,Premium
C00387,Phúc Quang Mai,Male,1984-02-04,Thanh Hoa,Bank Employee,16866015.96,2021-03-22,Mass
C00388,Phương Mai,Male,1983-11-09,Ha Noi,Engineer,6926315.5,2020-08-09,Mass
C00389,Bà Linh Lê,Female,1998-09-12,Ba Ria - Vung Tau,Teacher,11004179.19,2019-12-22,Mass
C00390,Cô Lan Vũ,Female,1991-09-15,Binh Duong,Accountant,42163279.61,2020-02-03,Affluent
C00391,Chị Duyên Lê,Female,1989-05-08,Ba Ria - Vung Tau,Office Staff,7519774.3,2024-05-15,Mass
C00392,Bảo Dương,Female,1986-04-16,Nam Dinh,IT Specialist,127664341.06,2024-02-04,Premium
C00393,Quý ông Nhiên Hoàng,Female,1984-07-28,Binh Duong,Government Employee,17517141.29,2020-02-29,Mass
C00394,Dũng Trí Dương,Female,1981-04-19,Quang Ninh,Student,14092174.98,2020-11-19,Mass
C00395,Nhật Dương,Female,1991-09-26,Can Tho,Sales,21264941.58,2024-05-14,Affluent
C00396,Anh Hoàng,Female,1986-06-28,Quang Ninh,Freelancer,37250090.25,2022-07-19,Affluent
C00397,Linh Mai,Female,1988-01-14,Da Nang,Engineer,7675586.05,2019-01-26,Mass
C00398,Hạnh Dương,Male,2002-07-21,Thanh Hoa,Sales,152388217.51,2018-01-28,Premium
C00399,Ông Hưng Đặng,Male,1991-06-05,Thanh Hoa,Business Owner,131337515.62,2021-05-21,Premium
C00400,Vũ Trần,Female,1989-12-14,Ha Noi,Business Owner,12125628.84,2025-10-08,Mass
C00401,Nhật Thị Dương,Male,1979-10-30,Hai Phong,IT Specialist,10017073.58,2022-07-19,Mass
C00402,Bà Duyên Dương,Female,1988-10-08,Dong Nai,Business Owner,10207372.96,2025-03-01,Mass
C00403,Cô Nhật Trần,Female,1995-05-04,Da Nang,Freelancer,10769266.75,2019-07-02,Mass
C00404,Vũ Xuân Nguyễn,Male,1988-02-14,Can Tho,Freelancer,10148689.99,2025-11-15,Mass
C00405,Quý cô Chi Mai,Female,1977-02-07,Dong Nai,Government Employee,26761542.37,2020-06-13,Affluent
C00406,Bà Thành Vũ,Female,1992-10-19,Dong Nai,Freelancer,30674409.62,2018-12-02,Affluent
C00407,Kim Tấn Hoàng,Female,1975-01-10,Can Tho,Sales,12854588.4,2024-04-29,Mass
C00408,Vi Đặng,Male,1978-12-30,Ba Ria - Vung Tau,Government Employee,7134630.9,2024-01-08,Mass
C00409,Thành Trần,Male,1988-04-19,Binh Duong,Government Employee,16383544.19,2025-08-18,Mass
C00410,Hạnh Đức Hoàng,Male,1989-12-09,Thanh Hoa,Engineer,48182321.22,2022-12-30,Affluent
C00411,Bà Hà Hoàng,Female,1996-02-12,Quang Ninh,Government Employee,19651983.09,2024-04-28,Mass
C00412,Bà Hạnh Bùi,Male,1965-02-15,Ho Chi Minh City,Business Owner,31390223.58,2022-06-10,Affluent
C00413,Cô Hạnh Mai,Male,1995-10-01,Can Tho,Doctor,19957224.67,2018-07-05,Mass
C00414,Hải Tấn Lê,Male,1972-10-14,Hai Phong,Government Employee,81127839.43,2018-10-10,Premium
C00415,Hải Bùi,Female,1995-02-03,Ha Noi,Business Owner,10872993.31,2026-08-16,Mass
C00416,Nam Phú Vũ,Male,2004-11-05,Can Tho,Bank Employee,69249048.67,2022-03-14,Premium
C00417,Chị Thành Dương,Other,2002-03-19,Thanh Hoa,Accountant,9172203.04,2025-08-28,Mass
C00418,Chị Lan Lê,Female,1990-12-31,Quang Ninh,Bank Employee,37547713.39,2019-05-01,Affluent
C00419,Hạnh Trần,Male,1973-01-05,Hue,Government Employee,8461130.01,2020-07-01,Mass
C00420,Dương Đặng,Female,1980-09-24,Nam Dinh,IT Specialist,11134078.66,2024-02-09,Mass
C00421,Quý cô Bảo Lê,Male,1991-03-23,Binh Duong,Doctor,15196930.58,2021-11-18,Mass
C00422,Chị Nhật Dương,Male,2003-06-26,Ba Ria - Vung Tau,Student,39254692.27,2018-05-12,Affluent
C00423,Hồng Đặng,Female,1989-03-03,Khanh Hoa,Office Staff,14257236.35,2018-10-03,Mass
C00424,Quý cô Duyên Vũ,Male,1987-09-17,Thanh Hoa,Freelancer,28339644.75,2018-07-19,Mass
C00425,Anh Tùng Phạm,Male,1998-09-09,Hue,IT Specialist,9964788.36,2020-06-08,Mass
C00426,Châu Phạm,Female,1997-09-03,Quang Ninh,Government Employee,80076252.61,2020-08-17,Premium
C00427,Nhiên Mai Dương,Female,1997-12-11,Da Nang,Freelancer,18193464.49,2025-07-17,Mass
C00428,Thành Mai,Female,1975-06-08,Nam Dinh,Teacher,79588663.83,2023-11-06,Premium
C00429,Bảo Hoàng Hoàng,Male,2000-04-30,Nam Dinh,Office Staff,14152652.96,2024-08-20,Mass
C00430,Bà An Dương,Female,1997-07-04,Ho Chi Minh City,Bank Employee,14975758.38,2023-07-24,Mass
C00431,Tùng Đức Mai,Male,1988-04-10,Ho Chi Minh City,Bank Employee,7059655.18,2023-11-19,Mass
C00432,Hạnh Trần,Male,1973-03-08,Hue,Teacher,22498841.87,2020-01-24,Mass
C00433,Bà Nhật Mai,Female,1997-02-01,Bac Ninh,Doctor,10477300.96,2025-12-08,Mass
C00434,Quý cô Hà Phạm,Male,1987-02-09,Ba Ria - Vung Tau,Office Staff,13490240.88,2022-09-03,Mass
C00435,Bác Nam Bùi,Female,1983-07-29,Hue,Doctor,24251494.35,2021-09-14,Mass
C00436,Hồng Mai,Female,1992-02-15,Binh Duong,Sales,9074811.55,2026-02-15,Mass
C00437,Quang Hữu Trần,Female,2006-09-03,Nam Dinh,Accountant,9291324.69,2024-10-05,Mass
C00438,Quang Văn Đặng,Male,1991-08-27,Bac Ninh,Freelancer,59962263.37,2024-04-08,Affluent
C00439,Nhật Đặng,Male,1996-06-17,Binh Duong,Sales,12977699.13,2018-03-04,Mass
C00440,Chị An Vũ,Male,1991-06-28,Can Tho,Engineer,49992152.52,2026-06-17,Affluent
C00441,Anh Châu Dương,Male,1963-06-08,Can Tho,Freelancer,29847092.45,2022-06-13,Affluent
C00442,Xuân Trần,Female,1995-12-24,Da Nang,Business Owner,17294057.7,2023-12-26,Mass
C00443,Thảo Phạm,Female,1983-05-01,Nam Dinh,Sales,22902686.4,2023-07-30,Mass
C00444,Quý cô Hà Vũ,Male,1984-02-07,Dong Nai,Sales,31423638.69,2022-02-27,Affluent
C00445,Bà Hương Nguyễn,Male,1984-09-11,Khanh Hoa,Doctor,48811167.83,2018-03-08,Affluent
C00446,Quý cô Dương Hoàng,Male,1980-12-10,Khanh Hoa,Student,14331394.65,2019-09-17,Mass
C00447,Ông Tú Dương,Male,1979-06-11,Hue,Freelancer,49706551.17,2023-08-08,Affluent
C00448,Dương Mai,Female,1974-10-22,Da Nang,Business Owner,42519424.89,2023-06-25,Affluent
C00449,Chị Thảo Bùi,Female,1991-11-09,Can Tho,IT Specialist,12632292.6,2026-03-21,Mass
C00450,Duyên Đặng,Female,1977-07-12,Quang Ninh,Student,9015805.15,2020-01-24,Mass
C00451,Quý cô Lan Trần,Female,1985-12-31,Ho Chi Minh City,Office Staff,10456649.22,2018-11-01,Mass
C00452,Vũ Văn Bùi,Female,1989-10-26,Ha Noi,Office Staff,18771970.04,2025-01-27,Mass
C00453,Ông Thành Đặng,Male,1987-10-07,Quang Ninh,Office Staff,12196627.04,2023-02-11,Mass
C00454,Nam Đặng,Male,2004-11-17,Ho Chi Minh City,Bank Employee,134783745.98,2023-06-03,Premium
C00455,Thành Phạm,Female,1983-09-27,Ha Noi,Government Employee,25586012.18,2018-02-18,Mass
C00456,Khoa Đặng,Male,1994-05-15,Nghe An,Business Owner,12956651.23,2025-10-29,Mass
C00457,Cô Thành Mai,Female,1988-07-04,Hai Phong,Engineer,20842940.33,2020-09-14,Mass
C00458,Phúc Mai Dương,Male,1992-01-07,Nam Dinh,Sales,13231021.47,2022-06-14,Mass
C00459,Chị Hà Dương,Male,1984-03-11,Thanh Hoa,Freelancer,12809919.64,2025-10-26,Mass
C00460,Thảo Phạm,Male,1994-10-17,Binh Duong,Engineer,12843503.86,2025-04-15,Mass
C00461,Vi Phạm,Female,1979-08-20,Hue,Accountant,8378143.03,2023-05-04,Mass
C00462,Linh Vũ,Male,1989-09-29,Can Tho,Teacher,9392057.31,2022-11-13,Mass
C00463,Phương Mai Bảo Vũ,Female,1977-04-20,Khanh Hoa,Engineer,22162285.44,2018-06-24,Affluent
C00464,Vi Phạm,Male,1996-10-12,Ba Ria - Vung Tau,Freelancer,13693630.61,2018-07-10,Mass
C00465,Quang Nguyễn,Female,1972-10-22,Ba Ria - Vung Tau,Business Owner,34316386.59,2024-04-27,Affluent
C00466,Anh Đức Đặng,Female,1997-07-02,Ba Ria - Vung Tau,Sales,23180505.01,2020-04-28,Mass
C00467,Kim Mai Bùi,Female,2005-09-30,Binh Duong,Accountant,20000000.0,2021-05-10,Affluent
C00468,Phúc Mai Bảo Dương,Male,1986-06-03,Khanh Hoa,Accountant,10066244.23,2024-01-24,Mass
C00469,Minh Đức Trần,Male,2002-07-21,Dong Nai,Student,43287114.13,2023-08-14,Affluent
C00470,Hà Bảo Hoàng,Female,1988-04-09,Ha Noi,Engineer,9850075.59,2018-11-08,Mass
C00471,Bà Thành Trần,Male,2004-11-19,Khanh Hoa,Accountant,141762499.31,2021-08-29,Premium
C00472,Thành Vũ,Male,1983-05-19,Dong Nai,IT Specialist,11590607.8,2021-12-28,Mass
C00473,Bảo Hoàng,Female,1970-03-30,Hue,Teacher,8251351.31,2025-05-30,Mass
C00474,Bảo Mai Đặng,Male,2006-11-17,Nam Dinh,Doctor,28439403.78,2018-12-03,Affluent
C00475,Ông Quang Hoàng,Male,1991-03-23,Can Tho,Bank Employee,13066810.39,2022-05-15,Mass
C00476,Hạnh Thị Trần,Male,1993-08-09,Hai Phong,Office Staff,115121989.52,2022-12-27,Premium
C00477,Thành Xuân Nguyễn,Male,2004-05-14,Hai Phong,Teacher,19890142.58,2022-11-01,Mass
C00478,Quý cô An Lê,Male,1990-12-23,Nghe An,Accountant,17742452.09,2019-01-03,Mass
C00479,Lâm Đặng,Male,1987-08-18,Khanh Hoa,Freelancer,40140027.45,2022-04-27,Affluent
C00480,Thành Thị Hoàng,Male,1984-03-07,Hue,Engineer,40031259.22,2024-04-10,Affluent
C00481,Quý cô Thành Đặng,Female,1983-06-03,Khanh Hoa,Government Employee,19108056.17,2022-04-09,Mass
C00482,Ông Nhiên Lê,Male,1988-05-19,Nam Dinh,Business Owner,15379846.21,2018-09-17,Mass
C00483,Thành Tấn Vũ,Male,1991-05-15,Hue,Business Owner,19864767.3,2018-11-12,Mass
C00484,Cô Ngọc Lê,Male,1998-05-28,Can Tho,Bank Employee,22538744.39,2024-11-30,Mass
C00485,Quý ông Tùng Trần,Male,1991-08-10,Quang Ninh,Business Owner,7272756.38,2022-06-09,Mass
C00486,Anh Dương,Male,1988-11-20,Hue,Sales,9454951.47,2022-10-30,Mass
C00487,Bà Yến Dương,Female,1980-11-06,Khanh Hoa,Teacher,9549494.84,2024-10-06,Mass
C00488,Cô Lan Trần,Female,1995-06-22,Thanh Hoa,Sales,6193915.22,2022-06-20,Mass
C00489,Anh Bảo Trần,Female,1995-05-06,Can Tho,Student,5137409.1,2024-06-16,Mass
C00490,Quang Quang Mai,Female,2008-04-15,Hue,Business Owner,43968455.59,2022-05-29,Affluent
C00491,Khoa Lê,Male,1981-12-21,Bac Ninh,Freelancer,118552181.13,2020-01-07,Premium
C00492,Bà Phương Phạm,Female,2000-12-23,Ha Noi,Student,11801276.16,2025-12-11,Mass
C00493,Lâm Lê,Male,1991-05-07,Binh Duong,Student,8000299.74,2022-08-03,Mass
C00494,Quý cô Ngọc Đặng,Female,1974-07-28,Ho Chi Minh City,Business Owner,16313344.46,2025-05-21,Mass
C00495,Bảo Trí Hoàng,Male,1993-02-28,Dong Nai,Accountant,12113453.49,2024-09-15,Mass
C00496,Hà Vũ,Male,1988-03-12,Nghe An,Government Employee,20000000.0,2025-10-04,Affluent
C00497,Nhật Mai Bảo Mai,Male,1993-09-14,Dong Nai,Sales,28524198.21,2024-01-09,Affluent
C00498,Kim Quang Lê,Female,2002-08-18,Hai Phong,Doctor,10875597.82,2021-12-25,Mass
C00499,Vũ Mai Dương,Male,1970-11-29,Ha Noi,Freelancer,129218830.87,2025-08-06,Premium
C00500,Hoàng Xuân Lê,Female,1997-04-15,Dong Nai,Accountant,14662755.27,2019-02-08,Mass
C00501,Phương Thị Trần,Male,1975-01-19,Can Tho,Government Employee,16585493.68,2025-09-17,Mass
C00502,Bà Bảo Lê,Female,1990-02-17,Da Nang,Accountant,9568522.24,2025-08-15,Mass
C00503,Quang Phú Mai,Female,1983-01-22,Quang Ninh,Sales,117045686.34,2023-06-01,Premium
C00504,Vũ Vũ,Male,1981-03-07,Ba Ria - Vung Tau,Engineer,14987503.9,2026-03-10,Mass
C00505,Bà Lan Vũ,Male,1979-04-30,Da Nang,IT Specialist,29808020.39,2023-11-05,Affluent
C00506,Phương Lê,Male,1976-02-06,Hai Phong,IT Specialist,37137526.07,2023-01-28,Affluent
C00507,Chị Hải Hoàng,Male,1968-05-08,Ha Noi,Student,9428065.32,2021-11-06,Mass
C00508,Nhiên Thị Nguyễn,Female,1970-10-27,Dong Nai,Teacher,37140993.16,2026-04-22,Affluent
C00509,An Hoàng,Male,1998-07-04,Nghe An,Teacher,10130458.79,2022-10-13,Mass
C00510,Trung Hoàng,Female,1994-06-06,Dong Nai,Accountant,13920530.03,2020-02-03,Mass
C00511,Khoa Văn Dương,Female,1985-02-25,Hue,Office Staff,29466029.58,2020-03-19,Affluent
C00512,Khoa Dương,Male,1991-02-26,Hue,Office Staff,66555032.98,2020-04-22,Affluent
C00513,Quý cô Thảo Dương,Male,1970-10-13,Dong Nai,Engineer,13979890.92,2024-01-09,Mass
C00514,Nhật Nguyễn,Male,1990-04-20,Bac Ninh,IT Specialist,12514870.96,2025-07-10,Mass
C00515,Quý cô Kim Dương,Female,1984-01-08,Ho Chi Minh City,Sales,8389066.51,2024-11-08,Mass
C00516,Anh Dũng Hoàng,Male,1993-08-05,Da Nang,Sales,21216365.46,2024-12-03,Affluent
C00517,Bà Nhật Đặng,Male,1985-10-25,Can Tho,Business Owner,42500117.62,2024-08-14,Affluent
C00518,Thành Trí Đặng,Male,1996-07-25,Da Nang,Engineer,20817667.33,2019-04-25,Mass
C00519,Thành Phạm,Male,2003-10-10,Quang Ninh,Government Employee,7187730.26,2024-09-08,Mass
C00520,Ông Anh Dương,Male,1988-03-21,Hue,Teacher,17311846.84,2024-01-11,Mass
C00521,Chị Hương Nguyễn,Female,1971-11-12,Ba Ria - Vung Tau,Teacher,10219494.87,2023-06-29,Mass
C00522,Thành Hoàng,Male,1979-07-03,Da Nang,IT Specialist,11839349.48,2022-01-10,Mass
C00523,Lâm Xuân Đặng,Female,1992-01-28,Quang Ninh,Doctor,45624554.28,2024-04-19,Affluent
C00524,Trung Xuân Dương,Female,1983-01-25,Hue,Bank Employee,6911380.46,2025-12-18,Mass
C00525,Quý ông Khoa Dương,Female,1974-01-30,Quang Ninh,Engineer,19451780.8,2026-07-15,Mass
C00526,Hương Bùi,Male,1997-09-15,Nam Dinh,Doctor,13783026.71,2019-11-20,Mass
C00527,Anh Trung Hoàng,Female,1984-12-19,Can Tho,IT Specialist,13146327.84,2019-04-09,Mass
C00528,Hưng Thị Vũ,Female,1997-05-17,Dong Nai,Government Employee,28612996.88,2022-02-11,Affluent
C00529,Quý ông Khoa Mai,Female,1991-09-12,Dong Nai,Student,18090045.35,2020-06-14,Mass
C00530,Ánh Trần,Female,1985-08-13,Can Tho,Bank Employee,31317083.95,2021-05-04,Affluent
C00531,Bảo Đức Đặng,Female,1982-09-19,Thanh Hoa,Business Owner,4427861.48,2018-12-23,Mass
C00532,Thành Thị Bùi,Male,1978-08-07,Dong Nai,Doctor,6527387.76,2026-04-10,Mass
C00533,Duyên Mai,Female,1994-04-06,Binh Duong,Student,8109386.25,2022-10-20,Mass
C00534,Bà Vân Vũ,Male,2005-07-20,Dong Nai,Doctor,49580424.96,2018-09-01,Affluent
C00535,Kim Mai,Female,1996-01-03,Nam Dinh,Freelancer,13547242.33,2021-08-18,Mass
C00536,Bác Trọng Hoàng,Female,1991-05-07,Nam Dinh,Freelancer,14180544.78,2023-10-09,Mass
C00537,Bảo Trần,Female,1989-10-21,Binh Duong,Engineer,7658831.08,2026-05-31,Mass
C00538,Thành Tấn Mai,Female,1980-09-05,Nam Dinh,Bank Employee,10095520.85,2019-06-28,Mass
C00539,Hoàng Hoàng Hoàng,Male,2007-09-30,Da Nang,Doctor,30781489.32,2025-08-01,Affluent
C00540,Phương Thị Nguyễn,Male,1974-07-27,Khanh Hoa,Bank Employee,16159114.56,2022-08-24,Mass
C00541,Lan Đặng,Male,1994-08-25,Ho Chi Minh City,Engineer,10619229.41,2026-05-30,Mass
C00542,Quý ông Hoàng Hoàng,Male,1994-03-28,Thanh Hoa,IT Specialist,24822945.42,2018-01-11,Mass
C00543,Bà Khoa Đặng,Female,1986-08-18,Can Tho,IT Specialist,13949186.99,2025-10-27,Mass
C00544,Quý cô Khoa Vũ,Male,1979-09-04,Dong Nai,Government Employee,13046016.73,2022-10-26,Mass
C00545,Minh Mai Bảo Hoàng,Female,1993-01-22,Nam Dinh,Sales,32997873.06,2021-10-15,Affluent
C00546,Châu Nguyễn,Female,1991-07-29,Khanh Hoa,IT Specialist,34611340.57,2025-08-27,Affluent
C00547,Dũng Đức Bùi,Female,1982-09-12,Hai Phong,Bank Employee,35549703.9,2023-02-26,Affluent
C00548,Nam Hoàng,Male,1982-07-17,Thanh Hoa,IT Specialist,11665734.23,2022-10-19,Mass
C00549,Bác Nhiên Hoàng,Male,1989-10-16,Ba Ria - Vung Tau,Teacher,20000000.0,2021-05-21,Affluent
C00550,Cô Duyên Dương,Male,1980-05-18,Hai Phong,Bank Employee,13547169.28,2018-12-04,Mass
C00551,Quý cô Bảo Phạm,Male,1979-11-08,Quang Ninh,Office Staff,4354532.55,2021-06-05,Mass
C00552,Duyên Trần,Female,1968-06-11,Hue,Bank Employee,11427814.82,2019-01-25,Mass
C00553,Cô Chi Đặng,Male,1978-02-04,Hai Phong,Teacher,8338968.9,2023-10-29,Mass
C00554,Bảo Bảo Phạm,Female,1984-09-30,Ha Noi,Student,8299632.22,2019-05-09,Mass
C00555,Phương Mai Bảo Nguyễn,Female,1997-02-27,Can Tho,Teacher,23448760.2,2020-07-26,Mass
C00556,Chị Phương Đặng,Male,1993-08-11,Hai Phong,Sales,12948865.21,2021-05-10,Mass
C00557,Quý ông Dũng Lê,Male,1981-07-29,Ho Chi Minh City,Bank Employee,14273366.39,2023-12-13,Mass
C00558,Bác Tùng Đặng,Female,1988-11-25,Ho Chi Minh City,Teacher,13635040.69,2026-02-07,Mass
C00559,Trọng Dương,Male,1964-07-24,Ba Ria - Vung Tau,Accountant,11760424.88,2022-12-18,Mass
C00560,Chị Thảo Mai,Female,1988-08-20,Ba Ria - Vung Tau,Engineer,17333407.15,2019-05-20,Mass
C00561,Quang Vũ,Female,1978-03-24,Da Nang,Accountant,18180821.17,2019-07-27,Mass
C00562,Trung Dương,Male,1982-11-09,Hai Phong,Doctor,8043424.54,2024-09-23,Mass
C00563,Châu Phú Mai,Female,1973-05-15,Dong Nai,Student,8034025.92,2025-05-20,Mass
C00564,Khoa Trần,Female,1987-06-21,Nghe An,Freelancer,9215714.29,2026-05-22,Mass
C00565,Kim Phú Lê,Male,1990-11-07,Ha Noi,Doctor,13463381.16,2019-04-07,Mass
C00566,Hưng Vũ,Male,1986-11-12,Khanh Hoa,Engineer,13909595.33,2018-02-19,Mass
C00567,Thành Dương,Female,1973-04-28,Quang Ninh,Accountant,40101283.93,2024-05-17,Affluent
C00568,Châu Phạm,Male,1992-12-27,Ho Chi Minh City,Teacher,46738779.3,2026-08-22,Affluent
C00569,Bà Xuân Mai,Male,1976-12-10,Hai Phong,Office Staff,7808742.31,2018-06-13,Mass
C00570,Hoàng Trần,Female,1984-03-15,Nghe An,Business Owner,15337750.0,2023-08-15,Mass
C00571,Chị Ngọc Mai,Female,1994-02-28,Can Tho,Accountant,19421953.2,2024-01-07,Mass
C00572,Chị Ngọc Trần,Female,1992-07-16,Nam Dinh,Engineer,12539183.34,2023-09-26,Mass
C00573,Thành Mai Bảo Trần,Female,1992-07-15,Nghe An,Sales,12065610.71,2025-02-11,Mass
C00574,Cô Phương Lê,Female,2002-11-02,Ho Chi Minh City,Bank Employee,7249183.49,2025-11-01,Mass
C00575,Hải Mai Bảo Dương,Male,1973-06-07,Ha Noi,Doctor,8921554.28,2022-11-15,Mass
C00576,Bà Linh Vũ,Male,2000-11-21,Khanh Hoa,Office Staff,5647540.33,2026-04-26,Mass
C00577,Xuân Trần,Female,1998-07-04,Hai Phong,Office Staff,23533410.23,2025-11-13,Affluent
C00578,Cô Xuân Lê,Male,1972-01-27,Da Nang,Government Employee,17087421.89,2026-01-31,Mass
C00579,Bảo Thị Bùi,Male,1998-03-25,Quang Ninh,Student,68791404.54,2021-01-05,Affluent
C00580,Anh Khoa Nguyễn,Female,1980-08-06,Dong Nai,Office Staff,10710404.64,2022-10-25,Mass
C00581,Thảo Hoàng,Male,2008-08-27,Nam Dinh,Student,250021575.22,2025-01-14,Premium
C00582,Thành Vũ,Male,2006-02-08,Nghe An,Sales,6746454.37,2024-05-10,Mass
C00583,Quý ông Hoàng Mai,Male,1979-07-18,Nam Dinh,Engineer,72767817.01,2025-07-24,Affluent
C00584,Bác Trung Trần,Female,1975-06-13,Can Tho,Government Employee,14618309.84,2018-02-20,Mass
C00585,Phúc Mai Vũ,Male,1984-02-06,Da Nang,Accountant,45212460.75,2020-01-04,Affluent
C00586,Cô Nhật Đặng,Female,1982-09-17,Nghe An,Student,38080619.9,2022-09-14,Affluent
C00587,Nhiên Phạm,Male,1989-05-29,Hue,Student,11739967.6,2018-11-16,Mass
C00588,Quý cô Kim Mai,Female,1999-08-01,Nghe An,Bank Employee,32173577.41,2020-01-05,Affluent
C00589,Vũ Hữu Trần,Male,2008-01-08,Ha Noi,Accountant,11594000.67,2023-03-21,Mass
C00590,Chị Nhật Đặng,Female,2001-04-24,Da Nang,Engineer,8155156.19,2018-02-02,Mass
C00591,Cô Thảo Bùi,Male,1989-05-07,Khanh Hoa,Business Owner,53140999.42,2020-09-20,Affluent
C00592,Quý cô Vi Vũ,Male,1979-12-08,Thanh Hoa,Doctor,21849933.55,2024-02-17,Affluent
C00593,Khoa Văn Vũ,Female,2001-05-28,Quang Ninh,Office Staff,145689648.09,2018-04-08,Premium
C00594,Quang Thị Trần,Male,2001-04-06,Ho Chi Minh City,Student,32719070.92,2021-10-04,Affluent
C00595,Bác Phúc Bùi,Male,1983-11-03,Hue,Student,26176046.19,2019-03-02,Affluent
C00596,Tú Vũ,Male,1989-06-04,Hue,IT Specialist,60000000.0,2019-08-07,Premium
C00597,Trọng Hải Phạm,Female,1997-08-15,Ha Noi,Doctor,38524046.92,2023-10-30,Affluent
C00598,Quý cô Bảo Dương,Male,2008-03-22,Thanh Hoa,Student,14000216.7,2019-01-27,Mass
C00599,Huy Mai Bảo Mai,Female,1990-11-11,Binh Duong,Accountant,14560001.33,2024-05-14,Mass
C00600,Chị Dương Hoàng,Male,1987-10-30,Quang Ninh,Doctor,19343487.51,2021-07-14,Mass
C00601,Phương Dương,Female,1989-03-16,Can Tho,Student,10325480.86,2023-01-29,Mass
C00602,Vũ Đức Nguyễn,Male,1989-08-26,Bac Ninh,Teacher,41195847.82,2024-07-22,Affluent
C00603,Chị Lan Đặng,Male,1990-08-10,Quang Ninh,IT Specialist,12171701.91,2022-07-24,Mass
C00604,Ông Trung Hoàng,Male,1998-04-01,Dong Nai,Doctor,9515207.69,2023-03-13,Mass
C00605,Ông Minh Dương,Male,2006-07-30,Hai Phong,Teacher,59158547.44,2021-05-31,Affluent
C00606,Chi Lê,Female,2003-10-09,Khanh Hoa,Office Staff,9415806.6,2021-09-04,Mass
C00607,Nhật Thị Mai,Male,1997-10-02,Bac Ninh,Sales,16413927.0,2018-07-20,Mass
C00608,Bác Nam Bùi,Female,1994-05-22,Binh Duong,Teacher,18571281.37,2022-07-15,Mass
C00609,Nam Phạm,Female,1997-12-21,Can Tho,Government Employee,13230894.75,2023-03-08,Mass
C00610,An Bùi,Male,2000-07-21,Hai Phong,Office Staff,25424387.33,2020-06-29,Mass
C00611,Vũ Thị Trần,Male,2004-03-08,Da Nang,Bank Employee,13374419.61,2025-03-25,Mass
C00612,Ông Khoa Bùi,Male,1983-12-09,Nam Dinh,Engineer,13870112.34,2018-09-22,Mass
C00613,Chị Hải Bùi,Male,1992-11-06,Thanh Hoa,Teacher,11466954.82,2021-09-20,Mass
C00614,Thành Mai Bùi,Male,1990-02-09,Ha Noi,Teacher,33490019.23,2022-11-10,Affluent
C00615,Hà Trí Đặng,Female,1980-03-17,Thanh Hoa,Office Staff,26012825.38,2022-10-14,Mass
C00616,Bảo Mai,Male,1997-06-14,Ba Ria - Vung Tau,Teacher,7429626.64,2023-01-01,Mass
C00617,Phương Trí Phạm,Female,1991-09-16,Khanh Hoa,Freelancer,29600904.49,2025-04-05,Mass
C00618,Vi Nguyễn,Male,1999-03-05,Ba Ria - Vung Tau,Government Employee,21297666.9,2018-12-26,Mass
C00619,Bảo Mai,Male,1972-07-29,Hue,Doctor,9886307.96,2023-11-24,Mass
C00620,Phương Hữu Phạm,Male,1983-12-31,Dong Nai,Office Staff,191814514.59,2025-12-31,Premium
C00621,Quý cô Linh Lê,Male,1994-12-28,Dong Nai,IT Specialist,11174713.74,2024-05-05,Mass
C00622,Trung Trần,Female,1997-03-17,Nam Dinh,Teacher,8412694.32,2024-09-11,Mass
C00623,Vi Bùi,Male,1998-05-11,Ha Noi,IT Specialist,7818772.37,2026-08-07,Mass
C00624,Mai Phạm,Female,1990-06-06,Quang Ninh,Engineer,9165221.22,2020-09-14,Mass
C00625,Hà Hoàng,Male,1988-09-05,Dong Nai,Doctor,6961139.44,2022-05-10,Mass
C00626,Chi Hoàng,Male,1987-07-08,Quang Ninh,Doctor,16064980.62,2026-04-12,Mass
C00627,Mai Nguyễn,Female,2007-12-01,Ha Noi,Student,39156445.01,2024-05-14,Affluent
C00628,Nhật Hải Mai,Female,1976-12-22,Bac Ninh,IT Specialist,7858001.35,2019-12-21,Mass
C00629,Cô Lan Mai,Female,1972-08-22,Ha Noi,Doctor,13895475.77,2018-03-23,Mass
C00630,Quang Hoàng,Female,1998-10-01,Da Nang,Freelancer,11768041.06,2019-06-19,Mass
C00631,Nhiên Tấn Phạm,Male,1984-07-06,Ba Ria - Vung Tau,Sales,12323506.51,2019-08-29,Mass
C00632,Hoàng Mai,Female,1985-07-24,Dong Nai,Engineer,26553086.24,2022-02-03,Affluent
C00633,Quý cô Thảo Vũ,Female,1989-03-26,Can Tho,Bank Employee,7316313.46,2019-02-18,Mass
C00634,Vân Hoàng,Male,1992-04-20,Quang Ninh,Teacher,26686979.01,2022-11-25,Affluent
C00635,Quý cô Phương Dương,Female,1999-01-25,Ho Chi Minh City,Sales,18495718.28,2024-04-20,Mass
C00636,Linh Bùi,Female,1977-11-26,Dong Nai,Sales,14851561.22,2024-08-09,Mass
C00637,Huy Bảo Lê,Female,2003-03-21,Nam Dinh,Student,10742025.79,2019-06-06,Mass
C00638,Thành Lê,Male,1977-10-06,Can Tho,Freelancer,12610219.66,2026-08-24,Mass
C00639,Anh Quang Vũ,Female,1965-09-23,Quang Ninh,Freelancer,13771040.79,2024-11-09,Mass
C00640,Quý cô An Mai,Male,1987-12-19,Hai Phong,IT Specialist,10769476.55,2026-05-11,Mass
C00641,Kim Trí Bùi,Male,1989-04-09,Da Nang,Teacher,11376413.34,2018-12-30,Mass
C00642,Bà Mai Đặng,Female,1982-10-27,Ho Chi Minh City,Student,46635346.24,2023-01-04,Affluent
C00643,Nhật Đặng,Male,1999-06-16,Bac Ninh,Student,7530602.98,2020-11-17,Mass
C00644,Phương Phạm,Female,2008-09-28,Ha Noi,Accountant,14334993.05,2022-09-15,Mass
C00645,Thảo Bùi,Female,2003-03-03,Thanh Hoa,Accountant,5648527.79,2022-03-18,Mass
C00646,Ánh Trần,Male,1986-02-01,Dong Nai,Freelancer,28716058.07,2025-09-15,Mass
C00647,Chị Chi Phạm,Male,1991-02-14,Hai Phong,Office Staff,16092903.86,2021-07-29,Mass
C00648,Khoa Văn Phạm,Male,1990-08-11,Hai Phong,Sales,11591768.93,2022-03-18,Mass
C00649,Cô Yến Dương,Male,1980-08-28,Nghe An,Engineer,10840732.41,2024-11-18,Mass
C00650,Chị Hồng Phạm,Female,1987-10-09,Ha Noi,Accountant,113732512.35,2019-11-07,Premium
C00651,Khoa Hữu Dương,Female,1998-02-21,Quang Ninh,Office Staff,16981448.31,2020-04-21,Mass
C00652,Khoa Đức Đặng,Female,1992-03-07,Can Tho,Government Employee,27899939.31,2026-03-09,Affluent
C00653,Quý ông Tú Dương,Female,1984-10-31,Nam Dinh,Business Owner,8762163.56,2018-07-23,Mass
C00654,Trung Phú Đặng,Male,1989-12-26,Binh Duong,IT Specialist,11961761.27,2022-01-17,Mass
C00655,An Hải Lê,Male,1979-08-23,Nam Dinh,Bank Employee,14168922.8,2023-05-22,Mass
C00656,Thảo Mai,Male,1991-09-20,Bac Ninh,Teacher,15976595.25,2018-12-02,Mass
C00657,Hạnh Trí Phạm,Male,1975-08-09,Nam Dinh,Accountant,14587139.1,2025-05-31,Mass
C00658,Quang Hữu Hoàng,Male,1989-11-09,Nghe An,Accountant,7581901.07,2022-04-12,Mass
C00659,Quý cô Vân Đặng,Male,2002-02-14,Ha Noi,Business Owner,10784155.82,2020-12-14,Mass
C00660,Châu Dương,Male,1997-05-17,Khanh Hoa,Office Staff,11239863.43,2025-10-23,Mass
C00661,Anh Quang Lê,Female,1990-08-21,Ho Chi Minh City,Sales,41028046.25,2022-08-23,Affluent
C00662,Quý cô Bảo Mai,Female,1990-12-06,Bac Ninh,Government Employee,14227578.45,2022-05-05,Mass
C00663,Vân Nguyễn,Female,1990-03-03,Nghe An,Bank Employee,20000000.0,2023-04-29,Affluent
C00664,Hải Nguyễn,Female,2001-06-02,Thanh Hoa,Business Owner,11409838.45,2026-01-04,Mass
C00665,Hồng Lê,Male,2003-12-12,Ba Ria - Vung Tau,Government Employee,41901711.8,2025-08-07,Affluent
C00666,Cô Yến Lê,Female,1974-07-24,Hai Phong,IT Specialist,18383863.53,2019-11-16,Mass
C00667,Mai Mai,Female,1993-06-26,Quang Ninh,Office Staff,20219769.17,2025-08-30,Mass
C00668,Bác Hưng Hoàng,Male,1988-11-16,Quang Ninh,Freelancer,10664564.96,2026-02-26,Mass
C00669,Quý ông Nam Nguyễn,Female,1997-08-28,Hai Phong,Accountant,10794559.52,2024-03-11,Mass
C00670,An Văn Mai,Male,1995-05-14,Nghe An,IT Specialist,36835900.56,2018-02-20,Affluent
C00671,Tùng Vũ,Female,1988-11-18,Khanh Hoa,Government Employee,35031997.83,2019-04-06,Affluent
C00672,Vân Bùi,Male,1986-07-21,Khanh Hoa,Freelancer,18203845.19,2019-02-15,Mass
C00673,Cô Hà Mai,Female,1979-12-22,Dong Nai,Engineer,22418324.24,2024-01-03,Affluent
C00674,Chị Lâm Hoàng,Female,2008-03-02,Nam Dinh,Accountant,16641816.91,2024-06-01,Mass
C00675,Quang Vũ,Female,2006-09-10,Quang Ninh,Business Owner,11092162.29,2024-12-07,Mass
C00676,Hà Phú Bùi,Female,2002-10-10,Hue,Office Staff,6386673.13,2021-09-19,Mass
C00677,Anh Quang Vũ,Female,1985-09-09,Can Tho,IT Specialist,43951845.3,2022-03-06,Affluent
C00678,Hải Nguyễn,Male,1997-04-29,Nam Dinh,Business Owner,20000000.0,2025-10-22,Affluent
C00679,Kim Bùi,Female,1997-06-07,Quang Ninh,Business Owner,116966993.5,2022-12-20,Premium
C00680,Phương Mai Bảo Nguyễn,Female,2007-04-18,Nam Dinh,Student,12795360.21,2025-03-29,Mass
C00681,Yến Lê,Male,1991-02-19,Bac Ninh,Accountant,41643092.62,2026-07-08,Affluent
C00682,Nhật Bùi,Female,1989-03-26,Binh Duong,Office Staff,8536341.5,2019-10-14,Mass
C00683,Nhiên Đức Mai,Male,1976-10-08,Nghe An,Accountant,11352310.59,2023-11-18,Mass
C00684,Mai Phạm,Female,1991-09-19,Quang Ninh,Doctor,26452949.75,2020-04-02,Affluent
C00685,Bác Hưng Trần,Female,1995-05-28,Ha Noi,IT Specialist,8804172.0,2022-01-16,Mass
C00686,Tùng Hoàng,Female,1992-05-15,Da Nang,IT Specialist,21845711.19,2025-02-15,Mass
C00687,Lan Đặng,Female,2005-10-16,Ha Noi,Doctor,6822051.01,2024-08-30,Mass
C00688,Mai Hoàng,Male,1974-02-07,Khanh Hoa,Government Employee,11152273.33,2019-11-01,Mass
C00689,Quý cô Hà Vũ,Female,1998-05-22,Can Tho,Student,17268314.5,2018-04-23,Mass
C00690,Chị Khoa Bùi,Male,1997-07-10,Binh Duong,Freelancer,60530718.23,2020-05-27,Affluent
C00691,Thành Trí Trần,Female,1982-11-08,Bac Ninh,Bank Employee,10116195.53,2025-04-22,Mass
C00692,Hưng Đức Bùi,Male,1967-09-29,Binh Duong,Bank Employee,9707574.21,2019-06-26,Mass
C00693,Cô Linh Hoàng,Female,1981-12-02,Dong Nai,Office Staff,13325227.63,2024-10-27,Mass
C00694,Thành Văn Vũ,Female,1976-05-03,Can Tho,Student,20726966.22,2022-10-02,Mass
C00695,Quý ông Quang Đặng,Female,1990-04-08,Thanh Hoa,Business Owner,9218482.12,2021-05-22,Mass
C00696,Kim Xuân Hoàng,Female,1984-11-19,Hue,Freelancer,9465998.47,2023-09-27,Mass
C00697,Hà Thế Phạm,Other,1968-03-31,Nghe An,Bank Employee,12587371.07,2021-03-03,Mass
C00698,Hà Vũ,Male,1995-08-08,Thanh Hoa,Engineer,12801274.76,2021-02-06,Mass
C00699,Quý cô Nhật Lê,Female,2005-05-11,Nam Dinh,Bank Employee,26150383.35,2025-04-22,Affluent
C00700,Thành Phú Trần,Male,1977-07-22,Nghe An,Doctor,28739709.65,2024-09-23,Affluent
C00701,An Vũ,Male,2002-04-20,Ho Chi Minh City,Teacher,41113802.29,2025-05-08,Affluent
C00702,Bác Anh Trần,Female,1977-05-08,Nam Dinh,Accountant,15433497.48,2026-04-06,Mass
C00703,Cô Bảo Bùi,Male,1979-10-09,Khanh Hoa,Doctor,9207592.07,2025-12-31,Mass
C00704,Quý ông Tú Nguyễn,Male,2005-12-30,Ho Chi Minh City,IT Specialist,54912892.5,2025-07-14,Affluent
C00705,Thành Mai,Male,1994-05-02,Binh Duong,Teacher,32462908.37,2024-04-05,Affluent
C00706,Khoa Hoàng,Male,1976-08-18,Thanh Hoa,Teacher,41355981.41,2026-02-18,Affluent
C00707,Thành Văn Vũ,Female,1985-07-03,Ho Chi Minh City,Sales,25601667.1,2020-06-29,Mass
C00708,Kim Quang Mai,Male,1998-04-27,Hue,Sales,16604117.3,2024-07-26,Mass
C00709,Chị Dương Bùi,Male,1990-08-04,Thanh Hoa,Office Staff,37936956.6,2024-07-18,Affluent
C00710,Chị Hạnh Vũ,Female,1973-11-24,Hai Phong,IT Specialist,40759901.36,2023-08-12,Affluent
C00711,Châu Lê,Male,1984-10-21,Hue,Government Employee,17466490.52,2018-08-10,Mass
C00712,Bảo Bùi,Female,1995-07-17,Quang Ninh,Doctor,8945792.11,2024-05-21,Mass
C00713,Huy Vũ,Female,2002-02-08,Quang Ninh,Sales,20000000.0,2020-01-09,Affluent
C00714,Ông Quang Vũ,Female,1968-02-02,Da Nang,Bank Employee,64321042.95,2021-07-07,Premium
C00715,Quý cô Duyên Hoàng,Female,1993-09-30,Thanh Hoa,Business Owner,10891928.33,2019-11-22,Mass
C00716,Quý cô Hương Lê,Female,1987-07-15,Thanh Hoa,Engineer,15965253.02,2022-11-12,Mass
C00717,Nam Bùi,Female,1981-03-13,Hue,IT Specialist,9784793.98,2018-06-04,Mass
C00718,Trọng Hữu Đặng,Female,1992-03-25,Ha Noi,Sales,38096485.99,2023-12-16,Affluent
C00719,Bác Huy Hoàng,Male,1992-10-21,Ha Noi,Bank Employee,56687386.99,2020-07-15,Affluent
C00720,Bà Thành Hoàng,Female,1985-04-11,Nam Dinh,Teacher,15519757.27,2023-08-24,Mass
C00721,Quý cô Linh Lê,Female,1983-07-12,Hai Phong,Office Staff,18094761.92,2021-04-06,Mass
C00722,Thành Thế Dương,Male,1989-01-10,Khanh Hoa,Government Employee,7621822.15,2025-09-14,Mass
C00723,Bà Hồng Vũ,Other,1986-04-12,Ba Ria - Vung Tau,IT Specialist,9553730.79,2020-02-11,Mass
C00724,Thành Đức Hoàng,Male,1996-03-09,Ha Noi,Doctor,14733650.93,2019-06-22,Mass
C00725,Chị Dương Mai,Male,1977-09-25,Khanh Hoa,Government Employee,12089674.02,2022-02-10,Mass
C00726,Yến Dương,Female,1987-09-15,Hue,Bank Employee,21773244.08,2023-12-31,Mass
C00727,Quý cô Vi Vũ,Female,1987-12-04,Ha Noi,Bank Employee,29829437.45,2018-03-22,Mass
C00728,Kim Dương,Male,1984-08-06,Hue,IT Specialist,6479476.27,2024-02-20,Mass
C00729,Bà Lâm Vũ,Male,1981-10-11,Quang Ninh,Doctor,13712558.4,2025-01-25,Mass
C00730,Quý cô Kim Trần,Male,1976-03-05,Ho Chi Minh City,Engineer,15188219.93,2021-01-10,Mass
C00731,Quý ông Nhiên Bùi,Female,1991-10-10,Quang Ninh,Accountant,24241319.4,2019-03-06,Affluent
C00732,Phương Thị Đặng,Female,1992-11-20,Hai Phong,Business Owner,8910447.73,2019-03-12,Mass
C00733,Hà Phạm,Female,1996-11-24,Bac Ninh,Business Owner,41759275.02,2020-04-06,Affluent
C00734,Phúc Thị Hoàng,Male,1972-03-12,Nam Dinh,Teacher,13777566.94,2023-07-27,Mass
C00735,Thành Bảo Trần,Female,2003-10-13,Ba Ria - Vung Tau,IT Specialist,14020458.49,2018-01-12,Mass
C00736,Hương Vũ,Male,1977-08-22,Ba Ria - Vung Tau,Engineer,29148783.81,2025-07-03,Affluent
C00737,Chị Chi Đặng,Female,1992-08-17,Dong Nai,Government Employee,12061849.26,2026-02-11,Mass
C00738,Nhật Trí Đặng,Male,1999-05-23,Ho Chi Minh City,Doctor,15056424.87,2021-04-27,Mass
C00739,Chi Trần,Male,1992-09-07,Hai Phong,Teacher,39694307.7,2021-04-05,Affluent
C00740,Huy Trần,Male,1999-10-20,Da Nang,Accountant,30695331.4,2019-01-25,Affluent
C00741,Nhật Lê,Female,1983-09-12,Ha Noi,Teacher,10531966.35,2019-11-30,Mass
C00742,Khoa Tấn Dương,Male,1972-02-26,Khanh Hoa,Business Owner,31045603.55,2019-01-16,Affluent
C00743,Quý cô Linh Dương,Male,1988-04-11,Quang Ninh,Engineer,16631748.7,2023-02-13,Mass
C00744,Nhật Dương,Male,2006-03-16,Can Tho,IT Specialist,20637409.37,2025-04-11,Affluent
C00745,Vũ Thế Nguyễn,Female,2007-07-06,Hai Phong,Teacher,18668004.81,2018-08-29,Mass
C00746,An Đặng,Female,1997-07-12,Hai Phong,Accountant,75400043.14,2023-06-01,Affluent
C00747,Hải Lê,Female,1996-10-19,Thanh Hoa,Teacher,12800696.79,2022-01-08,Mass
C00748,Chị Vân Lê,Female,1973-10-22,Ba Ria - Vung Tau,Student,223097153.22,2019-06-20,Premium
C00749,Tùng Bảo Dương,Male,1968-02-02,Hai Phong,Accountant,18317095.98,2018-09-17,Mass
C00750,Quý cô Dương Lê,Male,1979-04-29,Ha Noi,Student,41808770.84,2023-11-20,Affluent
C00751,Quý cô Kim Nguyễn,Female,1981-12-14,Can Tho,Freelancer,9894624.69,2025-07-06,Mass
C00752,Quý cô Duyên Bùi,Female,2000-01-09,Nghe An,Student,34964586.13,2019-01-26,Affluent
C00753,An Hoàng Phạm,Male,1992-05-28,Thanh Hoa,Sales,10239746.18,2025-03-12,Mass
C00754,Vũ Hoàng,Male,1982-12-24,Ba Ria - Vung Tau,Freelancer,16764498.61,2025-03-20,Mass
C00755,Phương Lê,Female,1990-01-18,Binh Duong,IT Specialist,54522152.44,2019-11-09,Affluent
C00756,Dũng Hoàng Dương,Male,2003-01-22,Da Nang,Doctor,11213583.31,2021-02-13,Mass
C00757,Hạnh Dương,Male,1998-06-09,Nghe An,Bank Employee,6243986.46,2020-08-20,Mass
C00758,Trọng Hữu Hoàng,Male,1991-02-18,Dong Nai,Freelancer,11499401.86,2023-08-04,Mass
C00759,Khoa Đức Đặng,Male,1974-08-08,Thanh Hoa,Student,14964649.79,2019-02-25,Mass
C00760,Bảo Xuân Vũ,Male,2002-09-12,Nghe An,Government Employee,22961962.63,2019-01-08,Mass
C00761,Hải Lê,Female,1976-11-24,Ho Chi Minh City,Business Owner,41678165.08,2024-04-22,Affluent
C00762,Tú Hải Vũ,Male,1992-10-24,Thanh Hoa,Sales,8577160.52,2018-08-11,Mass
C00763,Bảo Đặng,Female,1995-02-12,Da Nang,Government Employee,48519833.25,2024-09-23,Affluent
C00764,Quý cô Kim Hoàng,Male,1969-11-06,Da Nang,Student,20594867.3,2019-02-04,Mass
C00765,Quý cô Kim Lê,Female,1996-06-10,Ha Noi,Sales,8109535.15,2025-02-08,Mass
C00766,Anh Tùng Lê,Female,1989-05-07,Nghe An,Government Employee,6462090.5,2019-03-12,Mass
C00767,Bác Hoàng Lê,Male,1987-07-12,Thanh Hoa,Teacher,33483985.7,2026-04-30,Affluent
C00768,Bảo Thị Đặng,Female,1996-08-08,Nam Dinh,Freelancer,6867228.31,2019-05-10,Mass
C00769,Chi Lê,Female,1985-03-17,Bac Ninh,IT Specialist,29830692.39,2020-02-20,Affluent
C00770,Quý cô Vân Mai,Female,2003-08-06,Dong Nai,Accountant,4391254.17,2025-02-06,Mass
C00771,Quý ông Châu Bùi,Female,1990-12-06,Hai Phong,IT Specialist,22313563.2,2024-08-10,Mass
C00772,Quý ông Phúc Trần,Female,1972-07-31,Thanh Hoa,Office Staff,10225892.25,2018-07-18,Mass
C00773,Vi Phạm,Female,1997-02-22,Binh Duong,Freelancer,14139575.51,2023-09-14,Mass
C00774,Hưng Vũ,Female,2001-07-02,Can Tho,Freelancer,13336889.13,2019-06-10,Mass
C00775,Bà Lan Dương,Male,1981-11-03,Khanh Hoa,Freelancer,50573515.42,2023-08-27,Affluent
C00776,Ông Nhiên Trần,Female,1992-03-02,Khanh Hoa,Student,32925450.71,2021-01-25,Affluent
C00777,Tùng Đặng,Male,2000-04-08,Nam Dinh,IT Specialist,27310847.16,2019-07-20,Affluent
C00778,Vi Dương,Male,1992-10-09,Ba Ria - Vung Tau,Student,13646520.45,2025-11-13,Mass
C00779,Quý cô Hương Phạm,Female,1980-04-28,Can Tho,Student,72522626.71,2025-02-04,Premium
C00780,Hưng Dương,Male,1974-06-22,Khanh Hoa,Student,10913640.07,2021-11-15,Mass
C00781,Quang Trần,Female,1991-07-28,Can Tho,Bank Employee,74164493.72,2019-12-30,Premium
C00782,Ông Quang Phạm,Female,2007-10-09,Ho Chi Minh City,Sales,45629830.51,2026-07-14,Affluent
C00783,Trọng Bảo Lê,Male,1982-02-02,Khanh Hoa,Freelancer,89356962.56,2025-12-18,Premium
C00784,Chị Lâm Nguyễn,Male,1990-01-03,Nam Dinh,Accountant,40859110.79,2023-11-12,Affluent
C00785,Tùng Đức Hoàng,Male,2008-03-17,Quang Ninh,Office Staff,9971571.68,2020-03-29,Mass
C00786,Bà Nhật Vũ,Male,1982-07-15,Nam Dinh,Bank Employee,7736159.31,2018-09-12,Mass
C00787,Nhiên Vũ,Female,1987-05-06,Bac Ninh,Government Employee,7464086.24,2023-01-28,Mass
C00788,Bảo Bùi,Male,1984-10-24,Can Tho,Government Employee,34627758.07,2026-04-29,Affluent
C00789,Thảo Lê,Female,2008-03-13,Bac Ninh,Government Employee,49638655.15,2025-10-22,Affluent
C00790,Chị Bảo Đặng,Male,1998-10-26,Ha Noi,Accountant,9036918.99,2025-09-07,Mass
C00791,Quý cô Chi Lê,Male,1987-12-26,Ha Noi,Office Staff,49399448.8,2020-04-11,Affluent
C00792,Huy Bùi,Female,2002-02-16,Binh Duong,Doctor,35653667.49,2025-11-26,Affluent
C00793,Ông Vũ Bùi,Female,1986-03-30,Dong Nai,Freelancer,15294504.98,2024-10-07,Mass
C00794,Quang Dương,Male,1989-06-26,Nam Dinh,IT Specialist,10553387.58,2025-08-28,Mass
C00795,Bác Nhiên Nguyễn,Male,2000-07-04,Can Tho,Government Employee,12367313.81,2018-06-16,Mass
C00796,Nhật Dương,Male,2001-12-20,Nam Dinh,Teacher,4316452.92,2020-11-10,Mass
C00797,Vũ Hữu Phạm,Male,1986-02-08,Can Tho,Teacher,16465772.69,2021-08-14,Mass
C00798,Lâm Mai Bảo Vũ,Female,2007-11-13,Khanh Hoa,Bank Employee,8427506.19,2024-06-03,Mass
C00799,Khoa Tấn Mai,Female,1984-08-28,Dong Nai,Student,24656241.28,2020-06-19,Mass
C00800,Quý cô Thành Nguyễn,Female,1990-01-10,Hai Phong,Government Employee,9300848.39,2024-02-03,Mass
C00801,Hương Dương,Female,1993-08-16,Da Nang,Doctor,52868673.88,2025-06-10,Affluent
C00802,Hương Lê,Male,1998-03-31,Nam Dinh,Doctor,72638376.44,2024-12-07,Premium
C00803,Quý ông Nam Bùi,Female,1995-12-19,Binh Duong,Bank Employee,8595524.29,2025-07-02,Mass
C00804,Chị Xuân Vũ,Male,1989-06-02,Ba Ria - Vung Tau,Bank Employee,21190312.3,2024-12-19,Mass
C00805,Bà Hà Đặng,Male,1987-09-14,Ho Chi Minh City,Sales,10985573.63,2019-04-10,Mass
C00806,Vũ Đặng,Male,1993-12-30,Can Tho,Business Owner,6943388.19,2023-10-19,Mass
C00807,Cô Kim Vũ,Female,1981-03-28,Nghe An,Government Employee,11677496.7,2018-06-29,Mass
C00808,Quý cô Dương Trần,Male,1991-11-04,Bac Ninh,Sales,30000000.0,2019-01-29,Mass
C00809,An Phạm,Male,1987-01-02,Nghe An,Office Staff,9223732.5,2020-05-13,Mass
C00810,Ông Hoàng Hoàng,Female,1995-06-15,Binh Duong,Bank Employee,17936946.72,2019-03-02,Mass
C00811,Quý cô Ngọc Nguyễn,Male,1988-10-09,Ba Ria - Vung Tau,Student,22734069.72,2025-04-02,Affluent
C00812,Tú Bảo Lê,Female,1980-08-30,Can Tho,Bank Employee,9497762.27,2023-02-24,Mass
C00813,Ông Quang Bùi,Female,1970-09-19,Hai Phong,Engineer,17512649.93,2020-10-28,Mass
C00814,Nhật Trần,Female,1994-12-12,Binh Duong,Doctor,51400760.6,2022-07-28,Affluent
C00815,Thành Đặng,Male,1989-11-15,Hue,Accountant,16173553.95,2022-05-15,Mass
C00816,Hoàng Bùi,Female,1985-01-04,Ha Noi,Bank Employee,27151738.16,2018-09-17,Affluent
C00817,Chị Hà Mai,Female,1997-12-06,Ha Noi,Student,47671622.6,2022-01-05,Affluent
C00818,Duyên Lê,Female,1994-08-09,Nam Dinh,Bank Employee,10418985.68,2018-12-21,Mass
C00819,Bác Trung Lê,Male,2001-02-18,Hue,Accountant,39742763.78,2018-05-07,Affluent
C00820,Khoa Mai Phạm,Male,1968-01-09,Bac Ninh,Teacher,25408612.39,2024-02-14,Affluent
C00821,Hà Lê,Male,1989-11-13,Quang Ninh,Business Owner,19671754.87,2026-03-07,Mass
C00822,Khoa Bùi,Female,1991-09-28,Nghe An,Government Employee,14058634.73,2018-06-21,Mass
C00823,Huy Tấn Lê,Male,2001-11-29,Hue,Government Employee,13940721.11,2018-12-15,Mass
C00824,Bà Dương Trần,Male,1993-04-09,Bac Ninh,Accountant,47043234.42,2023-10-01,Affluent
C00825,Bà Vi Nguyễn,Male,1977-07-04,Bac Ninh,Freelancer,76112853.56,2020-03-06,Affluent
C00826,Trung Mai,Male,1983-10-27,Dong Nai,Freelancer,38593619.18,2026-06-04,Affluent
C00827,Quý cô Thảo Nguyễn,Female,1987-12-27,Thanh Hoa,Bank Employee,10604712.18,2021-04-05,Mass
C00828,Quý cô Hồng Trần,Female,1987-05-29,Hai Phong,Doctor,32031751.28,2023-06-19,Affluent
C00829,Quý cô Dương Hoàng,Female,1989-04-04,Quang Ninh,Bank Employee,19030934.51,2019-02-14,Mass
C00830,Phương Nguyễn,Male,2002-08-26,Ba Ria - Vung Tau,Doctor,17883243.3,2023-01-20,Mass
C00831,Dũng Trí Bùi,Male,1975-11-04,Nam Dinh,Student,11514218.53,2024-05-05,Mass
C00832,Thành Xuân Dương,Female,2008-04-20,Hue,Teacher,9700417.78,2020-10-05,Mass
C00833,An Hoàng,Female,1975-10-08,Can Tho,Bank Employee,11904337.48,2022-01-12,Mass
C00834,An Vũ,Male,2001-04-14,Ba Ria - Vung Tau,IT Specialist,10056663.28,2022-01-09,Mass
C00835,Cô Xuân Nguyễn,Female,1981-01-29,Nghe An,Engineer,14530696.31,2024-10-20,Mass
C00836,Phương Thế Mai,Male,1993-05-12,Binh Duong,Teacher,31352710.98,2020-03-15,Affluent
C00837,Kim Hữu Trần,Male,1994-11-16,Hai Phong,Student,8689045.42,2018-03-18,Mass
C00838,Bà Hà Vũ,Female,1972-11-18,Ha Noi,Freelancer,10719821.3,2026-08-17,Mass
C00839,Phương Phạm,Female,1977-09-18,Nghe An,Business Owner,20437414.56,2024-01-20,Mass
C00840,Bà Kim Hoàng,Male,1980-07-21,Da Nang,Accountant,10317479.96,2026-08-29,Mass
C00841,Hạnh Bùi,Female,1986-05-09,Quang Ninh,IT Specialist,11898807.53,2019-01-06,Mass
C00842,Cô Mai Trần,Male,2000-01-17,Ha Noi,Bank Employee,13442648.79,2024-11-20,Mass
C00843,Hà Mai Hoàng,Female,2003-01-10,Quang Ninh,IT Specialist,18184951.94,2024-05-08,Mass
C00844,Thảo Lê,Female,1995-10-30,Binh Duong,Teacher,37177210.71,2023-06-04,Affluent
C00845,An Lê,Female,1987-09-14,Bac Ninh,IT Specialist,10960412.4,2020-12-18,Mass
C00846,Lan Dương,Male,1984-09-13,Ho Chi Minh City,Doctor,10162356.66,2022-01-19,Mass
C00847,Minh Đức Lê,Male,1981-02-15,Ba Ria - Vung Tau,Office Staff,7491835.01,2025-04-10,Mass
C00848,Hoàng Đức Trần,Male,1988-10-08,Nghe An,Bank Employee,62616370.98,2026-04-27,Affluent
C00849,Linh Bùi,Male,2001-12-26,Khanh Hoa,Teacher,9465900.41,2022-03-31,Mass
C00850,Minh Trần,Male,1984-11-04,Ba Ria - Vung Tau,Engineer,12778451.47,2022-03-22,Mass
C00851,Nhiên Trần,Female,1987-06-12,Nghe An,Accountant,14240957.52,2021-11-14,Mass
C00852,Quý ông Minh Đặng,Male,1984-02-01,Ba Ria - Vung Tau,Freelancer,17695344.71,2019-07-24,Mass
C00853,Chi Hoàng,Male,1986-06-09,Hai Phong,Government Employee,11028319.57,2020-05-16,Mass
C00854,Bà Bảo Vũ,Male,1983-07-17,Da Nang,Freelancer,61887154.75,2019-04-30,Affluent
C00855,Khoa Trần,Female,1992-03-04,Dong Nai,Sales,26127522.75,2023-05-27,Affluent
C00856,Cô Ngọc Nguyễn,Female,1978-02-03,Bac Ninh,Freelancer,11504902.43,2022-08-11,Mass
C00857,Cô Chi Đặng,Male,2008-09-06,Quang Ninh,Freelancer,16143286.02,2019-07-06,Mass
C00858,Bảo Xuân Nguyễn,Female,1996-09-11,Ba Ria - Vung Tau,Freelancer,11625721.35,2019-11-13,Mass
C00859,Lâm Tấn Phạm,Male,1987-07-04,Nghe An,Accountant,12827374.73,2024-04-27,Mass
C00860,Nhật Tấn Vũ,Female,1982-11-01,Binh Duong,Business Owner,84013343.53,2020-06-06,Premium
C00861,Khoa Đặng,Male,1985-02-05,Binh Duong,IT Specialist,10957951.01,2022-08-10,Mass
C00862,Phương Nguyễn,Female,1981-12-11,Binh Duong,Teacher,14883977.06,2023-09-24,Mass
C00863,Chị Phương Nguyễn,Male,2000-10-14,Da Nang,IT Specialist,17549060.06,2018-10-09,Mass
C00864,Hà Mai Vũ,Male,1996-03-18,Quang Ninh,Engineer,15922399.31,2023-11-12,Mass
C00865,Dũng Trần,Female,1986-01-19,Ho Chi Minh City,Accountant,60752192.04,2024-10-16,Affluent
C00866,Ông Quang Phạm,Male,1993-02-01,Ba Ria - Vung Tau,Freelancer,10619009.79,2023-12-17,Mass
C00867,Nhiên Vũ,Female,1991-08-04,Hai Phong,IT Specialist,10791877.05,2024-10-07,Mass
C00868,Quý cô Linh Hoàng,Female,1982-10-05,Ba Ria - Vung Tau,Bank Employee,6815489.82,2023-11-09,Mass
C00869,Anh Tùng Phạm,Male,2002-09-08,Can Tho,Government Employee,8257943.84,2023-05-29,Mass
C00870,Cô Kim Nguyễn,Female,1980-03-24,Da Nang,Freelancer,58471068.32,2026-07-17,Affluent
C00871,Bà Dương Nguyễn,Female,1991-12-13,Hai Phong,Accountant,11311490.26,2023-05-09,Mass
C00872,Nam Hữu Vũ,Female,1990-08-22,Nam Dinh,Freelancer,49596067.8,2022-08-01,Affluent
C00873,Lâm Mai,Male,2001-09-28,Can Tho,Student,37594537.34,2024-06-25,Affluent
C00874,Quý cô Chi Nguyễn,Female,1980-01-13,Ha Noi,Accountant,14300430.04,2025-09-18,Mass
C00875,Bà Hà Nguyễn,Female,1988-03-08,Da Nang,Engineer,17035046.52,2025-04-22,Mass
C00876,Quý cô Yến Đặng,Female,2008-05-18,Binh Duong,Government Employee,15213193.0,2022-02-06,Mass
C00877,Ông Nhiên Trần,Female,1997-10-18,Hue,Doctor,6322945.35,2024-04-02,Mass
C00878,Quý cô Hà Hoàng,Male,1985-03-29,Nghe An,Government Employee,19408034.71,2021-06-10,Mass
C00879,Hồng Lê,Female,1991-10-07,Hue,Student,16750242.59,2025-05-24,Mass
C00880,Bà Thảo Đặng,Male,1973-06-12,Thanh Hoa,Student,169209225.08,2019-02-15,Premium
C00881,Nhật Tấn Đặng,Male,1972-03-16,Dong Nai,Sales,43727898.53,2024-11-20,Affluent
C00882,Bác Quang Trần,Female,1989-10-07,Ha Noi,Teacher,6849794.25,2025-02-17,Mass
C00883,Chị Vi Hoàng,Male,1993-08-17,Binh Duong,Teacher,8933161.3,2024-09-24,Mass
C00884,Bảo Trần,Male,1967-09-07,Nam Dinh,Doctor,11283557.93,2024-10-30,Mass
C00885,Quý cô Nhật Đặng,Male,1989-03-21,Ba Ria - Vung Tau,Accountant,14554882.89,2023-11-05,Mass
C00886,Hà Phú Phạm,Male,1989-12-02,Ha Noi,Teacher,21718718.97,2022-12-04,Mass
C00887,Bác Bảo Vũ,Male,1996-10-30,Ba Ria - Vung Tau,Government Employee,12845830.18,2018-05-18,Mass
C00888,Hà Lê,Female,1999-01-13,Nghe An,Student,7560208.51,2019-11-26,Mass
C00889,Trọng Nguyễn,Female,1997-03-31,Bac Ninh,Bank Employee,11845449.33,2019-10-07,Mass
C00890,Bà Lan Trần,Male,1995-05-14,Dong Nai,Accountant,9417402.49,2022-06-07,Mass
C00891,Bà Hồng Mai,Male,2006-06-19,Nghe An,Office Staff,34138179.44,2018-10-09,Affluent
C00892,Dương Vũ,Female,2006-12-22,Nam Dinh,Student,43963724.5,2024-07-15,Affluent
C00893,Phúc Nguyễn,Male,1990-05-15,Bac Ninh,Freelancer,60000000.0,2023-02-06,Premium
C00894,Nhật Hải Trần,Female,1993-12-12,Ha Noi,Business Owner,9222553.1,2023-09-05,Mass
C00895,Ông Hoàng Trần,Male,1987-08-28,Nghe An,Business Owner,19183764.18,2019-04-25,Mass
C00896,Ngọc Phạm,Female,2008-05-20,Ba Ria - Vung Tau,Government Employee,36228854.44,2024-06-12,Affluent
C00897,Chị Kim Đặng,Male,1992-02-19,Hue,Freelancer,15178435.09,2020-09-23,Mass
C00898,Khoa Hoàng,Female,1988-02-12,Ho Chi Minh City,IT Specialist,27931560.83,2018-04-23,Affluent
C00899,Vũ Nguyễn,Male,1994-05-23,Hai Phong,Accountant,9082028.76,2020-06-21,Mass
C00900,Lâm Dương,Female,1979-06-11,Dong Nai,Sales,12089843.58,2021-12-17,Mass
C00901,Cô Thành Trần,Female,1970-10-04,Can Tho,Business Owner,11747910.15,2019-01-16,Mass
C00902,Chi Nguyễn,Male,1998-04-09,Hai Phong,Government Employee,60000000.0,2023-05-06,Premium
C00903,Quý cô Nhật Bùi,Male,2008-06-09,Ba Ria - Vung Tau,Freelancer,6892673.73,2026-05-15,Mass
C00904,Ông Thành Bùi,Female,1988-06-28,Thanh Hoa,Student,14338674.65,2026-04-01,Mass
C00905,Bà Lâm Lê,Male,2008-05-16,Bac Ninh,Doctor,16414581.57,2020-10-19,Mass
C00906,Anh Dương,Female,1996-04-02,Quang Ninh,Engineer,12632643.33,2018-11-18,Mass
C00907,Cô Khoa Hoàng,Female,1972-11-02,Thanh Hoa,Freelancer,16424931.77,2024-01-27,Mass
C00908,Bà Chi Bùi,Female,1993-01-29,Da Nang,Freelancer,8784504.97,2024-06-11,Mass
C00909,Ông Vũ Vũ,Female,2008-01-21,Quang Ninh,Government Employee,9329701.19,2020-06-28,Mass
C00910,Bảo Bảo Phạm,Female,1993-07-29,Ha Noi,Government Employee,26028554.97,2023-05-14,Affluent
C00911,Cô Hồng Đặng,Female,1992-09-16,Nghe An,Sales,12327158.16,2025-09-12,Mass
C00912,Quý ông Quang Hoàng,Female,1993-02-10,Hai Phong,Student,9558260.42,2021-07-16,Mass
C00913,Thành Đức Lê,Female,1989-09-27,Ho Chi Minh City,Doctor,14007401.62,2019-02-17,Mass
C00914,Linh Hoàng,Male,2001-11-21,Binh Duong,Business Owner,19662887.64,2020-12-12,Mass
C00915,Cô Xuân Vũ,Male,1992-02-04,Khanh Hoa,Sales,12079430.14,2023-08-05,Mass
C00916,Vi Dương,Male,1983-03-05,Can Tho,Sales,13020594.49,2022-06-29,Mass
C00917,Nhiên Hải Lê,Male,1980-07-05,Khanh Hoa,Teacher,112170479.46,2025-09-10,Premium
C00918,Lâm Phạm,Male,1997-08-11,Can Tho,Business Owner,39009262.54,2024-03-24,Affluent
C00919,Tùng Nguyễn,Male,2003-03-19,Bac Ninh,Teacher,36158641.77,2026-04-14,Affluent
C00920,Quý cô Linh Lê,Male,1991-09-29,Quang Ninh,Accountant,11156984.89,2025-01-27,Mass
C00921,Chị Khoa Đặng,Female,1992-04-24,Dong Nai,IT Specialist,6210612.26,2024-04-21,Mass
C00922,Nhiên Văn Đặng,Female,1997-09-07,Hue,Engineer,12396353.6,2018-09-03,Mass
C00923,Chị Nhật Mai,Male,1989-05-26,Thanh Hoa,Bank Employee,8374742.66,2026-05-08,Mass
C00924,Phúc Dương,Male,1977-04-05,Da Nang,Government Employee,8861760.55,2020-11-21,Mass
C00925,Hương Nguyễn,Male,1980-03-09,Hai Phong,Sales,39785653.01,2024-10-16,Affluent
C00926,Chị Ngọc Mai,Male,1997-12-11,Ho Chi Minh City,Bank Employee,22337468.32,2021-03-11,Mass
C00927,Ông Dũng Hoàng,Male,2003-10-21,Nghe An,IT Specialist,46112972.69,2023-01-05,Affluent
C00928,Chị Linh Lê,Female,1979-03-25,Khanh Hoa,Business Owner,9489534.66,2019-08-17,Mass
C00929,Hưng Văn Lê,Female,1974-11-14,Dong Nai,Sales,10994447.47,2024-11-13,Mass
C00930,Cô Phương Đặng,Female,1987-08-29,Hai Phong,Teacher,13144708.65,2021-07-08,Mass
C00931,Thành Bùi,Male,1992-05-06,Can Tho,Business Owner,15937734.64,2022-06-08,Mass
C00932,Thành Vũ,Male,1982-02-20,Dong Nai,Sales,20713558.16,2023-11-04,Affluent
C00933,Hoàng Xuân Bùi,Female,1976-03-09,Quang Ninh,Teacher,21255176.49,2019-05-28,Affluent
C00934,Bác Phúc Mai,Female,1978-11-02,Nam Dinh,Student,49075484.0,2018-11-24,Affluent
C00935,Quang Xuân Bùi,Male,2003-03-11,Hai Phong,Engineer,10392887.2,2023-04-23,Mass
C00936,Khoa Lê,Female,2003-09-17,Dong Nai,Accountant,11130446.59,2018-12-07,Mass
C00937,Cô Nhật Hoàng,Male,1993-11-20,Quang Ninh,Engineer,15764929.74,2022-05-16,Mass
C00938,Khoa Thị Lê,Male,1976-06-02,Can Tho,Business Owner,19558226.36,2019-06-02,Mass
C00939,Trọng Hải Hoàng,Male,1997-07-06,Ha Noi,Office Staff,11152670.7,2021-08-25,Mass
C00940,Nhật Lê,Female,2008-02-02,Binh Duong,Government Employee,72444602.0,2024-02-25,Premium
C00941,Vũ Hải Đặng,Male,1979-10-14,Nghe An,Teacher,21122960.79,2023-02-14,Mass
C00942,Phúc Quang Đặng,Female,2003-11-09,Ba Ria - Vung Tau,Freelancer,9752699.9,2025-03-05,Mass
C00943,Ông Anh Phạm,Female,1991-04-28,Ba Ria - Vung Tau,Sales,13236300.0,2020-07-19,Mass
C00944,Cô Linh Vũ,Female,1999-02-17,Nam Dinh,Sales,13920018.94,2019-09-30,Mass
C00945,Nhật Nguyễn,Male,1996-10-01,Nghe An,Teacher,11939453.72,2023-04-06,Mass
C00946,Hồng Dương,Female,1983-10-18,Ba Ria - Vung Tau,IT Specialist,100257221.04,2023-05-09,Premium
C00947,Bảo Bảo Dương,Male,1995-02-24,Dong Nai,Business Owner,11548357.49,2018-01-30,Mass
C00948,Thành Hữu Trần,Female,1991-06-29,Hue,Government Employee,10542374.36,2020-10-20,Mass
C00949,Anh Phúc Dương,Male,1992-11-06,Hue,Accountant,20998125.24,2018-11-21,Mass
C00950,An Vũ,Male,1984-06-04,Nghe An,Freelancer,32030993.02,2025-09-05,Affluent
C00951,Linh Vũ,Male,1982-11-07,Can Tho,Government Employee,31664691.1,2022-08-19,Affluent
C00952,Hà Đặng,Male,1978-09-01,Quang Ninh,Teacher,13657398.88,2025-02-21,Mass
C00953,Quý cô Bảo Trần,Male,1992-02-14,Nam Dinh,Student,14035748.98,2020-02-09,Mass
C00954,Thành Hoàng,Male,2008-07-13,Ha Noi,Government Employee,8089266.31,2019-02-23,Mass
C00955,Ông Huy Lê,Male,2004-07-27,Can Tho,IT Specialist,36533549.03,2020-08-11,Affluent
C00956,Bảo Thị Trần,Male,1971-10-01,Thanh Hoa,Doctor,26202680.14,2021-06-30,Mass
C00957,Trung Hoàng Bùi,Female,1983-01-23,Da Nang,IT Specialist,14299180.33,2018-05-10,Mass
C00958,Khoa Vũ,Male,2008-07-16,Ha Noi,Business Owner,29741575.68,2018-10-20,Affluent
C00959,Cô Ngọc Bùi,Female,1999-07-01,Bac Ninh,Business Owner,29052187.51,2018-02-21,Affluent
C00960,Anh Hưng Đặng,Male,1992-05-28,Hue,IT Specialist,10172367.22,2018-05-18,Mass
C00961,Hồng Trần,Male,2008-08-11,Nghe An,Bank Employee,134873093.54,2023-04-21,Premium
C00962,Trọng Dương,Male,2002-04-24,Ba Ria - Vung Tau,Sales,13048106.82,2026-03-02,Mass
C00963,Cô Ngọc Phạm,Male,1968-01-01,Nghe An,Engineer,8698251.62,2025-02-28,Mass
C00964,Bà Hà Dương,Male,2008-03-28,Ba Ria - Vung Tau,Office Staff,32122181.21,2020-06-11,Affluent
C00965,Hạnh Bùi,Female,1978-06-08,Ho Chi Minh City,Accountant,23815300.65,2019-11-17,Mass
C00966,Quý ông Anh Trần,Female,2003-12-05,Hai Phong,Accountant,40623951.39,2018-02-06,Affluent
C00967,Bảo Phú Bùi,Female,1995-12-09,Dong Nai,Student,11563166.28,2024-09-08,Mass
C00968,Phúc Mai Nguyễn,Male,1961-08-26,Bac Ninh,Teacher,7091288.33,2025-09-10,Mass
C00969,Bảo Dương,Female,1987-11-18,Ha Noi,Office Staff,14134226.4,2019-09-23,Mass
C00970,Quang Vũ,Female,1979-08-13,Quang Ninh,IT Specialist,12418667.12,2024-04-06,Mass
C00971,Lan Trần,Female,1987-04-10,Dong Nai,IT Specialist,31120086.89,2018-03-29,Affluent
C00972,Hải Đặng,Female,1988-04-03,Can Tho,Teacher,10641796.92,2018-06-11,Mass
C00973,Khoa Hải Mai,Male,1984-02-23,Nghe An,Business Owner,10543852.96,2023-07-01,Mass
C00974,Ánh Bùi,Male,1986-07-01,Nghe An,Sales,11877723.43,2023-04-03,Mass
C00975,Phương Mai Bảo Hoàng,Male,1977-12-04,Ba Ria - Vung Tau,Government Employee,11786076.14,2023-12-16,Mass
C00976,Quý cô Thảo Trần,Male,2008-04-30,Binh Duong,Business Owner,18663676.0,2023-02-03,Mass
C00977,Nhật Thị Mai,Male,1999-11-09,Nghe An,Accountant,28766691.13,2018-03-18,Affluent
C00978,Cô Nhật Lê,Female,1997-03-29,Dong Nai,Freelancer,19413330.75,2026-02-01,Mass
C00979,Chị Lâm Lê,Male,2007-12-28,Binh Duong,Accountant,30000000.0,2025-08-30,Mass
C00980,Hồng Trần,Female,1978-12-28,Quang Ninh,Freelancer,12975205.53,2022-08-06,Mass
C00981,Lâm Trí Hoàng,Female,1991-08-08,Hai Phong,Government Employee,13261307.38,2018-06-29,Mass
C00982,Dũng Trần,Female,1985-07-30,Quang Ninh,Office Staff,15040282.55,2023-06-12,Mass
C00983,Kim Mai,Male,1984-09-18,Khanh Hoa,Bank Employee,35953350.04,2025-05-18,Affluent
C00984,Phương Tấn Vũ,Male,1992-11-17,Can Tho,Freelancer,11381178.71,2022-02-09,Mass
C00985,Ông Trọng Hoàng,Male,1993-08-27,Ha Noi,Doctor,17845050.44,2018-11-24,Mass
C00986,Hà Bảo Lê,Male,1983-11-12,Ha Noi,Sales,4287786.48,2022-08-31,Mass
C00987,Cô Hà Hoàng,Female,1982-10-08,Ha Noi,Freelancer,12846409.01,2018-06-16,Mass
C00988,Hạnh Mai,Female,1991-05-01,Hai Phong,Doctor,85606636.11,2019-02-02,Premium
C00989,Huy Đức Bùi,Male,1978-06-10,Nghe An,Accountant,16718918.32,2023-11-26,Mass
C00990,Quý ông Hưng Lê,Female,1998-12-14,Ho Chi Minh City,Teacher,13837398.33,2024-04-05,Mass
C00991,Thành Lê,Male,2001-08-07,Dong Nai,Bank Employee,7404147.32,2025-07-25,Mass
C00992,An Hữu Đặng,Male,1996-10-26,Hue,Engineer,16228100.93,2020-01-09,Mass
C00993,Cô Yến Dương,Female,1980-01-21,Da Nang,Bank Employee,14360574.17,2024-09-23,Mass
C00994,Quang Nguyễn,Male,1983-04-08,Ba Ria - Vung Tau,Sales,14376127.96,2021-08-22,Mass
C00995,Khoa Thế Vũ,Female,1998-03-04,Dong Nai,Bank Employee,13958372.96,2026-02-21,Mass
C00996,Ông Quang Lê,Male,1982-06-04,Khanh Hoa,Government Employee,15625569.07,2026-08-03,Mass
C00997,Bảo Đặng,Female,1977-05-29,Da Nang,IT Specialist,15376079.1,2022-06-15,Mass
C00998,Huy Hoàng,Male,1987-09-17,Nam Dinh,Freelancer,17452086.88,2019-07-08,Mass
C00999,Lâm Dương,Other,1991-05-02,Ha Noi,Business Owner,70275295.77,2020-05-29,Premium
C01000,Quý cô Yến Dương,Female,1992-09-21,Dong Nai,Student,27990838.72,2024-03-17,Affluent
C01001,Hưng Xuân Trần,Female,1997-12-13,Ba Ria - Vung Tau,Freelancer,11408116.95,2018-06-04,Mass
C01002,Minh Bùi,Male,1999-07-14,Quang Ninh,Business Owner,10773830.74,2024-07-12,Mass
C01003,Cô Bảo Phạm,Male,2008-05-20,Dong Nai,Business Owner,12930119.66,2022-06-26,Mass
C01004,Cô Mai Nguyễn,Female,1990-06-14,Can Tho,Engineer,27391191.19,2023-05-31,Affluent
C01005,Ông Quang Phạm,Male,1982-10-17,Can Tho,Freelancer,46368442.2,2019-01-26,Affluent
C01006,Quang Dương,Female,2008-04-28,Ha Noi,Student,27841581.15,2022-04-12,Affluent
C01007,Hải Đức Nguyễn,Male,1999-09-03,Ba Ria - Vung Tau,Sales,8636009.08,2022-11-14,Mass
C01008,Bà Chi Hoàng,Male,1981-08-05,Binh Duong,Doctor,33022865.65,2024-10-03,Affluent
C01009,Anh Châu Hoàng,Female,1992-11-12,Dong Nai,Bank Employee,5950973.52,2021-06-02,Mass
C01010,Quang Xuân Vũ,Female,1984-04-24,Nghe An,Freelancer,7776965.41,2023-08-20,Mass
C01011,Hạnh Nguyễn,Female,1990-07-17,Ha Noi,Bank Employee,38037067.43,2022-05-29,Affluent
C01012,An Xuân Hoàng,Female,1975-12-07,Khanh Hoa,Government Employee,7589908.3,2022-11-05,Mass
C01013,Chị Dương Phạm,Male,2008-03-11,Quang Ninh,Teacher,12797553.12,2023-05-04,Mass
C01014,Bà Dương Bùi,Female,1971-09-13,Nghe An,Accountant,18514197.56,2022-06-21,Mass
C01015,Ánh Nguyễn,Female,1987-10-12,Quang Ninh,Teacher,10103015.92,2020-03-22,Mass
C01016,Anh Phúc Hoàng,Male,1981-11-06,Khanh Hoa,Doctor,8534915.71,2026-04-02,Mass
C01017,Mai Vũ,Female,1985-06-02,Hai Phong,Business Owner,40730985.17,2021-08-17,Affluent
C01018,Anh Bùi,Female,1978-12-16,Hai Phong,Engineer,30000000.0,2022-10-01,Mass
C01019,Thành Mai Vũ,Male,1986-06-29,Da Nang,Sales,10041930.54,2018-04-10,Mass
C01020,Quý cô Thảo Mai,Female,1991-07-09,Da Nang,Freelancer,20586289.38,2022-12-17,Affluent
C01021,Khoa Đức Nguyễn,Female,1998-02-18,Ha Noi,Doctor,10398460.81,2022-03-12,Mass
C01022,Tùng Thế Vũ,Male,1996-08-19,Hai Phong,Student,12657258.63,2024-12-18,Mass
C01023,Nhật Trần,Female,2000-05-06,Ha Noi,Sales,17765660.05,2019-04-01,Mass
C01024,Anh Tấn Vũ,Male,1990-02-04,Ha Noi,Sales,11961002.16,2024-01-13,Mass
C01025,Khoa Phạm,Male,1993-12-27,Nghe An,Business Owner,12669827.62,2024-12-26,Mass
C01026,Chị An Hoàng,Female,1981-07-25,Can Tho,Student,8858797.87,2022-03-23,Mass
C01027,Hải Tấn Lê,Female,1997-10-27,Nghe An,Office Staff,10789813.99,2018-09-04,Mass
C01028,Dương Dương,Male,2004-10-08,Khanh Hoa,Business Owner,9008480.39,2025-05-05,Mass
C01029,Anh Bùi,Female,1996-08-28,Hue,Bank Employee,16296377.81,2025-05-27,Mass
C01030,Kim Thị Hoàng,Male,1988-08-09,Ha Noi,Business Owner,37092879.91,2025-04-13,Affluent
C01031,Bà Yến Phạm,Male,1981-03-25,Nghe An,Student,11436689.03,2021-07-16,Mass
C01032,Bác Minh Vũ,Male,1985-12-03,Nghe An,Engineer,11574206.4,2023-08-13,Mass
C01033,Chị Hạnh Trần,Female,1987-12-21,Ba Ria - Vung Tau,Student,9785885.77,2020-10-10,Mass
C01034,Anh Anh Mai,Female,2008-04-25,Da Nang,IT Specialist,11449075.03,2019-10-06,Mass
C01035,Bà Hải Trần,Male,1974-10-22,Da Nang,Sales,16594677.98,2020-08-25,Mass
C01036,Bà Mai Vũ,Other,1980-01-23,Nam Dinh,Office Staff,18495961.34,2022-05-05,Mass
C01037,Thành Phú Vũ,Female,1990-09-18,Nghe An,Business Owner,12858012.37,2021-10-31,Mass
C01038,Bảo Trần,Female,1996-10-30,Quang Ninh,Engineer,31833723.16,2023-11-03,Affluent
C01039,Ông Nhiên Hoàng,Female,1983-11-26,Binh Duong,Bank Employee,18288385.8,2022-09-06,Mass
C01040,Nhật Phạm,Male,1992-07-16,Hue,Business Owner,30578320.64,2021-09-10,Affluent
C01041,Hải Bùi,Male,1990-07-28,Bac Ninh,Bank Employee,14810390.75,2024-01-27,Mass
C01042,Huy Nguyễn,Female,2006-06-18,Binh Duong,Teacher,5372231.2,2025-11-28,Mass
C01043,Chị Lâm Đặng,Female,1997-07-24,Hue,Teacher,7827610.58,2024-05-02,Mass
C01044,Khoa Mai Lê,Female,1996-04-22,Hai Phong,Government Employee,11395101.14,2026-01-25,Mass
C01045,Phúc Quang Dương,Male,1995-04-23,Binh Duong,Teacher,54113750.5,2026-08-02,Affluent
C01046,Phúc Tấn Nguyễn,Male,1987-03-07,Hue,Business Owner,13330740.39,2025-02-21,Mass
C01047,Chi Vũ,Female,1984-05-17,Quang Ninh,Doctor,8055177.55,2020-01-27,Mass
C01048,Chị Duyên Lê,Male,1978-11-27,Khanh Hoa,Business Owner,11685972.02,2024-11-13,Mass
C01049,Ông Hoàng Hoàng,Male,1983-06-09,Bac Ninh,Bank Employee,8246234.06,2018-11-22,Mass
C01050,Hải Bảo Bùi,Female,2008-01-28,Quang Ninh,Government Employee,44733155.43,2023-04-05,Affluent
C01051,Nhật Hữu Nguyễn,Female,1986-03-27,Quang Ninh,Accountant,8751180.5,2019-07-18,Mass
C01052,Vân Phạm,Male,2000-06-07,Ha Noi,Accountant,49056784.61,2018-03-03,Affluent
C01053,Nam Tấn Mai,Female,2004-03-02,Bac Ninh,Student,21324191.59,2020-04-10,Mass
C01054,Cô Dương Nguyễn,Female,2000-08-28,Quang Ninh,IT Specialist,42388014.24,2023-06-30,Affluent
C01055,Chị Yến Đặng,Female,1994-02-10,Ba Ria - Vung Tau,Doctor,14820661.44,2018-06-21,Mass
C01056,Hoàng Trần,Female,1996-03-21,Can Tho,Sales,11335383.68,2026-04-30,Mass
C01057,Phương Thế Lê,Female,1990-01-02,Nghe An,Bank Employee,25911627.98,2018-06-07,Affluent
C01058,An Vũ,Female,1982-02-16,Thanh Hoa,Office Staff,30005598.82,2020-10-03,Affluent
C01059,Bảo Mai,Female,1993-03-14,Can Tho,Office Staff,8472997.72,2023-10-16,Mass
C01060,Huy Trí Đặng,Female,2008-09-03,Bac Ninh,Business Owner,11223916.83,2021-06-01,Mass
C01061,Bác Trung Lê,Female,1964-05-16,Thanh Hoa,Teacher,15792231.64,2024-11-16,Mass
C01062,An Hải Phạm,Female,1990-10-15,Nghe An,Teacher,10945132.75,2025-03-31,Mass
C01063,Chị Nhật Nguyễn,Male,1990-01-20,Hai Phong,Teacher,41243098.76,2025-10-22,Affluent
C01064,Cô Thành Nguyễn,Female,2003-03-13,Hue,Sales,17723992.73,2020-01-03,Mass
C01065,Hải Đức Mai,Male,1982-10-06,Ba Ria - Vung Tau,Doctor,43414946.85,2019-01-05,Affluent
C01066,Duyên Nguyễn,Male,1985-10-15,Ho Chi Minh City,Student,35206582.18,2026-01-21,Affluent
C01067,Hải Nguyễn,Female,1983-08-20,Hai Phong,Student,14761782.78,2022-01-26,Mass
C01068,Yến Trần,Male,1993-10-05,Hue,Student,29466897.94,2023-09-27,Affluent
C01069,Nhật Hữu Trần,Female,1989-07-14,Hue,Government Employee,20636548.5,2026-08-13,Mass
C01070,Châu Lê,Male,2004-04-11,Khanh Hoa,Bank Employee,22535469.31,2019-10-27,Affluent
C01071,Cô Thảo Bùi,Female,1989-07-04,Dong Nai,Student,12215643.02,2021-06-15,Mass
C01072,Hải Mai,Male,1989-02-17,Nam Dinh,Bank Employee,13069617.6,2019-06-23,Mass
C01073,Trọng Hoàng,Female,1993-10-01,Khanh Hoa,Business Owner,20213664.85,2023-08-01,Mass
C01074,Quý cô Hà Mai,Female,2007-12-25,Dong Nai,Office Staff,8979396.64,2023-07-15,Mass
C01075,Hạnh Trần,Male,1991-12-06,Ho Chi Minh City,IT Specialist,6751674.62,2022-12-15,Mass
C01076,Nhật Phạm,Male,1991-11-30,Ha Noi,Doctor,57615354.95,2021-02-13,Affluent
C01077,Bà Ánh Mai,Female,1989-12-22,Binh Duong,Doctor,13009137.13,2019-08-31,Mass
C01078,Bà Yến Bùi,Male,2004-04-04,Ha Noi,Teacher,29091313.93,2025-06-25,Affluent
C01079,Phúc Nguyễn,Female,1994-11-28,Nam Dinh,Sales,31818043.43,2018-07-20,Affluent
C01080,Anh Châu Đặng,Male,1976-07-07,Quang Ninh,Bank Employee,14586530.31,2025-05-31,Mass
C01081,Cô Ngọc Trần,Female,2002-11-30,Khanh Hoa,Government Employee,13081294.67,2023-02-09,Mass
C01082,Khoa Dương,Female,1985-04-03,Ba Ria - Vung Tau,Office Staff,17884936.34,2021-05-10,Mass
C01083,Cô Phương Trần,Male,1973-03-27,Binh Duong,Engineer,25811491.61,2024-03-04,Affluent
C01084,Hạnh Phạm,Male,1999-02-02,Quang Ninh,Engineer,7727260.48,2021-01-29,Mass
C01085,Bác Anh Dương,Male,1993-03-05,Nghe An,Doctor,14127624.72,2024-11-11,Mass
C01086,Hương Lê,Male,1979-12-18,Can Tho,Bank Employee,11685208.27,2018-12-26,Mass
C01087,Ánh Vũ,Male,1993-10-15,Khanh Hoa,Student,12654614.7,2024-10-29,Mass
C01088,Dũng Bảo Trần,Female,2000-05-21,Nghe An,Freelancer,230669436.46,2021-12-20,Premium
C01089,An Nguyễn,Female,2007-11-19,Khanh Hoa,IT Specialist,12801544.82,2025-02-01,Mass
C01090,Chị Thành Đặng,Female,1968-07-08,Ba Ria - Vung Tau,Freelancer,12028593.36,2021-04-04,Mass
C01091,Bác Vũ Đặng,Female,1993-10-02,Hai Phong,Office Staff,10588841.43,2019-04-29,Mass
C01092,Phúc Đức Bùi,Female,1992-06-18,Dong Nai,Freelancer,173176200.44,2022-08-23,Premium
C01093,Nhật Đức Bùi,Male,2008-04-02,Nghe An,Bank Employee,20524277.33,2025-03-08,Mass
C01094,Quý ông Phúc Trần,Male,2006-05-08,Nam Dinh,Engineer,10930732.69,2023-09-07,Mass
C01095,Cô Bảo Trần,Female,1995-09-29,Hai Phong,Bank Employee,14744944.73,2022-06-11,Mass
C01096,Khoa Mai Bảo Hoàng,Female,2007-11-18,Ha Noi,Teacher,14106942.93,2021-10-16,Mass
C01097,Anh Trọng Bùi,Female,1968-02-06,Ba Ria - Vung Tau,IT Specialist,23252109.52,2025-03-29,Affluent
C01098,Trọng Văn Lê,Male,1988-07-16,Ho Chi Minh City,IT Specialist,28695875.69,2024-01-09,Affluent
C01099,Quý ông Tú Bùi,Female,1986-02-10,Dong Nai,Accountant,35201630.22,2018-08-18,Affluent
C01100,Ông Vũ Vũ,Female,1998-05-01,Khanh Hoa,Student,14234405.4,2024-03-24,Mass
C01101,Nam Hải Đặng,Female,1971-06-24,Khanh Hoa,Bank Employee,11224403.85,2021-12-19,Mass
C01102,Kim Phạm,Male,1983-07-21,Nam Dinh,Office Staff,7631322.16,2022-03-17,Mass
C01103,Bác Thành Lê,Female,2001-07-08,Khanh Hoa,Freelancer,14157561.27,2024-09-03,Mass
C01104,Ngọc Lê,Male,1974-05-03,Can Tho,Sales,38940391.98,2021-01-17,Affluent
C01105,Quý ông Phúc Trần,Male,1994-01-21,Ba Ria - Vung Tau,Doctor,11997024.27,2021-05-24,Mass
C01106,Bác Quang Đặng,Male,2004-04-28,Quang Ninh,Engineer,14827551.14,2018-06-03,Mass
C01107,Hưng Mai,Female,1981-08-19,Thanh Hoa,Government Employee,10243824.47,2023-05-31,Mass
C01108,Quý cô Hồng Phạm,Female,1996-07-15,Bac Ninh,Sales,37906080.34,2026-03-20,Affluent
C01109,Nhật Dương,Female,1995-04-27,Dong Nai,Sales,11725432.9,2019-02-07,Mass
C01110,Ông Châu Dương,Female,1967-01-18,Ho Chi Minh City,Teacher,11006077.88,2018-05-30,Mass
C01111,Tú Mai Bảo Nguyễn,Male,1994-01-08,Hai Phong,Office Staff,9566496.23,2018-06-30,Mass
C01112,Kim Bùi,Female,1981-12-05,Binh Duong,Engineer,11262495.11,2018-07-08,Mass
C01113,Vân Mai,Male,1997-10-29,Can Tho,Business Owner,19055638.86,2026-07-04,Mass
C01114,Ánh Trần,Male,1975-06-22,Da Nang,Doctor,9725569.05,2021-02-07,Mass
C01115,Minh Mai,Female,2008-02-16,Ho Chi Minh City,Engineer,17073651.74,2019-10-08,Mass
C01116,Quý cô Linh Đặng,Male,1998-09-24,Khanh Hoa,Government Employee,15825548.21,2020-04-26,Mass
C01117,Ánh Phạm,Female,2007-12-22,Da Nang,Business Owner,16400563.9,2025-11-25,Mass
C01118,Bác Tùng Hoàng,Female,2003-12-11,Bac Ninh,Teacher,15497428.26,2024-11-16,Mass
C01119,Bác Bảo Trần,Female,1989-12-31,Thanh Hoa,Office Staff,8593686.91,2023-04-13,Mass
C01120,Hải Phạm,Female,1995-09-07,Hai Phong,Accountant,15258215.96,2022-10-13,Mass
C01121,Linh Đặng,Male,1988-10-08,Khanh Hoa,Freelancer,14723593.29,2025-09-27,Mass
C01122,Tùng Mai,Female,1968-11-27,Da Nang,Business Owner,6940835.01,2020-03-22,Mass
C01123,Tú Thị Lê,Female,1972-10-29,Dong Nai,Government Employee,12446397.55,2026-06-23,Mass
C01124,Anh Huy Trần,Female,1999-12-15,Quang Ninh,Engineer,23482465.03,2025-11-01,Affluent
C01125,Trọng Phạm,Male,1993-02-11,Nam Dinh,Bank Employee,16568183.32,2026-08-06,Mass
C01126,Cô Xuân Bùi,Male,1992-06-06,Bac Ninh,Teacher,55074925.53,2024-12-01,Affluent
C01127,Quý cô Ánh Phạm,Male,2006-03-27,Hue,Teacher,11949333.68,2025-06-17,Mass
C01128,Tú Bảo Nguyễn,Male,2004-04-16,Thanh Hoa,IT Specialist,13628699.26,2023-05-01,Mass
C01129,Nhật Dương,Male,1981-02-02,Thanh Hoa,Teacher,10356765.96,2021-11-28,Mass
C01130,Quý cô An Mai,Female,2008-07-25,Nghe An,Engineer,12865360.94,2026-01-04,Mass
C01131,Vân Bùi,Female,1986-04-21,Nghe An,Bank Employee,13824049.79,2021-05-22,Mass
C01132,Anh Nhiên Lê,Female,1977-03-15,Khanh Hoa,Accountant,8248553.58,2020-09-25,Mass
C01133,Cô Kim Hoàng,Female,1983-02-01,Hue,Engineer,18215707.64,2025-10-13,Mass
C01134,Minh Hữu Bùi,Female,2008-02-19,Khanh Hoa,Sales,13420518.79,2020-08-25,Mass
C01135,Bà Hồng Đặng,Male,1995-10-25,Hai Phong,Student,96791687.41,2024-06-09,Premium
C01136,Bảo Lê,Female,1987-08-07,Khanh Hoa,Freelancer,10118613.54,2024-03-23,Mass
C01137,Quý cô Khoa Mai,Male,1998-02-16,Quang Ninh,Business Owner,101375470.44,2018-10-13,Premium
C01138,Tùng Đặng,Female,2001-10-15,Binh Duong,Freelancer,25269560.34,2022-04-02,Affluent
C01139,Chị Mai Hoàng,Male,1982-11-09,Ho Chi Minh City,Office Staff,8027143.51,2019-07-24,Mass
C01140,Quang Lê,Female,1982-11-14,Dong Nai,Office Staff,40210391.18,2025-05-30,Affluent
C01141,Bà Nhật Trần,Male,2007-12-31,Nam Dinh,Accountant,9466497.83,2023-01-06,Mass
C01142,Tùng Mai Bảo Hoàng,Male,1976-10-23,Ba Ria - Vung Tau,Sales,8512185.4,2025-08-15,Mass
C01143,Hải Thế Bùi,Male,1996-02-22,Can Tho,Sales,120300712.22,2024-07-14,Premium
C01144,Vân Trần,Male,1982-01-17,Hue,Teacher,32456034.72,2018-09-13,Affluent
C01145,Hồng Lê,Male,1996-12-24,Ha Noi,Office Staff,53627340.39,2022-01-11,Affluent
C01146,Dương Nguyễn,Male,1971-05-17,Binh Duong,Office Staff,16903267.86,2025-11-16,Mass
C01147,Bà Vi Lê,Female,1989-11-17,Da Nang,Student,9043205.0,2022-04-12,Mass
C01148,Anh Lê,Male,2000-06-14,Ho Chi Minh City,Teacher,14408042.92,2020-02-10,Mass
C01149,Yến Vũ,Female,1986-04-03,Binh Duong,Accountant,19598757.22,2025-07-07,Mass
C01150,Cô Linh Dương,Male,1983-09-30,Hai Phong,Bank Employee,7091015.39,2026-02-02,Mass
C01151,Khoa Mai,Female,1978-11-04,Hue,Teacher,8461998.97,2025-03-15,Mass
C01152,Quý cô Mai Mai,Female,1995-02-11,Ba Ria - Vung Tau,Student,13098224.96,2022-10-10,Mass
C01153,Hưng Bùi,Female,1969-02-18,Nghe An,Accountant,30000000.0,2023-01-18,Mass
C01154,Kim Tấn Mai,Male,1984-06-11,Quang Ninh,Accountant,11254722.67,2024-06-25,Mass
C01155,Ngọc Vũ,Female,1985-06-05,Can Tho,Government Employee,16372220.86,2024-02-16,Mass
C01156,Quý cô Ánh Phạm,Female,1994-09-15,Ha Noi,Freelancer,22493595.5,2022-02-18,Mass
C01157,Nhiên Hoàng Phạm,Male,1988-01-31,Can Tho,Engineer,14283667.2,2026-03-15,Mass
C01158,Bảo Lê,Female,1983-05-15,Thanh Hoa,Government Employee,13907968.7,2024-11-03,Mass
C01159,Bảo Lê,Male,1981-02-06,Ho Chi Minh City,Student,9668450.27,2025-07-02,Mass
C01160,Kim Nguyễn,Male,1996-11-11,Nghe An,Freelancer,8164966.87,2018-08-05,Mass
C01161,Hạnh Đức Lê,Female,1986-01-04,Dong Nai,Office Staff,15760935.25,2023-10-01,Mass
C01162,Bà An Đặng,Female,1984-12-15,Can Tho,Sales,21563002.56,2021-04-21,Mass
C01163,Anh Hưng Lê,Male,1991-09-15,Can Tho,Freelancer,42775715.99,2026-02-25,Affluent
C01164,Trọng Thị Hoàng,Female,2003-05-20,Ha Noi,Bank Employee,10479508.24,2019-11-24,Mass
C01165,Châu Hoàng,Female,1982-11-03,Nam Dinh,Student,16152783.51,2021-03-20,Mass
C01166,Vũ Tấn Mai,Male,1994-07-30,Nghe An,Engineer,34256224.52,2021-02-12,Affluent
C01167,Chị Vân Trần,Male,2006-11-18,Nam Dinh,Business Owner,31444978.41,2018-02-28,Affluent
C01168,Quý cô Phương Mai,Female,1980-11-30,Quang Ninh,Freelancer,41592071.76,2025-05-23,Affluent
C01169,Hà Phú Phạm,Male,1985-07-07,Nam Dinh,Student,12210881.01,2020-01-11,Mass
C01170,Bà Linh Đặng,Female,1990-09-17,Da Nang,Engineer,76787489.53,2024-09-05,Premium
C01171,Trung Hoàng,Female,1983-07-19,Binh Duong,IT Specialist,39711465.31,2022-08-19,Affluent
C01172,Ông Tú Đặng,Female,1985-06-05,Ho Chi Minh City,IT Specialist,29890407.48,2019-11-17,Affluent
C01173,Anh Trọng Hoàng,Male,2008-04-05,Ha Noi,Bank Employee,17617806.07,2019-04-21,Mass
C01174,Cô Dương Đặng,Male,1996-02-07,Hue,IT Specialist,8872309.48,2026-05-15,Mass
C01175,Hà Hữu Vũ,Female,1983-01-06,Bac Ninh,Accountant,10461503.91,2022-05-17,Mass
C01176,Nam Mai,Male,1979-07-24,Nghe An,Accountant,14892514.92,2023-01-13,Mass
C01177,Minh Mai Dương,Male,1983-04-27,Nghe An,Bank Employee,60000000.0,2019-02-03,Premium
C01178,Thảo Phạm,Female,1976-11-14,Da Nang,Accountant,13148981.93,2025-04-24,Mass
C01179,Minh Quang Trần,Female,1995-04-14,Nam Dinh,Business Owner,36538430.67,2020-11-11,Affluent
C01180,Cô Hải Trần,Female,2008-03-12,Thanh Hoa,Bank Employee,39564961.06,2026-03-27,Affluent
C01181,Chị Ánh Bùi,Female,2002-06-23,Nghe An,Sales,7474311.81,2020-01-07,Mass
C01182,Lâm Mai,Male,2007-09-24,Ho Chi Minh City,Office Staff,48869553.46,2018-02-18,Affluent
C01183,Hải Quang Lê,Male,1997-01-06,Hai Phong,Bank Employee,20526389.44,2020-06-17,Mass
C01184,Chi Đặng,Female,1996-05-26,Bac Ninh,Office Staff,6601727.55,2019-01-12,Mass
C01185,Hương Trần,Male,2002-11-30,Ho Chi Minh City,Doctor,163939069.93,2025-02-26,Premium
C01186,Lan Vũ,Male,1992-08-02,Hai Phong,Freelancer,9904667.35,2025-05-12,Mass
C01187,Khoa Phạm,Female,1988-11-06,Khanh Hoa,Teacher,40685952.37,2025-10-20,Affluent
C01188,Huy Bùi,Male,1978-05-09,Thanh Hoa,Bank Employee,178496657.93,2025-03-01,Premium
C01189,Quý ông Huy Đặng,Male,1994-05-14,Dong Nai,Accountant,7544282.26,2025-06-27,Mass
C01190,Hồng Trần,Female,1995-04-20,Nam Dinh,Teacher,37842477.44,2021-02-09,Affluent
C01191,Dương Hoàng,Female,2001-03-19,Hue,Sales,68190811.02,2020-11-23,Premium
C01192,Nhật Hoàng,Female,1987-05-22,Quang Ninh,IT Specialist,11797390.07,2020-04-01,Mass
C01193,Yến Trần,Female,1990-07-04,Ho Chi Minh City,IT Specialist,9202114.39,2024-01-24,Mass
C01194,Minh Đức Vũ,Female,1993-06-13,Khanh Hoa,Bank Employee,8683503.27,2022-12-14,Mass
C01195,Trọng Trần,Female,1981-08-14,Ha Noi,Engineer,17240200.88,2026-02-28,Mass
C01196,Bảo Bùi,Male,2008-02-13,Ha Noi,IT Specialist,8667477.9,2025-03-07,Mass
C01197,Hải Văn Dương,Male,2007-09-10,Ho Chi Minh City,Accountant,9558188.99,2025-11-07,Mass
C01198,Chị Bảo Bùi,Male,1991-03-17,Khanh Hoa,Office Staff,7224881.43,2026-08-24,Mass
C01199,Hoàng Vũ,Female,2001-02-19,Hue,Student,25897873.21,2018-10-15,Affluent
C01200,Nam Trí Trần,Female,1988-10-02,Hue,Student,35735741.94,2023-05-29,Affluent
C01201,Ngọc Hoàng,Male,1997-12-31,Ba Ria - Vung Tau,Sales,12766109.38,2021-05-25,Mass
C01202,Phương Quang Vũ,Male,1996-11-12,Ho Chi Minh City,Engineer,10911610.01,2021-10-24,Mass
C01203,Bà Mai Bùi,Male,1972-02-15,Dong Nai,Business Owner,19183835.39,2019-12-25,Mass
C01204,Chị Bảo Phạm,Female,2005-03-17,Ho Chi Minh City,Doctor,16043647.81,2022-05-17,Mass
C01205,Trung Trần,Female,1981-11-17,Can Tho,Sales,8028634.78,2025-02-04,Mass
C01206,Cô Phương Dương,Male,1981-06-30,Quang Ninh,Office Staff,20556615.7,2026-01-27,Mass
C01207,Hạnh Trần,Other,2003-05-31,Thanh Hoa,Accountant,8703982.35,2024-01-24,Mass
C01208,Tú Phạm,Female,1979-01-24,Nghe An,IT Specialist,111471428.38,2018-03-09,Premium
C01209,Bác Quang Lê,Male,1984-09-06,Da Nang,Student,13519226.74,2019-04-30,Mass
C01210,Cô Thảo Hoàng,Male,1985-11-04,Ho Chi Minh City,Government Employee,7543161.6,2025-08-09,Mass
C01211,Lâm Đặng,Female,1979-01-05,Quang Ninh,Student,18070181.47,2018-10-23,Mass
C01212,Quý ông Dũng Hoàng,Male,1993-07-22,Thanh Hoa,Bank Employee,11818779.12,2024-12-07,Mass
C01213,Nhiên Lê,Male,2006-10-05,Ho Chi Minh City,Teacher,14366452.69,2025-02-04,Mass
C01214,Dũng Bảo Lê,Male,1984-04-30,Binh Duong,Engineer,11741619.99,2019-12-01,Mass
C01215,Linh Phạm,Female,1978-09-04,Binh Duong,Engineer,10675801.29,2024-09-03,Mass
C01216,Quý cô Thảo Đặng,Female,1984-06-14,Hai Phong,Doctor,8398256.55,2026-04-11,Mass
C01217,Bà Nhật Dương,Female,1991-04-20,Hai Phong,Bank Employee,11289608.03,2019-07-17,Mass
C01218,Bác Khoa Dương,Male,1988-06-16,Dong Nai,Office Staff,10544160.76,2021-10-06,Mass
C01219,Bảo Hoàng,Male,1992-05-15,Quang Ninh,Accountant,16022967.47,2022-02-24,Mass
C01220,Hạnh Lê,Female,1995-02-20,Bac Ninh,Freelancer,6838747.94,2019-02-14,Mass
C01221,Bà Yến Trần,Female,1970-11-19,Khanh Hoa,Accountant,52973102.52,2018-03-06,Affluent
C01222,An Mai,Female,2005-08-19,Ha Noi,Office Staff,15276327.1,2019-01-01,Mass
C01223,Ánh Hoàng,Female,1995-12-03,Ba Ria - Vung Tau,Business Owner,13159279.5,2026-08-31,Mass
C01224,Khoa Hoàng Nguyễn,Male,1987-08-01,Bac Ninh,Teacher,11054791.12,2023-11-13,Mass
C01225,Tùng Mai,Male,1999-06-01,Quang Ninh,Freelancer,9423600.95,2024-09-08,Mass
C01226,Anh Quang Bùi,Male,2001-01-18,Khanh Hoa,Engineer,8968952.37,2021-05-18,Mass
C01227,Bà Lan Dương,Male,1991-10-01,Nghe An,Doctor,9340788.34,2023-12-12,Mass
C01228,Kim Đặng,Female,1982-11-23,Da Nang,Government Employee,20195156.62,2023-03-17,Mass
C01229,Dương Phạm,Female,1996-10-29,Bac Ninh,Business Owner,13048826.74,2019-04-07,Mass
C01230,Chị Nhật Lê,Female,1984-10-19,Binh Duong,IT Specialist,14155559.5,2019-10-17,Mass
C01231,Chị Nhật Dương,Female,1990-09-11,Ha Noi,Bank Employee,15562209.33,2020-05-08,Mass
C01232,Hưng Hải Dương,Male,1985-04-16,Khanh Hoa,IT Specialist,7781310.76,2026-04-21,Mass
C01233,Cô Thảo Đặng,Male,1981-01-03,Quang Ninh,Teacher,45674278.82,2023-06-10,Affluent
C01234,Cô Dương Phạm,Female,1999-08-26,Ba Ria - Vung Tau,Doctor,35400622.76,2024-08-24,Affluent
C01235,Thành Mai Bảo Dương,Female,1983-03-05,Bac Ninh,Student,11152311.8,2021-08-27,Mass
C01236,Ngọc Đặng,Male,1979-08-11,Da Nang,Doctor,27447141.37,2026-04-10,Mass
C01237,Nhật Mai,Male,1999-06-21,Hue,Doctor,7400451.7,2024-07-24,Mass
C01238,Anh Hoàng,Male,1987-02-23,Quang Ninh,Doctor,43458949.94,2023-02-07,Affluent
C01239,Quý cô Hải Bùi,Male,1993-03-25,Quang Ninh,IT Specialist,54126627.79,2025-02-01,Affluent
C01240,Nhiên Quang Mai,Male,2005-05-14,Bac Ninh,Sales,15293504.07,2025-10-06,Mass
C01241,Thành Phạm,Female,1997-05-11,Quang Ninh,Engineer,58625012.11,2023-02-22,Affluent
C01242,Thành Phú Dương,Male,1969-04-16,Bac Ninh,Business Owner,9175866.62,2025-02-26,Mass
C01243,Ông Minh Lê,Female,1997-07-06,Khanh Hoa,Government Employee,45296258.15,2018-12-21,Affluent
C01244,Anh Quang Trần,Male,1995-01-08,Thanh Hoa,Doctor,11810780.59,2023-03-11,Mass
C01245,Trung Lê,Male,1990-02-26,Can Tho,Doctor,6128935.28,2022-11-14,Mass
C01246,Chị Thành Hoàng,Female,1990-12-05,Quang Ninh,Freelancer,28458011.76,2022-09-08,Affluent
C01247,Hải Phạm,Female,1996-09-11,Thanh Hoa,Student,53970503.32,2018-05-18,Affluent
C01248,Thành Đức Dương,Male,2004-03-12,Thanh Hoa,Student,44670334.23,2023-01-28,Affluent
C01249,Quý ông Trung Hoàng,Female,1994-08-21,Nghe An,Office Staff,10880700.14,2022-07-24,Mass
C01250,Quý cô An Phạm,Female,1982-07-30,Da Nang,Business Owner,13516681.68,2019-01-07,Mass
C01251,Lan Hoàng,Male,1983-10-28,Nam Dinh,Teacher,46796268.16,2024-05-25,Affluent
C01252,Chị Hải Mai,Female,1994-09-20,Thanh Hoa,IT Specialist,29127333.86,2025-11-20,Affluent
C01253,Xuân Hoàng,Male,2002-03-25,Ho Chi Minh City,IT Specialist,27322892.46,2018-01-06,Affluent
C01254,Cô Bảo Vũ,Female,1958-09-05,Hue,Student,18551386.0,2018-05-14,Mass
C01255,Quý cô Khoa Hoàng,Male,2005-05-14,Can Tho,Freelancer,7553766.89,2020-04-28,Mass
C01256,Xuân Vũ,Female,1985-08-24,Khanh Hoa,Sales,41244901.32,2018-08-13,Affluent
C01257,Lâm Dương,Female,1983-10-25,Da Nang,Office Staff,10975572.5,2022-02-06,Mass
C01258,Quý ông Phúc Phạm,Male,1992-09-12,Da Nang,Sales,13459221.48,2024-04-07,Mass
C01259,Khoa Trí Hoàng,Female,1989-12-20,Can Tho,Doctor,5518750.74,2021-10-03,Mass
C01260,Bà Bảo Đặng,Male,1993-08-05,Ho Chi Minh City,IT Specialist,27110636.22,2026-06-09,Affluent
C01261,Ông Quang Bùi,Female,1988-10-09,Bac Ninh,Student,80000000.0,2021-08-05,Affluent
C01262,Bảo Đức Nguyễn,Male,1986-05-21,Nghe An,Bank Employee,10752854.56,2018-08-12,Mass
C01263,Quý cô Ánh Lê,Male,1980-04-12,Thanh Hoa,IT Specialist,14208599.93,2019-05-18,Mass
C01264,Bảo Dương,Male,1986-01-05,Ho Chi Minh City,Government Employee,41988813.58,2023-01-26,Affluent
C01265,Xuân Mai,Female,1967-10-30,Can Tho,Engineer,8077607.26,2023-02-19,Mass
C01266,Hà Dương,Male,1985-03-18,Ba Ria - Vung Tau,Teacher,8676977.5,2018-11-12,Mass
C01267,Cô Hải Bùi,Male,1984-05-16,Hai Phong,Student,8700377.11,2019-09-09,Mass
C01268,Thành Thị Mai,Female,1995-01-09,Ho Chi Minh City,Office Staff,10822477.05,2025-08-27,Mass
C01269,Lâm Mai Bảo Bùi,Female,1980-07-30,Thanh Hoa,Sales,16549662.44,2026-04-10,Mass
C01270,Nhiên Đức Bùi,Female,2004-05-03,Bac Ninh,Engineer,12232955.6,2020-08-09,Mass
C01271,Bà Nhật Phạm,Female,1998-01-08,Ho Chi Minh City,Sales,7724753.64,2021-11-05,Mass
C01272,Hạnh Hoàng,Female,1993-04-18,Thanh Hoa,Freelancer,10771865.34,2023-12-12,Mass
C01273,Hạnh Hoàng Nguyễn,Female,1964-02-25,Thanh Hoa,Business Owner,13963441.44,2021-06-09,Mass
C01274,Duyên Mai,Male,2006-05-19,Bac Ninh,IT Specialist,9847678.56,2021-03-26,Mass
C01275,Phương Nguyễn,Female,1979-09-12,Quang Ninh,Sales,24924758.34,2019-11-13,Mass
C01276,Hải Hoàng Đặng,Female,2008-07-08,Can Tho,Government Employee,6214797.33,2019-12-20,Mass
C01277,Thành Đức Lê,Female,1969-10-19,Ba Ria - Vung Tau,Bank Employee,39339626.34,2019-10-23,Affluent
C01278,Hải Đức Vũ,Male,2000-09-09,Da Nang,Freelancer,14469266.23,2020-12-02,Mass
C01279,Khoa Phú Hoàng,Male,2008-06-15,Nghe An,Student,12014185.51,2021-07-22,Mass
C01280,Thành Phạm,Female,1987-07-21,Da Nang,IT Specialist,16583383.48,2019-10-28,Mass
C01281,Phương Mai Bảo Lê,Female,2002-07-30,Ba Ria - Vung Tau,Office Staff,12365337.02,2023-08-08,Mass
C01282,Tùng Mai Bảo Vũ,Female,2001-02-08,Ba Ria - Vung Tau,Sales,13122009.89,2026-04-13,Mass
C01283,Nhiên Đặng,Female,2000-01-15,Da Nang,Bank Employee,30966866.48,2023-04-26,Affluent
C01284,Nhật Trí Trần,Female,2000-12-11,Ho Chi Minh City,Teacher,42550386.31,2026-03-04,Affluent
C01285,Quý cô Vi Lê,Female,1981-02-21,Da Nang,Student,11053967.91,2023-05-16,Mass
C01286,Lâm Mai,Female,1990-07-24,Ho Chi Minh City,Government Employee,7227546.69,2018-04-12,Mass
C01287,Thành Thị Lê,Male,1994-06-12,Thanh Hoa,Sales,11790982.38,2018-08-14,Mass
C01288,Hải Văn Trần,Female,1962-07-03,Khanh Hoa,Government Employee,8131278.68,2026-08-09,Mass
C01289,Quý cô Khoa Bùi,Male,1974-09-26,Hai Phong,Government Employee,47200557.01,2025-08-05,Affluent
C01290,Hà Vũ,Female,1987-08-21,Nghe An,Accountant,22207361.19,2021-07-25,Mass
C01291,Bà Hương Hoàng,Female,1986-01-16,Ha Noi,Bank Employee,13751011.27,2019-08-29,Mass
C01292,Yến Bùi,Female,1991-02-27,Da Nang,Accountant,18414819.69,2021-03-11,Mass
C01293,Khoa Thế Hoàng,Male,1978-05-02,Thanh Hoa,Government Employee,9639985.45,2026-03-01,Mass
C01294,Vi Lê,Female,2005-03-01,Dong Nai,IT Specialist,11177059.59,2026-03-01,Mass
C01295,Quý ông Nam Phạm,Female,1999-02-26,Can Tho,Accountant,11736140.92,2024-08-02,Mass
C01296,Trung Nguyễn,Female,1977-07-25,Bac Ninh,Business Owner,10225157.14,2023-11-22,Mass
C01297,Chị Dương Nguyễn,Female,1991-08-31,Ba Ria - Vung Tau,Freelancer,35614572.07,2018-12-29,Affluent
C01298,Quang Văn Lê,Male,1980-11-12,Ba Ria - Vung Tau,Business Owner,5465717.39,2024-03-26,Mass
C01299,Hạnh Bùi,Male,1996-12-15,Dong Nai,Teacher,12921026.45,2022-04-13,Mass
C01300,Thành Hữu Hoàng,Male,1977-01-28,Ha Noi,Business Owner,30198049.23,2021-05-29,Affluent
C01301,Cô Yến Trần,Female,2008-02-04,Bac Ninh,Office Staff,42151130.09,2019-09-23,Affluent
C01302,Phương Vũ,Male,1996-11-08,Binh Duong,Bank Employee,7913129.32,2025-05-02,Mass
C01303,Quang Đức Phạm,Female,1997-05-07,Hue,Teacher,11249489.78,2025-09-18,Mass
C01304,Quý cô Xuân Bùi,Female,1997-09-17,Hai Phong,Business Owner,5545343.3,2018-10-01,Mass
C01305,Thảo Lê,Female,1981-04-03,Khanh Hoa,IT Specialist,18748484.35,2020-11-22,Mass
C01306,Phương Đức Mai,Female,1983-02-04,Can Tho,Engineer,8058413.21,2026-03-22,Mass
C01307,Phương Vũ,Female,1993-05-23,Quang Ninh,Freelancer,11972641.71,2021-08-02,Mass
C01308,Tú Đức Mai,Male,1983-10-16,Quang Ninh,Sales,15162508.29,2021-01-21,Mass
C01309,Bảo Bùi,Male,1998-11-10,Ba Ria - Vung Tau,Sales,12349370.55,2021-04-09,Mass
C01310,Anh Dũng Dương,Female,1985-08-26,Nghe An,Doctor,54168239.96,2020-01-21,Affluent
C01311,Ông Châu Trần,Female,1982-12-03,Dong Nai,Teacher,15816860.48,2021-07-19,Mass
C01312,Vũ Bùi,Female,1989-10-18,Dong Nai,Business Owner,19659631.1,2025-10-29,Mass
C01313,Chị Vi Đặng,Female,1986-08-16,Nghe An,Freelancer,8877552.34,2019-08-12,Mass
C01314,Thành Văn Vũ,Male,1975-01-15,Nam Dinh,Sales,43151580.43,2022-08-15,Affluent
C01315,Bà Hương Bùi,Male,1995-07-11,Hai Phong,Doctor,10146046.39,2020-06-24,Mass
C01316,Vũ Xuân Dương,Female,1986-12-22,Khanh Hoa,Student,40217551.31,2023-11-24,Affluent
C01317,Quang Hoàng Hoàng,Female,1987-10-05,Nghe An,Student,38426243.99,2019-04-12,Affluent
C01318,Phúc Phạm,Male,1972-08-29,Hai Phong,Teacher,48270036.56,2023-05-19,Affluent
C01319,Anh Quang Phạm,Male,1987-10-16,Da Nang,Teacher,46420502.96,2024-09-13,Affluent
C01320,Trung Phạm,Female,2002-04-08,Quang Ninh,Student,13793274.49,2026-05-08,Mass
C01321,Chị Ánh Hoàng,Female,1971-06-17,Quang Ninh,Student,11118279.84,2020-07-17,Mass
C01322,Hoàng Đức Trần,Male,2000-06-15,Quang Ninh,Engineer,9551283.46,2026-07-23,Mass
C01323,Hải Dương,Female,2002-08-22,Ha Noi,IT Specialist,27658123.69,2018-06-24,Affluent
C01324,Vi Mai,Male,1995-09-16,Dong Nai,Bank Employee,7337206.56,2018-08-31,Mass
C01325,Ánh Dương,Male,1990-05-27,Ha Noi,Engineer,16456222.29,2018-02-12,Mass
C01326,Trọng Tấn Dương,Female,2000-07-29,Ba Ria - Vung Tau,Freelancer,20422883.72,2020-03-30,Mass
C01327,Châu Lê,Male,1985-04-08,Ha Noi,Engineer,17212052.32,2026-05-15,Mass
C01328,Thành Phạm,Female,1997-12-09,Da Nang,Sales,16183472.08,2023-08-13,Mass
C01329,Cô Phương Bùi,Female,2002-11-21,Bac Ninh,Government Employee,16387080.91,2019-02-10,Mass
C01330,Ông Minh Đặng,Female,1989-09-26,Nghe An,Doctor,41319040.69,2021-02-28,Affluent
C01331,Hải Xuân Dương,Male,2002-12-29,Ha Noi,Student,8772591.03,2020-05-26,Mass
C01332,Nhật Mai,Female,1983-10-08,Thanh Hoa,Sales,8610521.18,2020-01-29,Mass
C01333,Bác Nam Nguyễn,Male,1985-08-11,Quang Ninh,Sales,60000000.0,2022-10-04,Premium
C01334,Quý cô Duyên Trần,Male,1981-06-11,Hue,Engineer,24181577.12,2021-07-11,Affluent
C01335,Quang Đức Lê,Male,1984-08-09,Nghe An,Teacher,14937539.54,2022-01-19,Mass
C01336,Quang Vũ,Female,1997-12-20,Can Tho,Office Staff,14711300.62,2023-07-16,Mass
C01337,Bác Quang Lê,Male,1988-05-11,Thanh Hoa,Freelancer,29775785.75,2025-09-15,Affluent
C01338,Quý ông Trung Bùi,Female,2002-02-15,Bac Ninh,Government Employee,6037485.74,2022-10-19,Mass
C01339,Quang Hữu Vũ,Male,1987-08-30,Ba Ria - Vung Tau,IT Specialist,60000000.0,2022-02-14,Premium
C01340,Anh Nhiên Lê,Male,1988-10-23,Thanh Hoa,Bank Employee,10942997.72,2022-11-30,Mass
C01341,Cô Yến Vũ,Female,1982-10-24,Hai Phong,Engineer,10796162.26,2022-06-29,Mass
C01342,Quý cô Ánh Bùi,Female,1994-08-11,Can Tho,Teacher,15503431.65,2020-03-26,Mass
C01343,Chị Vi Lê,Male,1986-12-04,Binh Duong,Accountant,13404108.1,2022-10-06,Mass
C01344,Ông Phúc Bùi,Female,1985-05-15,Dong Nai,Student,22080092.81,2024-08-28,Affluent
C01345,Anh Minh Mai,Male,1981-11-10,Hue,Sales,14868884.3,2024-10-06,Mass
C01346,Châu Thế Vũ,Female,2002-01-25,Nghe An,Business Owner,11017429.12,2023-02-06,Mass
C01347,Hồng Trần,Male,1991-05-28,Thanh Hoa,IT Specialist,11448203.01,2019-07-06,Mass
C01348,Cô Lâm Vũ,Male,1987-09-07,Binh Duong,Engineer,19804021.51,2018-04-20,Mass
C01349,Ông Bảo Đặng,Female,1979-03-25,Khanh Hoa,Bank Employee,7580884.88,2021-05-25,Mass
C01350,Quang Đặng,Female,1984-08-16,Dong Nai,Engineer,19106590.19,2023-10-31,Mass
C01351,Quang Nguyễn,Female,1986-02-08,Bac Ninh,Business Owner,17579787.39,2023-07-02,Mass
C01352,Hà Phú Hoàng,Female,1968-01-05,Da Nang,Government Employee,17170709.41,2026-07-27,Mass
C01353,Chị Vi Vũ,Male,1988-02-26,Ba Ria - Vung Tau,Engineer,17299673.28,2021-07-12,Mass
C01354,Dũng Mai Bảo Dương,Female,1989-02-19,Thanh Hoa,Office Staff,12100813.9,2024-03-30,Mass
C01355,Kim Hoàng,Female,1994-04-30,Ba Ria - Vung Tau,Student,20740769.94,2022-10-31,Mass
C01356,Bảo Lê,Male,2000-03-15,Thanh Hoa,Engineer,20516621.31,2023-07-03,Mass
C01357,Bà Kim Hoàng,Female,1984-10-19,Nghe An,Freelancer,7353302.18,2024-04-21,Mass
C01358,Hà Quang Lê,Female,1986-01-18,Ha Noi,Accountant,5754012.12,2024-08-17,Mass
C01359,Quang Tấn Đặng,Female,1983-11-24,Ho Chi Minh City,Sales,45646069.67,2021-03-11,Affluent
C01360,Anh Hoàng,Male,1997-09-17,Khanh Hoa,Office Staff,12530282.86,2022-02-09,Mass
C01361,Hạnh Mai Đặng,Male,1968-12-14,Ha Noi,Bank Employee,10053243.34,2019-02-03,Mass
C01362,Quý ông Phúc Lê,Male,2002-04-01,Hue,Sales,20155734.54,2020-09-27,Mass
C01363,Lan Phạm,Male,1968-11-11,Nam Dinh,Freelancer,12015531.86,2025-09-19,Mass
C01364,Vũ Phạm,Male,1979-05-03,Hai Phong,Sales,19190650.75,2024-01-15,Mass
C01365,Quý cô Hà Trần,Male,1999-02-08,Ho Chi Minh City,Accountant,10125425.2,2022-09-22,Mass
C01366,Nhật Mai,Male,1976-10-15,Thanh Hoa,Freelancer,21642557.86,2021-07-20,Mass
C01367,Ngọc Bùi,Male,1984-03-19,Da Nang,Freelancer,8819556.86,2023-06-24,Mass
C01368,Hà Vũ,Male,1968-10-28,Bac Ninh,Sales,9964879.24,2026-07-31,Mass
C01369,Cô Hải Bùi,Female,1994-07-09,Khanh Hoa,Business Owner,13527503.26,2022-11-21,Mass
C01370,Quang Phạm,Male,1972-11-16,Binh Duong,Engineer,45220062.75,2024-01-04,Affluent
C01371,Bảo Lê,Male,1986-05-22,Ha Noi,Business Owner,120359800.96,2022-07-05,Premium
C01372,Chị An Nguyễn,Female,1989-11-18,Can Tho,Engineer,41379679.04,2024-06-26,Affluent
C01373,Dũng Mai Bảo Dương,Male,2008-04-09,Nam Dinh,Engineer,10816730.32,2023-12-16,Mass
C01374,Tùng Dương,Male,1988-06-18,Da Nang,Engineer,8020908.71,2021-05-21,Mass
C01375,Chị Khoa Hoàng,Female,1986-05-04,Hue,Bank Employee,11171229.99,2020-03-30,Mass
C01376,Quý ông Minh Mai,Male,1971-06-02,Khanh Hoa,Government Employee,20810622.5,2026-07-25,Mass
C01377,Quang Dương,Female,1996-09-22,Ho Chi Minh City,Student,11382913.9,2020-02-04,Mass
C01378,Cô Chi Vũ,Female,1991-06-16,Ho Chi Minh City,Student,83471595.1,2021-01-02,Premium
C01379,Huy Đức Lê,Female,1988-01-05,Dong Nai,Freelancer,27878713.51,2022-11-12,Affluent
C01380,Nam Nguyễn,Female,2002-11-14,Ha Noi,Government Employee,14922282.69,2023-03-10,Mass
C01381,Bà Hạnh Dương,Male,1984-07-19,Can Tho,Bank Employee,27496351.79,2022-11-19,Affluent
C01382,Yến Dương,Male,1981-09-03,Ho Chi Minh City,Doctor,28958817.74,2020-12-29,Affluent
C01383,Bác Nam Bùi,Female,1987-11-08,Quang Ninh,Business Owner,15991015.83,2020-08-25,Mass
C01384,Trọng Phạm,Male,1991-08-06,Quang Ninh,Doctor,14070296.85,2021-06-25,Mass
C01385,Vân Đặng,Male,1995-12-20,Hue,Accountant,11202571.45,2018-06-01,Mass
C01386,Quý cô Xuân Mai,Male,1993-05-16,Quang Ninh,Office Staff,9240576.07,2021-02-11,Mass
C01387,Kim Hải Lê,Female,1992-07-04,Ho Chi Minh City,Office Staff,60000000.0,2023-06-14,Premium
C01388,Kim Hải Vũ,Female,1996-09-03,Binh Duong,Engineer,10861237.16,2021-05-05,Mass
C01389,Kim Phạm,Female,1993-03-08,Ba Ria - Vung Tau,Sales,11027394.03,2019-01-05,Mass
C01390,Khoa Mai,Male,1991-07-24,Bac Ninh,Engineer,14192464.87,2023-08-12,Mass
C01391,Huy Phạm,Female,1981-01-11,Ho Chi Minh City,Freelancer,77112399.81,2023-11-22,Premium
C01392,Bảo Lê,Male,2004-08-14,Bac Ninh,Freelancer,8332729.77,2021-07-07,Mass
C01393,Tú Dương,Male,1995-12-07,Can Tho,Accountant,31493200.52,2026-05-06,Affluent
C01394,Bác Trọng Dương,Male,1999-02-27,Bac Ninh,Teacher,7623730.5,2020-05-26,Mass
C01395,Bà Ngọc Lê,Female,1996-02-19,Hue,Business Owner,36957775.1,2018-08-18,Affluent
C01396,Vân Nguyễn,Female,1984-03-27,Can Tho,Engineer,9873047.61,2022-10-02,Mass
C01397,Cô Hạnh Vũ,Male,1995-05-29,Nam Dinh,Teacher,8676014.3,2026-01-10,Mass
C01398,Quý cô Nhật Nguyễn,Male,1991-04-29,Ha Noi,Bank Employee,71221784.4,2024-10-17,Premium
C01399,Cô Lan Nguyễn,Male,1983-10-31,Dong Nai,Office Staff,6422794.98,2025-07-13,Mass
C01400,Anh Dũng Bùi,Male,1993-12-24,Hue,Business Owner,13333694.05,2025-11-09,Mass
C01401,Châu Đặng,Male,1987-10-19,Hai Phong,Government Employee,78512524.57,2022-12-18,Affluent
C01402,Ông Dũng Trần,Male,1987-03-17,Ba Ria - Vung Tau,Business Owner,8444265.24,2026-06-27,Mass
C01403,Cô Hạnh Bùi,Male,1992-06-17,Binh Duong,Teacher,20542053.22,2025-01-30,Affluent
C01404,Phương Dương,Male,1990-11-08,Hue,Office Staff,8965079.99,2018-11-25,Mass
C01405,Chị Hạnh Bùi,Female,1980-01-28,Thanh Hoa,Student,9900324.69,2021-09-24,Mass
C01406,Hương Phạm,Female,1992-08-12,Binh Duong,Teacher,9606706.09,2023-09-05,Mass
C01407,Nhật Hải Nguyễn,Male,1971-03-07,Khanh Hoa,Student,31784388.18,2026-04-10,Affluent
C01408,Quý cô Yến Trần,Male,1969-10-18,Ha Noi,Office Staff,15956396.23,2020-01-23,Mass
C01409,Quý cô Hồng Vũ,Female,1984-11-10,Quang Ninh,Office Staff,13653054.25,2025-01-17,Mass
C01410,Phúc Thị Mai,Male,1985-12-14,Hai Phong,Engineer,6111799.5,2023-10-17,Mass
C01411,Hạnh Dương,Female,1993-11-04,Dong Nai,Teacher,45100595.61,2025-09-09,Affluent
C01412,Trung Đặng,Male,1991-04-23,Thanh Hoa,IT Specialist,22960861.84,2019-07-01,Affluent
C01413,Ánh Phạm,Male,1990-10-17,Khanh Hoa,Sales,58357023.29,2020-03-24,Affluent
C01414,Lâm Bùi,Male,1977-04-01,Quang Ninh,Accountant,34354975.61,2024-05-25,Affluent
C01415,Nam Xuân Vũ,Male,1980-09-24,Ba Ria - Vung Tau,Government Employee,10555311.5,2025-01-10,Mass
C01416,Kim Phạm,Male,2008-08-14,Thanh Hoa,Doctor,8682795.63,2019-11-23,Mass
C01417,Ngọc Hoàng,Male,1972-11-25,Hue,Freelancer,10902684.8,2018-12-31,Mass
C01418,Anh Quang Trần,Female,1993-07-07,Khanh Hoa,Engineer,10804506.13,2023-11-24,Mass
C01419,Chị Chi Trần,Male,1970-02-18,Binh Duong,Bank Employee,21199811.08,2020-07-08,Mass
C01420,Hưng Thị Đặng,Female,1966-07-04,Binh Duong,Business Owner,11350261.99,2023-07-18,Mass
C01421,Cô Bảo Dương,Male,1987-02-26,Binh Duong,Doctor,7057435.61,2021-03-05,Mass
C01422,Bà Vân Đặng,Female,1974-07-03,Hue,Teacher,7973980.53,2019-08-21,Mass
C01423,Anh Nam Bùi,Male,1988-05-22,Bac Ninh,Freelancer,8173120.36,2020-10-14,Mass
C01424,Hoàng Đức Nguyễn,Male,1996-10-16,Ho Chi Minh City,IT Specialist,8951891.04,2023-04-05,Mass
C01425,Quý ông Tùng Vũ,Male,1997-04-19,Can Tho,Accountant,9936488.65,2025-12-31,Mass
C01426,Anh Nhiên Lê,Male,1997-02-27,Can Tho,Freelancer,16063883.94,2019-01-26,Mass
C01427,Dũng Mai Vũ,Female,2003-09-04,Da Nang,Doctor,12962961.16,2021-12-22,Mass
C01428,Cô Phương Lê,Other,1976-10-28,Dong Nai,Freelancer,30005753.67,2018-07-06,Affluent
C01429,Bác Anh Mai,Male,1998-01-16,Khanh Hoa,Accountant,11069826.03,2022-06-05,Mass
C01430,Bảo Văn Mai,Female,1978-07-31,Ba Ria - Vung Tau,Government Employee,12843583.15,2020-01-05,Mass
C01431,Nhật Xuân Nguyễn,Male,1996-01-18,Thanh Hoa,Sales,40467980.51,2019-06-25,Affluent
C01432,Trọng Hải Đặng,Male,2002-10-02,Nghe An,Accountant,15231756.3,2019-04-24,Mass
C01433,Hải Mai,Male,1986-07-31,Thanh Hoa,Business Owner,31912746.93,2022-10-28,Affluent
C01434,Lâm Mai Bảo Mai,Male,2000-05-19,Khanh Hoa,Business Owner,8798386.28,2022-11-20,Mass
C01435,Bà Thành Bùi,Female,1985-04-26,Can Tho,IT Specialist,50604586.39,2019-09-12,Affluent
C01436,Tú Đức Mai,Female,1997-10-30,Ho Chi Minh City,IT Specialist,14088262.39,2019-09-01,Mass
C01437,An Lê,Male,2008-06-27,Ha Noi,IT Specialist,9779520.4,2025-12-01,Mass
C01438,Cô Lâm Trần,Male,1991-08-05,Ba Ria - Vung Tau,IT Specialist,8727835.96,2021-12-31,Mass
C01439,Anh Tú Nguyễn,Female,2000-12-17,Thanh Hoa,IT Specialist,9498974.12,2026-01-27,Mass
C01440,Hải Mai Bảo Mai,Female,1987-08-02,Da Nang,Engineer,11238456.28,2021-03-09,Mass
C01441,Hưng Đặng,Male,2008-07-04,Can Tho,Government Employee,20000000.0,2024-04-26,Affluent
C01442,Cô Ngọc Phạm,Female,1996-12-06,Bac Ninh,Freelancer,120090403.35,2018-01-17,Premium
C01443,Ông Bảo Nguyễn,Female,2007-12-11,Quang Ninh,Accountant,30127217.79,2020-10-05,Affluent
C01444,Tùng Bảo Đặng,Female,1995-10-21,Hai Phong,Sales,19508004.57,2025-08-22,Mass
C01445,Ánh Hoàng,Female,1995-08-01,Hue,Sales,13721346.99,2019-03-11,Mass
C01446,Minh Nguyễn,Female,1989-07-17,Ha Noi,Engineer,5692835.09,2025-12-08,Mass
C01447,Hạnh Trần,Female,1982-02-15,Ho Chi Minh City,Business Owner,12939639.47,2018-01-24,Mass
C01448,Cô Hương Phạm,Male,1985-09-12,Ho Chi Minh City,Freelancer,400000000.0,2021-08-23,Premium
C01449,Lâm Hoàng Mai,Female,2007-12-12,Quang Ninh,Doctor,58718630.2,2025-03-21,Affluent
C01450,Chị Vân Mai,Male,1994-09-04,Can Tho,Engineer,13269547.74,2024-10-02,Mass
C01451,Nhật Đức Hoàng,Male,1991-03-13,Nam Dinh,Teacher,10344178.87,2026-08-24,Mass
C01452,Bảo Bảo Trần,Female,1997-08-17,Ha Noi,Doctor,13466898.44,2022-07-07,Mass
C01453,Chị Phương Bùi,Male,2006-10-30,Quang Ninh,Engineer,15605280.62,2022-11-06,Mass
C01454,Phúc Mai Đặng,Female,1995-04-27,Ba Ria - Vung Tau,Bank Employee,8079923.31,2022-01-10,Mass
C01455,Tùng Tấn Đặng,Female,1995-03-28,Nghe An,Doctor,18632528.1,2022-05-09,Mass
C01456,Hải Bảo Đặng,Male,1995-12-18,Khanh Hoa,Accountant,13604021.07,2022-09-27,Mass
C01457,Chị Hồng Mai,Female,1998-11-21,Quang Ninh,Accountant,15645436.82,2019-01-16,Mass
C01458,Quang Dương,Male,1983-04-14,Thanh Hoa,Bank Employee,22917933.85,2025-09-11,Mass
C01459,Quý ông Nam Nguyễn,Female,1992-01-23,Nghe An,Bank Employee,15164176.42,2018-12-10,Mass
C01460,Trọng Nguyễn,Male,1989-02-22,Hai Phong,IT Specialist,18886771.82,2019-06-08,Mass
C01461,Bà An Vũ,Female,1998-05-01,Binh Duong,Doctor,15574866.75,2021-04-25,Mass
C01462,Chị Ánh Đặng,Female,1992-12-24,Hai Phong,Office Staff,11733415.39,2023-09-23,Mass
C01463,Vi Vũ,Male,1989-08-16,Thanh Hoa,Bank Employee,37751310.13,2020-11-03,Affluent
C01464,Cô An Dương,Male,1991-12-08,Hai Phong,Government Employee,12936545.16,2026-04-22,Mass
C01465,Hoàng Trí Vũ,Female,1973-07-08,Dong Nai,Teacher,47039278.58,2018-07-05,Affluent
C01466,Nhiên Hải Phạm,Male,1980-10-10,Nam Dinh,Sales,10231465.41,2023-02-07,Mass
C01467,Khoa Trần,Female,2000-02-13,Khanh Hoa,Business Owner,16764471.33,2020-02-06,Mass
C01468,Khoa Hoàng Trần,Male,1981-08-26,Can Tho,Freelancer,20092395.02,2025-07-21,Mass
C01469,Châu Xuân Dương,Male,1997-01-01,Ha Noi,Office Staff,11073608.01,2018-02-24,Mass
C01470,Khoa Vũ,Male,2008-01-28,Thanh Hoa,Student,10459825.36,2025-05-18,Mass
C01471,Yến Hoàng,Female,1979-12-02,Can Tho,IT Specialist,10192307.48,2024-12-01,Mass
C01472,Hà Thị Đặng,Male,1982-10-26,Can Tho,Bank Employee,11225978.07,2021-05-24,Mass
C01473,Huy Bảo Trần,Male,1987-07-27,Ha Noi,Doctor,8030241.99,2018-03-07,Mass
C01474,Cô Dương Bùi,Female,1990-06-29,Binh Duong,Office Staff,4212301.02,2025-04-10,Mass
C01475,Thảo Mai,Male,1993-06-01,Hue,Bank Employee,21460329.44,2024-01-16,Affluent
C01476,Linh Mai,Male,1977-05-05,Dong Nai,IT Specialist,15752502.21,2022-09-25,Mass
C01477,Bà Phương Phạm,Male,1985-07-11,Ba Ria - Vung Tau,Teacher,55237934.12,2022-12-29,Affluent
C01478,Cô Hải Bùi,Female,2001-02-01,Ha Noi,IT Specialist,22120035.22,2020-04-04,Mass
C01479,Ông Quang Bùi,Male,1980-03-19,Ha Noi,Sales,11046485.24,2025-01-26,Mass
C01480,Thành Lê,Female,1978-02-27,Hue,IT Specialist,25114867.66,2024-09-06,Affluent
C01481,Bà Hà Dương,Female,2000-05-05,Ha Noi,IT Specialist,9697811.55,2023-10-04,Mass
C01482,Vân Bùi,Female,1995-11-23,Ba Ria - Vung Tau,Bank Employee,25492410.2,2023-06-22,Affluent
C01483,Vũ Bùi,Male,1977-09-05,Nghe An,Office Staff,10960606.41,2021-07-17,Mass
C01484,Nhật Trí Lê,Female,1987-05-20,Ba Ria - Vung Tau,Bank Employee,9828473.89,2023-04-23,Mass
C01485,Anh Châu Bùi,Male,2007-11-15,Ho Chi Minh City,Sales,13189574.74,2022-11-22,Mass
C01486,Chị Mai Trần,Male,2008-05-04,Can Tho,Doctor,11715171.76,2022-11-30,Mass
C01487,Huy Đặng,Male,2006-06-09,Khanh Hoa,Bank Employee,24057655.2,2024-10-02,Mass
C01488,Hà Bùi,Female,1979-11-04,Thanh Hoa,Teacher,36128217.16,2026-02-09,Affluent
C01489,Thành Phú Phạm,Female,1977-03-07,Binh Duong,Bank Employee,8923569.7,2022-01-15,Mass
C01490,Quang Văn Vũ,Female,1985-07-14,Khanh Hoa,Doctor,12869244.3,2026-05-27,Mass
C01491,Bà Khoa Dương,Male,1988-01-30,Quang Ninh,Teacher,18731945.37,2024-10-17,Mass
C01492,Quý cô An Phạm,Female,1982-03-07,Thanh Hoa,Business Owner,13276027.06,2024-03-30,Mass
C01493,Bà Lan Trần,Male,2008-09-19,Da Nang,Business Owner,8575338.32,2019-10-12,Mass
C01494,Nhật Nguyễn,Male,1992-01-19,Ha Noi,Engineer,12398642.38,2019-04-12,Mass
C01495,Chị Ánh Vũ,Female,2003-07-31,Nghe An,Doctor,27910235.52,2021-10-25,Mass
C01496,Linh Trần,Female,1974-09-14,Dong Nai,Government Employee,14815116.76,2019-09-12,Mass
C01497,Bảo Dương,Female,1990-01-13,Khanh Hoa,Bank Employee,11141016.86,2018-07-26,Mass
C01498,Linh Phạm,Female,2001-02-18,Dong Nai,IT Specialist,103147746.6,2026-06-23,Premium
C01499,Chị Vân Mai,Male,1988-08-10,Dong Nai,Freelancer,7770157.61,2019-02-22,Mass
C01500,Tùng Dương,Female,1987-09-13,Nghe An,Engineer,11365312.83,2019-04-29,Mass
C01501,Cô Kim Hoàng,Female,2008-03-27,Quang Ninh,Student,8879736.61,2022-12-14,Mass
C01502,Thảo Lê,Female,1995-01-20,Can Tho,Engineer,23233549.42,2022-01-29,Mass
C01503,Thảo Phạm,Male,1984-07-26,Hai Phong,Doctor,7519413.18,2022-08-30,Mass
C01504,Hưng Dương,Female,1985-10-01,Bac Ninh,IT Specialist,6982103.65,2023-08-31,Mass
C01505,Hương Bùi,Male,1979-05-23,Da Nang,Student,30386871.78,2022-01-17,Affluent
C01506,Quang Trần,Female,1992-05-30,Quang Ninh,Government Employee,19085625.81,2020-07-23,Mass
C01507,Thảo Bùi,Male,2005-02-22,Hue,Accountant,23016528.91,2023-10-16,Affluent
C01508,Quý cô Vân Trần,Female,1997-03-30,Ha Noi,IT Specialist,17259094.94,2018-02-10,Mass
C01509,Châu Quang Lê,Female,2007-01-08,Hai Phong,Engineer,4453330.27,2022-07-04,Mass
C01510,Quý cô Vân Nguyễn,Female,1995-07-10,Hue,Office Staff,14556184.13,2018-06-01,Mass
C01511,Mai Mai,Female,1976-11-12,Quang Ninh,Freelancer,10204207.89,2025-01-31,Mass
C01512,Dũng Dương,Female,1994-10-29,Ba Ria - Vung Tau,Government Employee,158654753.49,2022-09-14,Premium
C01513,Nhật Xuân Nguyễn,Male,2007-10-16,Can Tho,Government Employee,31149301.74,2026-02-03,Affluent
C01514,Quang Phú Vũ,Female,1988-04-10,Ha Noi,Business Owner,40049399.43,2024-11-05,Affluent
C01515,Bà Vi Nguyễn,Female,1995-10-09,Hue,IT Specialist,12145527.61,2024-02-08,Mass
C01516,Thành Nguyễn,Female,2007-11-17,Ho Chi Minh City,IT Specialist,9530714.66,2025-04-11,Mass
C01517,Quang Lê,Male,1986-06-25,Ba Ria - Vung Tau,Business Owner,8508823.96,2024-01-11,Mass
C01518,Thành Trí Trần,Male,1990-07-31,Nghe An,Government Employee,14031601.35,2019-01-16,Mass
C01519,Phương Hải Bùi,Female,1994-04-26,Nghe An,Sales,36836426.01,2019-10-18,Affluent
C01520,Chị Hồng Vũ,Male,2000-12-28,Khanh Hoa,Business Owner,11162865.64,2021-05-29,Mass
C01521,Bảo Trí Phạm,Female,1984-01-20,Hai Phong,Student,12677733.49,2022-03-08,Mass
C01522,Chị Bảo Vũ,Male,1997-01-15,Da Nang,Engineer,12979645.39,2025-04-20,Mass
C01523,Quý cô Bảo Hoàng,Female,1983-02-18,Nam Dinh,Freelancer,20000000.0,2023-01-31,Affluent
C01524,Bà Hà Mai,Male,1978-06-08,Dong Nai,Student,87415122.19,2024-05-05,Premium
C01525,Bảo Đặng,Female,1985-11-17,Ho Chi Minh City,Government Employee,50125112.93,2020-08-15,Affluent
C01526,Cô Thành Bùi,Male,2006-05-07,Ho Chi Minh City,Student,9361469.71,2019-07-28,Mass
C01527,Hạnh Mai Vũ,Female,1994-01-09,Can Tho,Doctor,9121122.86,2023-10-17,Mass
C01528,Chị Hà Lê,Female,1971-04-07,Thanh Hoa,Engineer,8890972.33,2022-10-10,Mass
C01529,Cô Khoa Hoàng,Female,1997-08-21,Hai Phong,Office Staff,12889883.91,2019-06-17,Mass
C01530,Trọng Hoàng,Male,2004-02-14,Hai Phong,Sales,10448081.79,2022-07-08,Mass
C01531,Chị Mai Nguyễn,Female,1987-01-12,Dong Nai,Accountant,31673803.15,2024-07-21,Affluent
C01532,Vũ Mai Bảo Lê,Female,1992-02-29,Thanh Hoa,Student,80918084.54,2023-06-29,Premium
C01533,Bác Phúc Bùi,Female,2007-02-28,Binh Duong,Teacher,13429640.93,2019-06-05,Mass
C01534,Quý ông Hoàng Lê,Male,1971-02-16,Quang Ninh,Student,12077536.27,2023-12-08,Mass
C01535,Chị Ngọc Bùi,Male,1988-06-17,Thanh Hoa,IT Specialist,15292455.68,2019-10-05,Mass
C01536,Xuân Vũ,Female,2004-03-24,Ba Ria - Vung Tau,Engineer,21775528.21,2022-08-01,Mass
C01537,Lâm Hoàng Phạm,Male,1988-03-28,Khanh Hoa,Business Owner,21243618.93,2019-09-20,Mass
C01538,Bảo Dương,Male,1999-04-28,Da Nang,Business Owner,22674213.8,2018-04-25,Mass
C01539,Bác Bảo Phạm,Female,1982-07-25,Dong Nai,Freelancer,14562805.07,2021-06-03,Mass
C01540,Kim Thị Hoàng,Female,1988-06-15,Quang Ninh,Student,11000289.97,2019-05-17,Mass
C01541,Nhật Tấn Bùi,Female,1977-09-02,Binh Duong,Office Staff,12604231.67,2024-06-05,Mass
C01542,Vân Trần,Male,2008-02-10,Ba Ria - Vung Tau,Sales,25032929.12,2023-05-01,Affluent
C01543,Quý ông Hưng Phạm,Female,1992-11-26,Quang Ninh,Teacher,13375254.14,2023-03-03,Mass
C01544,Nhật Thị Mai,Female,1990-10-27,Thanh Hoa,Teacher,50452853.11,2021-08-25,Affluent
C01545,Phương Thị Phạm,Male,2007-11-14,Ho Chi Minh City,Freelancer,12618480.27,2020-08-11,Mass
C01546,Bảo Bùi,Female,2008-04-08,Nghe An,Office Staff,135511309.83,2022-12-20,Premium
C01547,Khoa Dương,Female,1991-11-07,Hai Phong,Teacher,39695230.94,2024-05-31,Affluent
C01548,Quý cô Hạnh Hoàng,Female,1999-10-04,Nam Dinh,Government Employee,18778627.27,2025-03-22,Mass
C01549,Yến Mai,Female,1979-06-30,Khanh Hoa,Government Employee,14719117.45,2018-08-05,Mass
C01550,Quý cô Hải Dương,Female,1992-01-09,Bac Ninh,IT Specialist,14700135.33,2018-03-18,Mass
C01551,Nhật Mai,Male,1998-01-02,Quang Ninh,Office Staff,16189309.72,2020-04-22,Mass
C01552,Bảo Hoàng,Male,1971-10-12,Binh Duong,Freelancer,17454898.85,2023-12-26,Mass
C01553,Quý cô Kim Đặng,Female,1999-03-10,Khanh Hoa,Office Staff,13618139.77,2018-04-06,Mass
C01554,Ông Phúc Dương,Male,2005-06-29,Hue,Office Staff,41556965.76,2021-07-23,Affluent
C01555,Quý cô Hương Vũ,Male,1986-08-19,Hai Phong,Engineer,6236823.08,2021-03-14,Mass
C01556,Phúc Đức Trần,Male,2003-05-23,Dong Nai,Engineer,10867840.72,2022-07-27,Mass
C01557,Nhật Dương,Female,1994-09-02,Khanh Hoa,Sales,7858452.64,2025-12-31,Mass
C01558,Vũ Hữu Mai,Male,1986-03-19,Hai Phong,Sales,13104064.02,2021-08-20,Mass
C01559,Quý cô Phương Bùi,Male,1993-08-02,Ha Noi,Doctor,9210826.86,2024-09-11,Mass
C01560,Vi Lê,Female,1979-01-27,Nghe An,Government Employee,21419444.68,2019-04-17,Mass
C01561,Nhiên Trí Lê,Male,1996-04-22,Thanh Hoa,Government Employee,9685677.31,2023-06-07,Mass
C01562,Chị Nhật Nguyễn,Male,1984-11-14,Bac Ninh,Office Staff,10586677.46,2024-07-28,Mass
C01563,Hạnh Thế Dương,Female,1992-05-29,Dong Nai,Government Employee,15545718.34,2019-05-30,Mass
C01564,Phúc Trần,Male,2008-03-04,Thanh Hoa,Engineer,51978946.36,2023-08-12,Affluent
C01565,Chị An Hoàng,Male,1990-07-23,Da Nang,Government Employee,84823525.54,2020-10-01,Premium
C01566,Nam Dương,Female,1991-03-01,Ba Ria - Vung Tau,Government Employee,11843236.25,2018-01-05,Mass
C01567,Quý ông Tùng Nguyễn,Female,2007-11-16,Nam Dinh,Bank Employee,181843327.23,2018-01-03,Premium
C01568,Anh Trung Hoàng,Male,1990-01-30,Nam Dinh,Freelancer,14012606.59,2025-08-17,Mass
C01569,Quý ông Huy Dương,Male,1980-04-09,Binh Duong,Bank Employee,8393854.15,2023-09-22,Mass
C01570,Khoa Hoàng,Male,1985-07-14,Can Tho,Government Employee,10926950.58,2021-05-16,Mass
C01571,Mai Mai,Male,1980-10-13,Hai Phong,Teacher,20000000.0,2021-02-18,Affluent
C01572,Trọng Mai,Female,1992-06-17,Khanh Hoa,Government Employee,78574083.9,2021-07-27,Premium
C01573,Cô Lan Lê,Female,1986-04-12,Ho Chi Minh City,Business Owner,120685484.63,2025-12-08,Premium
C01574,Dương Đặng,Male,1998-05-29,Ho Chi Minh City,Sales,9352519.73,2023-02-27,Mass
C01575,Lan Nguyễn,Female,1992-04-17,Ha Noi,Student,8767764.49,2018-01-09,Mass
C01576,Dũng Trần,Female,1981-10-03,Ba Ria - Vung Tau,Office Staff,10545340.77,2022-08-20,Mass
C01577,Hương Bùi,Female,2007-10-08,Can Tho,IT Specialist,31277576.8,2024-01-14,Affluent
C01578,Chị Hải Vũ,Male,2001-11-02,Ho Chi Minh City,Engineer,6779884.83,2025-07-13,Mass
C01579,Quý cô Nhật Hoàng,Male,2004-07-28,Da Nang,Accountant,36167850.01,2022-01-06,Affluent
C01580,Hưng Quang Vũ,Male,1975-10-16,Ha Noi,Engineer,13390174.82,2020-03-01,Mass
C01581,Quang Hữu Trần,Male,1997-06-10,Can Tho,Office Staff,40129804.8,2025-08-19,Affluent
C01582,Phương Quang Vũ,Female,1996-04-01,Bac Ninh,Engineer,28416442.84,2025-01-04,Affluent
C01583,Anh Tú Vũ,Male,2003-06-09,Bac Ninh,IT Specialist,60000000.0,2018-05-31,Premium
C01584,Minh Bảo Mai,Male,1994-10-07,Can Tho,Freelancer,12682528.93,2020-03-14,Mass
C01585,Chị Duyên Nguyễn,Female,1991-11-11,Hue,Engineer,30893876.2,2024-05-20,Affluent
C01586,Khoa Mai,Female,2001-07-05,Nghe An,Doctor,14846925.65,2024-05-06,Mass
C01587,Nhật Hoàng,Female,2004-11-25,Khanh Hoa,Teacher,15744898.68,2019-06-10,Mass
C01588,Huy Hoàng,Female,2002-07-27,Nam Dinh,Freelancer,27927657.06,2023-11-13,Affluent
C01589,Anh Phú Lê,Female,2007-05-12,Bac Ninh,Bank Employee,10068541.89,2025-10-09,Mass
C01590,Quý ông Châu Lê,Female,1979-11-26,Nam Dinh,Bank Employee,14373359.82,2023-02-03,Mass
C01591,Bà Mai Nguyễn,Male,1980-03-01,Ho Chi Minh City,Bank Employee,123226879.41,2018-08-01,Premium
C01592,An Dương,Female,2003-04-18,Hue,Accountant,10688094.1,2025-08-17,Mass
C01593,Nhật Phạm,Female,1999-01-21,Da Nang,Government Employee,52170673.81,2026-02-02,Affluent
C01594,Kim Thị Đặng,Male,2004-05-10,Ba Ria - Vung Tau,Accountant,16406881.35,2021-07-19,Mass
C01595,Tùng Hoàng Nguyễn,Male,1981-06-28,Da Nang,Engineer,60596317.38,2018-04-14,Affluent
C01596,Bà Thảo Trần,Other,1995-06-09,Can Tho,Accountant,132966743.73,2020-10-20,Premium
C01597,Khoa Mai,Male,1965-04-24,Nam Dinh,Engineer,9667135.72,2019-02-01,Mass
C01598,Nam Đức Đặng,Male,2007-02-20,Dong Nai,Office Staff,6214611.03,2025-01-09,Mass
C01599,Thành Văn Lê,Female,1983-05-30,Bac Ninh,Engineer,6207784.55,2021-10-27,Mass
C01600,Bà Ánh Đặng,Female,1995-04-15,Nghe An,Doctor,119115720.38,2024-09-23,Premium
C01601,Quý ông Hưng Lê,Female,1988-08-16,Ho Chi Minh City,IT Specialist,13926762.55,2018-12-17,Mass
C01602,Anh Bảo Mai,Female,1988-09-16,Hue,Sales,51367609.35,2025-10-11,Affluent
C01603,Bảo Bảo Nguyễn,Male,2001-07-27,Ha Noi,IT Specialist,9468384.97,2024-11-06,Mass
C01604,Nhiên Đặng,Female,1999-08-29,Hai Phong,Bank Employee,16046227.64,2018-08-02,Mass
C01605,Mai Hoàng,Male,1981-03-24,Hue,Engineer,14052994.6,2022-08-11,Mass
C01606,Quang Quang Lê,Male,1976-12-04,Dong Nai,Bank Employee,7945393.65,2023-02-01,Mass
C01607,Nam Đặng,Male,1972-03-02,Ba Ria - Vung Tau,Freelancer,20451171.51,2021-10-23,Mass
C01608,Hải Xuân Hoàng,Female,1981-10-25,Dong Nai,Office Staff,22388250.0,2021-09-06,Mass
C01609,Bảo Đức Vũ,Female,2008-08-04,Hai Phong,Office Staff,9987654.72,2018-10-04,Mass
C01610,Hưng Đức Bùi,Female,1999-06-24,Ba Ria - Vung Tau,Freelancer,15447148.34,2023-09-16,Mass
C01611,Nhật Phạm,Male,2002-02-27,Thanh Hoa,Student,15643100.42,2020-02-01,Mass
C01612,Bảo Thế Phạm,Male,1975-09-15,Ha Noi,Teacher,15305736.07,2022-11-21,Mass
C01613,Phúc Trần,Female,1986-11-05,Dong Nai,Sales,8492224.5,2024-01-26,Mass
C01614,Hưng Hoàng Trần,Female,2000-07-17,Thanh Hoa,Business Owner,18583484.69,2021-04-07,Mass
C01615,Ông Châu Mai,Male,1982-10-01,Nghe An,Freelancer,11837232.0,2019-08-16,Mass
C01616,Chị Thành Dương,Male,1995-01-16,Binh Duong,Government Employee,20000000.0,2022-09-25,Affluent
C01617,Dũng Lê,Male,2002-06-20,Ho Chi Minh City,Doctor,62101726.32,2021-10-30,Affluent
C01618,Phương Lê,Male,2005-01-29,Can Tho,Student,107873809.61,2024-09-22,Premium
C01619,Cô Chi Bùi,Female,1978-12-14,Khanh Hoa,Sales,7734444.89,2022-09-11,Mass
C01620,An Vũ,Male,1988-08-11,Thanh Hoa,Office Staff,16662773.31,2018-01-16,Mass
C01621,Dương Hoàng,Female,1989-10-14,Bac Ninh,IT Specialist,30000000.0,2020-09-06,Mass
C01622,Thành Dương,Male,2008-04-12,Dong Nai,Student,17382459.71,2022-06-28,Mass
C01623,Hương Mai,Male,1992-09-29,Da Nang,Office Staff,15722278.26,2018-05-03,Mass
C01624,Nam Hoàng,Female,1986-07-24,Nam Dinh,IT Specialist,9284088.13,2024-07-26,Mass
C01625,Trung Đặng,Female,1988-04-02,Ha Noi,Office Staff,6262886.25,2021-03-09,Mass
C01626,Chị Thảo Vũ,Male,1984-05-23,Can Tho,Teacher,13319939.36,2024-03-21,Mass
C01627,Bảo Đức Vũ,Male,1983-06-27,Ha Noi,Teacher,48076022.45,2019-02-19,Affluent
C01628,Chị Hạnh Trần,Male,1985-10-23,Quang Ninh,Accountant,12638376.6,2019-03-31,Mass
C01629,Duyên Mai,Male,2000-06-15,Nam Dinh,IT Specialist,9352366.22,2022-03-06,Mass
C01630,Lâm Mai,Female,1977-01-10,Dong Nai,Freelancer,53852492.21,2025-12-22,Affluent
C01631,Tùng Tấn Vũ,Male,1993-07-21,Ba Ria - Vung Tau,Teacher,35486377.33,2020-02-25,Affluent
C01632,Bà Khoa Phạm,Female,1999-10-11,Da Nang,Sales,18090221.54,2025-02-18,Mass
C01633,Cô Hạnh Hoàng,Male,1983-09-12,Dong Nai,Freelancer,23672943.05,2024-01-03,Mass
C01634,Tùng Mai Nguyễn,Male,2000-07-16,Da Nang,Doctor,10512908.52,2021-02-21,Mass
C01635,Cô Nhật Nguyễn,Female,1988-01-17,Khanh Hoa,IT Specialist,15046990.25,2018-11-30,Mass
C01636,Kim Nguyễn,Female,1992-10-28,Khanh Hoa,Engineer,8840737.21,2022-05-09,Mass
C01637,Kim Bùi,Female,1980-11-09,Dong Nai,Government Employee,15445288.83,2023-10-27,Mass
C01638,Quý cô Khoa Đặng,Male,2001-04-19,Can Tho,Sales,19284692.19,2023-06-03,Mass
C01639,Dũng Phạm,Female,1978-01-26,Thanh Hoa,Business Owner,12577511.58,2025-02-26,Mass
C01640,Nhật Hoàng,Female,1989-12-09,Ho Chi Minh City,Office Staff,14567993.11,2020-04-11,Mass
C01641,Cô Nhật Dương,Male,2000-06-02,Hue,Doctor,12126797.43,2022-03-25,Mass
C01642,Nhật Vũ,Female,2008-03-21,Nam Dinh,Government Employee,16308168.64,2026-06-06,Mass
C01643,Quý ông Quang Phạm,Male,2008-02-14,Nghe An,Sales,20309801.25,2018-06-18,Mass
C01644,Bà Thành Bùi,Male,1993-11-18,Da Nang,Accountant,11143130.46,2022-11-07,Mass
C01645,Bà Thành Dương,Male,1997-01-20,Da Nang,Business Owner,10849218.44,2020-01-06,Mass
C01646,Ông Vũ Dương,Male,1975-05-25,Ho Chi Minh City,Engineer,5023734.69,2018-12-04,Mass
C01647,Thành Dương,Male,1976-01-24,Nghe An,Government Employee,13507091.83,2021-02-06,Mass
C01648,Anh Khoa Đặng,Female,2004-08-10,Hai Phong,Engineer,8236267.86,2024-02-15,Mass
C01649,Cô Kim Trần,Male,1972-06-29,Ho Chi Minh City,Sales,8619087.68,2026-05-11,Mass
C01650,Tùng Quang Vũ,Female,2002-10-16,Binh Duong,Business Owner,17867201.96,2024-10-10,Mass
C01651,Quý ông Nhiên Bùi,Other,1986-12-30,Ba Ria - Vung Tau,Business Owner,8641988.42,2021-05-11,Mass
C01652,Chị Vân Lê,Male,1988-04-09,Dong Nai,Accountant,66345047.27,2024-07-03,Premium
C01653,Quý ông Vũ Đặng,Female,1978-09-30,Thanh Hoa,Bank Employee,17398543.36,2026-07-15,Mass
C01654,Quý cô Vi Bùi,Female,1985-03-15,Bac Ninh,Doctor,39011106.2,2020-05-09,Affluent
C01655,Tùng Hải Lê,Male,1971-01-17,Khanh Hoa,Government Employee,34996706.59,2026-02-07,Affluent
C01656,Nhật Hoàng,Female,2004-04-08,Dong Nai,Engineer,14044382.86,2020-02-09,Mass
C01657,Ông Nhiên Hoàng,Male,1967-10-17,Hue,Doctor,8412686.19,2024-04-06,Mass
C01658,Bác Tùng Trần,Male,1994-07-23,Khanh Hoa,Teacher,13882967.97,2026-04-11,Mass
C01659,Anh Khoa Bùi,Male,1990-10-31,Binh Duong,Sales,8508795.53,2022-09-13,Mass
C01660,Khoa Trần,Male,1978-03-14,Dong Nai,Student,27029284.86,2021-08-28,Mass
C01661,Thành Mai Bảo Nguyễn,Female,1987-12-18,Dong Nai,Office Staff,26685692.88,2019-09-22,Affluent
C01662,Lâm Lê,Female,2008-04-12,Khanh Hoa,Bank Employee,37816323.8,2024-10-25,Affluent
C01663,Vi Lê,Female,1978-03-20,Hue,Doctor,120933073.93,2018-09-18,Premium
C01664,Quý cô Phương Vũ,Female,1991-06-29,Thanh Hoa,Engineer,9763603.78,2023-01-24,Mass
C01665,Khoa Mai Phạm,Female,2003-04-28,Hai Phong,Teacher,16071855.14,2024-03-14,Mass
C01666,Bà Thảo Hoàng,Male,1979-10-19,Khanh Hoa,IT Specialist,6985951.64,2020-03-26,Mass
C01667,Huy Đặng,Male,1973-03-24,Nam Dinh,Doctor,14670395.87,2025-05-25,Mass
C01668,Khoa Nguyễn,Female,1975-02-17,Ha Noi,Sales,7501942.13,2019-12-05,Mass
C01669,Bảo Thế Nguyễn,Male,2006-03-03,Hue,Teacher,94215288.06,2019-06-13,Premium
C01670,Tùng Thị Nguyễn,Female,1985-02-02,Can Tho,Engineer,22502646.8,2020-04-25,Mass
C01671,Tú Thế Nguyễn,Male,1983-06-22,Nam Dinh,Accountant,32542394.27,2025-06-15,Affluent
C01672,Quý cô Yến Hoàng,Male,2001-11-25,Khanh Hoa,Business Owner,18456319.83,2023-08-21,Mass
C01673,Hải Tấn Bùi,Female,2001-02-08,Nam Dinh,Doctor,21218440.62,2019-08-08,Mass
C01674,Kim Bảo Mai,Male,1994-03-12,Khanh Hoa,Doctor,20938935.64,2024-05-20,Mass
C01675,Chị Chi Lê,Female,1983-02-12,Thanh Hoa,Freelancer,11438195.4,2019-01-09,Mass
C01676,Quý cô Ánh Đặng,Male,1996-02-11,Da Nang,Student,31597427.16,2021-05-03,Affluent
C01677,Bảo Thế Lê,Male,1986-07-07,Hue,Doctor,12328472.49,2024-12-05,Mass
C01678,Cô Hà Nguyễn,Female,1997-02-09,Hue,Bank Employee,11324127.84,2024-05-18,Mass
C01679,Quý cô Hải Bùi,Male,1989-10-11,Ha Noi,Doctor,20000000.0,2019-10-09,Affluent
C01680,Cô Bảo Bùi,Male,1984-11-17,Nghe An,Business Owner,8516489.46,2018-10-01,Mass
C01681,Quý ông Trọng Lê,Female,2003-06-11,Ba Ria - Vung Tau,IT Specialist,6648133.43,2026-07-18,Mass
C01682,Quý ông Tùng Dương,Female,2008-03-24,Hai Phong,Engineer,7467050.12,2021-08-28,Mass
C01683,Thành Hải Lê,Male,1998-07-09,Nam Dinh,Doctor,23772925.47,2023-03-09,Mass
C01684,Khoa Văn Hoàng,Male,1995-11-09,Can Tho,Bank Employee,36917034.84,2022-04-11,Affluent
C01685,Anh Minh Vũ,Male,1986-03-14,Binh Duong,Doctor,12563294.97,2018-02-13,Mass
C01686,Phương Phú Nguyễn,Male,1990-10-05,Ba Ria - Vung Tau,Teacher,7897559.85,2026-05-25,Mass
C01687,Duyên Dương,Male,1975-02-13,Hai Phong,Engineer,22588150.96,2020-09-19,Mass
C01688,Tú Mai Bảo Trần,Female,2008-02-17,Quang Ninh,IT Specialist,25742401.19,2019-10-23,Affluent
C01689,Bà Nhật Mai,Male,1994-09-23,Khanh Hoa,Engineer,8561868.26,2019-05-24,Mass
C01690,Phương Hoàng,Female,1985-03-18,Quang Ninh,Engineer,9299971.9,2018-02-15,Mass
C01691,Lâm Dương,Female,1967-07-23,Thanh Hoa,Sales,18203222.85,2026-01-05,Mass
C01692,Hải Mai,Male,1987-10-24,Nghe An,Doctor,17190412.95,2018-07-15,Mass
C01693,Trọng Nguyễn,Female,1978-01-12,Ho Chi Minh City,Bank Employee,29552366.2,2019-02-26,Affluent
C01694,Tùng Văn Dương,Male,1999-04-27,Thanh Hoa,Office Staff,12332730.22,2018-07-19,Mass
C01695,Quý ông Nhiên Đặng,Female,1981-06-24,Ba Ria - Vung Tau,Doctor,12598500.38,2020-09-04,Mass
C01696,Thành Thế Vũ,Male,2008-09-20,Hue,Office Staff,72532911.34,2021-10-12,Premium
C01697,Cô Nhật Hoàng,Female,1990-10-20,Ho Chi Minh City,Engineer,11686375.64,2019-01-31,Mass
C01698,Nhiên Vũ,Female,1968-11-02,Quang Ninh,Student,7387658.74,2022-08-30,Mass
C01699,Dương Dương,Female,1985-04-20,Da Nang,Government Employee,20208357.12,2025-01-02,Mass
C01700,Cô Hải Vũ,Male,1966-01-05,Hue,Accountant,10416254.84,2020-05-25,Mass
C01701,Thảo Dương,Male,1985-04-22,Quang Ninh,Office Staff,14648277.84,2021-07-19,Mass
C01702,Bảo Mai,Male,1988-06-17,Thanh Hoa,Doctor,11591949.28,2021-02-14,Mass
C01703,Hạnh Vũ,Female,1986-03-30,Ha Noi,Engineer,20000000.0,2022-08-11,Affluent
C01704,Bà Hạnh Vũ,Male,1982-12-03,Thanh Hoa,Engineer,36350262.76,2024-05-20,Affluent
C01705,Yến Trần,Male,1993-08-15,Khanh Hoa,Sales,226765187.15,2025-10-23,Premium
C01706,Chị Hải Dương,Male,1997-10-11,Quang Ninh,Sales,10421073.5,2026-07-17,Mass
C01707,Phúc Đức Phạm,Female,1969-04-29,Binh Duong,Bank Employee,8968201.85,2021-10-04,Mass
C01708,Anh Minh Nguyễn,Male,1996-12-06,Thanh Hoa,Accountant,11398112.27,2026-04-27,Mass
C01709,Vũ Trí Hoàng,Male,1980-12-09,Can Tho,Office Staff,12905292.87,2024-11-29,Mass
C01710,Quý cô Kim Bùi,Female,2005-07-28,Nam Dinh,Doctor,29835456.23,2026-06-29,Affluent
C01711,Quý cô Yến Lê,Male,1997-08-22,Ha Noi,Teacher,11680015.26,2021-04-29,Mass
C01712,Bà Ngọc Vũ,Male,1986-03-26,Bac Ninh,Bank Employee,13891521.14,2026-02-18,Mass
C01713,An Lê,Female,2008-02-14,Can Tho,Sales,17414200.52,2021-07-24,Mass
C01714,Quý ông Châu Vũ,Female,1988-09-13,Nghe An,Accountant,19482037.1,2021-03-27,Mass
C01715,Anh Thành Bùi,Female,1986-06-09,Binh Duong,Student,17643539.55,2020-09-19,Mass
C01716,Bác Hoàng Mai,Male,1985-09-07,Ba Ria - Vung Tau,Bank Employee,171341816.54,2025-09-16,Premium
C01717,An Thế Dương,Female,1985-06-13,Khanh Hoa,Accountant,11595722.89,2020-01-22,Mass
C01718,Hải Tấn Mai,Male,1966-10-06,Hai Phong,IT Specialist,16380140.28,2020-02-28,Mass
C01719,Hương Mai,Male,1984-07-24,Bac Ninh,Teacher,7676779.35,2024-08-24,Mass
C01720,Huy Đức Đặng,Female,2005-06-17,Bac Ninh,Government Employee,13294588.44,2026-02-17,Mass
C01721,Anh Trần,Male,1989-07-11,Can Tho,Doctor,9679049.96,2019-12-24,Mass
C01722,Nhiên Bùi,Female,1989-05-01,Nam Dinh,Freelancer,20924612.02,2025-02-16,Mass
C01723,Anh Nhiên Phạm,Male,1983-02-01,Hai Phong,Sales,8049046.77,2019-11-19,Mass
C01724,Phúc Tấn Mai,Male,1992-02-29,Nghe An,Freelancer,27490984.57,2026-07-12,Affluent
C01725,Dương Nguyễn,Male,1995-01-29,Ha Noi,Accountant,10382702.15,2018-12-07,Mass
C01726,An Bùi,Female,1996-05-01,Khanh Hoa,Government Employee,7733869.11,2026-02-24,Mass
C01727,Phương Trần,Male,1992-03-22,Thanh Hoa,Business Owner,9862049.2,2022-03-17,Mass
C01728,Bác Quang Vũ,Female,2008-01-26,Hai Phong,Sales,24617236.26,2023-04-07,Mass
C01729,Trung Nguyễn,Male,1979-07-01,Ha Noi,Office Staff,31263705.12,2026-03-11,Affluent
C01730,Duyên Trần,Female,1990-01-25,Hue,Accountant,62583924.44,2026-04-29,Premium
C01731,Duyên Phạm,Male,1972-01-31,Nam Dinh,Bank Employee,213595846.98,2018-10-19,Premium
C01732,Nhật Trần,Male,1989-09-14,Ba Ria - Vung Tau,Engineer,17169634.29,2024-05-05,Mass
C01733,Khoa Lê,Male,1989-02-22,Nam Dinh,Student,7516140.28,2025-12-14,Mass
C01734,Hải Xuân Trần,Male,1994-10-15,Da Nang,Student,12567089.32,2022-04-28,Mass
C01735,Bà Hạnh Dương,Female,1996-05-28,Bac Ninh,IT Specialist,11115916.53,2022-01-20,Mass
C01736,Hải Dương,Female,1991-10-22,Ha Noi,Student,11665073.14,2019-08-29,Mass
C01737,Huy Đặng,Male,1990-02-12,Ho Chi Minh City,Teacher,8278773.89,2024-10-02,Mass
C01738,Phúc Trần,Female,1997-10-27,Binh Duong,Teacher,7654564.65,2026-08-24,Mass
C01739,Hưng Bùi,Male,1979-10-07,Ba Ria - Vung Tau,Accountant,5742704.23,2024-07-28,Mass
C01740,Thành Thị Vũ,Female,1978-08-26,Nghe An,Doctor,53050955.74,2019-11-11,Affluent
C01741,Phúc Dương,Female,1994-05-26,Can Tho,Business Owner,4824990.03,2023-12-24,Mass
C01742,Nhật Phạm,Female,1994-03-21,Khanh Hoa,Business Owner,34332513.24,2026-06-10,Affluent
C01743,Bảo Mai Bảo Trần,Female,2002-08-16,Hai Phong,Bank Employee,10019971.11,2021-11-11,Mass
C01744,Quý cô Lâm Hoàng,Female,1974-05-23,Can Tho,Doctor,130469704.57,2022-06-19,Premium
C01745,Nhật Vũ,Female,2001-09-27,Quang Ninh,IT Specialist,6860270.97,2018-10-14,Mass
C01746,An Trần,Female,1994-03-03,Nghe An,Accountant,11136152.27,2026-03-22,Mass
C01747,Khoa Vũ,Male,1985-07-06,Da Nang,Teacher,29807291.59,2020-03-22,Affluent
C01748,Ông Châu Lê,Male,1985-01-20,Hai Phong,IT Specialist,23622757.87,2020-05-20,Mass
C01749,Xuân Nguyễn,Male,1982-09-05,Can Tho,Teacher,34498695.42,2020-02-25,Affluent
C01750,Hạnh Trí Đặng,Male,1993-03-07,Thanh Hoa,Bank Employee,31448337.54,2019-03-24,Affluent
C01751,Khoa Văn Mai,Female,1978-07-13,Hai Phong,Business Owner,9634466.64,2019-05-26,Mass
C01752,Quý ông Huy Bùi,Male,1990-04-11,Ha Noi,Freelancer,12216969.35,2023-06-11,Mass
C01753,Phương Phạm,Female,1996-08-11,Ha Noi,Office Staff,7422706.2,2018-01-30,Mass
C01754,Hồng Dương,Female,1987-09-13,Hai Phong,Doctor,11746499.25,2018-01-30,Mass
C01755,Khoa Mai,Male,1985-01-11,Dong Nai,Business Owner,80780052.77,2023-04-23,Premium
C01756,Dũng Thế Bùi,Female,1976-12-01,Hue,Sales,8828947.63,2021-11-06,Mass
C01757,Dương Trần,Other,1972-06-07,Da Nang,Bank Employee,6509312.68,2024-11-06,Mass
C01758,Tùng Tấn Trần,Male,1986-04-05,Binh Duong,Sales,40365572.92,2018-01-13,Affluent
C01759,Bác Trung Lê,Male,1998-10-09,Hue,Student,39752242.03,2019-07-23,Affluent
C01760,Hồng Phạm,Male,1976-08-05,Binh Duong,Government Employee,5523546.06,2025-11-04,Mass
C01761,Thành Trần,Female,1985-05-30,Da Nang,IT Specialist,5014139.71,2025-05-22,Mass
C01762,Châu Quang Dương,Female,2001-01-10,Hue,Bank Employee,21223623.5,2025-02-26,Mass
C01763,Chị Ngọc Phạm,Female,1997-04-20,Ha Noi,Bank Employee,7956973.09,2018-07-07,Mass
C01764,Yến Hoàng,Female,1993-04-19,Ho Chi Minh City,IT Specialist,24746247.67,2023-06-08,Mass
C01765,Quý cô Hồng Trần,Male,2007-11-20,Dong Nai,Engineer,8305751.12,2023-05-05,Mass
C01766,Châu Mai,Female,1973-10-14,Ba Ria - Vung Tau,Engineer,61108976.15,2021-04-18,Affluent
C01767,Ông Hưng Đặng,Female,1991-10-04,Quang Ninh,Government Employee,24134256.21,2026-01-14,Affluent
C01768,Linh Nguyễn,Female,1967-08-05,Thanh Hoa,Engineer,20967245.6,2025-07-19,Mass
C01769,Hà Hoàng Mai,Other,1983-02-08,Quang Ninh,IT Specialist,72255557.64,2023-05-29,Premium
C01770,Anh Nhiên Phạm,Female,1991-06-02,Bac Ninh,Doctor,11345039.74,2025-05-26,Mass
C01771,An Lê,Female,1987-08-11,Hue,Student,19940586.02,2021-08-30,Mass
C01772,Ông Châu Hoàng,Female,1981-05-15,Bac Ninh,Student,8230321.04,2023-05-05,Mass
C01773,Mai Lê,Female,1974-10-29,Hai Phong,Bank Employee,13389929.56,2023-12-30,Mass
C01774,Lan Nguyễn,Female,1983-01-27,Hai Phong,Student,20049334.29,2020-07-05,Mass
C01775,Tú Dương,Female,2002-11-27,Hai Phong,Bank Employee,11850471.99,2026-01-17,Mass
C01776,Cô Hà Trần,Female,1996-03-20,Ho Chi Minh City,Bank Employee,21867253.28,2022-11-25,Affluent
C01777,Anh Vũ Phạm,Female,1987-06-12,Nam Dinh,Engineer,28903174.77,2019-04-02,Mass
C01778,Thành Hữu Đặng,Male,2007-11-30,Ba Ria - Vung Tau,Doctor,34662689.51,2019-04-21,Affluent
C01779,Hải Hoàng,Female,1983-08-01,Binh Duong,Sales,105046327.45,2024-06-21,Premium
C01780,Bà Lâm Nguyễn,Female,1992-04-26,Ha Noi,Freelancer,7615464.04,2022-05-09,Mass
C01781,Bà Hà Trần,Female,1988-04-23,Dong Nai,Sales,27891413.13,2019-06-02,Affluent
C01782,Hoàng Bùi,Female,2007-11-25,Khanh Hoa,Doctor,18229003.54,2018-02-07,Mass
C01783,Bà Phương Lê,Female,1980-02-13,Da Nang,Teacher,35546665.51,2021-04-30,Affluent
C01784,Anh Nhiên Nguyễn,Female,1988-01-22,Ho Chi Minh City,IT Specialist,17477563.18,2021-03-06,Mass
C01785,Cô Hải Hoàng,Male,1987-10-29,Binh Duong,Student,16466249.38,2021-08-04,Mass
C01786,Bảo Văn Dương,Male,1993-10-15,Hai Phong,Business Owner,169010979.69,2025-12-03,Premium
C01787,An Nguyễn,Female,1986-11-15,Binh Duong,Doctor,12843332.82,2025-11-24,Mass
C01788,Cô Nhật Hoàng,Female,2004-08-30,Dong Nai,Sales,13267815.28,2026-01-14,Mass
C01789,Huy Dương,Male,2000-06-07,Can Tho,Student,9597548.44,2020-01-04,Mass
C01790,Chị Bảo Vũ,Female,1999-03-15,Nam Dinh,Bank Employee,25418508.3,2019-10-15,Affluent
C01791,Quý ông Quang Lê,Other,1967-01-02,Hue,Sales,19122684.9,2023-04-24,Mass
C01792,Duyên Lê,Other,1969-03-22,Hue,Engineer,7821633.29,2021-03-05,Mass
C01793,Ông Khoa Đặng,Male,1990-06-26,Can Tho,Government Employee,7630695.4,2019-06-21,Mass
C01794,An Hải Phạm,Male,1997-12-08,Binh Duong,Office Staff,26573380.1,2025-12-16,Affluent
C01795,Phương Trần,Male,1976-11-05,Quang Ninh,Freelancer,10446074.51,2025-10-21,Mass
C01796,Tùng Hải Dương,Male,1979-07-24,Bac Ninh,Doctor,41954442.55,2020-03-12,Affluent
C01797,Bà Ngọc Phạm,Female,1965-10-05,Da Nang,Student,22455033.41,2019-02-22,Affluent
C01798,Bảo Dương,Female,1977-07-23,Hue,Accountant,17924364.89,2019-11-21,Mass
C01799,Anh Phúc Nguyễn,Female,2001-08-12,Da Nang,IT Specialist,17071378.98,2018-08-03,Mass
C01800,Dương Đặng,Male,1987-01-14,Ho Chi Minh City,Sales,11081643.04,2019-09-01,Mass
C01801,Trung Bùi,Female,2000-03-08,Bac Ninh,Office Staff,9329844.44,2022-06-13,Mass
C01802,Dũng Hoàng,Male,1967-10-22,Khanh Hoa,Teacher,12002868.18,2022-03-18,Mass
C01803,Ông Tú Nguyễn,Female,1981-10-27,Ho Chi Minh City,Engineer,27607245.24,2025-04-17,Affluent
C01804,Chị An Dương,Male,1998-11-12,Ho Chi Minh City,IT Specialist,17524525.08,2019-05-07,Mass
C01805,Hà Phạm,Male,2005-07-29,Thanh Hoa,Bank Employee,10376896.36,2023-09-19,Mass
C01806,Bác Huy Phạm,Male,1989-12-07,Khanh Hoa,Freelancer,12477001.38,2025-10-12,Mass
C01807,Quang Đức Đặng,Female,1991-12-04,Quang Ninh,Accountant,13783105.09,2025-03-25,Mass
C01808,Cô Mai Bùi,Female,1983-05-06,Khanh Hoa,Teacher,15518452.36,2018-09-18,Mass
C01809,Quý cô Xuân Phạm,Female,2000-12-29,Quang Ninh,Accountant,32140005.52,2018-03-22,Affluent
C01810,Nhật Hoàng,Male,1977-01-05,Dong Nai,Government Employee,16412334.66,2023-10-27,Mass
C01811,Ông Huy Lê,Female,2005-12-28,Can Tho,Bank Employee,13570856.85,2026-06-12,Mass
C01812,Quý cô Lan Bùi,Male,2007-10-27,Ba Ria - Vung Tau,Engineer,12198754.61,2024-09-19,Mass
C01813,Hoàng Mai Phạm,Female,1970-10-06,Nghe An,IT Specialist,26337143.58,2019-05-19,Affluent
C01814,Anh Hoàng Đặng,Male,1999-12-11,Bac Ninh,Bank Employee,15678919.03,2024-04-22,Mass
C01815,Cô Nhật Hoàng,Male,2007-09-12,Hai Phong,Engineer,9616134.74,2022-01-29,Mass
C01816,Thảo Lê,Female,1984-07-09,Hue,Bank Employee,9610983.92,2021-05-16,Mass
C01817,Nhật Dương,Male,1993-01-10,Ba Ria - Vung Tau,Business Owner,15570399.57,2022-12-28,Mass
C01818,Bảo Tấn Phạm,Male,1986-01-26,Can Tho,Sales,13174631.03,2021-12-13,Mass
C01819,Trọng Lê,Female,1994-01-14,Bac Ninh,Student,13659401.51,2018-07-03,Mass
C01820,Chị Hà Bùi,Male,1992-06-28,Quang Ninh,Business Owner,40152702.35,2020-05-31,Affluent
C01821,Anh Nhiên Dương,Female,1995-11-28,Nghe An,Doctor,11257195.33,2021-02-10,Mass
C01822,Bác Nam Bùi,Male,2000-11-16,Hue,Engineer,11853865.14,2020-12-03,Mass
C01823,Chị Linh Bùi,Male,1999-07-10,Hue,IT Specialist,8125362.9,2020-11-07,Mass
C01824,Chị Xuân Hoàng,Female,1987-10-14,Quang Ninh,Government Employee,12927613.07,2025-01-22,Mass
C01825,Hồng Nguyễn,Female,1981-11-15,Can Tho,Bank Employee,10319266.69,2022-03-05,Mass
C01826,Chi Mai,Female,1985-11-07,Binh Duong,Government Employee,14551379.5,2022-09-16,Mass
C01827,Hồng Mai,Female,1986-04-26,Dong Nai,Accountant,8988337.11,2024-10-08,Mass
C01828,Nhật Đức Dương,Male,1989-05-18,Hai Phong,Government Employee,13631124.63,2024-02-25,Mass
C01829,Anh Vũ Mai,Male,1990-04-18,Ho Chi Minh City,Engineer,5781363.01,2021-09-28,Mass
C01830,Yến Bùi,Female,1989-07-21,Binh Duong,Doctor,26031113.97,2019-02-06,Mass
C01831,Chị Linh Vũ,Male,1994-06-11,Hue,Engineer,28132484.26,2019-05-21,Affluent
C01832,Cô Ngọc Dương,Male,1986-05-01,Khanh Hoa,IT Specialist,13386396.75,2021-11-30,Mass
C01833,Phúc Dương,Female,1977-05-15,Nghe An,Business Owner,7726475.4,2018-07-16,Mass
C01834,Chi Dương,Male,1982-03-20,Quang Ninh,Sales,41782378.34,2025-08-08,Affluent
C01835,Quý cô Bảo Đặng,Female,1992-01-04,Nghe An,Freelancer,38743161.27,2022-07-08,Affluent
C01836,Ông Vũ Bùi,Male,1979-08-02,Nam Dinh,Office Staff,16284553.7,2025-12-31,Mass
C01837,Minh Thị Vũ,Male,2003-07-28,Quang Ninh,Accountant,15989975.83,2020-12-31,Mass
C01838,Hạnh Hoàng Trần,Male,1990-11-10,Da Nang,Student,35773603.57,2025-08-09,Affluent
C01839,Hưng Phú Nguyễn,Female,1989-10-07,Thanh Hoa,Teacher,11385283.54,2021-12-20,Mass
C01840,Kim Đặng,Female,1977-01-22,Nam Dinh,Business Owner,96706730.51,2023-11-03,Premium
C01841,Ông Quang Đặng,Female,2003-06-05,Nam Dinh,Bank Employee,31102528.08,2021-06-05,Affluent
C01842,Cô Phương Phạm,Male,1989-04-26,Binh Duong,Engineer,18451244.56,2018-11-11,Mass
C01843,Bà Lâm Mai,Female,1984-08-18,Quang Ninh,Freelancer,8910401.5,2026-05-04,Mass
C01844,Hải Dương,Male,1963-01-31,Dong Nai,Office Staff,111172195.53,2022-10-03,Premium
C01845,Chị Linh Đặng,Female,1976-07-29,Thanh Hoa,IT Specialist,11379421.56,2025-08-04,Mass
C01846,Minh Bùi,Female,1984-10-12,Hai Phong,Accountant,16098411.88,2020-02-18,Mass
C01847,Hưng Trần,Female,1977-10-03,Can Tho,Accountant,48065206.28,2026-05-29,Affluent
C01848,Quang Mai Dương,Male,1980-11-01,Ba Ria - Vung Tau,Government Employee,10746996.22,2018-06-23,Mass
C01849,Nhật Mai,Female,1997-07-07,Ho Chi Minh City,Government Employee,38672560.39,2019-12-18,Affluent
C01850,Bảo Hoàng,Male,1980-07-29,Nghe An,Sales,91476481.43,2022-09-28,Premium
C01851,Vũ Hoàng Dương,Female,1979-07-11,Da Nang,Engineer,19951862.77,2025-08-13,Mass
C01852,Hà Bùi,Male,2000-12-28,Binh Duong,Engineer,8952961.79,2023-06-02,Mass
C01853,Bà Hà Trần,Male,1992-06-15,Ha Noi,Student,13364087.66,2022-06-01,Mass
C01854,Bà Hà Lê,Male,1996-04-28,Ba Ria - Vung Tau,Bank Employee,19262834.92,2018-05-26,Mass
C01855,Anh Trung Mai,Female,1985-11-22,Binh Duong,IT Specialist,12166826.6,2018-01-25,Mass
C01856,Thảo Bùi,Female,2006-04-14,Nam Dinh,Sales,7571347.93,2021-12-03,Mass
C01857,Quý cô Thành Bùi,Female,1987-07-01,Hue,Sales,5688793.46,2022-10-31,Mass
C01858,Ông Khoa Phạm,Female,1979-08-24,Nghe An,Government Employee,33378163.81,2022-08-10,Affluent
C01859,An Phạm,Male,1956-02-05,Ha Noi,Teacher,69945959.49,2020-10-21,Affluent
C01860,Huy Tấn Đặng,Male,1992-03-14,Da Nang,Business Owner,11561593.49,2020-01-17,Mass
C01861,Quý ông Bảo Vũ,Female,1980-05-21,Hai Phong,IT Specialist,21780543.33,2022-12-05,Mass
C01862,Bà Bảo Vũ,Male,2008-03-31,Can Tho,Accountant,6421650.92,2025-12-14,Mass
C01863,Quý cô Linh Vũ,Male,1997-06-26,Nam Dinh,Office Staff,14714962.07,2022-09-21,Mass
C01864,Lan Đặng,Female,1985-09-18,Quang Ninh,Bank Employee,17449773.33,2023-05-18,Mass
C01865,Bảo Lê,Female,2004-05-16,Hai Phong,Accountant,5334826.15,2023-07-23,Mass
C01866,Bà Bảo Lê,Female,1981-08-01,Da Nang,Accountant,8980341.89,2026-04-27,Mass
C01867,Chị Lâm Trần,Female,2008-03-13,Quang Ninh,Engineer,105974201.71,2018-03-28,Premium
C01868,Linh Hoàng,Male,1982-04-12,Nghe An,Office Staff,33741580.58,2020-08-26,Affluent
C01869,Quý cô Hạnh Đặng,Male,1996-04-09,Hue,Freelancer,33366065.88,2022-11-15,Affluent
C01870,Chị Phương Nguyễn,Male,1995-05-11,Thanh Hoa,Engineer,23357868.96,2020-10-11,Affluent
C01871,Quang Trí Đặng,Female,1998-01-13,Quang Ninh,Doctor,14401820.42,2019-04-17,Mass
C01872,Anh Tùng Vũ,Female,1986-10-11,Bac Ninh,Bank Employee,36809869.54,2020-03-23,Affluent
C01873,An Bùi,Male,2001-08-09,Can Tho,Student,11261395.43,2020-01-13,Mass
C01874,Anh Bảo Đặng,Male,2007-12-01,Ho Chi Minh City,Bank Employee,12773509.83,2019-05-09,Mass
C01875,Cô Nhật Mai,Male,1975-09-18,Nam Dinh,Doctor,22490846.9,2022-10-13,Affluent
C01876,Khoa Mai Bảo Vũ,Male,1997-06-21,Hai Phong,Office Staff,13465003.99,2023-11-21,Mass
C01877,Quý cô Thành Trần,Male,1976-11-16,Bac Ninh,Doctor,10257693.75,2023-05-17,Mass
C01878,Ông Hoàng Mai,Male,1998-02-25,Ho Chi Minh City,Office Staff,6024193.13,2021-01-07,Mass
C01879,Hạnh Nguyễn,Male,1989-04-07,Can Tho,Accountant,24523534.88,2018-07-14,Mass
C01880,Khoa Hải Dương,Male,1987-10-04,Ha Noi,Bank Employee,34766850.74,2020-05-18,Affluent
C01881,Vũ Tấn Nguyễn,Male,1987-05-14,Ba Ria - Vung Tau,Freelancer,11953503.9,2020-01-28,Mass
C01882,Chị Vi Vũ,Male,1999-01-23,Da Nang,Sales,16007456.11,2019-02-01,Mass
C01883,Cô Hương Mai,Female,1987-10-20,Nghe An,Teacher,12074204.14,2026-04-25,Mass
C01884,Ông Minh Bùi,Female,2000-12-03,Nghe An,Freelancer,18937317.12,2025-04-17,Mass
C01885,Quý cô Linh Hoàng,Male,1982-12-10,Hue,Engineer,29650287.16,2019-06-19,Affluent
C01886,Xuân Đặng,Female,1978-12-02,Hai Phong,Office Staff,10082052.43,2025-05-04,Mass
C01887,Bảo Bảo Đặng,Female,1999-06-25,Can Tho,IT Specialist,27866830.94,2018-11-03,Affluent
C01888,Thành Văn Vũ,Female,2007-11-17,Da Nang,Business Owner,40318514.31,2026-07-15,Affluent
C01889,Quang Thế Dương,Male,2008-07-12,Ha Noi,Teacher,7806457.76,2024-03-04,Mass
C01890,Lâm Dương,Female,2007-12-17,Da Nang,Sales,11643897.9,2026-01-17,Mass
C01891,Nhật Thế Lê,Male,1992-02-22,Hai Phong,IT Specialist,10703416.35,2023-08-26,Mass
C01892,Nhật Bảo Lê,Female,2002-07-07,Khanh Hoa,Business Owner,7961559.01,2019-06-13,Mass
C01893,Bảo Phạm,Male,1984-12-19,Ha Noi,Student,9896819.8,2022-06-17,Mass
C01894,Châu Mai,Female,1987-01-05,Binh Duong,Government Employee,70180515.22,2019-11-09,Premium
C01895,Vũ Hữu Trần,Male,1989-01-16,Hue,Government Employee,51745189.57,2022-06-30,Affluent
C01896,Hồng Vũ,Female,1984-06-21,Quang Ninh,Office Staff,10387070.52,2020-06-11,Mass
C01897,Bảo Mai Hoàng,Female,1988-09-29,Ba Ria - Vung Tau,Government Employee,11030606.73,2025-12-08,Mass
C01898,Chị Bảo Bùi,Female,1990-05-24,Nam Dinh,Doctor,10707482.34,2021-01-04,Mass
C01899,Tùng Dương,Female,1992-07-07,Bac Ninh,Office Staff,12924688.55,2021-04-10,Mass
C01900,Ánh Vũ,Male,2001-07-17,Ba Ria - Vung Tau,Business Owner,25805416.54,2021-01-12,Affluent
C01901,Châu Mai,Female,2006-09-03,Ho Chi Minh City,Doctor,60000000.0,2020-05-10,Premium
C01902,Anh Nam Nguyễn,Female,2004-09-29,Ho Chi Minh City,Sales,12688784.93,2022-02-20,Mass
C01903,Bà Hạnh Dương,Male,1999-10-05,Ba Ria - Vung Tau,Government Employee,14363233.5,2019-07-02,Mass
C01904,Hải Vũ,Male,1989-11-24,Nam Dinh,Sales,60000000.0,2025-01-07,Premium
C01905,Bảo Mai Bảo Phạm,Female,1983-04-06,Bac Ninh,Student,138308907.57,2019-12-25,Premium
C01906,Hương Vũ,Male,2001-09-22,Nghe An,Bank Employee,118302724.74,2024-07-17,Premium
C01907,Ông Trọng Đặng,Male,1999-10-14,Hue,Bank Employee,12417307.7,2025-01-09,Mass
C01908,Quý ông Anh Dương,Female,2003-12-22,Bac Ninh,IT Specialist,6406540.31,2021-01-05,Mass
C01909,Thành Mai,Male,1994-11-14,Dong Nai,Accountant,11491429.75,2020-08-07,Mass
C01910,Ánh Vũ,Female,1995-02-22,Da Nang,Teacher,24535937.86,2019-01-19,Affluent
C01911,Cô Bảo Đặng,Female,1995-02-09,Quang Ninh,Teacher,13186054.75,2023-07-03,Mass
C01912,Anh Quang Lê,Female,1991-07-03,Ho Chi Minh City,Business Owner,12791514.36,2019-10-30,Mass
C01913,Thảo Đặng,Female,1998-03-14,Ho Chi Minh City,Freelancer,18083644.66,2019-08-11,Mass
C01914,Hải Phú Nguyễn,Male,2003-05-28,Thanh Hoa,Bank Employee,121534029.87,2019-02-15,Premium
C01915,Khoa Mai,Female,1977-07-28,Can Tho,Office Staff,14199751.75,2022-03-28,Mass
C01916,Phương Phạm,Male,1993-08-07,Binh Duong,Office Staff,29870128.9,2025-03-24,Affluent
C01917,Cô Khoa Lê,Female,1979-07-31,Bac Ninh,Engineer,7292638.58,2025-01-13,Mass
C01918,Dũng Thế Vũ,Female,2001-09-26,Dong Nai,Engineer,10441219.98,2021-10-18,Mass
C01919,Tú Phú Lê,Female,1977-08-24,Bac Ninh,Teacher,13705885.27,2024-04-24,Mass
C01920,Lan Mai,Female,2001-07-09,Nam Dinh,Sales,10764987.32,2020-09-25,Mass
C01921,Quang Dương,Male,1996-10-12,Nam Dinh,Bank Employee,9360329.59,2018-03-28,Mass
C01922,Thành Xuân Trần,Female,1980-08-14,Nghe An,Business Owner,7424583.25,2022-08-29,Mass
C01923,Chị Vân Phạm,Male,1973-06-15,Ha Noi,Doctor,16035211.8,2019-08-27,Mass
C01924,Cô Hồng Dương,Male,1979-05-13,Bac Ninh,Bank Employee,10205000.25,2026-01-07,Mass
C01925,Hà Lê,Female,1992-08-06,Thanh Hoa,Teacher,60000000.0,2020-07-08,Premium
C01926,Chi Đặng,Male,1996-05-10,Da Nang,Engineer,14263243.54,2019-04-30,Mass
C01927,Quang Lê,Male,1976-08-24,Ba Ria - Vung Tau,Office Staff,8144979.82,2019-12-31,Mass
C01928,Bác Phúc Vũ,Male,1995-04-14,Khanh Hoa,Teacher,11381075.39,2019-09-08,Mass
C01929,Yến Trần,Female,2005-10-13,Nam Dinh,Freelancer,41794001.9,2021-11-27,Affluent
C01930,Chị Ánh Lê,Female,1998-05-16,Ba Ria - Vung Tau,IT Specialist,11206792.04,2020-12-23,Mass
C01931,Bà Lan Phạm,Female,1994-10-03,Dong Nai,Engineer,27620175.71,2019-09-01,Affluent
C01932,Cô Kim Trần,Female,1991-07-20,Da Nang,Teacher,11127764.56,2026-02-02,Mass
C01933,An Dương,Female,1995-01-31,Binh Duong,Engineer,9299355.37,2022-10-17,Mass
C01934,An Hoàng Trần,Female,1987-05-15,Quang Ninh,Engineer,21406030.76,2019-06-07,Mass
C01935,Vi Mai,Male,1989-03-20,Da Nang,Sales,17005690.53,2023-05-26,Mass
C01936,Chi Trần,Female,2006-03-02,Khanh Hoa,Bank Employee,12681232.61,2025-05-02,Mass
C01937,Hưng Trần,Female,2003-03-18,Hue,Government Employee,7156227.27,2023-12-27,Mass
C01938,Nam Trần,Female,1998-12-31,Binh Duong,Doctor,18211830.62,2024-07-07,Mass
C01939,Khoa Phạm,Female,1980-01-10,Khanh Hoa,Student,37646857.25,2020-06-17,Affluent
C01940,Chị Dương Đặng,Female,2007-06-01,Da Nang,Office Staff,11203300.49,2018-03-12,Mass
C01941,Hương Lê,Male,1987-02-04,Quang Ninh,Engineer,12760370.71,2021-12-01,Mass
C01942,Nhiên Đặng,Male,2008-07-19,Nam Dinh,IT Specialist,8787193.72,2024-03-08,Mass
C01943,Phúc Hải Mai,Female,1991-03-02,Bac Ninh,Doctor,41109339.51,2018-08-17,Affluent
C01944,Hà Hoàng,Female,2008-07-30,Can Tho,Student,11338037.9,2026-03-22,Mass
C01945,Vân Phạm,Male,1989-02-28,Da Nang,Office Staff,45160899.54,2025-06-07,Affluent
C01946,Bà Lan Mai,Female,1983-02-03,Binh Duong,Freelancer,41684087.33,2018-05-04,Affluent
C01947,Yến Trần,Male,1999-07-21,Hai Phong,Doctor,6154022.31,2024-05-20,Mass
C01948,Quý cô Linh Hoàng,Female,1995-03-03,Quang Ninh,Teacher,17038539.18,2019-07-28,Mass
C01949,Quý cô Hải Trần,Female,1974-10-15,Nam Dinh,IT Specialist,15388166.97,2021-10-13,Mass
C01950,Bà Kim Bùi,Male,1985-11-08,Can Tho,Office Staff,13705271.32,2019-10-01,Mass
C01951,Chị Hồng Trần,Male,1996-11-07,Ha Noi,Freelancer,33660665.96,2023-08-24,Affluent
C01952,Tú Mai Trần,Male,1972-03-19,Binh Duong,Accountant,8627988.09,2023-02-04,Mass
C01953,Quý cô Thành Vũ,Female,1973-05-28,Ba Ria - Vung Tau,Freelancer,10720918.1,2025-12-15,Mass
C01954,Hương Đặng,Male,1976-07-18,Nam Dinh,Engineer,7334002.4,2019-05-28,Mass
C01955,Ông Thành Vũ,Female,1984-03-13,Khanh Hoa,Office Staff,9272352.31,2020-01-23,Mass
C01956,Bác Bảo Phạm,Female,2005-12-17,Khanh Hoa,Engineer,37371495.98,2023-04-03,Affluent
C01957,Hạnh Bảo Phạm,Male,1978-11-06,Ho Chi Minh City,Accountant,27163268.28,2019-11-07,Affluent
C01958,Nhật Đặng,Male,2007-03-23,Ho Chi Minh City,Accountant,11620386.15,2019-03-21,Mass
C01959,Cô Hải Dương,Male,1991-04-01,Khanh Hoa,Sales,14538764.84,2021-03-01,Mass
C01960,Kim Dương,Male,1980-08-12,Hai Phong,Doctor,11753033.02,2026-06-26,Mass
C01961,Hà Lê,Female,1970-07-04,Nghe An,Doctor,12979728.71,2018-05-13,Mass
C01962,Kim Đức Lê,Male,1994-08-20,Khanh Hoa,Freelancer,6826813.87,2023-06-05,Mass
C01963,Thành Phạm,Male,1993-04-24,Hai Phong,Business Owner,10667174.46,2021-12-31,Mass
C01964,Trung Hữu Trần,Female,1980-03-16,Nghe An,Doctor,14108478.35,2022-05-20,Mass
C01965,Quý cô Yến Dương,Female,2003-07-26,Can Tho,Bank Employee,12745721.99,2022-07-27,Mass
C01966,Nhiên Hoàng,Female,1983-01-21,Hai Phong,Government Employee,55354473.02,2019-09-08,Affluent
C01967,Thành Đặng,Male,1981-03-24,Thanh Hoa,Freelancer,43974154.24,2018-06-03,Affluent
C01968,Quý ông Châu Mai,Male,1990-07-18,Ho Chi Minh City,IT Specialist,13746934.47,2025-01-07,Mass
C01969,Hoàng Dương,Male,1977-06-10,Ba Ria - Vung Tau,Doctor,23465114.81,2025-05-03,Affluent
C01970,Hà Vũ,Male,1994-07-12,Nghe An,Government Employee,73416058.07,2024-10-29,Premium
C01971,Quý ông Quang Lê,Female,1986-04-13,Thanh Hoa,Teacher,18457751.38,2022-01-15,Mass
C01972,Hương Nguyễn,Female,1997-02-23,Ha Noi,Student,20000000.0,2022-05-07,Affluent
C01973,Nhật Nguyễn,Male,1994-11-24,Khanh Hoa,Engineer,144107518.73,2024-05-11,Premium
C01974,Quý cô Khoa Đặng,Female,1985-01-23,Hai Phong,Office Staff,13940131.47,2021-06-21,Mass
C01975,Bà Khoa Hoàng,Female,1994-08-19,Thanh Hoa,Engineer,7669457.57,2019-11-27,Mass
C01976,Hà Mai,Female,1985-07-14,Hai Phong,Business Owner,8961234.68,2021-12-18,Mass
C01977,Quý ông Trung Vũ,Male,1966-07-10,Can Tho,IT Specialist,14652107.37,2023-04-23,Mass
C01978,Quý ông Minh Vũ,Female,1997-02-17,Ho Chi Minh City,Teacher,78305362.48,2024-05-18,Premium
C01979,Tùng Văn Nguyễn,Male,1992-03-30,Binh Duong,Business Owner,11035098.62,2024-12-13,Mass
C01980,Hà Hữu Dương,Female,1978-08-01,Thanh Hoa,Sales,12809054.57,2025-01-02,Mass
C01981,Thành Mai Dương,Female,1999-03-24,Hai Phong,Bank Employee,23255947.12,2023-01-18,Mass
C01982,Ngọc Lê,Male,1989-10-19,Ha Noi,Freelancer,136006959.39,2018-08-22,Premium
C01983,Phúc Dương,Female,1997-05-29,Can Tho,Government Employee,13626236.92,2019-03-08,Mass
C01984,Bảo Thế Bùi,Male,1987-07-15,Khanh Hoa,Accountant,20000000.0,2020-07-02,Affluent
C01985,Ông Nhiên Dương,Male,1968-02-15,Ho Chi Minh City,Engineer,18852248.89,2023-04-03,Mass
C01986,Quý ông Tùng Lê,Female,1995-02-06,Hai Phong,Engineer,8158923.54,2019-03-20,Mass
C01987,Hồng Vũ,Female,1987-03-15,Dong Nai,Accountant,12369711.27,2021-09-08,Mass
C01988,Quý ông Trọng Đặng,Male,1987-04-12,Khanh Hoa,IT Specialist,12832214.13,2026-04-25,Mass
C01989,Dũng Nguyễn,Male,1985-05-15,Thanh Hoa,Office Staff,19914809.37,2023-04-09,Mass
C01990,Duyên Nguyễn,Male,1984-06-17,Da Nang,Freelancer,8310561.91,2024-09-28,Mass
C01991,Bà Thành Hoàng,Female,1976-09-05,Ba Ria - Vung Tau,Sales,57255999.43,2023-04-24,Affluent
C01992,Vi Đặng,Male,1956-06-25,Binh Duong,Office Staff,63801236.61,2025-09-01,Premium
C01993,Hà Bảo Đặng,Male,1988-05-27,Ho Chi Minh City,Teacher,5790230.52,2018-10-11,Mass
C01994,Huy Phú Nguyễn,Male,1984-08-24,Nam Dinh,Student,9904968.95,2022-09-16,Mass
C01995,Chị Mai Vũ,Female,1968-10-31,Ba Ria - Vung Tau,Business Owner,9150343.42,2018-08-09,Mass
C01996,Nhật Trần,Male,2008-02-22,Da Nang,Business Owner,10175311.45,2021-12-01,Mass
C01997,Tú Đặng,Female,2008-01-26,Thanh Hoa,Government Employee,15608122.61,2019-10-21,Mass
C01998,Cô Phương Đặng,Female,2008-02-18,Da Nang,Student,12120119.05,2018-02-10,Mass
C01999,Chi Bùi,Female,2007-11-28,Bac Ninh,Engineer,31793399.97,2024-06-27,Affluent
C02000,Hạnh Văn Dương,Female,1972-04-25,Ho Chi Minh City,Student,38999250.54,2026-04-06,Affluent
C02001,Linh Bùi,Female,2000-09-23,Quang Ninh,IT Specialist,98759617.4,2023-08-08,Premium
C02002,Thành Đức Dương,Female,1990-08-06,Dong Nai,Bank Employee,14158671.61,2023-11-03,Mass
C02003,Nhật Phạm,Female,2006-02-11,Binh Duong,Teacher,14765674.49,2025-03-02,Mass
C02004,Châu Tấn Lê,Female,2008-08-10,Ha Noi,Doctor,28973531.19,2020-02-08,Affluent
C02005,Quang Bùi,Male,1995-12-27,Dong Nai,Teacher,14977828.97,2020-06-04,Mass
C02006,Quý cô Dương Trần,Male,1990-06-28,Ho Chi Minh City,Freelancer,60000000.0,2022-02-25,Premium
C02007,Bà Thảo Nguyễn,Female,2001-09-22,Nam Dinh,Business Owner,12864153.61,2019-05-26,Mass
C02008,Nhiên Bùi,Female,1990-11-05,Thanh Hoa,Accountant,9798342.23,2021-12-13,Mass
C02009,Cô Yến Hoàng,Female,1996-02-26,Nghe An,Sales,15310906.98,2019-12-22,Mass
C02010,Khoa Đặng,Male,1996-03-24,Quang Ninh,Government Employee,11635662.26,2024-02-02,Mass
C02011,Vũ Hoàng,Male,1967-05-17,Binh Duong,Bank Employee,7290832.43,2022-11-27,Mass
C02012,Quý ông Trung Đặng,Female,2007-10-05,Khanh Hoa,Engineer,136811771.7,2019-03-02,Premium
C02013,Hải Vũ,Male,1998-09-23,Khanh Hoa,Accountant,10735151.19,2026-05-30,Mass
C02014,Huy Mai,Female,1998-12-27,Hai Phong,Bank Employee,10956978.95,2024-07-08,Mass
C02015,Trung Bảo Bùi,Female,1972-10-31,Nam Dinh,Accountant,15889390.31,2023-02-06,Mass
C02016,Trọng Mai,Female,1981-08-08,Bac Ninh,IT Specialist,60000000.0,2021-12-07,Premium
C02017,Anh Nam Mai,Female,2003-02-05,Hue,Bank Employee,20000000.0,2026-04-24,Affluent
C02018,Quý cô Lâm Dương,Male,1999-03-24,Dong Nai,Doctor,16772703.36,2021-01-01,Mass
C02019,Tùng Hoàng,Female,1985-05-22,Nam Dinh,Accountant,11104795.12,2018-01-18,Mass
C02020,Khoa Thị Mai,Female,1991-03-05,Ha Noi,Office Staff,9429062.83,2022-03-14,Mass
C02021,Bà Chi Lê,Female,1988-01-12,Binh Duong,Student,15689066.17,2021-10-04,Mass
C02022,Chị Yến Vũ,Male,2007-12-11,Hue,Doctor,13326883.89,2022-05-23,Mass
C02023,Kim Tấn Trần,Male,1979-11-11,Hue,Office Staff,30901909.4,2024-06-24,Affluent
C02024,Quý cô Thảo Vũ,Male,1982-11-14,Hue,Student,30000000.0,2021-07-27,Mass
C02025,Bà Hải Hoàng,Female,1992-02-22,Bac Ninh,Engineer,39383233.36,2019-06-02,Affluent
C02026,Quý cô Mai Trần,Female,1998-11-12,Khanh Hoa,Accountant,36955829.8,2025-01-13,Affluent
C02027,Chị An Phạm,Female,1984-12-25,Quang Ninh,Sales,12846886.28,2019-01-18,Mass
C02028,Bảo Dương,Male,2002-09-25,Ho Chi Minh City,Freelancer,12898786.92,2024-12-06,Mass
C02029,Kim Thị Phạm,Female,1974-08-28,Khanh Hoa,Accountant,14040263.52,2026-03-27,Mass
C02030,Bà Bảo Nguyễn,Male,1980-02-16,Ho Chi Minh City,Bank Employee,32597789.21,2020-02-04,Affluent
C02031,Anh Mai,Male,1982-06-14,Nam Dinh,Doctor,13232162.16,2020-10-01,Mass
C02032,Cô Nhật Dương,Female,2001-03-21,Dong Nai,Business Owner,13415208.17,2021-01-31,Mass
C02033,Ngọc Trần,Male,2001-07-19,Ho Chi Minh City,Office Staff,9615713.21,2024-07-01,Mass
C02034,Trọng Thế Trần,Female,1988-08-08,Thanh Hoa,Freelancer,13315678.1,2019-08-04,Mass
C02035,Thành Quang Bùi,Male,2004-06-29,Hai Phong,Engineer,17353629.36,2022-01-20,Mass
C02036,Chị Hà Hoàng,Female,1984-06-20,Hue,Engineer,9376923.25,2018-03-31,Mass
C02037,Phương Hoàng,Male,2007-01-23,Ho Chi Minh City,Engineer,11406576.18,2022-09-16,Mass
C02038,Châu Trần,Male,1995-04-25,Ho Chi Minh City,IT Specialist,36208366.05,2020-01-07,Affluent
C02039,Cô Vi Đặng,Male,1994-07-03,Ho Chi Minh City,Freelancer,5943491.46,2018-05-09,Mass
C02040,Nhiên Hữu Phạm,Male,1995-04-10,Da Nang,IT Specialist,88492919.36,2024-09-23,Premium
C02041,Lâm Trí Trần,Female,1984-07-15,Nghe An,Student,9398374.64,2019-05-14,Mass
C02042,Chị Hạnh Dương,Male,1972-09-22,Nghe An,Office Staff,6146190.49,2026-07-14,Mass
C02043,Hạnh Thị Dương,Male,1976-04-03,Hai Phong,Doctor,11093895.59,2019-07-22,Mass
C02044,Tú Tấn Mai,Male,1980-10-16,Quang Ninh,Business Owner,12339890.8,2020-03-27,Mass
C02045,Nhật Hải Vũ,Female,1978-04-11,Can Tho,Government Employee,10478546.35,2023-03-29,Mass
C02046,Bà Nhật Đặng,Female,2003-01-20,Hue,Government Employee,176509006.06,2020-03-01,Premium
C02047,Nam Hoàng,Male,1992-06-23,Ho Chi Minh City,Student,12967576.36,2022-05-29,Mass
C02048,Ánh Nguyễn,Male,1976-12-10,Nam Dinh,Teacher,25681258.61,2026-02-05,Affluent
C02049,Bà Vân Bùi,Male,1984-02-19,Hue,Freelancer,29323218.27,2021-07-29,Affluent
C02050,Quang Trần,Female,1991-11-27,Hue,Accountant,12307444.06,2021-12-16,Mass
C02051,Quý cô Hồng Nguyễn,Male,2006-11-10,Binh Duong,Engineer,9136831.71,2018-05-19,Mass
C02052,Hạnh Thế Trần,Female,1976-05-30,Khanh Hoa,Accountant,16363832.53,2025-03-27,Mass
C02053,Bà Mai Lê,Female,1991-01-05,Da Nang,Accountant,13065822.62,2020-01-07,Mass
C02054,Bác Huy Nguyễn,Female,1994-02-25,Dong Nai,Teacher,19292392.26,2018-10-25,Mass
C02055,Vũ Dương,Male,1993-03-26,Da Nang,Teacher,37520996.73,2019-05-16,Affluent
C02056,Quý ông Dũng Bùi,Male,1977-10-19,Ha Noi,Student,9141519.6,2023-03-22,Mass
C02057,Bảo Vũ,Female,1973-04-26,Ba Ria - Vung Tau,Doctor,7023384.02,2022-04-29,Mass
C02058,Thành Bùi,Male,1973-06-21,Nghe An,Doctor,10532547.19,2021-02-12,Mass
C02059,Bảo Văn Nguyễn,Female,1992-10-24,Hai Phong,Freelancer,20000000.0,2022-09-24,Affluent
C02060,Quý cô Hải Lê,Female,1996-02-22,Da Nang,Sales,8339259.0,2018-07-23,Mass
C02061,Hồng Phạm,Female,1997-01-19,Ha Noi,Business Owner,11436932.5,2019-05-24,Mass
C02062,Dũng Hoàng,Male,1979-12-03,Da Nang,Freelancer,12904393.35,2024-06-18,Mass
C02063,Hà Lê,Male,1987-09-25,Ho Chi Minh City,Freelancer,64519172.68,2023-03-07,Premium
C02064,Chị Ánh Hoàng,Male,2000-03-08,Ha Noi,Government Employee,60037271.86,2018-06-10,Affluent
C02065,Thành Mai Dương,Male,1999-09-23,Hai Phong,IT Specialist,21425451.51,2022-08-28,Mass
C02066,Bà Bảo Hoàng,Female,1993-05-15,Da Nang,Sales,12009613.18,2024-03-29,Mass
C02067,Khoa Hoàng Trần,Female,1979-01-27,Khanh Hoa,Office Staff,18728922.7,2025-10-23,Mass
C02068,Thành Xuân Bùi,Female,1992-01-24,Binh Duong,Bank Employee,85616067.04,2019-05-13,Premium
C02069,Khoa Hải Nguyễn,Female,1990-11-21,Hai Phong,Office Staff,13506780.04,2018-02-12,Mass
C02070,Xuân Mai,Male,1981-04-23,Binh Duong,Student,35044441.71,2020-07-16,Affluent
C02071,Cô Chi Phạm,Male,1984-06-29,Can Tho,Sales,57217281.75,2024-01-11,Affluent
C02072,Phúc Nguyễn,Female,1985-10-17,Binh Duong,Office Staff,13382998.72,2018-06-26,Mass
C02073,Khoa Bảo Hoàng,Male,2007-04-27,Hai Phong,Business Owner,4778616.65,2024-11-14,Mass
C02074,Hoàng Trần,Female,1986-03-24,Nam Dinh,Student,11608274.57,2019-07-19,Mass
C02075,Phúc Đức Nguyễn,Female,1996-08-01,Quang Ninh,Sales,37652792.55,2026-06-12,Affluent
C02076,Nhật Mai Bảo Trần,Female,1991-03-06,Ho Chi Minh City,IT Specialist,17807678.44,2023-11-08,Mass
C02077,Chị Mai Vũ,Female,1989-12-12,Thanh Hoa,Bank Employee,9239460.53,2021-02-23,Mass
C02078,Châu Bùi,Male,1980-02-01,Bac Ninh,Engineer,11121840.34,2021-04-28,Mass
C02079,Quý cô Lâm Hoàng,Female,1985-04-07,Nghe An,Doctor,10153443.43,2026-03-31,Mass
C02080,Bà Yến Phạm,Female,1997-10-11,Hai Phong,Engineer,103424044.95,2018-09-04,Premium
C02081,Bảo Bảo Lê,Male,1989-10-25,Bac Ninh,IT Specialist,40418846.43,2020-02-09,Affluent
C02082,Thảo Vũ,Male,1993-04-11,Bac Ninh,Freelancer,20174917.53,2023-10-07,Affluent
C02083,Quý cô Xuân Phạm,Female,1995-04-26,Can Tho,IT Specialist,15843243.21,2023-08-29,Mass
C02084,Nhiên Mai Trần,Male,1994-07-28,Bac Ninh,Sales,11008552.37,2023-01-28,Mass
C02085,Chi Lê,Female,1980-01-17,Bac Ninh,Accountant,9353176.52,2021-02-12,Mass
C02086,Thành Hoàng Bùi,Male,2006-10-13,Nam Dinh,Freelancer,11343963.56,2019-08-27,Mass
C02087,Nhật Đức Trần,Male,1996-08-08,Can Tho,Engineer,8556749.94,2023-03-03,Mass
C02088,Phương Nguyễn,Male,1992-09-18,Thanh Hoa,Bank Employee,14252518.48,2021-12-12,Mass
C02089,Linh Phạm,Male,1990-12-26,Hai Phong,Sales,13361133.74,2019-09-09,Mass
C02090,Bác Trọng Hoàng,Male,1971-03-02,Nghe An,Sales,10642964.34,2021-01-21,Mass
C02091,Ngọc Vũ,Male,1987-09-09,Ho Chi Minh City,Accountant,30041628.99,2022-09-27,Affluent
C02092,Hạnh Hữu Đặng,Male,2000-06-26,Hue,Teacher,9778528.09,2023-12-10,Mass
C02093,Cô Khoa Lê,Female,1996-01-10,Hue,Engineer,13608888.96,2025-04-01,Mass
C02094,Phúc Mai,Male,1965-08-14,Bac Ninh,Engineer,9339861.72,2018-05-27,Mass
C02095,Bác Bảo Lê,Female,1995-06-02,Hai Phong,Government Employee,11737790.51,2020-07-16,Mass
C02096,Thành Mai,Female,1985-10-11,Can Tho,Accountant,13159572.41,2019-02-19,Mass
C02097,Bảo Đức Trần,Male,1975-10-18,Nam Dinh,IT Specialist,5132892.93,2020-04-13,Mass
C02098,Hưng Trí Dương,Male,2008-05-04,Can Tho,Freelancer,10088027.15,2018-01-13,Mass
C02099,Quang Bùi,Male,1978-01-22,Ba Ria - Vung Tau,Student,6937419.25,2026-04-16,Mass
C02100,Anh Hoàng,Male,2007-10-12,Bac Ninh,Teacher,14655554.96,2018-10-12,Mass
C02101,Minh Đặng,Male,1988-04-16,Ba Ria - Vung Tau,IT Specialist,8193438.96,2018-02-22,Mass
C02102,Bảo Tấn Dương,Female,2001-02-23,Da Nang,Office Staff,8546282.11,2020-12-16,Mass
C02103,Quý cô An Phạm,Female,1989-07-08,Ho Chi Minh City,Office Staff,9637833.12,2023-04-25,Mass
C02104,Cô Lâm Lê,Female,1985-01-27,Binh Duong,Doctor,4418442.76,2018-07-05,Mass
C02105,Chi Vũ,Female,1999-12-15,Ho Chi Minh City,Business Owner,24966423.78,2023-11-22,Affluent
C02106,Quý cô Kim Trần,Female,1993-07-19,Dong Nai,Engineer,9940227.76,2026-04-04,Mass
C02107,Ông Bảo Đặng,Male,1982-01-27,Can Tho,Sales,60000000.0,2020-11-20,Premium
C02108,Quý ông Châu Trần,Female,1990-05-27,Da Nang,IT Specialist,14589825.44,2021-12-15,Mass
C02109,Cô Thành Trần,Male,1970-04-21,Ba Ria - Vung Tau,Government Employee,30290019.54,2024-09-06,Affluent
C02110,Bà Lan Lê,Male,1987-05-19,Ho Chi Minh City,Government Employee,20372566.65,2018-03-26,Affluent
C02111,Nhiên Hoàng,Male,2008-03-02,Binh Duong,Doctor,16128335.3,2019-08-04,Mass
C02112,Cô Vân Hoàng,Male,1991-09-18,Bac Ninh,Freelancer,49844186.43,2022-10-31,Affluent
C02113,Quý cô Hà Phạm,Male,2006-08-15,Bac Ninh,Accountant,14394877.28,2021-01-26,Mass
C02114,Ông Dũng Nguyễn,Female,1969-10-26,Nghe An,IT Specialist,118279732.02,2023-11-29,Premium
C02115,Tú Bùi,Male,1986-10-22,Da Nang,Sales,12035989.4,2022-09-06,Mass
C02116,Nhiên Đức Đặng,Female,2008-05-10,Nam Dinh,Doctor,19285570.57,2023-11-01,Mass
C02117,Cô Hà Dương,Female,1996-11-22,Hai Phong,Accountant,40718927.7,2024-05-10,Affluent
C02118,Quý ông Anh Hoàng,Female,2008-04-04,Nam Dinh,Engineer,62388834.2,2023-08-06,Premium
C02119,Linh Nguyễn,Female,1975-07-24,Thanh Hoa,Bank Employee,10626499.65,2021-04-01,Mass
C02120,Bác Nhiên Lê,Female,1974-11-01,Quang Ninh,Business Owner,11675888.68,2018-09-22,Mass
C02121,Cô Vi Vũ,Female,2008-09-21,Thanh Hoa,Office Staff,16397523.37,2024-08-26,Mass
C02122,Hưng Quang Mai,Male,1997-01-24,Nam Dinh,Office Staff,15324421.53,2025-05-28,Mass
C02123,Hà Hữu Vũ,Female,1990-09-08,Nam Dinh,Teacher,6992340.04,2021-03-06,Mass
C02124,Chị Kim Trần,Female,1989-01-19,Ho Chi Minh City,Government Employee,25882957.73,2018-12-19,Mass
C02125,Ánh Phạm,Female,1985-07-23,Can Tho,Doctor,11760840.8,2018-11-27,Mass
C02126,Quý cô Kim Vũ,Male,1979-09-20,Thanh Hoa,Sales,12918244.48,2025-08-11,Mass
C02127,Cô Hạnh Dương,Female,1988-03-01,Hue,Engineer,25225629.21,2021-05-22,Affluent
C02128,Nhật Thế Hoàng,Female,1988-07-07,Khanh Hoa,Accountant,17241372.02,2021-08-13,Mass
C02129,Bà Hải Trần,Female,2000-07-21,Ho Chi Minh City,Doctor,19756453.3,2022-09-02,Mass
C02130,Minh Hoàng Dương,Female,1992-05-01,Nam Dinh,Engineer,8795034.67,2025-01-17,Mass
C02131,Quý ông Châu Vũ,Male,1980-07-04,Hue,Accountant,10853945.64,2023-11-27,Mass
C02132,Hà Bảo Đặng,Male,1982-04-28,Nghe An,Bank Employee,32066775.78,2023-04-03,Affluent
C02133,Quý cô Hải Bùi,Male,1991-02-07,Hue,Accountant,14262771.08,2024-04-08,Mass
C02134,An Mai,Male,1987-03-03,Hai Phong,Teacher,5968350.12,2021-05-23,Mass
C02135,Bảo Hải Lê,Female,2002-12-07,Nghe An,Sales,16613242.93,2024-02-04,Mass
C02136,Ông Khoa Dương,Female,1992-05-05,Ha Noi,Accountant,9990160.85,2025-07-07,Mass
C02137,Hà Mai Bảo Vũ,Male,2005-01-07,Thanh Hoa,Office Staff,8223524.9,2021-01-11,Mass
C02138,Chị Hải Vũ,Female,2007-11-01,Hai Phong,Sales,11582072.15,2021-04-05,Mass
C02139,Quý cô Thảo Hoàng,Female,1996-10-13,Da Nang,Office Staff,8555727.04,2024-07-22,Mass
C02140,Vân Trần,Female,1991-09-06,Can Tho,Doctor,13630315.2,2024-04-21,Mass
C02141,Vân Trần,Female,1967-01-29,Quang Ninh,Doctor,22237566.33,2025-03-05,Affluent
C02142,Kim Đức Dương,Female,1978-05-05,Ho Chi Minh City,Business Owner,46865346.88,2018-01-27,Affluent
C02143,Quang Vũ,Female,1998-11-16,Can Tho,Doctor,12884682.9,2018-01-01,Mass
C02144,Phương Nguyễn,Male,1996-08-01,Nghe An,Engineer,12805793.08,2019-03-01,Mass
C02145,Nhật Dương,Male,1974-01-22,Thanh Hoa,Accountant,14833213.64,2019-05-14,Mass
C02146,Chị Kim Nguyễn,Male,1985-01-30,Quang Ninh,Doctor,30761234.14,2024-02-18,Affluent
C02147,Kim Vũ,Male,2006-11-20,Ho Chi Minh City,IT Specialist,32878126.82,2024-12-02,Affluent
C02148,Nhiên Mai Dương,Male,1977-07-24,Ho Chi Minh City,Office Staff,7031484.85,2026-05-08,Mass
C02149,Dũng Lê,Female,2002-07-05,Nghe An,Student,12542217.55,2020-03-31,Mass
C02150,Chị Hương Hoàng,Male,2001-05-05,Nam Dinh,Bank Employee,9093168.74,2024-08-08,Mass
C02151,Tú Bùi,Female,1994-10-26,Nam Dinh,Accountant,7440518.66,2019-03-16,Mass
C02152,Ngọc Bùi,Male,2001-02-25,Quang Ninh,Office Staff,15349861.03,2019-05-08,Mass
C02153,An Lê,Female,2005-09-24,Khanh Hoa,Business Owner,6859615.58,2025-04-18,Mass
C02154,Quý ông Thành Hoàng,Female,1996-11-18,Thanh Hoa,Office Staff,43594662.03,2021-12-23,Affluent
C02155,Bác Trọng Hoàng,Female,1993-02-05,Ba Ria - Vung Tau,Student,10199138.67,2018-02-07,Mass
C02156,Thành Thế Trần,Female,1990-04-03,Nghe An,Government Employee,6513709.1,2025-12-02,Mass
C02157,Chị An Phạm,Female,1985-01-15,Hai Phong,Teacher,13723489.28,2021-12-12,Mass
C02158,An Phạm,Female,1994-12-18,Da Nang,IT Specialist,47329104.1,2019-07-28,Affluent
C02159,Mai Dương,Male,2002-10-28,Nam Dinh,Accountant,17808480.87,2025-03-27,Mass
C02160,Chị Kim Mai,Male,1989-02-04,Khanh Hoa,Bank Employee,10666556.05,2025-12-12,Mass
C02161,Cô Thảo Dương,Female,1990-10-31,Nghe An,Business Owner,11557839.85,2021-08-20,Mass
C02162,Quý cô Kim Nguyễn,Female,1976-12-13,Da Nang,Freelancer,8232328.93,2022-07-12,Mass
C02163,Bảo Lê,Male,1999-09-16,Binh Duong,Student,17246559.29,2019-01-31,Mass
C02164,Quý ông Châu Nguyễn,Female,1997-01-19,Ba Ria - Vung Tau,Bank Employee,16446179.93,2026-07-10,Mass
C02165,Anh Trung Vũ,Male,1972-06-08,Hai Phong,Teacher,31025503.3,2022-04-23,Affluent
C02166,An Tấn Nguyễn,Female,1983-03-04,Ba Ria - Vung Tau,Engineer,8013393.68,2020-10-22,Mass
C02167,Hải Bùi,Male,1982-08-29,Thanh Hoa,Sales,12867503.76,2018-05-01,Mass
C02168,Nhật Thế Nguyễn,Female,1985-04-23,Hai Phong,Student,9573093.71,2019-06-30,Mass
C02169,Quý ông Châu Mai,Female,2007-12-10,Nghe An,Doctor,14311234.7,2023-07-05,Mass
C02170,Anh Hưng Mai,Male,2008-05-05,Bac Ninh,Doctor,31821523.93,2022-11-13,Affluent
C02171,Hồng Hoàng,Female,1980-06-29,Hai Phong,Freelancer,12833652.95,2025-07-01,Mass
C02172,Tùng Quang Vũ,Male,1969-09-21,Dong Nai,Teacher,47602287.05,2022-01-12,Affluent
C02173,Nhật Đức Dương,Female,1997-12-15,Nghe An,Engineer,12115266.27,2025-08-26,Mass
C02174,Bảo Bảo Nguyễn,Female,1990-11-09,Nghe An,IT Specialist,6897401.75,2020-04-29,Mass
C02175,Bà Nhật Phạm,Female,2001-01-31,Nghe An,Sales,9861520.17,2024-04-07,Mass
C02176,Bác Bảo Phạm,Female,2008-08-25,Thanh Hoa,Accountant,12201139.68,2018-10-18,Mass
C02177,Bà Xuân Hoàng,Female,1993-07-29,Dong Nai,Government Employee,6681842.58,2019-04-29,Mass
C02178,Anh Khoa Bùi,Female,1986-09-08,Khanh Hoa,Government Employee,15416866.08,2020-07-06,Mass
C02179,Hải Phú Dương,Female,1988-05-08,Ba Ria - Vung Tau,Business Owner,10713266.02,2022-01-05,Mass
C02180,Chị Hạnh Trần,Male,1984-07-16,Nam Dinh,Engineer,15225684.57,2020-09-15,Mass
C02181,Anh Phúc Phạm,Female,1986-11-26,Nghe An,Business Owner,8991613.97,2018-08-21,Mass
C02182,Quý cô Hà Bùi,Female,1987-08-09,Khanh Hoa,IT Specialist,161315559.94,2020-12-13,Premium
C02183,Bác Quang Phạm,Female,1997-09-15,Da Nang,Accountant,25007741.04,2021-10-02,Mass
C02184,Ngọc Đặng,Female,1996-09-01,Quang Ninh,Doctor,12136884.29,2026-03-25,Mass
C02185,Quang Lê,Male,1997-10-27,Ba Ria - Vung Tau,Office Staff,12975350.5,2018-10-26,Mass
C02186,Cô Hà Đặng,Female,2007-12-15,Ba Ria - Vung Tau,Freelancer,29711539.98,2026-08-02,Affluent
C02187,Hà Hải Trần,Female,2003-04-06,Hai Phong,Accountant,12582098.77,2024-11-13,Mass
C02188,Quý cô Thảo Đặng,Female,1979-12-28,Thanh Hoa,Teacher,15044444.93,2018-06-20,Mass
C02189,Hưng Đức Lê,Male,2008-01-18,Nghe An,Doctor,24523480.06,2022-11-03,Mass
C02190,Nhật Nguyễn,Male,1987-06-10,Ha Noi,Office Staff,9144311.12,2020-03-14,Mass
C02191,Quý ông Tú Trần,Female,1989-03-23,Ho Chi Minh City,Bank Employee,36899758.57,2024-03-13,Affluent
C02192,Phương Nguyễn,Male,1998-03-17,Dong Nai,Accountant,12860717.15,2022-10-27,Mass
C02193,Bảo Trần,Female,1996-12-24,Quang Ninh,Engineer,10416384.01,2024-11-26,Mass
C02194,Bà Lan Vũ,Female,1998-03-27,Da Nang,Doctor,7267931.3,2018-08-26,Mass
C02195,Quý ông Tú Lê,Male,1989-08-17,Khanh Hoa,Office Staff,14728162.14,2026-05-20,Mass
C02196,Dũng Trí Trần,Female,1985-01-03,Khanh Hoa,Office Staff,138814746.75,2018-03-03,Premium
C02197,Quý cô Hồng Nguyễn,Female,1987-05-30,Binh Duong,Office Staff,9958761.59,2019-06-04,Mass
C02198,Quý cô Linh Vũ,Male,1981-05-14,Ha Noi,Sales,7461642.1,2025-05-07,Mass
C02199,Cô Hạnh Đặng,Female,2000-05-04,Quang Ninh,Freelancer,8562880.36,2025-05-17,Mass
C02200,Thành Hải Lê,Male,1979-08-28,Hai Phong,Business Owner,145807256.95,2020-04-23,Premium
C02201,Lâm Trí Bùi,Female,1985-04-05,Ba Ria - Vung Tau,Doctor,17462960.63,2021-05-24,Mass
C02202,Kim Mai Mai,Female,1999-12-23,Nam Dinh,Bank Employee,13557161.64,2020-12-31,Mass
C02203,Nam Mai Lê,Male,1991-12-30,Nghe An,Engineer,16140237.64,2022-08-10,Mass
C02204,Yến Mai,Female,1991-11-19,Thanh Hoa,Business Owner,10487422.05,2019-07-16,Mass
C02205,Hà Đặng,Female,1985-01-11,Bac Ninh,Business Owner,45522140.48,2020-05-13,Affluent
C02206,Thành Xuân Bùi,Male,1998-07-21,Ha Noi,Doctor,11746204.47,2025-04-16,Mass
C02207,Hồng Nguyễn,Female,2002-08-03,Ha Noi,IT Specialist,20000000.0,2021-01-12,Affluent
C02208,Cô Hải Mai,Male,1988-03-21,Nam Dinh,Engineer,14850351.34,2024-11-02,Mass
C02209,Huy Bùi,Male,1988-09-24,Binh Duong,Accountant,6065154.7,2018-07-01,Mass
C02210,Dũng Đặng,Male,1994-03-22,Quang Ninh,Bank Employee,5520591.08,2018-08-03,Mass
C02211,Ánh Vũ,Female,1975-09-21,Nghe An,Sales,64763900.25,2024-10-29,Premium
C02212,Quý cô Nhật Phạm,Female,1977-04-17,Ba Ria - Vung Tau,Business Owner,46484036.59,2024-08-17,Affluent
C02213,Bác Thành Phạm,Male,2000-09-16,Da Nang,Student,24916060.02,2022-11-13,Affluent
C02214,Vũ Nguyễn,Female,1987-09-05,Dong Nai,Engineer,8929793.2,2026-02-02,Mass
C02215,Thành Trí Mai,Female,1989-05-09,Binh Duong,Government Employee,10134211.66,2024-06-03,Mass
C02216,Trung Trần,Female,2008-01-07,Nam Dinh,Teacher,60000000.0,2023-03-30,Premium
C02217,Minh Đặng,Female,1988-06-04,Quang Ninh,Office Staff,9858770.24,2025-08-27,Mass
C02218,Cô An Mai,Female,1997-08-19,Bac Ninh,Government Employee,15309277.14,2024-05-28,Mass
C02219,Quang Vũ,Male,1977-11-25,Nam Dinh,Sales,10908213.06,2020-10-23,Mass
C02220,Phương Đức Nguyễn,Female,1993-11-25,Ha Noi,Engineer,14295670.25,2025-05-30,Mass
C02221,Anh Phú Trần,Male,2005-05-17,Binh Duong,Teacher,12974815.63,2018-03-12,Mass
C02222,Vi Trần,Male,1984-02-09,Ha Noi,Sales,15225737.05,2024-03-29,Mass
C02223,Bác Nhiên Nguyễn,Male,2008-08-30,Khanh Hoa,Engineer,9192907.89,2024-11-04,Mass
C02224,Bác Quang Hoàng,Female,2000-08-29,Thanh Hoa,Teacher,12426944.81,2021-02-05,Mass
C02225,Bà Thảo Vũ,Male,1985-01-24,Quang Ninh,Doctor,20262163.75,2019-08-25,Mass
C02226,Quý cô Phương Phạm,Female,1995-11-01,Ha Noi,Doctor,10082046.58,2018-06-07,Mass
C02227,Thành Mai,Male,1978-01-20,Binh Duong,IT Specialist,13312568.36,2018-06-21,Mass
C02228,Bà Chi Trần,Female,1977-06-12,Ha Noi,Student,112242463.85,2020-11-20,Premium
C02229,Quý cô Kim Trần,Male,2003-04-03,Nghe An,Student,7525608.91,2020-08-19,Mass
C02230,An Bùi,Male,2008-08-20,Nghe An,IT Specialist,15129171.87,2018-11-14,Mass
C02231,Quý cô Lâm Dương,Male,1977-04-23,Khanh Hoa,Sales,60956268.91,2025-08-21,Affluent
C02232,Thành Mai,Male,1980-11-11,Hue,Business Owner,18027532.13,2021-08-30,Mass
C02233,Khoa Hữu Vũ,Female,1997-03-31,Da Nang,Accountant,24740048.23,2022-03-15,Affluent
C02234,Quý ông Bảo Dương,Male,1981-05-08,Khanh Hoa,Office Staff,13888968.79,2018-07-02,Mass
C02235,Bảo Trí Mai,Male,1989-07-19,Ba Ria - Vung Tau,Freelancer,13742409.95,2024-10-30,Mass
C02236,Quý cô Nhật Dương,Male,1987-04-27,Nghe An,Student,51443963.07,2023-09-13,Affluent
C02237,Cô Nhật Phạm,Female,1975-10-08,Da Nang,Doctor,14517920.36,2024-07-14,Mass
C02238,Quý ông Hưng Lê,Male,1981-07-21,Hue,Bank Employee,14365486.27,2018-11-13,Mass
C02239,Tú Bảo Trần,Female,1996-06-09,Khanh Hoa,Government Employee,135340801.91,2025-01-25,Premium
C02240,Thành Hoàng,Female,2006-02-27,Nghe An,Student,17353057.11,2023-12-02,Mass
C02241,Hưng Mai,Female,2003-11-24,Thanh Hoa,Bank Employee,13262464.14,2022-12-12,Mass
C02242,Cô Thành Vũ,Male,2000-06-23,Binh Duong,Freelancer,14564583.5,2020-09-26,Mass
C02243,Khoa Thế Dương,Male,1991-04-01,Bac Ninh,IT Specialist,6867101.18,2019-04-18,Mass
C02244,Vi Lê,Female,1986-02-19,Can Tho,Accountant,9802469.83,2021-12-12,Mass
C02245,Quý cô An Vũ,Female,1981-08-27,Ba Ria - Vung Tau,Sales,12005569.18,2024-10-14,Mass
C02246,Trung Lê,Male,1986-03-04,Bac Ninh,Freelancer,26260801.1,2019-05-29,Affluent
C02247,Ông Tú Mai,Female,1997-05-29,Dong Nai,Accountant,10220373.47,2025-06-20,Mass
C02248,Vũ Thị Bùi,Male,1981-05-25,Dong Nai,Business Owner,21584784.18,2019-04-29,Mass
C02249,Bác Nhiên Dương,Male,1999-02-28,Nghe An,Teacher,17493047.22,2025-02-04,Mass
C02250,Thành Mai Bảo Hoàng,Female,2008-06-19,Ba Ria - Vung Tau,Teacher,24461274.67,2018-03-05,Affluent
C02251,Chị Phương Dương,Male,2001-02-28,Nam Dinh,Government Employee,23326625.99,2023-04-09,Affluent
C02252,Quý ông Hoàng Đặng,Female,2008-07-26,Binh Duong,Office Staff,39616580.7,2018-04-09,Affluent
C02253,Khoa Hoàng,Female,1993-08-26,Quang Ninh,Government Employee,39219327.78,2022-05-09,Affluent
C02254,Kim Hải Bùi,Female,1983-04-07,Quang Ninh,Accountant,13169092.38,2020-09-15,Mass
C02255,Tùng Thị Dương,Female,1983-08-06,Da Nang,Sales,11711489.28,2024-11-30,Mass
C02256,Vũ Lê,Male,2004-09-06,Hai Phong,Student,48071636.03,2023-01-13,Affluent
C02257,Duyên Vũ,Female,1996-11-13,Thanh Hoa,Student,26434478.76,2021-03-30,Affluent
C02258,Hải Mai,Female,1991-10-10,Quang Ninh,Student,8718287.47,2026-08-04,Mass
C02259,Lâm Hoàng,Female,1995-01-15,Hai Phong,Teacher,38805587.27,2024-08-28,Affluent
C02260,Duyên Mai,Female,1986-10-24,Ho Chi Minh City,IT Specialist,8764120.11,2022-12-02,Mass
C02261,Quý cô Vân Nguyễn,Male,1995-12-05,Nam Dinh,Engineer,17477654.89,2023-07-14,Mass
C02262,Hải Mai,Male,1984-12-20,Nghe An,Government Employee,24808328.26,2022-10-14,Mass
C02263,Cô Hạnh Phạm,Male,1978-03-24,Da Nang,Teacher,158046202.85,2018-06-21,Premium
C02264,Quý cô Hương Mai,Female,2006-06-14,Hue,Government Employee,15677989.29,2024-11-25,Mass
C02265,Thành Thị Dương,Male,1991-04-09,Nam Dinh,Teacher,9895330.89,2021-01-26,Mass
C02266,Linh Bùi,Male,1989-06-11,Ba Ria - Vung Tau,Teacher,16705377.72,2020-11-28,Mass
C02267,Quý cô An Mai,Female,1985-08-11,Ba Ria - Vung Tau,Doctor,8823695.91,2019-08-01,Mass
C02268,Thành Đức Trần,Male,1981-12-27,Binh Duong,Government Employee,28906653.65,2018-04-23,Affluent
C02269,Hà Mai,Female,1988-09-13,Ba Ria - Vung Tau,Government Employee,10791233.87,2020-03-10,Mass
C02270,Bà Bảo Lê,Male,1993-09-19,Da Nang,Doctor,15691068.91,2024-05-28,Mass
C02271,Vũ Lê,Male,2002-02-15,Nghe An,Teacher,62734189.35,2021-04-23,Affluent
C02272,Huy Lê,Female,2007-10-03,Ba Ria - Vung Tau,Engineer,9734954.46,2022-11-06,Mass
C02273,Duyên Đặng,Female,1986-08-21,Binh Duong,Teacher,126329787.98,2026-03-16,Premium
C02274,Cô Nhật Nguyễn,Female,1992-04-04,Dong Nai,Engineer,34402555.54,2020-06-30,Affluent
C02275,Thành Trần,Female,1986-04-20,Quang Ninh,Government Employee,11067715.23,2023-02-01,Mass
C02276,Hoàng Bảo Đặng,Female,1975-01-18,Ho Chi Minh City,Engineer,45022069.18,2021-07-13,Affluent
C02277,Thành Trần,Female,1981-09-16,Hue,Engineer,67945607.59,2023-11-06,Premium
C02278,Mai Phạm,Male,1990-12-22,Ho Chi Minh City,Bank Employee,10802132.49,2025-02-11,Mass
C02279,Quý cô Vân Mai,Female,2002-05-28,Quang Ninh,Freelancer,13612168.21,2020-06-20,Mass
C02280,Hà Đức Nguyễn,Female,1996-05-19,Thanh Hoa,Teacher,15094010.21,2020-02-06,Mass
C02281,Bảo Bảo Trần,Female,2002-05-09,Quang Ninh,Doctor,21901844.66,2018-12-30,Mass
C02282,Ông Huy Phạm,Female,2000-06-13,Ha Noi,Accountant,12957340.58,2024-04-03,Mass
C02283,Thảo Mai,Female,1981-10-07,Quang Ninh,Office Staff,9827479.57,2020-12-13,Mass
C02284,Lâm Mai,Female,1980-11-16,Khanh Hoa,Doctor,7804436.78,2023-06-07,Mass
C02285,Bà Khoa Bùi,Female,1975-07-07,Ba Ria - Vung Tau,Business Owner,35148883.05,2021-04-11,Affluent
C02286,Ông Minh Phạm,Female,1997-01-24,Dong Nai,Bank Employee,10806988.73,2022-01-02,Mass
C02287,Bà Phương Lê,Female,1982-05-07,Hai Phong,Doctor,9780076.42,2026-06-20,Mass
C02288,Quý cô Xuân Mai,Female,1999-03-01,Thanh Hoa,Sales,11104704.43,2022-10-07,Mass
C02289,Ông Nam Dương,Male,2003-02-05,Da Nang,Bank Employee,22693919.33,2025-10-25,Mass
C02290,Phúc Nguyễn,Male,1997-07-28,Dong Nai,IT Specialist,44917752.6,2023-06-27,Affluent
C02291,Xuân Dương,Female,1987-10-18,Bac Ninh,Office Staff,8502155.61,2023-09-10,Mass
C02292,Trọng Vũ,Male,1991-03-08,Ha Noi,Government Employee,44280699.07,2020-12-07,Affluent
C02293,Thành Hoàng Hoàng,Female,1993-03-06,Hue,IT Specialist,18219567.99,2020-12-03,Mass
C02294,Hưng Lê,Female,1979-05-22,Thanh Hoa,Student,16552329.53,2025-02-19,Mass
C02295,Hạnh Trần,Female,1996-04-27,Thanh Hoa,Accountant,8223219.45,2019-11-14,Mass
C02296,Nhật Đức Lê,Female,1996-11-15,Hai Phong,Freelancer,12853176.5,2019-06-14,Mass
C02297,Huy Phạm,Female,1984-09-24,Can Tho,Office Staff,20000000.0,2019-01-05,Affluent
C02298,Dũng Đức Dương,Female,1991-04-16,Ba Ria - Vung Tau,Sales,36699929.32,2024-03-14,Affluent
C02299,Quang Đặng,Male,1994-09-07,Nghe An,Doctor,18856402.16,2020-03-23,Mass
C02300,Trung Mai Hoàng,Female,1986-01-03,Hue,Student,18981670.78,2019-10-24,Mass
C02301,Nam Trí Nguyễn,Female,1993-04-16,Hue,Doctor,16660218.84,2020-10-15,Mass
C02302,Ông Nam Lê,Female,1973-09-19,Binh Duong,Office Staff,51875991.74,2023-11-27,Affluent
C02303,Phương Mai Bảo Bùi,Male,2003-03-11,Dong Nai,IT Specialist,10980489.57,2021-03-05,Mass
C02304,Hải Trần,Male,1994-06-07,Ho Chi Minh City,Student,14241293.49,2021-01-20,Mass
C02305,Xuân Dương,Female,1983-03-26,Ho Chi Minh City,Accountant,8946784.68,2026-04-22,Mass
C02306,Thành Bùi,Female,1990-08-21,Hai Phong,Engineer,5917606.64,2025-11-21,Mass
C02307,Thành Xuân Nguyễn,Female,1975-03-09,Ha Noi,Office Staff,30013155.11,2024-01-28,Affluent
C02308,Nhật Đặng,Female,1990-07-18,Hai Phong,Student,10767466.75,2022-05-22,Mass
C02309,Quý cô Ngọc Phạm,Male,1977-11-30,Binh Duong,Business Owner,20000000.0,2022-10-08,Affluent
C02310,Vi Vũ,Female,1991-09-22,Nam Dinh,Business Owner,11563690.79,2019-02-13,Mass
C02311,Trung Quang Hoàng,Male,1994-11-01,Khanh Hoa,IT Specialist,21956998.8,2022-10-26,Mass
C02312,Quang Phạm,Male,2000-03-06,Nghe An,Business Owner,15721596.05,2025-11-18,Mass
C02313,Bác Hưng Vũ,Female,1987-06-01,Hue,Office Staff,165633561.42,2026-02-28,Premium
C02314,Anh Nam Phạm,Male,1998-03-25,Dong Nai,Government Employee,28091228.98,2023-01-27,Affluent
C02315,Hà Đức Hoàng,Male,1978-09-24,Hue,Doctor,13926160.31,2023-05-07,Mass
C02316,Anh Tùng Phạm,Female,2006-11-04,Nam Dinh,Sales,9935854.63,2025-01-24,Mass
C02317,Cô Khoa Lê,Female,1986-08-17,Nghe An,Teacher,16088812.06,2023-06-30,Mass
C02318,Bảo Vũ,Female,1998-08-20,Quang Ninh,Accountant,4327184.3,2023-04-24,Mass
C02319,Bà Mai Nguyễn,Female,1984-12-18,Dong Nai,Doctor,7828683.87,2023-07-15,Mass
C02320,Tùng Dương,Male,2008-04-22,Can Tho,Sales,20000000.0,2018-05-30,Affluent
C02321,Hồng Nguyễn,Male,1981-12-20,Khanh Hoa,Accountant,36376875.95,2021-01-03,Affluent
C02322,Huy Bảo Vũ,Female,1992-12-19,Dong Nai,IT Specialist,19512693.0,2021-07-06,Mass
C02323,Hải Mai,Female,1983-06-07,Da Nang,IT Specialist,56839873.31,2023-10-09,Affluent
C02324,Quý ông Quang Mai,Female,2006-08-19,Ba Ria - Vung Tau,Engineer,11855761.26,2018-11-14,Mass
C02325,Xuân Phạm,Male,2008-09-22,Quang Ninh,Government Employee,32672487.47,2019-11-12,Affluent
C02326,Thảo Bùi,Male,1993-08-05,Ha Noi,Accountant,14942678.13,2025-01-08,Mass
C02327,Bác Nam Bùi,Female,1990-01-27,Quang Ninh,Student,42197889.29,2022-09-09,Affluent
C02328,Bà Hương Hoàng,Male,1983-05-07,Hai Phong,Accountant,236782419.18,2026-01-27,Premium
C02329,Yến Phạm,Female,1993-10-21,Nam Dinh,Government Employee,8632625.64,2022-03-03,Mass
C02330,Hà Hải Phạm,Female,1988-07-11,Quang Ninh,Business Owner,9062170.31,2020-04-17,Mass
C02331,Bà Hạnh Trần,Female,1974-03-31,Nghe An,Freelancer,10867539.69,2023-03-11,Mass
C02332,An Dương,Male,1997-04-15,Ba Ria - Vung Tau,Student,30385130.03,2019-07-09,Affluent
C02333,An Tấn Vũ,Male,1983-02-05,Ha Noi,Sales,11355420.48,2019-09-08,Mass
C02334,Cô Chi Phạm,Male,1998-09-29,Nam Dinh,Student,21494128.85,2025-10-13,Mass
C02335,Hưng Tấn Mai,Male,2000-02-09,Da Nang,Engineer,12150311.12,2023-04-04,Mass
C02336,Cô Vi Hoàng,Female,1983-09-01,Da Nang,Bank Employee,6779744.12,2020-07-14,Mass
C02337,Ông Bảo Hoàng,Male,1985-09-27,Ba Ria - Vung Tau,Doctor,8294718.3,2022-10-12,Mass
C02338,Hà Nguyễn,Female,1981-05-02,Da Nang,Freelancer,26220793.94,2020-11-09,Affluent
C02339,Hồng Đặng,Female,1982-11-11,Ho Chi Minh City,Doctor,17671412.54,2019-09-17,Mass
C02340,Bảo Nguyễn,Male,1981-06-17,Nam Dinh,Teacher,13103344.16,2019-02-24,Mass
C02341,Ông Khoa Hoàng,Male,1993-01-08,Khanh Hoa,Bank Employee,29441998.89,2021-09-14,Affluent
C02342,Hà Đức Nguyễn,Female,1973-12-08,Khanh Hoa,Business Owner,75593635.86,2026-04-08,Premium
C02343,Thảo Bùi,Female,2001-10-23,Ba Ria - Vung Tau,IT Specialist,15146746.81,2018-01-11,Mass
C02344,Hà Bảo Phạm,Female,1999-06-13,Hai Phong,Freelancer,8605352.78,2019-11-07,Mass
C02345,Chi Bùi,Male,2006-09-29,Da Nang,Engineer,30279626.99,2018-08-02,Affluent
C02346,Quý ông Trọng Hoàng,Male,1991-02-20,Hue,Bank Employee,13065677.51,2021-05-24,Mass
C02347,Thành Nguyễn,Female,1980-08-06,Bac Ninh,Government Employee,14430166.67,2022-04-29,Mass
C02348,Bác Nhiên Phạm,Female,1993-04-04,Nam Dinh,Government Employee,11195793.9,2018-11-17,Mass
C02349,Hà Nguyễn,Female,1985-06-17,Quang Ninh,Bank Employee,51270683.16,2025-12-23,Affluent
C02350,Khoa Phạm,Male,1989-02-22,Nghe An,IT Specialist,10182910.26,2020-10-23,Mass
C02351,Bà Thành Bùi,Female,2000-12-19,Ba Ria - Vung Tau,Accountant,7236117.51,2019-12-31,Mass
C02352,Quý ông Phúc Phạm,Male,1983-04-01,Binh Duong,IT Specialist,41626692.93,2021-11-18,Affluent
C02353,Cô An Lê,Female,1984-06-17,Khanh Hoa,Government Employee,33674814.97,2020-02-22,Affluent
C02354,Nhiên Bùi,Male,1975-07-08,Ba Ria - Vung Tau,Student,82394837.9,2020-03-13,Premium
C02355,Khoa Trí Lê,Male,1980-01-10,Bac Ninh,Office Staff,11838378.11,2021-09-07,Mass
C02356,Bác Trọng Đặng,Male,1997-03-27,Ba Ria - Vung Tau,Business Owner,14765483.45,2018-02-23,Mass
C02357,Quang Nguyễn,Female,1986-09-17,Ho Chi Minh City,Business Owner,13596971.93,2022-06-20,Mass
C02358,Cô Lâm Mai,Male,1989-10-12,Can Tho,Business Owner,11841899.78,2018-08-23,Mass
C02359,Hồng Đặng,Female,1964-09-24,Binh Duong,Student,49930151.31,2024-10-24,Affluent
C02360,Chị Dương Phạm,Female,1983-01-27,Quang Ninh,IT Specialist,36193799.11,2025-04-06,Affluent
C02361,Thành Phạm,Female,1979-08-14,Ha Noi,Sales,14385270.79,2025-12-31,Mass
C02362,Quý ông Trọng Đặng,Male,1990-07-05,Binh Duong,Teacher,10790424.67,2019-05-05,Mass
C02363,Trọng Thế Bùi,Male,1990-11-11,Can Tho,Office Staff,4000000.0,2024-02-07,Mass
C02364,Phúc Đức Dương,Male,1988-06-26,Ho Chi Minh City,Freelancer,30229106.07,2021-09-24,Affluent
C02365,Chi Phạm,Female,1973-04-28,Ba Ria - Vung Tau,Student,12081520.75,2024-07-31,Mass
C02366,Dương Phạm,Female,2004-03-26,Nghe An,Office Staff,98024566.35,2022-07-10,Premium
C02367,Quý cô Duyên Phạm,Male,2001-10-24,Ho Chi Minh City,Office Staff,14162522.93,2026-07-16,Mass
C02368,Quý cô Yến Đặng,Female,1987-05-21,Hai Phong,Teacher,16779376.13,2021-02-02,Mass
C02369,Lâm Hữu Lê,Female,1998-10-14,Nghe An,Accountant,12143687.45,2026-05-18,Mass
C02370,Linh Nguyễn,Female,2006-09-28,Nam Dinh,Business Owner,15339478.87,2019-04-28,Mass
C02371,Thành Nguyễn,Male,1984-12-18,Binh Duong,Student,14273981.54,2023-03-12,Mass
C02372,Bảo Vũ,Male,1990-08-18,Quang Ninh,Student,13874840.47,2021-07-24,Mass
C02373,Anh Nhiên Đặng,Female,1973-09-27,Dong Nai,Teacher,32130951.42,2020-06-09,Affluent
C02374,Ngọc Phạm,Female,1989-02-10,Hai Phong,Student,64762042.4,2021-06-14,Premium
C02375,Bà Lan Phạm,Female,1999-11-07,Ba Ria - Vung Tau,Doctor,36042256.78,2026-04-12,Affluent
C02376,Phúc Đặng,Male,1978-09-09,Hue,Student,10970483.65,2021-02-16,Mass
C02377,Chị Mai Nguyễn,Male,1993-04-24,Hue,Doctor,30978161.49,2021-01-22,Affluent
C02378,Bà Hà Nguyễn,Female,1996-07-03,Nam Dinh,Business Owner,13305089.87,2020-12-19,Mass
C02379,Quý cô Hải Trần,Male,2007-04-01,Khanh Hoa,Sales,18788321.91,2025-03-13,Mass
C02380,Trung Thế Dương,Female,1997-11-12,Ho Chi Minh City,Teacher,15449441.75,2024-07-25,Mass
C02381,Bà Vi Đặng,Male,2003-12-29,Khanh Hoa,Doctor,130674073.99,2022-11-13,Premium
C02382,Quý cô Nhật Trần,Male,1982-10-21,Dong Nai,Business Owner,13727174.04,2025-11-05,Mass
C02383,Bảo Lê,Female,2000-12-22,Binh Duong,Student,37720832.14,2019-01-07,Affluent
C02384,Chị Vân Bùi,Female,2004-06-14,Nam Dinh,Doctor,10983998.26,2018-05-09,Mass
C02385,Dũng Bảo Phạm,Female,1979-01-15,Ho Chi Minh City,Bank Employee,15859240.45,2019-07-27,Mass
C02386,Vi Hoàng,Male,1990-04-21,Da Nang,Freelancer,8531151.51,2024-08-07,Mass
C02387,Bà Vi Lê,Female,1983-04-23,Can Tho,Engineer,12081677.91,2018-02-02,Mass
C02388,Quang Thị Vũ,Male,2008-01-29,Da Nang,Sales,15781322.0,2019-02-15,Mass
C02389,Quý cô Lâm Trần,Male,1991-04-03,Nam Dinh,Teacher,18279214.35,2020-02-02,Mass
C02390,Ông Phúc Mai,Female,2003-02-18,Dong Nai,Freelancer,4000000.0,2024-06-17,Mass
C02391,Hải Phú Dương,Female,1987-03-14,Thanh Hoa,Doctor,13289230.05,2022-03-09,Mass
C02392,Anh Dũng Đặng,Female,2008-01-25,Ho Chi Minh City,Accountant,8520131.79,2020-08-17,Mass
C02393,Quý ông Châu Vũ,Female,1960-01-25,Hai Phong,Accountant,10782699.32,2021-01-08,Mass
C02394,Hải Thị Phạm,Female,1982-03-14,Khanh Hoa,Office Staff,9556061.93,2019-11-13,Mass
C02395,Chị Chi Phạm,Female,2007-11-28,Can Tho,Government Employee,11305804.47,2024-05-15,Mass
C02396,Lâm Thế Bùi,Female,1993-07-28,Ho Chi Minh City,Sales,31043349.23,2018-08-09,Affluent
C02397,Khoa Xuân Đặng,Female,1992-04-27,Dong Nai,Teacher,37887776.6,2023-02-22,Affluent
C02398,Tùng Trần,Male,1992-02-10,Ha Noi,Bank Employee,7709894.4,2019-12-06,Mass
C02399,Cô Hạnh Dương,Male,1985-08-24,Quang Ninh,Doctor,20000000.0,2022-11-24,Affluent
C02400,Quang Thị Dương,Male,2008-05-26,Quang Ninh,Bank Employee,15543146.83,2022-03-13,Mass
C02401,Huy Mai Dương,Male,1985-07-15,Da Nang,Engineer,11761344.59,2025-09-14,Mass
C02402,Kim Phú Dương,Male,2006-06-13,Ba Ria - Vung Tau,IT Specialist,9366484.33,2023-03-14,Mass
C02403,Anh Hữu Nguyễn,Female,1993-08-14,Hue,Teacher,6864366.54,2019-07-01,Mass
C02404,Quý cô Lâm Vũ,Male,1999-04-17,Ba Ria - Vung Tau,Business Owner,42565631.82,2026-03-11,Affluent
C02405,Thành Trần,Female,1974-12-06,Hue,Government Employee,10361577.43,2023-06-24,Mass
C02406,Minh Mai,Female,1981-12-09,Ha Noi,Doctor,20000000.0,2019-12-31,Affluent
C02407,Hạnh Phạm,Female,1983-03-31,Da Nang,Sales,9056880.13,2018-01-07,Mass
C02408,Hà Trần,Female,1987-03-15,Ba Ria - Vung Tau,Engineer,11003278.83,2019-07-20,Mass
C02409,Hưng Hoàng Đặng,Female,1976-09-14,Bac Ninh,Business Owner,8836175.73,2021-10-22,Mass
C02410,Bà Thảo Vũ,Male,1984-07-04,Hue,Teacher,10881662.55,2022-05-04,Mass
C02411,Trung Hoàng,Female,1992-01-30,Ha Noi,Business Owner,92909753.42,2022-09-24,Premium
C02412,Bà An Vũ,Male,2000-03-11,Ho Chi Minh City,Government Employee,34852273.5,2023-03-20,Affluent
C02413,Quang Bùi,Female,1991-04-09,Ho Chi Minh City,Student,13057213.46,2022-07-15,Mass
C02414,Khoa Văn Dương,Female,1990-09-27,Quang Ninh,Sales,15866417.08,2023-09-08,Mass
C02415,Quý cô Lâm Phạm,Male,1980-02-16,Ha Noi,IT Specialist,8307747.28,2025-07-08,Mass
C02416,Quý cô Mai Mai,Male,1981-09-08,Nam Dinh,Accountant,7922358.09,2025-02-10,Mass
C02417,Quý ông Dũng Trần,Male,1984-02-17,Nghe An,Sales,42151475.8,2025-12-26,Affluent
C02418,Trung Bảo Bùi,Male,2007-12-30,Da Nang,Engineer,35990025.67,2022-10-03,Affluent
C02419,Quý cô Chi Mai,Female,1996-03-19,Binh Duong,Bank Employee,9201245.08,2018-01-29,Mass
C02420,Linh Lê,Male,1975-10-10,Khanh Hoa,Business Owner,9545968.8,2024-11-22,Mass
C02421,Bà Nhật Nguyễn,Female,1999-02-11,Hue,Office Staff,12322167.53,2018-06-13,Mass
C02422,Bác Dũng Phạm,Male,1983-01-28,Thanh Hoa,Sales,11419582.5,2024-09-20,Mass
C02423,Kim Hữu Mai,Female,1978-05-30,Hue,Sales,14450776.23,2026-08-07,Mass
C02424,Dũng Hoàng,Female,2007-12-26,Nam Dinh,Teacher,9970125.91,2022-09-05,Mass
C02425,Duyên Nguyễn,Male,1997-04-18,Nam Dinh,Bank Employee,14192064.69,2019-04-03,Mass
C02426,Chị Thành Hoàng,Male,2008-09-10,Nghe An,Student,29284549.26,2019-12-19,Mass
C02427,Kim Hoàng Bùi,Male,1985-08-17,Quang Ninh,Student,12641860.02,2023-07-15,Mass
C02428,Phương Bùi,Male,1978-05-19,Da Nang,IT Specialist,27253598.52,2020-09-26,Mass
C02429,Quý cô Hương Đặng,Female,1981-01-10,Khanh Hoa,IT Specialist,16726448.91,2021-08-30,Mass
C02430,Bác Vũ Lê,Male,1989-07-20,Khanh Hoa,Student,11420073.45,2019-02-19,Mass
C02431,Hải Mai,Male,1996-08-22,Da Nang,Bank Employee,27317143.28,2022-09-27,Affluent
C02432,Cô Nhật Hoàng,Male,1998-06-29,Can Tho,Business Owner,23340295.14,2026-05-01,Affluent
C02433,Ông Phúc Phạm,Female,1991-02-24,Hai Phong,Doctor,6654364.78,2021-05-26,Mass
C02434,Kim Vũ,Female,1988-01-01,Binh Duong,Doctor,11848377.48,2018-07-20,Mass
C02435,Chị Thảo Mai,Male,1989-02-03,Bac Ninh,Accountant,9995755.97,2025-09-22,Mass
C02436,Nhật Nguyễn,Female,1957-05-23,Nghe An,Bank Employee,19316259.74,2022-06-21,Mass
C02437,Minh Văn Lê,Female,2003-10-18,Nam Dinh,Business Owner,13019008.48,2020-04-28,Mass
C02438,Huy Hữu Lê,Male,1997-03-03,Ho Chi Minh City,Teacher,8413509.99,2023-03-10,Mass
C02439,Bảo Mai,Female,2004-11-08,Da Nang,Engineer,13959810.06,2018-03-16,Mass
C02440,Nhật Quang Bùi,Female,1998-06-10,Hai Phong,Freelancer,16838126.64,2025-12-26,Mass
C02441,Chị Ánh Phạm,Female,1980-02-13,Khanh Hoa,Accountant,19409772.66,2021-09-08,Mass
C02442,Huy Dương,Female,2000-01-31,Ba Ria - Vung Tau,Government Employee,14172232.8,2021-10-27,Mass
C02443,Bà Khoa Phạm,Male,1984-02-20,Quang Ninh,IT Specialist,30359048.42,2023-08-06,Affluent
C02444,Bác Trung Nguyễn,Male,1998-10-09,Quang Ninh,Bank Employee,21078190.55,2022-07-09,Mass
C02445,Quý cô Hà Bùi,Male,1987-12-16,Hai Phong,Bank Employee,14991679.73,2021-11-15,Mass
C02446,Bà Xuân Hoàng,Male,2000-01-03,Da Nang,Business Owner,7831523.68,2021-07-15,Mass
C02447,Quý ông Bảo Hoàng,Male,1997-02-04,Ha Noi,Teacher,11490253.61,2019-11-14,Mass
C02448,Yến Trần,Female,2001-12-15,Hue,Accountant,99606982.0,2018-04-06,Premium
C02449,Bảo Đặng,Female,2008-05-06,Nghe An,Student,8108314.79,2020-08-19,Mass
C02450,Thành Hoàng,Male,1983-01-03,Quang Ninh,Accountant,14823790.14,2019-05-21,Mass
C02451,Quý cô Lâm Lê,Male,1995-06-13,Bac Ninh,Engineer,8403843.34,2020-01-02,Mass
C02452,Nhật Hữu Lê,Female,2002-03-09,Nghe An,Accountant,10530362.63,2020-06-10,Mass
C02453,Kim Nguyễn,Male,1982-12-03,Nam Dinh,Sales,46238915.43,2025-01-25,Affluent
C02454,Chị Thảo Mai,Male,1995-10-16,Ho Chi Minh City,Bank Employee,8013954.23,2024-01-03,Mass
C02455,Vũ Phạm,Female,1988-06-10,Binh Duong,Accountant,8995004.88,2023-03-16,Mass
C02456,Quý ông Tùng Trần,Male,1996-02-14,Quang Ninh,Teacher,19082148.82,2018-01-14,Mass
C02457,Vũ Đức Mai,Female,1981-04-17,Dong Nai,IT Specialist,12682177.47,2025-08-31,Mass
C02458,Huy Mai Lê,Female,2004-03-17,Khanh Hoa,Bank Employee,12921536.93,2022-09-10,Mass
C02459,Trung Mai,Male,1978-11-15,Ha Noi,Freelancer,10521648.19,2024-11-02,Mass
C02460,Chi Nguyễn,Female,1976-08-26,Khanh Hoa,Freelancer,51581941.91,2018-04-04,Affluent
C02461,Hải Dương,Male,1972-06-02,Quang Ninh,Freelancer,13353008.88,2025-09-04,Mass
C02462,Thành Hữu Phạm,Male,1984-03-29,Ha Noi,Student,19685300.72,2025-05-03,Mass
C02463,An Văn Vũ,Male,1986-01-16,Binh Duong,Doctor,30113628.07,2019-10-24,Affluent
C02464,Nhật Lê,Male,1995-06-02,Quang Ninh,IT Specialist,110012298.88,2020-03-29,Premium
C02465,Bảo Mai Bảo Dương,Male,2005-05-02,Hai Phong,Office Staff,11413148.06,2023-03-04,Mass
C02466,Hà Mai,Male,1977-10-21,Khanh Hoa,IT Specialist,60000000.0,2019-12-26,Premium
C02467,Quý cô Lan Dương,Female,1974-01-24,Ho Chi Minh City,Engineer,49011762.83,2021-09-18,Affluent
C02468,Phúc Lê,Female,1996-07-12,Bac Ninh,IT Specialist,41196994.71,2018-10-14,Affluent
C02469,Duyên Trần,Male,1990-09-17,Ho Chi Minh City,Bank Employee,18456253.92,2023-10-30,Mass
C02470,Bà Hà Mai,Other,1980-03-22,Hai Phong,Accountant,60000000.0,2026-01-11,Premium
C02471,Bảo Quang Nguyễn,Female,1983-11-29,Ho Chi Minh City,Government Employee,32906154.44,2022-12-02,Affluent
C02472,Hoàng Dương,Male,1990-09-03,Nam Dinh,Accountant,28131684.16,2026-02-18,Affluent
C02473,Phúc Hoàng Nguyễn,Female,1971-04-05,Hue,Student,47816301.05,2025-01-21,Affluent
C02474,Quý cô Yến Nguyễn,Female,1999-02-24,Dong Nai,Engineer,7521705.72,2020-12-11,Mass
C02475,Kim Vũ,Female,1994-12-10,Dong Nai,Engineer,39872978.16,2022-02-10,Affluent
C02476,Ông Trọng Nguyễn,Male,1988-04-13,Quang Ninh,Doctor,50972583.46,2020-05-10,Affluent
C02477,Vi Bùi,Male,1982-04-20,Ho Chi Minh City,Student,16848401.89,2025-12-14,Mass
C02478,Chị Linh Phạm,Female,1987-06-01,Dong Nai,Business Owner,7379103.06,2025-09-23,Mass
C02479,Cô Ngọc Bùi,Male,1993-02-14,Can Tho,Business Owner,17390743.1,2024-08-31,Mass
C02480,Ngọc Đặng,Male,1991-07-24,Quang Ninh,Government Employee,14310424.8,2020-06-24,Mass
C02481,Cô Mai Trần,Female,1993-12-18,Da Nang,Student,8368481.97,2026-01-11,Mass
C02482,Chị An Bùi,Male,1991-11-13,Nam Dinh,IT Specialist,38400185.66,2025-07-20,Affluent
C02483,Thành Đặng,Male,1997-10-11,Quang Ninh,Teacher,11049749.01,2022-04-23,Mass
C02484,Chị Xuân Mai,Male,2001-06-06,Ha Noi,Doctor,17754559.76,2019-08-31,Mass
C02485,Kim Đức Phạm,Female,1994-05-23,Da Nang,Student,19952832.05,2023-10-18,Mass
C02486,Cô Linh Đặng,Male,1973-11-25,Ba Ria - Vung Tau,Teacher,96810145.73,2025-03-22,Premium
C02487,Cô Kim Đặng,Male,2002-01-17,Da Nang,Government Employee,5782536.3,2023-06-11,Mass
C02488,Hồng Phạm,Female,2007-01-04,Thanh Hoa,Teacher,7419149.75,2022-04-05,Mass
C02489,Anh Vũ Vũ,Male,1975-09-04,Da Nang,Doctor,12496458.14,2020-07-07,Mass
C02490,Hưng Quang Phạm,Male,1985-11-27,Dong Nai,Student,20000000.0,2025-04-16,Affluent
C02491,Hạnh Mai Bảo Trần,Male,2004-01-18,Thanh Hoa,Freelancer,45671386.89,2018-02-19,Affluent
C02492,Bà Hà Hoàng,Female,1987-01-09,Ba Ria - Vung Tau,Doctor,33487976.97,2022-01-29,Affluent
C02493,Thành Trí Đặng,Female,1984-03-14,Ho Chi Minh City,Engineer,192383217.72,2023-09-10,Premium
C02494,Bà Hải Dương,Male,1992-12-23,Nghe An,Student,12294918.92,2018-11-22,Mass
C02495,Thành Nguyễn,Female,1988-09-05,Thanh Hoa,Freelancer,27719746.3,2020-09-29,Mass
C02496,Quý ông Minh Phạm,Male,2008-06-27,Can Tho,Bank Employee,42961955.4,2020-07-24,Affluent
C02497,Mai Nguyễn,Female,1992-02-12,Quang Ninh,Office Staff,125446437.73,2020-12-24,Premium
C02498,Hạnh Phạm,Female,1998-08-16,Can Tho,Doctor,34489624.93,2018-09-18,Affluent
C02499,Lâm Quang Nguyễn,Female,1983-07-30,Nghe An,Business Owner,30000000.0,2020-07-21,Mass
C02500,Bà Nhật Vũ,Male,1981-12-12,Thanh Hoa,IT Specialist,8918106.88,2018-07-29,Mass
C02501,Chị Hồng Phạm,Male,1994-11-12,Hai Phong,Doctor,10239079.39,2022-12-16,Mass
C02502,Mai Hoàng,Male,2008-06-19,Hai Phong,Government Employee,10690709.39,2024-09-16,Mass
C02503,Bác Hoàng Vũ,Male,1981-12-18,Ha Noi,Freelancer,7682349.37,2019-04-02,Mass
C02504,Hưng Bảo Vũ,Female,1979-02-22,Dong Nai,Bank Employee,14233919.84,2025-02-13,Mass
C02505,Mai Đặng,Female,1999-02-10,Ha Noi,Business Owner,33545045.26,2024-09-29,Affluent
C02506,Quang Hoàng Mai,Male,1972-11-18,Quang Ninh,Sales,15512534.65,2023-10-08,Mass
C02507,Xuân Phạm,Male,1989-11-07,Nam Dinh,Business Owner,32591224.55,2020-10-16,Affluent
C02508,Quý cô Vân Đặng,Male,1989-10-21,Nghe An,Government Employee,10032094.51,2022-12-08,Mass
C02509,Quý cô Hải Nguyễn,Male,2008-06-27,Thanh Hoa,Office Staff,24524409.27,2023-09-19,Mass
C02510,Nhật Trần,Male,1989-07-12,Quang Ninh,Engineer,39440461.9,2025-07-19,Affluent
C02511,Cô Dương Lê,Male,1991-02-19,Da Nang,Bank Employee,9277719.47,2020-01-19,Mass
C02512,Chị Hương Lê,Male,1993-08-08,Dong Nai,Doctor,6855960.93,2023-08-18,Mass
C02513,Chị Vân Trần,Male,1965-01-11,Thanh Hoa,Engineer,7789895.54,2024-11-01,Mass
C02514,Nhật Mai Vũ,Male,2001-10-21,Quang Ninh,Sales,10286331.02,2026-08-06,Mass
C02515,Chị Lâm Bùi,Male,1976-07-11,Binh Duong,Teacher,12061092.78,2019-10-06,Mass
C02516,Chị Hạnh Vũ,Male,2004-01-09,Thanh Hoa,Bank Employee,18614206.44,2022-09-04,Mass
C02517,Anh Anh Dương,Female,1982-05-21,Bac Ninh,Business Owner,14488552.93,2021-05-28,Mass
C02518,Thành Bùi,Male,1983-05-02,Da Nang,Student,27741606.2,2026-05-11,Mass
C02519,Bảo Mai Bảo Dương,Male,1966-05-05,Hue,Freelancer,9436227.58,2022-09-05,Mass
C02520,Phương Bảo Lê,Male,1973-03-15,Ha Noi,Accountant,13722207.64,2019-07-28,Mass
C02521,Ông Thành Bùi,Female,1985-05-17,Ha Noi,Student,6636680.13,2025-06-04,Mass
C02522,Hạnh Hoàng,Female,1992-05-05,Binh Duong,Sales,9028790.29,2022-10-18,Mass
C02523,Chị Hạnh Bùi,Female,1981-04-22,Nghe An,Government Employee,48263337.36,2020-05-30,Affluent
C02524,Bác Bảo Vũ,Female,2008-02-16,Binh Duong,Business Owner,11907809.52,2020-09-22,Mass
C02525,Phương Mai Bảo Trần,Male,1978-02-03,Can Tho,Freelancer,11241013.54,2018-07-08,Mass
C02526,Hoàng Mai Bảo Phạm,Female,1982-03-20,Can Tho,Student,13569363.44,2021-02-21,Mass
C02527,Chị An Nguyễn,Female,1986-12-08,Hue,Office Staff,10912909.08,2025-03-04,Mass
C02528,Châu Hữu Bùi,Male,2003-12-29,Da Nang,IT Specialist,25000329.81,2019-03-31,Affluent
C02529,Nhật Phú Bùi,Male,1983-08-29,Da Nang,Student,12082003.59,2019-09-14,Mass
C02530,Bác Nhiên Trần,Female,1991-12-06,Nam Dinh,Freelancer,10345432.68,2018-12-27,Mass
C02531,An Đức Bùi,Male,1994-04-18,Khanh Hoa,Government Employee,47914664.21,2020-12-03,Affluent
C02532,Chị Kim Vũ,Female,1994-05-06,Can Tho,Office Staff,7504733.84,2026-08-20,Mass
C02533,Minh Mai Bảo Đặng,Male,1981-10-12,Can Tho,Student,11169644.85,2022-01-19,Mass
C02534,Dương Bùi,Female,1990-02-17,Can Tho,Doctor,21063865.92,2023-04-03,Mass
C02535,Nhật Hải Phạm,Male,1991-04-01,Da Nang,Doctor,13278164.72,2025-11-23,Mass
C02536,Ông Quang Nguyễn,Male,2002-11-25,Can Tho,Office Staff,11111963.73,2025-03-15,Mass
C02537,Bà Khoa Dương,Male,1984-03-16,Dong Nai,IT Specialist,21949315.21,2023-12-05,Affluent
C02538,Bà Lâm Hoàng,Male,1988-01-15,Da Nang,Office Staff,12430877.83,2018-05-12,Mass
C02539,Cô Hà Trần,Female,1990-04-19,Dong Nai,Government Employee,17251727.17,2024-06-12,Mass
C02540,Kim Quang Mai,Male,1987-08-31,Can Tho,Engineer,20130414.17,2024-04-05,Mass
C02541,Quý cô Lan Bùi,Female,2001-01-01,Quang Ninh,Government Employee,36456706.44,2018-12-26,Affluent
C02542,Khoa Mai,Female,1990-02-06,Khanh Hoa,Bank Employee,65200581.56,2026-06-07,Premium
C02543,Khoa Thế Bùi,Male,1979-10-21,Hue,Business Owner,27073145.8,2026-04-15,Mass
C02544,Hà Hoàng,Male,1991-04-17,Hai Phong,Teacher,14320098.37,2021-10-23,Mass
C02545,Hoàng Đức Phạm,Male,1989-10-14,Can Tho,Accountant,28255062.94,2022-07-03,Affluent
C02546,Nhật Thế Nguyễn,Female,2008-09-25,Khanh Hoa,Accountant,9373494.11,2020-07-11,Mass
C02547,Quý cô An Trần,Male,2006-07-14,Nam Dinh,Doctor,21787629.99,2026-08-11,Mass
C02548,Nhật Bùi,Male,1992-02-11,Ho Chi Minh City,Bank Employee,10631644.51,2024-06-10,Mass
C02549,Hải Thế Bùi,Female,1980-12-14,Quang Ninh,Doctor,24998672.68,2020-04-24,Affluent
C02550,Chị Thành Lê,Male,1999-08-11,Ha Noi,Government Employee,12289336.61,2018-06-11,Mass
C02551,Chị Nhật Lê,Female,1979-01-03,Da Nang,Engineer,14303387.76,2021-07-15,Mass
C02552,Nhật Hoàng,Female,1987-11-02,Bac Ninh,Doctor,12332620.9,2022-10-04,Mass
C02553,Chị Mai Nguyễn,Other,1986-06-07,Ba Ria - Vung Tau,Doctor,37182712.41,2018-04-22,Affluent
C02554,Chị Hạnh Bùi,Male,2002-02-17,Hai Phong,Accountant,12195101.78,2026-05-06,Mass
C02555,Ông Phúc Trần,Female,2002-06-16,Hue,Office Staff,12345424.89,2022-06-24,Mass
C02556,Vũ Bùi,Male,1996-03-21,Khanh Hoa,Engineer,29186031.39,2019-12-19,Mass
C02557,Hạnh Trần,Female,1990-12-11,Can Tho,Government Employee,7340616.28,2026-06-27,Mass
C02558,Nam Hải Dương,Male,1992-01-26,Can Tho,Freelancer,14392139.81,2021-07-21,Mass
C02559,Ông Nam Nguyễn,Male,1972-06-22,Hai Phong,Government Employee,9762986.13,2020-11-11,Mass
C02560,Nam Hoàng,Female,2008-02-08,Ha Noi,Office Staff,15971399.7,2022-09-17,Mass
C02561,Hương Phạm,Male,2006-08-09,Da Nang,Sales,83990862.18,2018-09-25,Premium
C02562,Hồng Hoàng,Male,1992-11-03,Nam Dinh,Doctor,97253094.76,2018-12-12,Premium
C02563,Châu Dương,Female,1983-03-20,Ba Ria - Vung Tau,IT Specialist,9446408.83,2021-01-30,Mass
C02564,Trọng Bảo Đặng,Female,1994-04-20,Ha Noi,Teacher,34850481.57,2019-12-28,Affluent
C02565,Dũng Tấn Phạm,Female,1989-07-30,Nghe An,Teacher,12417989.17,2023-04-09,Mass
C02566,Thành Hữu Hoàng,Female,1986-09-03,Khanh Hoa,Doctor,45082760.12,2025-05-31,Affluent
C02567,Linh Đặng,Male,1985-11-22,Hue,Teacher,14064608.17,2019-12-17,Mass
C02568,An Dương,Female,2008-07-13,Can Tho,Bank Employee,12212821.52,2019-03-25,Mass
C02569,Nhật Trí Nguyễn,Female,1985-09-19,Thanh Hoa,Doctor,15487543.69,2025-01-05,Mass
C02570,Phương Vũ,Male,1998-05-19,Khanh Hoa,Sales,9528076.91,2018-04-16,Mass
C02571,Bà Chi Hoàng,Male,1997-02-03,Ha Noi,Student,41110856.35,2022-07-28,Affluent
C02572,Quý ông Trung Nguyễn,Male,1979-03-27,Dong Nai,Freelancer,30972819.49,2019-11-27,Affluent
C02573,Nam Phú Nguyễn,Male,1981-09-28,Da Nang,Doctor,12529985.14,2018-09-29,Mass
C02574,Bảo Hải Hoàng,Male,1992-02-02,Thanh Hoa,Accountant,32849377.42,2024-01-08,Affluent
C02575,Quý ông Trọng Trần,Male,1981-12-01,Dong Nai,Bank Employee,13448383.13,2023-05-05,Mass
C02576,Huy Mai Bảo Trần,Male,1965-05-31,Quang Ninh,Sales,8905134.54,2022-02-06,Mass
C02577,Hạnh Hoàng Lê,Female,1984-10-27,Can Tho,Engineer,9971054.01,2026-05-25,Mass
C02578,Lan Dương,Female,1999-12-13,Bac Ninh,Teacher,11954444.71,2019-06-16,Mass
C02579,Hạnh Mai,Female,1989-07-22,Bac Ninh,Bank Employee,30000000.0,2019-01-24,Mass
C02580,Anh Bảo Trần,Female,1993-05-11,Ba Ria - Vung Tau,Freelancer,8079613.96,2020-07-15,Mass
C02581,Anh Quang Phạm,Male,1986-11-01,Nam Dinh,Sales,20000000.0,2023-03-08,Affluent
C02582,Cô Hà Bùi,Female,1992-01-10,Nghe An,Freelancer,100643070.17,2020-12-28,Premium
C02583,Lan Đặng,Female,1982-07-30,Da Nang,Accountant,16872320.47,2019-08-18,Mass
C02584,Hạnh Hải Vũ,Female,1996-09-14,Can Tho,Accountant,11383805.15,2020-03-21,Mass
C02585,Ông Hoàng Mai,Female,1999-09-24,Quang Ninh,Bank Employee,8085600.44,2020-09-01,Mass
C02586,Ông Dũng Phạm,Male,1987-04-22,Ha Noi,Freelancer,7684088.08,2021-11-09,Mass
C02587,Hải Đặng,Male,1994-12-11,Hue,IT Specialist,67161529.24,2023-01-31,Premium
C02588,Nhật Hữu Mai,Female,1983-12-30,Thanh Hoa,Engineer,60086013.34,2025-05-08,Affluent
C02589,Lâm Hải Vũ,Female,2005-04-10,Da Nang,Teacher,6273598.92,2023-06-20,Mass
C02590,Hạnh Trần,Female,1992-02-12,Ho Chi Minh City,Engineer,12066112.19,2021-11-03,Mass
C02591,Hà Đặng,Female,1988-05-22,Hai Phong,Sales,10264532.12,2018-04-15,Mass
C02592,Cô Duyên Đặng,Female,1993-07-30,Hai Phong,Doctor,115835878.67,2019-04-01,Premium
C02593,Bà Kim Hoàng,Male,1978-10-07,Nam Dinh,Teacher,20000000.0,2021-06-11,Affluent
C02594,Thảo Nguyễn,Male,1994-12-23,Hai Phong,Government Employee,12932450.92,2023-09-24,Mass
C02595,Quý cô Hồng Đặng,Male,2000-10-17,Bac Ninh,Office Staff,21995019.05,2026-05-08,Mass
C02596,Hoàng Hải Trần,Male,1996-11-28,Dong Nai,Teacher,11827817.94,2023-12-14,Mass
C02597,An Mai Đặng,Female,1984-01-06,Da Nang,Government Employee,9756726.78,2023-12-15,Mass
C02598,Bà Lâm Dương,Male,2008-07-09,Hai Phong,Bank Employee,10328195.32,2025-02-11,Mass
C02599,Anh Trọng Vũ,Female,1979-06-13,Binh Duong,Student,10665277.33,2024-11-02,Mass
C02600,Cô Khoa Đặng,Male,2000-06-19,Nam Dinh,Office Staff,144812393.94,2022-06-30,Premium
C02601,Minh Trần,Male,1994-01-08,Hue,IT Specialist,10037723.7,2019-07-12,Mass
C02602,Nhiên Dương,Female,1989-05-03,Ha Noi,Engineer,15715841.61,2024-03-26,Mass
C02603,Quý cô Thảo Bùi,Female,1964-06-25,Ba Ria - Vung Tau,Student,16029636.46,2018-10-01,Mass
C02604,Vi Đặng,Male,1978-03-10,Quang Ninh,Teacher,10052471.05,2019-10-19,Mass
C02605,Chị Nhật Phạm,Female,2002-05-29,Hue,Teacher,12264668.17,2022-05-21,Mass
C02606,Xuân Lê,Female,1989-05-29,Binh Duong,Sales,8227047.41,2021-02-05,Mass
C02607,Quý ông Khoa Lê,Male,1992-03-11,Hai Phong,Student,39454311.91,2025-07-16,Affluent
C02608,Vân Bùi,Male,1987-02-19,Quang Ninh,Bank Employee,14316423.84,2021-09-03,Mass
C02609,Huy Mai Bảo Đặng,Male,1987-08-05,Nghe An,Business Owner,10048803.97,2026-08-27,Mass
C02610,Kim Quang Mai,Female,1996-02-03,Bac Ninh,Bank Employee,7887456.09,2019-05-27,Mass
C02611,Khoa Phạm,Female,1970-11-30,Thanh Hoa,Teacher,12056624.71,2026-06-17,Mass
C02612,Hà Trí Đặng,Female,1993-04-11,Ba Ria - Vung Tau,Business Owner,68968739.65,2018-06-17,Premium
C02613,Ánh Vũ,Male,1958-06-03,Hai Phong,Bank Employee,8241990.16,2024-07-24,Mass
C02614,Anh Nhiên Lê,Male,1994-10-04,Can Tho,IT Specialist,39650323.72,2020-07-09,Affluent
C02615,Quý ông Khoa Lê,Female,1984-08-20,Can Tho,Freelancer,146693152.63,2022-01-25,Premium
C02616,Chị Vi Phạm,Male,1970-11-02,Thanh Hoa,Student,122441485.71,2022-09-24,Premium
C02617,Linh Hoàng,Male,2002-08-08,Binh Duong,Business Owner,32403437.86,2026-03-20,Affluent
C02618,Hải Lê,Male,1987-05-29,Ho Chi Minh City,Government Employee,24749016.83,2025-06-24,Mass
C02619,Kim Xuân Nguyễn,Female,2006-03-31,Hai Phong,Office Staff,18280015.73,2023-06-12,Mass
C02620,Thành Dương,Male,1989-01-23,Bac Ninh,Freelancer,16089185.48,2020-12-24,Mass
C02621,Cô Hà Mai,Male,1991-10-06,Thanh Hoa,Government Employee,8935706.61,2024-05-05,Mass
C02622,Nhiên Bảo Lê,Male,1982-01-13,Binh Duong,Bank Employee,15088871.86,2024-09-30,Mass
C02623,Lâm Thị Trần,Male,1979-11-11,Hai Phong,Freelancer,11944250.43,2026-07-27,Mass
C02624,Quý cô Chi Vũ,Male,1996-12-08,Ho Chi Minh City,Student,21926851.09,2022-09-24,Affluent
C02625,Quý cô Nhật Trần,Female,1981-09-15,Da Nang,Bank Employee,39746226.52,2023-03-03,Affluent
C02626,Quý ông Anh Dương,Female,2001-01-06,Ha Noi,Accountant,29778181.46,2025-01-16,Affluent
C02627,Nam Đức Trần,Female,1996-02-23,Ho Chi Minh City,Office Staff,7141066.24,2020-01-11,Mass
C02628,Hà Dương,Male,1999-04-16,Hai Phong,Business Owner,24908247.02,2018-04-27,Affluent
C02629,Cô Duyên Hoàng,Female,1995-05-26,Da Nang,Bank Employee,9266099.5,2020-10-15,Mass
C02630,Bác Tú Hoàng,Male,2008-09-04,Da Nang,IT Specialist,24356852.59,2025-02-13,Mass
C02631,Quý cô Nhật Bùi,Male,1977-07-16,Bac Ninh,Government Employee,27705812.67,2024-02-20,Affluent
C02632,Nhiên Lê,Female,1988-03-12,Dong Nai,Sales,39669696.68,2019-12-06,Affluent
C02633,Thành Trần,Female,1977-08-22,Da Nang,Sales,9010538.98,2026-04-19,Mass
C02634,Quý cô Nhật Nguyễn,Female,1978-06-12,Da Nang,Business Owner,9905991.67,2026-02-05,Mass
C02635,Phương Mai Bảo Trần,Male,2005-03-06,Da Nang,Freelancer,15461521.38,2020-02-02,Mass
C02636,Lâm Trần,Female,1976-06-25,Nam Dinh,Student,29685977.33,2021-10-12,Mass
C02637,Chị An Mai,Female,2004-03-28,Dong Nai,Teacher,132255817.71,2021-08-15,Premium
C02638,Bác Tú Nguyễn,Male,1995-06-27,Khanh Hoa,Business Owner,44272143.96,2025-11-08,Affluent
C02639,Chị Hải Lê,Female,2007-05-01,Dong Nai,Government Employee,7713231.48,2022-06-19,Mass
C02640,Phương Vũ,Female,1999-08-24,Bac Ninh,Engineer,12336274.47,2024-09-15,Mass
C02641,Hương Trần,Female,1997-10-27,Hue,Business Owner,15113307.85,2021-10-25,Mass
C02642,Quang Mai,Female,1979-03-17,Quang Ninh,Accountant,14801947.93,2026-04-04,Mass
C02643,Quý cô Hải Nguyễn,Female,1973-05-10,Khanh Hoa,Freelancer,118096352.49,2021-08-19,Premium
C02644,Bà Ngọc Mai,Other,2004-02-16,Binh Duong,Office Staff,19338316.32,2019-09-27,Mass
C02645,Tùng Dương,Female,1997-05-14,Ha Noi,IT Specialist,16503180.58,2025-10-18,Mass
C02646,Quý cô Nhật Đặng,Female,1973-06-04,Ba Ria - Vung Tau,Doctor,14079888.81,2020-06-03,Mass
C02647,Trọng Hoàng Trần,Male,2007-05-01,Bac Ninh,Office Staff,26572701.02,2023-06-03,Affluent
C02648,Mai Nguyễn,Female,1976-03-08,Nghe An,Government Employee,93458838.72,2020-02-27,Premium
C02649,Chị Thảo Phạm,Male,1990-01-11,Khanh Hoa,Accountant,15650379.96,2022-05-05,Mass
C02650,Chị Khoa Đặng,Female,1982-10-09,Dong Nai,Sales,38053307.48,2020-12-15,Affluent
C02651,Hoàng Hoàng,Male,1993-03-30,Ba Ria - Vung Tau,Doctor,10756096.32,2022-01-02,Mass
C02652,Hà Đức Vũ,Male,1980-10-16,Quang Ninh,Sales,41322986.58,2025-11-17,Affluent
C02653,Hải Xuân Bùi,Male,1992-12-31,Khanh Hoa,Teacher,17525307.15,2023-09-10,Mass
C02654,Ông Anh Bùi,Female,1992-01-02,Da Nang,Engineer,27108556.31,2024-10-10,Affluent
C02655,Chị Hà Vũ,Male,1999-04-06,Can Tho,Student,8519412.28,2024-03-19,Mass
C02656,Bà Duyên Mai,Female,1993-06-10,Thanh Hoa,Business Owner,18480389.58,2018-08-06,Mass
C02657,Quý cô Bảo Đặng,Male,1999-02-19,Thanh Hoa,Freelancer,12818291.4,2019-12-03,Mass
C02658,Kim Văn Hoàng,Male,1998-02-14,Nghe An,Bank Employee,10955027.52,2021-11-24,Mass
C02659,Cô Thảo Trần,Male,2006-10-03,Quang Ninh,Engineer,11108585.41,2018-09-25,Mass
C02660,Hải Mai,Female,1993-05-14,Khanh Hoa,Business Owner,124124533.44,2026-02-28,Premium
C02661,Hà Tấn Trần,Male,1987-12-02,Thanh Hoa,Accountant,24430452.91,2019-07-01,Affluent
C02662,Dũng Đức Lê,Female,1979-06-18,Ho Chi Minh City,IT Specialist,12916592.35,2025-10-26,Mass
C02663,Bà Ngọc Trần,Female,1988-04-17,Bac Ninh,Freelancer,34903717.96,2023-09-12,Affluent
C02664,Lâm Hữu Trần,Female,1996-07-20,Dong Nai,Government Employee,109102861.63,2024-07-31,Premium
C02665,Bảo Mai,Male,1985-10-01,Khanh Hoa,Office Staff,20723728.62,2022-01-07,Affluent
C02666,Nhiên Dương,Female,1996-08-26,Khanh Hoa,Engineer,10975606.4,2026-03-11,Mass
C02667,Phương Đặng,Male,1988-06-26,Bac Ninh,Freelancer,50065961.36,2020-01-05,Affluent
C02668,Tùng Vũ,Female,1999-09-16,Ho Chi Minh City,IT Specialist,30143204.48,2021-09-21,Affluent
C02669,An Lê,Male,1996-03-09,Khanh Hoa,Student,72570546.94,2022-05-06,Premium
C02670,Thành Xuân Đặng,Female,1994-03-21,Can Tho,IT Specialist,15716127.69,2021-11-07,Mass
C02671,Nhật Trí Vũ,Male,2002-04-24,Da Nang,Teacher,39793054.22,2020-10-29,Affluent
C02672,Dương Mai,Female,2008-06-26,Nam Dinh,Accountant,9859528.53,2021-12-09,Mass
C02673,Chị Bảo Bùi,Female,1993-11-12,Hai Phong,Sales,21565774.31,2019-01-21,Mass
C02674,Hưng Đặng,Female,1994-09-22,Ba Ria - Vung Tau,Freelancer,5553739.22,2024-03-31,Mass
C02675,Quý cô Yến Dương,Male,2008-03-21,Hai Phong,Teacher,12143778.79,2023-12-08,Mass
C02676,Quý cô Thành Dương,Male,1984-04-20,Hue,Business Owner,13685217.01,2024-05-15,Mass
C02677,Anh Bùi,Female,1989-08-29,Quang Ninh,Doctor,18023879.34,2023-08-03,Mass
C02678,Bà Dương Trần,Male,1996-06-12,Da Nang,Engineer,45778805.79,2019-09-26,Affluent
C02679,Huy Đặng,Female,2007-12-10,Quang Ninh,IT Specialist,26678652.44,2026-08-29,Affluent
C02680,Hải Trần,Male,2008-07-14,Binh Duong,IT Specialist,10899433.27,2018-06-08,Mass
C02681,Nhật Phạm,Female,1991-08-03,Dong Nai,Business Owner,104669815.68,2019-03-18,Premium
C02682,Bảo Hoàng,Male,1990-07-03,Khanh Hoa,Government Employee,8673418.33,2019-02-13,Mass
C02683,Hương Vũ,Female,1992-11-28,Quang Ninh,Freelancer,22334086.65,2023-02-06,Affluent
C02684,Ông Huy Mai,Female,1975-12-31,Binh Duong,Accountant,31952813.6,2019-04-22,Affluent
C02685,Quý cô Nhật Mai,Female,1996-08-29,Da Nang,Doctor,20926907.37,2020-09-07,Mass
C02686,Kim Nguyễn,Female,2004-01-22,Bac Ninh,Accountant,8092608.87,2018-08-29,Mass
C02687,Cô Yến Bùi,Female,2003-01-28,Dong Nai,Bank Employee,34294556.78,2024-08-18,Affluent
C02688,Quang Thị Hoàng,Male,1986-01-11,Hai Phong,Bank Employee,15545839.77,2023-11-30,Mass
C02689,Anh Minh Phạm,Female,1961-10-16,Nghe An,Government Employee,5460854.56,2024-02-16,Mass
C02690,Cô Thành Lê,Female,1984-05-13,Da Nang,Teacher,9874058.35,2020-03-22,Mass
C02691,Hưng Bảo Dương,Male,1996-11-15,Hue,Accountant,9659930.03,2018-12-04,Mass
C02692,Bảo Phú Trần,Female,2000-01-23,Hai Phong,Sales,21638850.69,2024-11-02,Mass
C02693,Quang Đức Vũ,Male,1981-01-24,Dong Nai,Business Owner,35244407.18,2025-11-02,Affluent
C02694,Châu Vũ,Male,1976-09-15,Bac Ninh,Engineer,7067603.9,2024-08-03,Mass
C02695,Trung Nguyễn,Female,2004-12-11,Nghe An,Teacher,5599167.6,2026-04-16,Mass
C02696,Lâm Thế Mai,Male,1998-09-17,Ha Noi,Business Owner,12698719.15,2021-12-11,Mass
C02697,Xuân Dương,Female,1989-09-07,Binh Duong,Bank Employee,36603747.83,2026-04-14,Affluent
C02698,Ông Quang Nguyễn,Female,2006-06-30,Nghe An,Sales,15895098.79,2018-07-03,Mass
C02699,Bác Khoa Đặng,Female,1988-08-14,Thanh Hoa,Teacher,43609034.66,2025-12-28,Affluent
C02700,An Đặng,Male,2008-06-16,Thanh Hoa,Doctor,13382239.94,2024-11-15,Mass
C02701,Quý cô Thành Nguyễn,Male,2004-03-18,Bac Ninh,Student,10442077.02,2021-04-04,Mass
C02702,Kim Dương,Male,1985-06-03,Ho Chi Minh City,Sales,103710942.3,2022-05-17,Premium
C02703,Cô Vân Mai,Female,2000-03-24,Ba Ria - Vung Tau,Accountant,12026376.2,2019-08-04,Mass
C02704,Quý cô Hà Dương,Female,2006-11-15,Ho Chi Minh City,Business Owner,49423611.73,2022-09-28,Affluent
C02705,Lan Vũ,Female,1992-10-04,Binh Duong,Bank Employee,17750241.66,2025-04-30,Mass
C02706,Quý cô Hồng Đặng,Female,1996-05-15,Hue,Student,9990703.93,2022-08-22,Mass
C02707,Quang Bùi,Male,1999-06-26,Binh Duong,IT Specialist,16306560.73,2018-02-12,Mass
C02708,Bà Hà Dương,Female,1998-03-13,Ha Noi,Student,42466973.99,2019-06-12,Affluent
C02709,Anh Hoàng Đặng,Female,1995-06-10,Hai Phong,Bank Employee,6009367.46,2019-10-13,Mass
C02710,An Phú Phạm,Female,1997-01-24,Hai Phong,Teacher,7942426.04,2019-11-17,Mass
C02711,Lâm Vũ,Female,1990-05-25,Ho Chi Minh City,Student,62116216.6,2022-06-20,Premium
C02712,Lan Bùi,Male,1980-05-12,Nam Dinh,Freelancer,11623513.81,2026-07-15,Mass
C02713,Nhật Tấn Nguyễn,Male,1992-06-21,Hai Phong,Government Employee,42611139.21,2020-04-02,Affluent
C02714,Chị Nhật Vũ,Male,1980-09-17,Thanh Hoa,IT Specialist,11915881.46,2020-07-25,Mass
C02715,Kim Dương,Male,1999-03-17,Quang Ninh,Engineer,20556088.55,2018-10-04,Affluent
C02716,Anh Dũng Bùi,Male,1997-11-20,Da Nang,IT Specialist,29083889.27,2022-12-16,Affluent
C02717,Bảo Đức Trần,Female,1989-09-12,Ho Chi Minh City,Government Employee,31557270.21,2020-02-14,Affluent
C02718,Lan Lê,Female,1983-04-26,Ha Noi,Freelancer,9682910.28,2019-09-18,Mass
C02719,Minh Văn Phạm,Male,1991-05-28,Ba Ria - Vung Tau,Teacher,18161468.87,2020-04-01,Mass
C02720,Dương Đặng,Female,1987-09-06,Hue,Accountant,11750473.18,2021-04-10,Mass
C02721,Khoa Văn Bùi,Female,1997-06-08,Quang Ninh,Bank Employee,9614531.59,2025-05-19,Mass
C02722,Bác Khoa Dương,Female,2000-09-18,Binh Duong,IT Specialist,9929938.12,2020-10-03,Mass
C02723,Kim Phạm,Female,1982-05-11,Nghe An,Teacher,11103337.68,2021-07-24,Mass
C02724,Chị Lâm Vũ,Male,2004-10-14,Hai Phong,Accountant,22281704.2,2018-03-13,Mass
C02725,Hạnh Phạm,Female,1987-07-10,Can Tho,Sales,7333672.84,2019-08-11,Mass
C02726,Lâm Mai Bảo Trần,Female,1994-10-17,Bac Ninh,Office Staff,12474878.27,2024-04-23,Mass
C02727,Chị Khoa Lê,Male,1972-03-23,Dong Nai,Freelancer,8142255.98,2020-07-08,Mass
C02728,Cô Lan Bùi,Female,1980-09-17,Khanh Hoa,Government Employee,19584274.04,2025-04-11,Mass
C02729,Thảo Phạm,Female,1997-01-31,Ba Ria - Vung Tau,Freelancer,10889258.92,2021-03-02,Mass
C02730,Quý cô An Hoàng,Female,2002-03-16,Thanh Hoa,Student,11175180.03,2023-07-03,Mass
C02731,Cô Ánh Nguyễn,Female,1991-04-10,Ho Chi Minh City,IT Specialist,15116458.98,2019-09-20,Mass
C02732,Kim Thế Phạm,Male,1979-04-05,Bac Ninh,Teacher,9235668.76,2026-03-14,Mass
C02733,Bà Hồng Dương,Male,2008-03-14,Nam Dinh,Teacher,11911102.84,2018-03-27,Mass
C02734,Vân Bùi,Male,1987-05-04,Quang Ninh,Office Staff,13094638.09,2025-12-20,Mass
C02735,Thảo Trần,Female,1994-06-08,Hue,Teacher,36334717.58,2021-12-16,Affluent
C02736,Quang Vũ,Male,1974-03-14,Hue,Accountant,13715322.09,2023-01-27,Mass
C02737,Huy Hải Đặng,Male,1995-03-18,Thanh Hoa,Sales,10072786.83,2025-06-18,Mass
C02738,Lan Nguyễn,Male,1992-01-05,Bac Ninh,Doctor,21279956.84,2020-02-22,Mass
C02739,Ngọc Đặng,Female,1992-10-30,Dong Nai,Freelancer,11917151.07,2023-03-13,Mass
C02740,Bà Chi Vũ,Female,1996-03-06,Da Nang,Bank Employee,17629097.87,2022-05-29,Mass
C02741,Kim Lê,Male,1969-08-14,Nghe An,Bank Employee,14049983.44,2024-12-29,Mass
C02742,Châu Đặng,Male,1990-06-23,Bac Ninh,Sales,12155486.62,2019-10-04,Mass
C02743,Khoa Đức Trần,Female,2008-01-08,Hue,Teacher,134724308.58,2018-04-08,Premium
C02744,Dương Mai,Female,1989-03-20,Khanh Hoa,Bank Employee,13940891.66,2026-05-14,Mass
C02745,Bà Thành Đặng,Female,1998-07-14,Ho Chi Minh City,Accountant,10489206.14,2020-03-21,Mass
C02746,Quang Đức Phạm,Male,1995-04-23,Thanh Hoa,Doctor,47552528.19,2019-06-19,Affluent
C02747,Hà Đức Lê,Female,1995-01-26,Da Nang,Freelancer,230035654.12,2024-11-13,Premium
C02748,An Hoàng,Female,1985-11-17,Ba Ria - Vung Tau,Office Staff,7678450.11,2018-09-25,Mass
C02749,Chị Yến Dương,Male,1992-09-28,Ba Ria - Vung Tau,Office Staff,9552666.76,2019-01-04,Mass
C02750,Hà Mai,Male,2008-03-30,Bac Ninh,Student,21004180.28,2020-05-22,Mass
C02751,Khoa Mai Bảo Phạm,Male,1983-09-02,Da Nang,Freelancer,41071327.77,2024-07-17,Affluent
C02752,Cô Bảo Phạm,Female,1989-02-17,Thanh Hoa,Sales,23121034.58,2021-04-01,Affluent
C02753,Phương Đức Mai,Male,1995-12-19,Quang Ninh,Teacher,16111445.51,2019-05-01,Mass
C02754,Quang Mai Trần,Female,2001-11-18,Hue,Teacher,4947029.96,2025-01-19,Mass
C02755,Hà Mai Bảo Bùi,Male,1993-05-12,Can Tho,Doctor,94487463.51,2025-06-12,Premium
C02756,Lan Hoàng,Female,1989-02-18,Hai Phong,Office Staff,15485253.36,2022-04-10,Mass
C02757,Hoàng Vũ,Male,1983-02-03,Quang Ninh,Office Staff,13137570.23,2022-01-24,Mass
C02758,Duyên Nguyễn,Female,1976-12-11,Khanh Hoa,Teacher,7051689.45,2018-03-23,Mass
C02759,Quý cô Chi Mai,Female,1984-10-26,Khanh Hoa,Sales,42237547.24,2018-12-15,Affluent
C02760,Bảo Dương,Female,2004-08-25,Quang Ninh,Teacher,7091535.83,2025-08-06,Mass
C02761,Phương Hữu Bùi,Male,1999-07-17,Hai Phong,Bank Employee,9519736.26,2025-02-10,Mass
C02762,Trung Lê,Male,1981-10-06,Dong Nai,Engineer,9677640.05,2023-07-20,Mass
C02763,Lan Hoàng,Male,1999-12-03,Hue,Teacher,9687484.96,2020-11-01,Mass
C02764,Cô Xuân Mai,Male,1978-05-16,Nghe An,Office Staff,12054907.41,2019-11-15,Mass
C02765,Bác Khoa Phạm,Male,1992-06-02,Can Tho,Business Owner,11546758.23,2022-11-09,Mass
C02766,Anh Mai,Male,1976-05-20,Can Tho,Bank Employee,9232192.36,2018-11-25,Mass
C02767,Bảo Phạm,Male,1976-09-20,Quang Ninh,Freelancer,12917466.07,2024-06-07,Mass
C02768,Vân Phạm,Male,1992-03-22,Bac Ninh,IT Specialist,28795577.72,2018-05-28,Mass
C02769,Hưng Lê,Female,2002-05-15,Can Tho,Accountant,10602784.27,2023-10-01,Mass
C02770,Hoàng Vũ,Female,2004-02-25,Hue,Student,16747824.0,2021-11-19,Mass
C02771,Dương Phạm,Female,1971-12-30,Bac Ninh,IT Specialist,21528542.72,2018-12-08,Mass
C02772,Cô Ngọc Đặng,Female,1976-10-28,Hai Phong,Bank Employee,32985297.15,2023-09-16,Affluent
C02773,Dũng Quang Mai,Female,1995-09-21,Dong Nai,Teacher,21199914.1,2019-03-15,Affluent
C02774,Hoàng Bùi,Male,1968-07-10,Da Nang,Engineer,14140584.23,2020-08-28,Mass
C02775,Dũng Nguyễn,Female,1996-08-24,Ha Noi,Student,19100730.13,2021-10-29,Mass
C02776,Ánh Đặng,Female,2000-11-18,Hai Phong,Teacher,13835314.73,2023-03-03,Mass
C02777,Bà Lan Vũ,Female,1992-04-16,Dong Nai,Bank Employee,15005902.88,2019-05-15,Mass
C02778,Vân Hoàng,Male,1991-07-24,Bac Ninh,Student,22647958.02,2020-01-31,Affluent
C02779,Nhật Bùi,Male,1990-08-18,Ha Noi,Accountant,47942736.26,2020-08-12,Affluent
C02780,Trọng Mai,Male,1991-08-24,Hue,Sales,15739869.35,2020-02-29,Mass
C02781,Quý cô Mai Đặng,Male,2002-06-21,Can Tho,IT Specialist,11890210.0,2020-02-02,Mass
C02782,Trung Hoàng,Male,1996-10-20,Khanh Hoa,Office Staff,15585639.48,2023-09-11,Mass
C02783,Bảo Mai Phạm,Male,1990-07-05,Bac Ninh,Business Owner,15278283.43,2024-01-30,Mass
C02784,Thành Trí Dương,Female,1979-07-02,Can Tho,Engineer,43070298.69,2018-11-07,Affluent
C02785,Nhật Lê,Male,1987-04-23,Dong Nai,Doctor,8461549.89,2025-02-15,Mass
C02786,Anh Phúc Phạm,Female,1991-05-05,Khanh Hoa,Accountant,9957489.77,2021-03-15,Mass
C02787,Anh Khoa Nguyễn,Male,1994-05-27,Binh Duong,Sales,31280278.41,2023-12-14,Affluent
C02788,Phúc Lê,Male,2000-10-16,Nam Dinh,Business Owner,20000000.0,2018-09-22,Affluent
C02789,Hải Hoàng Trần,Male,1998-01-22,Da Nang,Student,12840310.21,2026-06-23,Mass
C02790,Cô Kim Phạm,Female,2005-08-20,Ho Chi Minh City,Student,12066046.48,2026-05-07,Mass
C02791,Quý ông Tú Mai,Female,1970-04-28,Khanh Hoa,Sales,17166785.55,2024-10-16,Mass
C02792,Cô Khoa Trần,Female,1972-09-04,Khanh Hoa,Business Owner,39357494.91,2021-07-30,Affluent
C02793,Kim Văn Trần,Male,1978-02-03,Da Nang,IT Specialist,9314003.26,2023-06-27,Mass
C02794,Vi Nguyễn,Male,1998-06-26,Bac Ninh,Freelancer,4600695.91,2025-09-30,Mass
C02795,Chị Hà Vũ,Male,1977-02-10,Ba Ria - Vung Tau,IT Specialist,20573833.35,2022-07-10,Mass
C02796,Cô An Trần,Male,1997-02-06,Thanh Hoa,Teacher,10979430.33,2026-06-02,Mass
C02797,Vũ Hoàng Lê,Male,1999-09-19,Binh Duong,Teacher,39257563.52,2022-04-12,Affluent
C02798,Quý ông Phúc Vũ,Female,1977-11-17,Quang Ninh,Accountant,6520404.79,2022-11-15,Mass
C02799,Châu Trí Phạm,Female,1985-10-31,Ba Ria - Vung Tau,Teacher,10892467.87,2020-01-24,Mass
C02800,Vân Vũ,Male,1989-09-25,Hue,IT Specialist,14091257.23,2021-10-13,Mass
C02801,An Nguyễn,Male,1993-01-21,Hue,Teacher,11572727.48,2024-02-29,Mass
C02802,Phương Vũ,Male,1993-06-27,Thanh Hoa,Freelancer,46826202.19,2022-11-08,Affluent
C02803,Phương Bùi,Male,1986-07-15,Thanh Hoa,Bank Employee,12963152.22,2019-03-11,Mass
C02804,Cô Lâm Nguyễn,Male,2004-04-17,Can Tho,IT Specialist,10510804.62,2019-08-03,Mass
C02805,Quý cô Hồng Lê,Male,1981-01-25,Dong Nai,Doctor,12159374.67,2018-02-23,Mass
C02806,Khoa Hải Bùi,Female,1982-11-16,Quang Ninh,Sales,22268781.83,2025-09-02,Mass
C02807,Nhật Lê,Female,1978-11-27,Hai Phong,Freelancer,12397713.59,2021-02-28,Mass
C02808,Lâm Trần,Male,1996-03-24,Dong Nai,Student,20000000.0,2022-02-22,Affluent
C02809,Quang Trần,Female,1992-02-03,Hai Phong,Office Staff,10705977.99,2022-09-05,Mass
C02810,Tú Phú Trần,Male,1986-04-20,Can Tho,Doctor,33420734.25,2021-07-04,Affluent
C02811,Duyên Lê,Female,1994-02-01,Dong Nai,Business Owner,6437350.38,2024-06-22,Mass
C02812,Quý cô Phương Đặng,Female,2000-10-08,Bac Ninh,Teacher,121004846.96,2025-02-04,Premium
C02813,Quý cô Bảo Vũ,Female,1972-06-12,Can Tho,Freelancer,11597305.25,2020-10-17,Mass
C02814,Quang Trần,Male,1987-02-06,Ba Ria - Vung Tau,Office Staff,16747918.88,2019-01-27,Mass
C02815,Châu Đặng,Male,1999-07-18,Khanh Hoa,Sales,13643886.76,2023-07-04,Mass
C02816,Vũ Nguyễn,Male,1999-05-18,Hai Phong,IT Specialist,16241914.3,2020-03-02,Mass
C02817,Chị Thành Lê,Female,1989-05-15,Can Tho,Teacher,13321307.02,2018-08-30,Mass
C02818,Nhật Mai Bảo Trần,Male,1999-06-09,Ho Chi Minh City,Office Staff,15369237.95,2024-12-17,Mass
C02819,Khoa Bùi,Male,1968-07-26,Dong Nai,Business Owner,66820205.2,2023-06-09,Premium
C02820,Hoàng Trần,Female,1993-11-27,Ba Ria - Vung Tau,Government Employee,13013265.57,2025-03-30,Mass
C02821,Hoàng Xuân Bùi,Male,1981-12-04,Khanh Hoa,Engineer,9865713.37,2018-09-06,Mass
C02822,Dũng Mai Bảo Bùi,Female,2008-06-21,Nghe An,Government Employee,19309997.61,2022-03-21,Mass
C02823,Quý ông Trọng Đặng,Male,1982-09-30,Nam Dinh,Business Owner,6520004.16,2021-04-27,Mass
C02824,Chị Kim Bùi,Male,1996-11-02,Ho Chi Minh City,Accountant,20775418.82,2023-03-20,Mass
C02825,Quý ông Tùng Mai,Female,1975-07-24,Thanh Hoa,Bank Employee,16666999.02,2019-10-05,Mass
C02826,Quý cô Hương Hoàng,Female,1992-04-25,Hai Phong,Business Owner,12353658.41,2020-03-21,Mass
C02827,Phương Hải Trần,Female,1992-02-13,Nam Dinh,Teacher,17810542.8,2021-08-15,Mass
C02828,Bà Ngọc Phạm,Female,2000-07-29,Ha Noi,Sales,9051013.77,2022-02-19,Mass
C02829,Linh Mai,Male,1979-03-28,Nghe An,Office Staff,11815120.86,2025-04-01,Mass
C02830,Anh Tú Nguyễn,Male,1975-07-08,Da Nang,Freelancer,28613951.09,2018-05-22,Affluent
C02831,Quang Trí Vũ,Female,1991-04-21,Khanh Hoa,Freelancer,8689036.9,2023-09-27,Mass
C02832,Anh Tùng Bùi,Male,1990-07-28,Thanh Hoa,Engineer,22461078.8,2019-07-28,Affluent
C02833,Chị Ánh Phạm,Male,1996-01-08,Quang Ninh,Student,7258823.74,2026-06-19,Mass
C02834,Yến Lê,Male,1983-04-06,Da Nang,Engineer,15420733.25,2026-06-03,Mass
C02835,Nhật Lê,Male,2008-03-07,Nghe An,Office Staff,19139737.3,2025-03-13,Mass
C02836,Nhật Văn Bùi,Female,1962-10-20,Quang Ninh,Government Employee,35486416.08,2020-04-28,Affluent
C02837,Hưng Đức Hoàng,Male,1998-08-03,Dong Nai,Business Owner,30000000.0,2018-08-20,Mass
C02838,Nhật Hoàng,Female,2004-12-18,Ha Noi,Office Staff,12084745.0,2025-10-27,Mass
C02839,Cô Bảo Đặng,Male,1989-09-12,Ha Noi,Doctor,52399253.64,2019-09-18,Affluent
C02840,Cô Lâm Trần,Female,1987-07-26,Nghe An,Sales,10078301.9,2026-06-24,Mass
C02841,Duyên Bùi,Female,2001-03-12,Ha Noi,Government Employee,31588764.87,2023-07-10,Affluent
C02842,Chị Nhật Lê,Male,2001-10-09,Hue,Government Employee,12202556.9,2020-03-30,Mass
C02843,Châu Bùi,Female,1997-06-17,Bac Ninh,Freelancer,7113493.14,2021-12-02,Mass
C02844,Bảo Văn Vũ,Female,1976-12-13,Ba Ria - Vung Tau,Sales,10081693.62,2019-11-04,Mass
C02845,Bảo Nguyễn,Male,2004-07-14,Nghe An,Office Staff,33277128.23,2026-05-07,Affluent
C02846,Duyên Lê,Female,1990-05-20,Nghe An,Sales,6511978.3,2019-10-17,Mass
C02847,Cô Kim Bùi,Female,1986-11-27,Nam Dinh,Sales,8317830.81,2020-12-02,Mass
C02848,Bác Nhiên Mai,Male,1971-11-09,Nam Dinh,IT Specialist,14415338.73,2024-10-07,Mass
C02849,Quang Bùi,Female,1994-10-24,Nghe An,Accountant,9245139.28,2019-04-07,Mass
C02850,Bà Hà Mai,Male,1992-08-09,Can Tho,Doctor,14870559.85,2024-05-24,Mass
C02851,Bảo Hoàng Bùi,Female,1991-05-04,Binh Duong,Student,11121732.39,2024-08-26,Mass
C02852,Mai Bùi,Female,1990-04-02,Thanh Hoa,Office Staff,9713882.27,2020-07-30,Mass
C02853,Cô Nhật Dương,Female,1994-05-26,Bac Ninh,Government Employee,5782749.7,2018-02-20,Mass
C02854,Bác Thành Bùi,Male,1980-07-05,Binh Duong,Sales,13322920.17,2026-01-27,Mass
C02855,Cô Thành Bùi,Male,1999-04-17,Thanh Hoa,Accountant,23323557.31,2019-11-08,Mass
C02856,Bà Hương Trần,Female,1990-01-31,Nghe An,Freelancer,8349957.09,2025-06-25,Mass
C02857,Thành Hoàng,Female,1981-05-31,Hai Phong,Freelancer,13793859.45,2018-01-02,Mass
C02858,Nam Hải Vũ,Female,1985-11-21,Ha Noi,Office Staff,84340986.43,2018-01-01,Premium
C02859,Cô Hà Phạm,Male,1986-03-23,Can Tho,Freelancer,90059167.4,2019-02-03,Premium
C02860,Vi Vũ,Male,1984-06-16,Ho Chi Minh City,Doctor,60000000.0,2026-04-27,Premium
C02861,Chị Dương Nguyễn,Female,1995-08-25,Nam Dinh,Accountant,21925732.21,2021-05-03,Mass
C02862,Bà Hương Hoàng,Female,1999-08-01,Nam Dinh,Teacher,9713952.42,2020-04-18,Mass
C02863,Duyên Dương,Male,1994-11-11,Can Tho,Bank Employee,24310448.1,2023-05-06,Affluent
C02864,Ngọc Đặng,Male,2008-08-02,Hai Phong,Student,11069586.69,2024-07-02,Mass
C02865,Hạnh Nguyễn,Female,1989-05-17,Nam Dinh,Office Staff,34453016.0,2023-05-19,Affluent
C02866,Khoa Hữu Mai,Male,1991-10-14,Quang Ninh,Doctor,12182140.12,2025-08-09,Mass
C02867,Bà Vi Bùi,Male,1979-09-17,Thanh Hoa,Accountant,33056367.35,2022-08-17,Affluent
C02868,Hoàng Đức Đặng,Male,1997-09-25,Khanh Hoa,Office Staff,10875501.93,2026-08-19,Mass
C02869,Nhật Đức Mai,Female,1983-10-07,Nam Dinh,Student,19670421.43,2020-12-30,Mass
C02870,Cô Khoa Bùi,Male,1997-05-15,Binh Duong,Doctor,12422799.77,2023-01-09,Mass
C02871,Ông Khoa Lê,Female,1986-11-06,Ha Noi,Freelancer,25986434.7,2022-11-19,Affluent
C02872,Quý cô Hà Trần,Female,1989-10-09,Thanh Hoa,Doctor,22547989.49,2026-04-30,Affluent
C02873,Chị Vi Lê,Male,2008-03-26,Hai Phong,Freelancer,13643563.78,2023-04-20,Mass
C02874,Bà Nhật Lê,Female,1995-03-25,Ho Chi Minh City,Sales,37189712.74,2024-01-24,Affluent
C02875,Khoa Phú Hoàng,Male,1990-11-10,Da Nang,Accountant,8526394.89,2022-07-04,Mass
C02876,An Hữu Phạm,Male,1991-04-09,Dong Nai,Business Owner,7793742.69,2025-07-18,Mass
C02877,Cô Lan Hoàng,Female,1975-01-27,Ho Chi Minh City,Government Employee,7465683.81,2022-11-04,Mass
C02878,Ông Nam Lê,Male,1993-05-26,Ba Ria - Vung Tau,Teacher,8332067.24,2022-01-09,Mass
C02879,Tùng Trần,Female,1984-02-17,Dong Nai,Government Employee,31687384.94,2019-11-04,Affluent
C02880,Ông Bảo Đặng,Female,1996-04-09,Nghe An,Bank Employee,16175976.19,2021-10-31,Mass
C02881,Bà Bảo Trần,Female,1990-07-14,Binh Duong,Freelancer,14378473.7,2020-04-23,Mass
C02882,Nhiên Đặng,Female,2001-03-12,Hai Phong,Accountant,22963430.64,2023-08-16,Affluent
C02883,Vũ Quang Lê,Female,1989-01-10,Hai Phong,Freelancer,10732863.88,2024-03-04,Mass
C02884,Bác Châu Vũ,Female,1984-07-12,Can Tho,Doctor,11669034.29,2021-10-03,Mass
C02885,Anh Tú Hoàng,Male,1988-04-20,Can Tho,Sales,6798641.17,2022-06-06,Mass
C02886,Ông Quang Vũ,Female,1970-03-21,Bac Ninh,Freelancer,11329636.09,2022-07-30,Mass
C02887,Kim Trí Dương,Female,1983-08-12,Bac Ninh,Bank Employee,8955559.97,2019-09-30,Mass
C02888,Minh Tấn Đặng,Female,1987-06-30,Can Tho,Office Staff,23676775.53,2023-08-29,Affluent
C02889,Hải Bùi,Female,1986-01-24,Quang Ninh,Engineer,10594295.76,2021-06-09,Mass
C02890,Bác Hưng Hoàng,Male,1990-03-10,Nam Dinh,Doctor,15320588.24,2019-01-31,Mass
C02891,Yến Phạm,Female,2004-06-24,Ha Noi,Office Staff,9443574.32,2019-05-11,Mass
C02892,Lan Trần,Male,1984-10-21,Hai Phong,Engineer,25010210.61,2019-05-03,Mass
C02893,Thành Lê,Male,1992-04-02,Ho Chi Minh City,Accountant,14758280.15,2024-09-13,Mass
C02894,Hà Hải Bùi,Male,1992-03-18,Da Nang,Doctor,23681463.42,2024-12-11,Mass
C02895,Ông Quang Dương,Female,2008-01-28,Ho Chi Minh City,Freelancer,12404062.2,2025-08-13,Mass
C02896,Quý ông Tú Trần,Female,2008-09-12,Thanh Hoa,Sales,4990851.82,2020-11-13,Mass
C02897,Cô Kim Bùi,Female,1987-03-22,Dong Nai,Government Employee,36495807.84,2022-09-28,Affluent
C02898,Quý cô Linh Trần,Female,1993-11-19,Ba Ria - Vung Tau,Sales,95841189.92,2025-09-06,Premium
C02899,Dũng Mai Bảo Phạm,Female,1956-09-28,Hue,Office Staff,90188338.23,2026-07-07,Premium
C02900,Ông Anh Dương,Female,1985-02-03,Nam Dinh,Government Employee,9560394.22,2020-10-02,Mass
C02901,Vân Lê,Female,1986-11-15,Ba Ria - Vung Tau,Engineer,11039998.04,2026-05-27,Mass
C02902,Anh Trung Đặng,Male,1994-11-27,Thanh Hoa,Office Staff,22680854.08,2024-03-13,Mass
C02903,Duyên Bùi,Female,1978-02-17,Bac Ninh,Freelancer,12588302.08,2018-02-12,Mass
C02904,Xuân Đặng,Female,2007-11-30,Binh Duong,Bank Employee,31407455.3,2023-09-05,Affluent
C02905,Nhật Hoàng Nguyễn,Male,1961-01-26,Quang Ninh,IT Specialist,11069295.08,2024-05-03,Mass
C02906,Cô Vi Bùi,Male,1978-01-05,Ho Chi Minh City,Student,19877461.27,2024-07-26,Mass
C02907,Anh Lê,Male,1988-01-13,Thanh Hoa,Teacher,27188703.43,2021-04-16,Affluent
C02908,Bảo Trần,Female,2008-09-08,Nam Dinh,Freelancer,15246710.47,2019-03-26,Mass
C02909,Thành Trần,Female,1999-08-23,Bac Ninh,IT Specialist,12763114.2,2018-01-24,Mass
C02910,Bảo Bùi,Male,2003-10-31,Ba Ria - Vung Tau,Teacher,32322927.22,2018-06-29,Affluent
C02911,Bà Lan Nguyễn,Male,1990-06-11,Da Nang,Bank Employee,13182819.16,2023-07-14,Mass
C02912,Kim Đặng,Male,2003-02-15,Dong Nai,Student,161407878.07,2019-04-21,Premium
C02913,Phúc Phạm,Male,1997-07-22,Quang Ninh,Student,60000000.0,2024-10-14,Premium
C02914,Huy Mai Bảo Dương,Female,1992-02-21,Thanh Hoa,Sales,35362808.28,2022-10-28,Affluent
C02915,Quý cô Thành Hoàng,Male,1989-01-08,Ba Ria - Vung Tau,Student,19329897.51,2024-02-05,Mass
C02916,An Hoàng Trần,Male,1993-02-02,Ha Noi,Business Owner,11507969.34,2025-11-15,Mass
C02917,Bà Hải Đặng,Male,2003-08-28,Hai Phong,Business Owner,44768918.37,2025-06-15,Affluent
C02918,Lan Dương,Male,1988-03-12,Nghe An,Doctor,30856262.97,2019-07-18,Affluent
C02919,Quý cô Thành Trần,Male,2008-07-08,Hai Phong,Freelancer,19894651.33,2020-03-15,Mass
C02920,Hạnh Văn Dương,Male,2003-12-25,Da Nang,Government Employee,9756749.94,2018-10-01,Mass
C02921,Quý cô Hải Hoàng,Female,1986-11-02,Quang Ninh,Freelancer,7894066.29,2024-04-11,Mass
C02922,An Phạm,Male,2007-06-18,Quang Ninh,Business Owner,5706038.48,2025-11-13,Mass
C02923,Quý cô Yến Mai,Male,1983-03-29,Ha Noi,Government Employee,29719166.91,2019-04-07,Affluent
C02924,Quý cô Lâm Đặng,Female,1958-05-28,Khanh Hoa,Government Employee,8472980.85,2019-07-16,Mass
C02925,Chị Dương Hoàng,Male,2001-05-29,Binh Duong,IT Specialist,29539553.75,2020-02-12,Affluent
C02926,Linh Đặng,Female,1988-02-02,Thanh Hoa,Doctor,10179088.63,2022-05-08,Mass
C02927,Thảo Vũ,Female,1983-11-18,Nghe An,Engineer,8519866.85,2019-06-05,Mass
C02928,Nhật Dương,Female,2006-07-17,Binh Duong,Engineer,6395096.28,2018-10-25,Mass
C02929,Quý ông Huy Đặng,Female,2008-05-25,Ho Chi Minh City,Accountant,29961923.4,2022-01-21,Affluent
C02930,Tùng Bảo Mai,Female,1994-05-21,Hue,Office Staff,28960040.13,2018-06-25,Affluent
C02931,Tú Xuân Dương,Female,1977-03-18,Ha Noi,Doctor,18443596.24,2022-03-11,Mass
C02932,Thành Xuân Mai,Male,1993-11-26,Binh Duong,Doctor,20433418.61,2019-06-06,Affluent
C02933,Quý cô Kim Vũ,Male,1997-01-14,Ba Ria - Vung Tau,Accountant,9727619.03,2026-06-22,Mass
C02934,Hải Thế Hoàng,Female,1998-05-31,Khanh Hoa,Government Employee,9399956.24,2018-11-04,Mass
C02935,Hà Trần,Male,1998-09-16,Hue,Engineer,10481555.4,2025-11-25,Mass
C02936,Hải Nguyễn,Female,1997-07-19,Dong Nai,Bank Employee,12907641.85,2021-02-10,Mass
C02937,Hà Mai Bảo Hoàng,Male,1987-02-09,Ho Chi Minh City,Sales,8724898.8,2024-01-02,Mass
C02938,Hải Dương,Female,1977-05-02,Binh Duong,IT Specialist,8515472.85,2022-05-01,Mass
C02939,Dương Vũ,Female,2007-10-12,Khanh Hoa,Student,13710733.25,2025-08-26,Mass
C02940,Lâm Hải Dương,Female,1998-10-28,Dong Nai,Freelancer,13428222.71,2021-10-12,Mass
C02941,Hà Hoàng Dương,Male,2008-01-22,Da Nang,Government Employee,19536142.85,2025-01-30,Mass
C02942,Thành Dương,Male,1982-11-17,Nam Dinh,Business Owner,22313794.99,2024-08-31,Affluent
C02943,Hải Hữu Nguyễn,Female,2007-04-22,Ba Ria - Vung Tau,Sales,57802257.54,2024-05-07,Affluent
C02944,Quang Thế Vũ,Male,1999-04-28,Bac Ninh,Sales,8961538.79,2022-08-13,Mass
C02945,Khoa Bùi,Male,2007-11-27,Hue,Bank Employee,10613579.62,2026-08-14,Mass
C02946,Cô Xuân Bùi,Female,1993-07-23,Dong Nai,Student,15414817.68,2025-09-15,Mass
C02947,Ngọc Nguyễn,Female,2005-09-30,Nghe An,Government Employee,7048439.7,2023-03-11,Mass
C02948,Bà Phương Hoàng,Female,1986-07-08,Hai Phong,Student,47340543.41,2021-04-08,Affluent
C02949,Dũng Xuân Hoàng,Female,2008-06-15,Khanh Hoa,Bank Employee,48414641.94,2020-01-20,Affluent
C02950,Lâm Hữu Phạm,Female,1990-01-22,Da Nang,Doctor,17584863.76,2026-01-16,Mass
C02951,An Bảo Lê,Male,1990-12-17,Thanh Hoa,Government Employee,4963491.27,2020-11-09,Mass
C02952,Nhật Xuân Bùi,Female,1992-05-26,Hai Phong,Accountant,48105244.63,2022-05-30,Affluent
C02953,Minh Xuân Bùi,Male,2000-06-26,Dong Nai,Business Owner,31154496.07,2023-02-06,Affluent
C02954,Cô Yến Lê,Female,1991-12-26,Khanh Hoa,Business Owner,4349569.14,2022-09-19,Mass
C02955,Hải Hoàng,Male,1972-09-11,Hue,Bank Employee,69729252.0,2024-09-04,Premium
C02956,Hải Đức Mai,Male,1985-02-23,Hue,Sales,11641324.82,2020-01-12,Mass
C02957,Bà Lâm Trần,Male,1977-09-09,Ha Noi,Engineer,13832574.65,2024-02-25,Mass
C02958,An Bùi,Female,1993-07-29,Dong Nai,Engineer,26770312.57,2025-09-13,Affluent
C02959,Dương Hoàng,Male,1982-09-15,Ba Ria - Vung Tau,Bank Employee,6228915.21,2018-02-10,Mass
C02960,Cô Khoa Mai,Male,1982-11-20,Can Tho,Business Owner,8168138.09,2020-09-12,Mass
C02961,Khoa Bùi,Male,1976-11-24,Khanh Hoa,Freelancer,36735291.87,2024-03-13,Affluent
C02962,Yến Lê,Male,1983-06-06,Quang Ninh,Office Staff,12349341.41,2021-07-21,Mass
C02963,Bác Phúc Phạm,Female,2008-07-03,Dong Nai,Accountant,8878667.08,2024-11-29,Mass
C02964,Bà Mai Mai,Male,1983-07-15,Hai Phong,Freelancer,36794368.61,2021-01-09,Affluent
C02965,Quý cô Vi Vũ,Female,1978-08-04,Hai Phong,Doctor,39501175.48,2020-06-24,Affluent
C02966,Thảo Trần,Male,2000-11-22,Quang Ninh,Teacher,27564502.96,2021-02-18,Affluent
C02967,Cô Hải Hoàng,Male,1989-06-03,Ho Chi Minh City,Business Owner,5338748.31,2024-09-22,Mass
C02968,Hà Dương,Female,1972-02-22,Bac Ninh,Doctor,14006450.98,2018-12-02,Mass
C02969,Hà Lê,Male,1977-02-21,Thanh Hoa,Teacher,21783806.64,2022-04-24,Affluent
C02970,Anh Lê,Female,1977-03-26,Ha Noi,Government Employee,68360675.16,2020-04-20,Affluent
C02971,Hà Dương,Female,2005-01-21,Hue,Government Employee,15719426.09,2018-03-26,Mass
C02972,Trung Hữu Trần,Female,1989-11-22,Hue,IT Specialist,6989121.04,2022-03-08,Mass
C02973,Ông Huy Trần,Male,1985-08-26,Khanh Hoa,Student,16065398.08,2019-11-21,Mass
C02974,Ông Trung Bùi,Female,1997-06-17,Bac Ninh,Sales,18046963.29,2021-01-27,Mass
C02975,Thành Mai Lê,Male,2008-05-03,Ba Ria - Vung Tau,Doctor,7111704.86,2023-04-08,Mass
C02976,Bà An Lê,Female,1988-10-17,Ba Ria - Vung Tau,Freelancer,12107093.22,2025-10-28,Mass
C02977,Hương Đặng,Male,1998-09-20,Hue,Freelancer,15930965.04,2022-04-10,Mass
C02978,Châu Văn Lê,Male,1985-02-23,Can Tho,IT Specialist,45276574.65,2019-01-02,Affluent
C02979,Tú Phạm,Male,1992-04-07,Bac Ninh,Business Owner,14817512.28,2020-11-30,Mass
C02980,Vân Nguyễn,Male,1995-07-08,Bac Ninh,Freelancer,24624532.23,2024-09-19,Mass
C02981,Chị Thành Trần,Female,1999-06-23,Binh Duong,Office Staff,232128049.7,2022-02-02,Premium
C02982,Cô Linh Lê,Male,1990-06-08,Hai Phong,Student,23166211.0,2019-01-14,Affluent
C02983,Cô Yến Lê,Female,1974-12-28,Ha Noi,Business Owner,12540609.47,2020-11-11,Mass
C02984,Anh Dương,Male,1981-05-08,Quang Ninh,Accountant,18416669.79,2020-02-01,Mass
C02985,Cô Linh Mai,Male,1987-04-28,Quang Ninh,Government Employee,9753462.54,2019-01-13,Mass
C02986,Bảo Dương,Female,1979-12-17,Ho Chi Minh City,Student,12003173.55,2024-02-23,Mass
C02987,Phương Hữu Phạm,Male,1983-03-03,Ba Ria - Vung Tau,Teacher,5646867.4,2020-03-11,Mass
C02988,Phúc Phạm,Female,1986-08-26,Hai Phong,Engineer,9596530.35,2020-01-03,Mass
C02989,Thành Trần,Female,1972-02-14,Nghe An,Sales,42193841.14,2019-09-18,Affluent
C02990,Phúc Phạm,Female,1988-06-30,Bac Ninh,Office Staff,14226624.12,2019-12-05,Mass
C02991,Quý ông Bảo Bùi,Female,2001-01-11,Binh Duong,Office Staff,21179770.23,2018-08-21,Mass
C02992,Dũng Hoàng,Male,1969-07-15,Ha Noi,IT Specialist,13769092.12,2019-06-26,Mass
C02993,Khoa Bùi,Male,1972-11-30,Binh Duong,Sales,9832613.61,2021-02-17,Mass
C02994,Lâm Phú Đặng,Male,1999-02-11,Quang Ninh,Student,12173120.85,2020-10-13,Mass
C02995,Nhật Lê,Male,1985-11-28,Dong Nai,Office Staff,10454278.4,2022-03-26,Mass
C02996,Vân Vũ,Male,1985-05-10,Thanh Hoa,Government Employee,38369578.0,2025-08-07,Affluent
C02997,Hạnh Phú Bùi,Female,2000-12-23,Nghe An,Student,14389290.37,2023-11-21,Mass
C02998,Hương Lê,Male,1980-11-08,Nghe An,Sales,36847539.91,2024-06-23,Affluent
C02999,Huy Xuân Đặng,Female,1978-03-13,Dong Nai,Business Owner,7836680.37,2022-07-28,Mass
C03000,Cô Mai Đặng,Male,1985-01-22,Quang Ninh,Office Staff,7967003.12,2024-09-22,Mass
C03001,Hoàng Tấn Trần,Other,2003-05-01,Hai Phong,Freelancer,28964438.28,2022-04-17,Affluent
C03002,Linh Nguyễn,Male,2001-03-23,Ha Noi,Sales,9905677.85,2026-06-01,Mass
C03003,Trung Mai Hoàng,Male,1993-02-22,Dong Nai,Bank Employee,44992436.93,2023-01-17,Affluent
C03004,Quang Quang Bùi,Female,1994-07-23,Ho Chi Minh City,Business Owner,6889080.71,2019-08-06,Mass
C03005,Trọng Phạm,Male,1978-06-12,Ba Ria - Vung Tau,IT Specialist,8952430.89,2022-06-24,Mass
C03006,Cô Vân Vũ,Male,1991-02-07,Da Nang,Doctor,14029951.36,2022-08-31,Mass
C03007,Khoa Bùi,Female,1988-05-31,Quang Ninh,Bank Employee,48598950.0,2021-04-25,Affluent
C03008,Thành Tấn Phạm,Male,1985-04-08,Thanh Hoa,Accountant,27030211.57,2022-11-11,Affluent
C03009,Cô Vi Dương,Male,1967-05-12,Da Nang,Government Employee,12844598.36,2018-06-15,Mass
C03010,Ông Anh Bùi,Female,1992-01-31,Hai Phong,Sales,16815154.74,2021-06-25,Mass
C03011,Hà Dương,Female,1988-07-11,Ha Noi,Engineer,13799557.37,2025-12-22,Mass
C03012,Bà Khoa Bùi,Female,1963-09-10,Ha Noi,Government Employee,10898379.95,2023-11-05,Mass
C03013,Cô Thảo Nguyễn,Male,1994-02-15,Hue,Sales,36245731.23,2023-03-01,Affluent
C03014,Xuân Dương,Male,1979-04-22,Nam Dinh,Sales,7082448.91,2023-10-19,Mass
C03015,Hoàng Bùi,Female,2008-02-17,Dong Nai,IT Specialist,9770975.48,2023-10-07,Mass
C03016,Xuân Mai,Male,2007-12-23,Can Tho,Student,10342024.86,2018-10-03,Mass
C03017,Linh Nguyễn,Other,1985-07-18,Ba Ria - Vung Tau,Accountant,8785868.23,2026-01-04,Mass
C03018,Nhật Trần,Male,2005-11-08,Nam Dinh,Teacher,12294778.45,2020-03-15,Mass
C03019,Nhật Thế Vũ,Male,1981-03-23,Nam Dinh,Accountant,6630405.38,2018-06-30,Mass
C03020,Quang Hữu Trần,Male,1981-07-29,Bac Ninh,Accountant,15974022.69,2022-09-07,Mass
C03021,Châu Thị Bùi,Female,1980-07-20,Hue,Government Employee,18382051.47,2020-05-12,Mass
C03022,Bảo Dương,Male,1966-09-06,Quang Ninh,Office Staff,10593858.36,2023-05-31,Mass
C03023,Thành Hoàng,Female,1989-06-13,Thanh Hoa,Teacher,30889506.52,2023-07-15,Affluent
C03024,An Phạm,Male,1989-10-26,Thanh Hoa,Sales,20520252.48,2022-03-05,Mass
C03025,Ánh Nguyễn,Female,2005-05-20,Khanh Hoa,Government Employee,8877671.15,2026-04-28,Mass
C03026,Cô Thành Bùi,Male,1974-11-01,Da Nang,Government Employee,17148649.55,2025-08-25,Mass
C03027,Chị Hương Phạm,Female,1993-12-05,Nghe An,Bank Employee,16182774.11,2024-08-29,Mass
C03028,Tùng Văn Nguyễn,Female,1987-06-01,Bac Ninh,Office Staff,20287455.98,2021-01-19,Mass
C03029,Hưng Trần,Male,1990-01-16,Nam Dinh,IT Specialist,150719882.55,2022-07-16,Premium
C03030,Thảo Trần,Male,1960-12-12,Nam Dinh,Business Owner,14794290.87,2019-08-30,Mass
C03031,Dũng Hoàng,Female,1990-06-13,Ba Ria - Vung Tau,Doctor,15452380.89,2019-09-20,Mass
C03032,Hạnh Xuân Lê,Female,1994-10-10,Nghe An,Government Employee,27679590.78,2026-04-30,Mass
C03033,Ông Hoàng Đặng,Male,1988-12-17,Da Nang,Business Owner,10906729.54,2019-10-28,Mass
C03034,Quý cô Hải Dương,Female,1999-10-27,Hai Phong,Sales,48643301.86,2018-08-22,Affluent
C03035,Phương Mai,Male,1981-02-26,Quang Ninh,Accountant,10082816.31,2018-05-06,Mass
C03036,Quý cô Dương Dương,Male,1984-03-29,Hai Phong,Business Owner,7077438.59,2023-07-08,Mass
C03037,Dũng Dương,Female,1988-03-15,Khanh Hoa,Doctor,14060527.07,2020-08-21,Mass
C03038,Cô Thảo Vũ,Male,1971-11-30,Dong Nai,Teacher,9162509.18,2024-09-15,Mass
C03039,Thành Mai,Male,2005-03-21,Binh Duong,Engineer,8771491.53,2018-12-04,Mass
C03040,Chị Yến Trần,Female,2005-09-25,Quang Ninh,Government Employee,19158313.08,2019-01-14,Mass
C03041,Nhật Nguyễn,Female,1972-10-15,Ho Chi Minh City,Teacher,113665146.79,2018-01-09,Premium
C03042,Cô Dương Phạm,Male,1977-09-20,Quang Ninh,Business Owner,105504492.85,2022-02-11,Premium
C03043,Quý ông Trung Dương,Female,1991-10-10,Da Nang,Bank Employee,10679686.54,2018-06-15,Mass
C03044,Thành Phạm,Male,1994-04-27,Da Nang,Engineer,6980887.83,2024-07-15,Mass
C03045,Khoa Mai Lê,Male,1988-09-13,Khanh Hoa,Office Staff,34579045.89,2020-02-27,Affluent
C03046,Bảo Phạm,Female,1982-03-19,Binh Duong,IT Specialist,12399298.19,2024-08-27,Mass
C03047,Thành Mai Hoàng,Male,1992-01-07,Hai Phong,Freelancer,8846209.74,2018-09-24,Mass
C03048,Quý cô Mai Trần,Male,1990-05-23,Quang Ninh,Bank Employee,43676894.43,2023-10-10,Affluent
C03049,Huy Lê,Male,2002-11-24,Bac Ninh,Student,12373071.57,2022-05-31,Mass
C03050,Nhiên Trần,Female,1987-10-29,Quang Ninh,Student,9333256.37,2023-01-28,Mass
C03051,Quý cô Hà Trần,Male,1997-01-14,Nam Dinh,Business Owner,13008727.09,2022-07-01,Mass
C03052,Cô Xuân Dương,Male,2003-06-02,Dong Nai,Business Owner,13563467.3,2020-05-12,Mass
C03053,Bà An Dương,Male,2000-07-16,Can Tho,Teacher,17407574.76,2018-08-29,Mass
C03054,Bác Anh Trần,Female,1965-08-10,Quang Ninh,Engineer,70871435.31,2019-06-01,Premium
C03055,Thành Bùi,Male,1985-08-28,Nam Dinh,Sales,9304954.34,2024-06-30,Mass
C03056,Chị Hồng Mai,Male,1979-02-02,Hue,Accountant,7706516.01,2025-03-24,Mass
C03057,Phương Tấn Nguyễn,Female,1984-10-26,Nghe An,Student,8840650.95,2025-12-14,Mass
C03058,Bác Quang Trần,Male,1993-02-02,Ho Chi Minh City,Office Staff,8364928.64,2022-05-20,Mass
C03059,Dương Bùi,Male,1981-09-02,Ha Noi,Office Staff,27228220.54,2020-10-29,Affluent
C03060,Lâm Thế Phạm,Male,1984-01-24,Thanh Hoa,Bank Employee,87141303.1,2025-12-14,Premium
C03061,Bảo Đức Mai,Female,1992-02-15,Quang Ninh,Sales,36586335.87,2025-12-07,Affluent
C03062,Quý ông Tú Nguyễn,Male,1999-04-23,Ba Ria - Vung Tau,Freelancer,37280044.95,2020-01-24,Affluent
C03063,Cô Mai Trần,Male,1974-07-15,Nam Dinh,Accountant,9139205.67,2021-10-02,Mass
C03064,Xuân Nguyễn,Male,1978-07-27,Bac Ninh,Government Employee,20272004.01,2021-02-12,Mass
C03065,Quang Trần,Female,1999-07-01,Hue,Office Staff,22619936.87,2025-01-30,Affluent
C03066,Hạnh Phạm,Male,1987-04-12,Dong Nai,Freelancer,9907717.68,2018-01-12,Mass
C03067,Kim Hữu Trần,Male,1970-01-25,Bac Ninh,Doctor,12147085.8,2025-08-18,Mass
C03068,Bà Chi Phạm,Female,1999-01-16,Nam Dinh,Government Employee,8031737.02,2023-12-06,Mass
C03069,Chị Thành Vũ,Other,1978-11-27,Ba Ria - Vung Tau,Freelancer,9825610.16,2026-08-19,Mass
C03070,Nam Trần,Female,1990-09-13,Thanh Hoa,Student,16767418.2,2021-04-03,Mass
C03071,Quý cô Nhật Vũ,Female,1996-02-11,Ha Noi,Business Owner,11808641.1,2022-07-27,Mass
C03072,Chị Linh Trần,Female,1991-09-01,Thanh Hoa,Accountant,42963263.57,2024-10-29,Affluent
C03073,Chị Thành Dương,Female,1984-04-26,Binh Duong,Freelancer,11110235.98,2020-12-20,Mass
C03074,Cô Hải Dương,Male,1989-11-04,Binh Duong,Office Staff,31306143.56,2025-06-30,Affluent
C03075,Thành Văn Lê,Female,2007-05-22,Hue,Business Owner,13132196.33,2020-07-27,Mass
C03076,Vũ Lê,Male,1970-02-20,Bac Ninh,Accountant,8807511.62,2018-07-15,Mass
C03077,Duyên Đặng,Female,1999-05-14,Nghe An,Government Employee,70589335.46,2018-03-08,Premium
C03078,Ông Châu Phạm,Female,1982-11-12,Dong Nai,Business Owner,40040590.33,2025-06-09,Affluent
C03079,Ông Hưng Nguyễn,Male,1991-12-10,Bac Ninh,Government Employee,8702409.82,2021-03-23,Mass
C03080,Quang Mai,Female,1989-06-05,Ba Ria - Vung Tau,Accountant,6939910.69,2021-09-07,Mass
C03081,Chị Hà Trần,Male,1988-11-02,Bac Ninh,Office Staff,16280045.98,2018-11-23,Mass
C03082,Dũng Dương,Male,2004-05-27,Thanh Hoa,Office Staff,7018329.68,2026-05-28,Mass
C03083,Bác Tùng Vũ,Female,1973-07-13,Ho Chi Minh City,Business Owner,9687058.08,2022-08-30,Mass
C03084,Bác Quang Dương,Male,1978-03-02,Bac Ninh,Student,11370331.55,2019-02-04,Mass
C03085,Ánh Đặng,Female,1992-05-08,Nam Dinh,Government Employee,13990116.2,2025-03-02,Mass
C03086,Dũng Mai,Male,2000-07-13,Binh Duong,Engineer,36419239.93,2018-01-14,Affluent
C03087,Ông Anh Mai,Female,1995-08-30,Dong Nai,Business Owner,60000000.0,2019-04-10,Premium
C03088,Lan Bùi,Female,1987-04-15,Hai Phong,Government Employee,32341645.02,2023-12-30,Affluent
C03089,Chị Linh Dương,Male,1992-08-01,Thanh Hoa,Bank Employee,7856571.53,2018-12-08,Mass
C03090,Mai Hoàng,Male,1973-08-21,Da Nang,Teacher,16309644.42,2020-02-15,Mass
C03091,Thành Hoàng Trần,Female,1980-05-30,Can Tho,Office Staff,31935385.26,2024-12-15,Affluent
C03092,Quý cô Dương Trần,Female,2008-08-15,Hai Phong,Teacher,23770082.06,2019-10-19,Mass
C03093,Tùng Dương,Female,1990-10-15,Nghe An,Doctor,9233394.24,2026-06-29,Mass
C03094,Bà Hải Đặng,Female,1986-09-19,Da Nang,Accountant,49674131.16,2022-11-07,Affluent
C03095,Thành Bảo Vũ,Male,1991-01-14,Dong Nai,Accountant,18772780.19,2020-02-18,Mass
C03096,Trung Nguyễn,Female,1979-02-01,Dong Nai,Freelancer,25341255.13,2018-10-02,Affluent
C03097,Trọng Đức Bùi,Female,1998-06-07,Binh Duong,Bank Employee,146669983.29,2023-07-18,Premium
C03098,Bác Khoa Trần,Female,2008-02-07,Hue,Sales,11388421.22,2020-03-26,Mass
C03099,Chi Lê,Female,2006-09-11,Thanh Hoa,Doctor,10156489.08,2021-12-26,Mass
C03100,Anh Minh Vũ,Male,1993-10-27,Ba Ria - Vung Tau,Sales,10585880.85,2022-08-30,Mass
C03101,Bà Nhật Vũ,Female,1997-09-28,Da Nang,IT Specialist,8173574.86,2019-01-29,Mass
C03102,Hạnh Nguyễn,Female,1964-12-26,Dong Nai,Engineer,23069660.39,2023-04-24,Mass
C03103,Ông Trung Vũ,Female,2002-12-22,Can Tho,Sales,20876988.27,2018-05-14,Mass
C03104,An Dương,Female,1994-11-10,Da Nang,Doctor,12555041.09,2022-10-10,Mass
C03105,Nam Bùi,Male,1991-08-10,Ha Noi,Business Owner,9525711.59,2019-07-15,Mass
C03106,Nam Thị Vũ,Female,1980-03-25,Quang Ninh,Business Owner,12540544.25,2022-08-15,Mass
C03107,Bà Hạnh Mai,Female,1996-01-04,Da Nang,Engineer,7601156.03,2026-04-14,Mass
C03108,Cô Nhật Vũ,Male,2000-09-19,Ha Noi,Business Owner,6755950.08,2025-12-25,Mass
C03109,Chị Kim Hoàng,Male,1990-07-25,Ba Ria - Vung Tau,Government Employee,7893768.83,2019-02-15,Mass
C03110,Hạnh Phạm,Male,1993-08-15,Nam Dinh,Sales,19383889.8,2019-05-22,Mass
C03111,Chi Đặng,Male,1977-06-20,Khanh Hoa,Engineer,11865199.89,2021-02-06,Mass
C03112,Quý cô Hồng Bùi,Male,1990-12-26,Dong Nai,Government Employee,61516807.26,2018-11-23,Affluent
C03113,Hạnh Vũ,Female,1984-12-27,Ba Ria - Vung Tau,Freelancer,31721862.87,2024-02-15,Affluent
C03114,Phúc Hoàng,Male,2005-12-21,Ho Chi Minh City,Business Owner,13773717.9,2022-07-12,Mass
C03115,Hải Tấn Hoàng,Female,1981-09-15,Nam Dinh,Accountant,9619849.46,2021-09-27,Mass
C03116,Chị Hạnh Lê,Male,1987-09-08,Quang Ninh,Engineer,10566155.3,2024-08-06,Mass
C03117,Phương Hoàng Vũ,Male,1993-01-31,Ha Noi,IT Specialist,20000000.0,2022-07-21,Affluent
C03118,Vũ Vũ,Female,1993-05-20,Quang Ninh,Freelancer,147365796.44,2020-10-11,Premium
C03119,Anh Thành Bùi,Male,1997-07-07,Quang Ninh,Bank Employee,35555895.24,2025-11-10,Affluent
C03120,Bảo Mai,Female,1998-11-13,Dong Nai,Office Staff,13613490.32,2026-03-04,Mass
C03121,Bác Minh Đặng,Female,1993-07-08,Can Tho,Bank Employee,8638008.95,2022-07-29,Mass
C03122,Bác Huy Dương,Male,1976-01-13,Ba Ria - Vung Tau,Business Owner,16610463.94,2026-03-09,Mass
C03123,Kim Mai Nguyễn,Female,1997-06-27,Thanh Hoa,Government Employee,14283893.28,2022-10-27,Mass
C03124,Vi Bùi,Male,1984-10-28,Hue,Doctor,42437755.76,2021-04-13,Affluent
C03125,Bảo Hoàng,Male,2008-03-05,Khanh Hoa,Accountant,47338789.04,2021-03-24,Affluent
C03126,Quang Hoàng,Male,1996-11-20,Binh Duong,Engineer,31437444.47,2020-11-10,Affluent
C03127,Hoàng Thế Nguyễn,Female,1961-01-29,Ha Noi,Engineer,13337269.48,2020-02-23,Mass
C03128,Bảo Hữu Nguyễn,Female,1994-10-14,Quang Ninh,Freelancer,5545870.63,2025-03-09,Mass
C03129,Quý ông Hưng Trần,Female,1974-10-29,Bac Ninh,Teacher,23377760.4,2020-08-03,Affluent
C03130,Thảo Trần,Other,2002-09-07,Can Tho,Engineer,10685987.94,2019-06-29,Mass
C03131,Trọng Đức Vũ,Female,1975-05-19,Hai Phong,Freelancer,15729542.7,2020-05-10,Mass
C03132,Bác Hưng Trần,Female,1991-10-12,Ha Noi,Accountant,13367265.86,2020-04-25,Mass
C03133,Yến Phạm,Male,1997-07-18,Can Tho,Bank Employee,36497514.72,2022-02-19,Affluent
C03134,Quý cô Bảo Phạm,Male,1990-03-07,Hue,Bank Employee,16843690.12,2021-01-31,Mass
C03135,Bà Hải Vũ,Male,1980-06-24,Binh Duong,Bank Employee,14264853.77,2022-05-14,Mass
C03136,Vi Dương,Male,1993-10-27,Binh Duong,Bank Employee,15557525.13,2023-06-26,Mass
C03137,Cô Hương Nguyễn,Female,1992-02-22,Ha Noi,Business Owner,8217258.36,2023-03-14,Mass
C03138,Cô Phương Trần,Male,1995-09-02,Can Tho,IT Specialist,12360316.94,2020-04-14,Mass
C03139,Chị Hương Dương,Male,1980-05-11,Quang Ninh,Business Owner,11253416.7,2022-10-12,Mass
C03140,Ánh Mai,Female,2004-01-31,Dong Nai,Government Employee,12240697.23,2023-02-05,Mass
C03141,Quý ông Hưng Trần,Male,1988-11-08,Bac Ninh,IT Specialist,12806461.14,2021-02-02,Mass
C03142,Thành Dương,Female,1980-03-20,Nam Dinh,Teacher,17141969.0,2022-11-30,Mass
C03143,Chị Phương Vũ,Female,1997-09-23,Dong Nai,Doctor,9672206.27,2022-04-25,Mass
C03144,Ông Huy Lê,Male,2001-12-22,Nghe An,Bank Employee,132250315.2,2019-03-26,Premium
C03145,Lan Lê,Male,1975-04-01,Nghe An,Business Owner,10747014.28,2021-01-18,Mass
C03146,Chị Vân Mai,Female,1993-01-11,Dong Nai,Business Owner,54346642.09,2018-03-25,Affluent
C03147,Quý cô Chi Vũ,Male,1985-08-11,Bac Ninh,Business Owner,13979460.52,2020-09-27,Mass
C03148,Tú Hoàng,Female,2003-10-23,Ba Ria - Vung Tau,Government Employee,42904060.95,2024-06-10,Affluent
C03149,Bác Anh Bùi,Female,2001-01-02,Ba Ria - Vung Tau,Teacher,8068758.14,2023-12-05,Mass
C03150,Nhật Đức Dương,Male,1994-09-22,Da Nang,Student,29359325.92,2022-09-16,Affluent
C03151,Kim Trí Nguyễn,Female,1993-10-02,Thanh Hoa,Doctor,7246822.36,2026-03-20,Mass
C03152,Bảo Trần,Male,1980-03-02,Nam Dinh,Student,49089931.36,2024-07-29,Affluent
C03153,An Thế Nguyễn,Male,2008-03-07,Ho Chi Minh City,Freelancer,16900900.12,2022-01-01,Mass
C03154,Ông Quang Lê,Male,1999-02-02,Khanh Hoa,Doctor,45260773.16,2021-08-23,Affluent
C03155,Quý ông Anh Nguyễn,Male,1991-04-14,Da Nang,IT Specialist,35303451.34,2023-12-22,Affluent
C03156,Bà Phương Mai,Male,1993-06-08,Hue,Government Employee,18341236.24,2018-11-09,Mass
C03157,Bà Xuân Mai,Male,2004-07-21,Bac Ninh,Accountant,42001282.9,2020-04-19,Affluent
C03158,Phương Quang Lê,Male,1978-01-06,Can Tho,Engineer,15419387.99,2024-02-25,Mass
C03159,Bà Hải Hoàng,Male,1965-08-01,Bac Ninh,Student,9971941.34,2022-02-28,Mass
C03160,Bảo Trí Vũ,Male,1980-05-27,Ha Noi,Freelancer,11562590.47,2021-02-22,Mass
C03161,Thành Trần,Female,1977-02-18,Ba Ria - Vung Tau,Doctor,11967749.63,2020-08-27,Mass
C03162,Quý ông Châu Hoàng,Female,1995-08-16,Dong Nai,Business Owner,51788583.16,2024-01-09,Affluent
C03163,Bà Bảo Đặng,Female,1996-05-31,Ha Noi,IT Specialist,7318845.77,2024-01-26,Mass
C03164,Nhiên Hữu Trần,Male,1995-10-11,Can Tho,Office Staff,42142551.11,2023-06-29,Affluent
C03165,Ngọc Lê,Female,1975-06-19,Dong Nai,Accountant,36186527.25,2019-02-14,Affluent
C03166,Cô Dương Trần,Male,1975-12-13,Bac Ninh,Freelancer,7459925.5,2022-10-16,Mass
C03167,Quý ông Dũng Phạm,Female,1995-04-03,Dong Nai,IT Specialist,10847182.39,2019-11-04,Mass
C03168,Cô Xuân Lê,Male,1992-08-14,Ho Chi Minh City,Freelancer,12358445.63,2021-02-01,Mass
C03169,Kim Quang Nguyễn,Male,1983-07-17,Bac Ninh,Student,10269971.58,2020-01-05,Mass
C03170,Tú Nguyễn,Male,1989-06-18,Bac Ninh,Teacher,11811972.53,2018-09-08,Mass
C03171,Nhật Đặng,Female,2001-06-07,Khanh Hoa,Teacher,11531971.5,2026-02-20,Mass
C03172,Xuân Lê,Female,1992-06-20,Da Nang,Bank Employee,33308875.47,2026-07-15,Affluent
C03173,Tú Mai Bùi,Male,1989-10-17,Hue,Teacher,12322075.24,2019-10-14,Mass
C03174,Chị Lâm Vũ,Male,1995-09-29,Quang Ninh,Sales,18734313.83,2019-12-19,Mass
C03175,Quý ông Khoa Phạm,Female,2003-02-27,Hai Phong,Engineer,28192529.43,2020-05-17,Affluent
C03176,Chị Hồng Mai,Male,1960-03-12,Hai Phong,Accountant,8344558.71,2019-11-12,Mass
C03177,Cô Duyên Nguyễn,Male,2005-01-06,Can Tho,Government Employee,43627648.31,2023-12-15,Affluent
C03178,Lâm Nguyễn,Female,2007-12-01,Ba Ria - Vung Tau,Freelancer,91018303.35,2023-01-30,Premium
C03179,Cô Thành Bùi,Male,1966-12-09,Nghe An,Bank Employee,6987892.98,2023-01-14,Mass
C03180,Thành Lê,Male,2007-11-21,Binh Duong,IT Specialist,7100698.99,2020-12-01,Mass
C03181,Anh Trung Hoàng,Female,1981-09-25,Bac Ninh,Accountant,17788968.21,2026-08-31,Mass
C03182,Bác Quang Hoàng,Female,1996-08-16,Binh Duong,Freelancer,15241637.49,2025-10-15,Mass
C03183,Cô Nhật Bùi,Male,1975-09-10,Bac Ninh,Student,59832679.15,2019-04-09,Affluent
C03184,Hà Quang Lê,Female,1993-03-14,Ba Ria - Vung Tau,Bank Employee,5362292.28,2026-04-10,Mass
C03185,Tú Trần,Female,2000-09-03,Nghe An,Teacher,10334886.2,2020-08-07,Mass
C03186,Anh Hưng Hoàng,Female,1993-06-01,Ba Ria - Vung Tau,Office Staff,11236370.23,2024-10-21,Mass
C03187,Nam Hải Vũ,Female,1978-08-30,Bac Ninh,Government Employee,18745553.9,2021-10-21,Mass
C03188,Thành Đặng,Female,1992-08-16,Nam Dinh,Business Owner,17626022.42,2019-07-12,Mass
C03189,Bảo Vũ,Female,1987-09-12,Hue,IT Specialist,35683908.8,2020-04-20,Affluent
C03190,Phương Hoàng,Male,1981-06-15,Can Tho,Bank Employee,12307328.11,2019-08-29,Mass
C03191,Bà Hồng Hoàng,Female,1968-09-02,Hue,Student,7253345.0,2018-11-25,Mass
C03192,Vân Trần,Female,1996-04-20,Thanh Hoa,Teacher,11480214.05,2021-10-15,Mass
C03193,Bác Nam Nguyễn,Male,1986-09-29,Dong Nai,Office Staff,51199829.79,2025-09-30,Affluent
C03194,Huy Đức Phạm,Male,1991-09-18,Hai Phong,Sales,7294541.09,2026-04-29,Mass
C03195,Hưng Trí Phạm,Female,1980-12-10,Hai Phong,Engineer,15629219.67,2023-05-24,Mass
C03196,Hưng Hải Dương,Female,2008-08-09,Thanh Hoa,Government Employee,11984033.27,2018-08-23,Mass
C03197,Khoa Hoàng,Female,2007-11-24,Ha Noi,Student,9509380.82,2021-12-18,Mass
C03198,Linh Trần,Male,1999-10-22,Hai Phong,Government Employee,15929126.59,2026-06-10,Mass
C03199,Khoa Quang Mai,Male,1989-07-14,Hai Phong,Government Employee,23799647.3,2024-09-25,Affluent
C03200,Anh Anh Nguyễn,Female,1981-01-02,Thanh Hoa,Business Owner,7265045.87,2026-08-12,Mass
C03201,An Dương,Male,1987-07-07,Binh Duong,Business Owner,9025039.81,2018-06-23,Mass
C03202,Bà Hồng Dương,Male,1995-02-04,Ha Noi,Government Employee,14316338.13,2018-04-18,Mass
C03203,Quang Nguyễn,Male,1985-09-09,Ha Noi,Bank Employee,19160403.38,2020-10-03,Mass
C03204,Ngọc Phạm,Male,1990-11-12,Da Nang,Engineer,13358654.5,2023-10-15,Mass
C03205,Hải Văn Mai,Male,1995-07-18,Hue,Accountant,12789226.14,2020-08-23,Mass
C03206,Ông Thành Bùi,Male,1986-05-20,Nghe An,Doctor,96143921.11,2022-02-22,Premium
C03207,Quý cô Nhật Bùi,Female,2008-03-25,Nam Dinh,Teacher,38659375.9,2022-03-18,Affluent
C03208,Cô Nhật Trần,Female,1985-12-26,Can Tho,Office Staff,9457858.03,2018-08-06,Mass
C03209,Quang Hoàng Đặng,Male,2005-05-29,Hue,Freelancer,54495155.44,2024-04-05,Affluent
C03210,An Hải Phạm,Male,1985-04-06,Dong Nai,Office Staff,32675440.88,2025-02-19,Affluent
C03211,Khoa Nguyễn,Female,2003-01-04,Quang Ninh,Teacher,9000421.95,2021-01-01,Mass
C03212,Quý cô Yến Mai,Female,1976-08-05,Binh Duong,Accountant,12592335.42,2023-12-06,Mass
C03213,Vi Nguyễn,Male,1996-12-21,Ba Ria - Vung Tau,Government Employee,40782571.9,2020-12-07,Affluent
C03214,Cô Hương Nguyễn,Female,1999-05-22,Binh Duong,Bank Employee,20291492.52,2023-04-25,Mass
C03215,Quý cô Bảo Vũ,Female,1976-06-01,Nghe An,Doctor,10192026.76,2026-07-26,Mass
C03216,Linh Đặng,Male,1996-11-04,Hai Phong,Accountant,4799731.75,2019-09-27,Mass
C03217,Bà Lan Hoàng,Female,2007-07-19,Can Tho,Accountant,7508924.37,2021-04-23,Mass
C03218,Nhật Đức Trần,Female,1989-01-09,Khanh Hoa,Bank Employee,10705149.13,2026-03-12,Mass
C03219,Hạnh Mai,Male,2005-04-30,Quang Ninh,Office Staff,10875355.16,2022-09-16,Mass
C03220,Quý cô Yến Đặng,Female,1985-07-30,Da Nang,Student,41005240.12,2023-12-05,Affluent
C03221,Quý cô Yến Vũ,Male,2008-08-06,Nam Dinh,Business Owner,11473206.32,2018-06-17,Mass
C03222,Tùng Thế Phạm,Female,2006-05-03,Ho Chi Minh City,Accountant,16453063.55,2026-06-01,Mass
C03223,Dũng Mai,Male,1982-05-10,Binh Duong,Office Staff,8763515.35,2020-07-27,Mass
C03224,An Đặng,Female,1999-03-27,Da Nang,Government Employee,10210975.61,2021-04-18,Mass
C03225,Nhật Mai Bảo Vũ,Male,2008-09-17,Ho Chi Minh City,Engineer,13497378.89,2021-06-14,Mass
C03226,Lâm Lê,Male,1994-05-12,Binh Duong,Business Owner,16851976.15,2023-12-13,Mass
C03227,Bà Yến Mai,Female,2003-09-19,Dong Nai,Doctor,29067222.86,2022-02-17,Affluent
C03228,Cô Linh Lê,Male,2006-10-07,Nghe An,Government Employee,8443567.87,2021-02-02,Mass
C03229,Mai Dương,Male,2004-07-23,Thanh Hoa,Freelancer,47188025.58,2018-09-10,Affluent
C03230,Ông Nam Dương,Female,1998-04-10,Ha Noi,Business Owner,12533037.27,2018-08-24,Mass
C03231,Thảo Vũ,Other,1995-05-06,Bac Ninh,Doctor,23915062.29,2020-05-05,Affluent
C03232,Hạnh Quang Nguyễn,Female,1992-04-04,Bac Ninh,Government Employee,14799491.41,2021-07-14,Mass
C03233,Trọng Bùi,Female,2004-07-29,Hue,Student,15928279.69,2019-08-03,Mass
C03234,Ông Thành Bùi,Female,2000-08-15,Hai Phong,Student,10133657.16,2023-11-26,Mass
C03235,Ông Quang Phạm,Male,1985-08-02,Nghe An,Office Staff,9513425.34,2020-03-24,Mass
C03236,Bảo Bảo Mai,Male,1990-08-18,Ho Chi Minh City,Bank Employee,10748485.49,2020-06-06,Mass
C03237,Dương Vũ,Male,1988-11-08,Da Nang,Doctor,5215567.81,2022-07-24,Mass
C03238,Vân Đặng,Female,2008-08-20,Hai Phong,Freelancer,42103806.96,2023-07-28,Affluent
C03239,Xuân Hoàng,Female,1979-04-22,Hue,Engineer,8725382.47,2023-08-13,Mass
C03240,Anh Hoàng Nguyễn,Female,1992-12-24,Can Tho,Government Employee,38235478.36,2018-02-13,Affluent
C03241,Trọng Bảo Bùi,Female,1983-06-21,Binh Duong,Office Staff,60000000.0,2018-05-01,Premium
C03242,Vi Trần,Female,2000-04-12,Dong Nai,Accountant,10681399.53,2019-06-08,Mass
C03243,Nhật Thế Mai,Female,1983-01-10,Ba Ria - Vung Tau,Office Staff,28770694.56,2022-03-26,Mass
C03244,Quý ông Nhiên Hoàng,Male,1992-11-10,Can Tho,IT Specialist,7333585.41,2021-03-07,Mass
C03245,Phúc Bùi,Female,1985-12-03,Hai Phong,Student,52020964.37,2018-01-13,Affluent
C03246,Anh Hoàng Nguyễn,Female,1988-10-20,Bac Ninh,Accountant,8737111.64,2021-11-17,Mass
C03247,Anh Trần,Male,1980-09-06,Hai Phong,Business Owner,15137083.84,2019-05-20,Mass
C03248,Bà Linh Hoàng,Female,2001-11-07,Dong Nai,Freelancer,13713841.02,2024-01-18,Mass
C03249,An Đức Đặng,Male,1980-06-09,Hue,Government Employee,18148141.61,2018-04-19,Mass
C03250,Anh Hoàng,Female,1991-03-09,Bac Ninh,Teacher,31435072.48,2019-10-08,Affluent
C03251,Hương Vũ,Female,1976-11-30,Khanh Hoa,Government Employee,7856572.74,2020-09-10,Mass
C03252,Anh Xuân Dương,Male,1986-04-16,Da Nang,Accountant,7429045.09,2020-11-11,Mass
C03253,Ông Bảo Nguyễn,Female,1978-10-15,Can Tho,Student,10963709.91,2023-10-30,Mass
C03254,Ông Quang Dương,Female,1977-09-15,Binh Duong,Sales,14252055.11,2021-10-14,Mass
C03255,Quý cô Ngọc Hoàng,Male,2004-03-11,Hue,Accountant,176800376.34,2026-05-05,Premium
C03256,Hạnh Hoàng,Male,1972-10-17,Hai Phong,Engineer,45605759.31,2022-10-14,Affluent
C03257,Vũ Mai Lê,Female,1999-09-22,Ha Noi,Doctor,31929931.94,2018-08-15,Affluent
C03258,Anh Vũ,Female,1989-06-21,Da Nang,Accountant,9380264.96,2024-10-24,Mass
C03259,Anh Quang Lê,Male,1972-09-24,Hue,Teacher,12621742.41,2018-10-25,Mass
C03260,Cô Lâm Trần,Male,2008-06-12,Hai Phong,Teacher,38750931.93,2020-11-06,Affluent
C03261,Lan Mai,Female,1994-04-03,Ha Noi,Accountant,11689398.91,2020-01-22,Mass
C03262,Bác Hưng Mai,Male,1995-08-08,Thanh Hoa,Bank Employee,44587876.13,2022-10-05,Affluent
C03263,Cô Yến Vũ,Female,1977-11-11,Ba Ria - Vung Tau,Teacher,13249704.58,2023-11-19,Mass
C03264,Nam Đặng,Female,1994-05-07,Can Tho,Office Staff,11827633.65,2021-05-30,Mass
C03265,Duyên Phạm,Female,1990-10-01,Dong Nai,Government Employee,72544355.16,2020-03-05,Premium
C03266,Tú Quang Mai,Male,1984-06-05,Thanh Hoa,Bank Employee,40179654.42,2026-04-06,Affluent
C03267,Ông Minh Trần,Female,1974-07-30,Hue,Office Staff,18620796.97,2025-03-27,Mass
C03268,Chị Linh Hoàng,Male,1998-07-30,Ha Noi,Engineer,15990760.41,2023-01-24,Mass
C03269,Huy Quang Bùi,Female,2001-09-21,Khanh Hoa,Office Staff,15309642.91,2024-05-01,Mass
C03270,Hoàng Nguyễn,Female,1996-08-29,Dong Nai,Business Owner,8387714.05,2020-01-15,Mass
C03271,Trọng Phú Đặng,Female,1987-02-15,Nam Dinh,Freelancer,20000000.0,2022-07-09,Affluent
C03272,Hải Phú Dương,Female,2007-10-03,Khanh Hoa,Freelancer,93146491.61,2022-09-20,Premium
C03273,Trọng Nguyễn,Female,1989-12-14,Dong Nai,Accountant,31329258.29,2025-05-14,Affluent
C03274,Bà An Vũ,Male,2007-12-21,Ho Chi Minh City,Freelancer,27384591.71,2026-05-14,Affluent
C03275,Cô Hà Hoàng,Female,1985-10-22,Dong Nai,IT Specialist,14710040.23,2023-11-09,Mass
C03276,Bà Vân Mai,Male,1991-01-02,Dong Nai,Sales,17989683.83,2025-02-21,Mass
C03277,Trung Hữu Hoàng,Female,1986-05-30,Quang Ninh,Sales,9237739.11,2021-04-20,Mass
C03278,Dương Lê,Male,1994-01-19,Ba Ria - Vung Tau,Business Owner,7344145.72,2020-03-07,Mass
C03279,Hải Quang Trần,Female,1992-06-27,Hai Phong,Teacher,48860937.21,2020-07-02,Affluent
C03280,Quý cô Vân Trần,Male,1983-07-25,Dong Nai,Accountant,19601574.88,2024-04-12,Mass
C03281,Duyên Dương,Female,1994-09-04,Hue,Freelancer,19221733.23,2024-04-04,Mass
C03282,Bác Anh Phạm,Male,1993-03-13,Ho Chi Minh City,Engineer,20084762.21,2022-09-07,Mass
C03283,Quang Đặng,Female,1991-09-18,Ho Chi Minh City,IT Specialist,15370308.53,2020-06-03,Mass
C03284,Bà Mai Dương,Male,1974-06-13,Nghe An,Freelancer,11214493.23,2025-07-07,Mass
C03285,Tú Hải Dương,Female,1988-04-01,Ho Chi Minh City,Doctor,51521906.65,2023-11-01,Affluent
C03286,Thành Quang Đặng,Male,1991-12-20,Dong Nai,Office Staff,23548929.82,2021-03-12,Affluent
C03287,Thành Dương,Female,1967-04-16,Hue,Bank Employee,10180652.32,2019-08-07,Mass
C03288,Quý cô Vi Bùi,Female,1988-12-18,Khanh Hoa,Accountant,17984476.77,2024-02-28,Mass
C03289,Chị Xuân Mai,Female,1997-07-18,Hue,Freelancer,25867508.61,2024-02-09,Affluent
C03290,Quý cô Dương Hoàng,Female,1988-02-24,Ho Chi Minh City,Business Owner,6406607.7,2024-03-05,Mass
C03291,Bà Hạnh Đặng,Male,1994-03-23,Da Nang,Accountant,13074583.86,2020-06-06,Mass
C03292,Tú Quang Bùi,Male,1993-01-29,Dong Nai,Accountant,6991525.83,2025-09-09,Mass
C03293,Phương Trí Hoàng,Female,1973-07-02,Dong Nai,Government Employee,12442835.6,2021-10-11,Mass
C03294,Anh Phúc Dương,Female,1975-08-07,Nam Dinh,Doctor,32373402.86,2022-06-21,Affluent
C03295,Lan Trần,Female,2000-05-30,Khanh Hoa,Business Owner,37943656.57,2021-01-18,Affluent
C03296,Hạnh Mai Bảo Trần,Female,1993-09-12,Binh Duong,Office Staff,24582126.75,2019-11-04,Affluent
C03297,Cô Kim Nguyễn,Male,1974-06-15,Ha Noi,Office Staff,9651487.72,2023-10-06,Mass
C03298,Cô Bảo Mai,Male,2008-03-12,Ba Ria - Vung Tau,Accountant,19101459.94,2018-08-14,Mass
C03299,Kim Phú Lê,Male,1996-03-17,Nghe An,Doctor,9700411.31,2025-06-30,Mass
C03300,Nhật Hải Vũ,Male,2007-11-20,Da Nang,Office Staff,22070374.09,2018-09-29,Mass
C03301,Thành Đặng,Male,2005-09-01,Khanh Hoa,Bank Employee,12248016.04,2021-04-15,Mass
C03302,Nhật Nguyễn,Female,1980-08-29,Binh Duong,Student,13908603.09,2023-01-31,Mass
C03303,Nhật Đặng,Male,1991-07-05,Binh Duong,Bank Employee,6614892.85,2024-07-13,Mass
C03304,Quý ông Bảo Bùi,Female,1998-11-07,Hue,Bank Employee,12815261.53,2026-03-09,Mass
C03305,Châu Lê,Male,1998-11-09,Nam Dinh,Business Owner,12885239.88,2023-07-22,Mass
C03306,Cô Bảo Nguyễn,Male,1982-12-03,Nam Dinh,Accountant,16806784.76,2026-01-04,Mass
C03307,Bảo Hữu Đặng,Female,2004-07-20,Can Tho,Accountant,67649629.51,2022-08-14,Affluent
C03308,Anh Minh Hoàng,Female,1981-12-04,Quang Ninh,Sales,11992802.71,2019-01-13,Mass
C03309,Tú Phạm,Female,1979-01-28,Can Tho,Bank Employee,71162813.03,2022-04-24,Affluent
C03310,Châu Đặng,Female,2006-07-09,Khanh Hoa,Student,91383517.54,2018-10-01,Premium
C03311,Duyên Mai,Female,2008-05-17,Ha Noi,Accountant,108010754.3,2025-07-26,Premium
C03312,Hạnh Tấn Bùi,Female,1986-08-31,Bac Ninh,Doctor,11836641.23,2020-08-08,Mass
C03313,Phúc Trí Nguyễn,Male,1998-07-26,Ba Ria - Vung Tau,Sales,5856642.98,2019-12-03,Mass
C03314,Quý cô Vân Vũ,Male,1986-03-13,Hai Phong,IT Specialist,19971549.17,2018-11-21,Mass
C03315,Tú Phú Vũ,Male,1997-06-19,Binh Duong,Teacher,13998184.25,2018-11-18,Mass
C03316,Cô Hạnh Vũ,Female,2008-09-28,Hue,Engineer,14082476.49,2022-09-25,Mass
C03317,Quý ông Quang Lê,Male,1995-01-13,Ho Chi Minh City,Sales,9189489.33,2023-07-24,Mass
C03318,Anh Hoàng,Female,1999-04-08,Hue,Engineer,10455650.98,2023-01-07,Mass
C03319,Lâm Vũ,Male,1985-10-28,Nghe An,Business Owner,7581033.45,2024-08-24,Mass
C03320,Cô Lâm Mai,Male,1995-07-08,Binh Duong,Freelancer,11827076.57,2019-07-31,Mass
C03321,Cô Khoa Nguyễn,Female,2003-05-03,Nghe An,Office Staff,205169458.94,2019-01-23,Premium
C03322,Cô Chi Nguyễn,Male,2000-05-08,Ha Noi,Doctor,9493465.6,2025-08-25,Mass
C03323,Trung Thế Hoàng,Male,2001-08-09,Hue,IT Specialist,22519344.16,2019-08-04,Mass
C03324,Nhật Mai Mai,Female,1984-01-23,Ho Chi Minh City,Government Employee,8646023.01,2020-02-04,Mass
C03325,Quý cô Hạnh Trần,Male,1978-07-16,Ho Chi Minh City,Engineer,37172069.89,2024-08-09,Affluent
C03326,Nhật Bùi,Female,1988-07-02,Hai Phong,Bank Employee,10637012.1,2023-10-29,Mass
C03327,Bác Vũ Lê,Female,1999-03-01,Quang Ninh,Freelancer,13505875.11,2026-03-28,Mass
C03328,Tú Đặng,Female,1995-10-16,Khanh Hoa,IT Specialist,22663849.46,2022-10-11,Mass
C03329,Nhật Phạm,Female,2004-06-03,Binh Duong,Government Employee,20543847.83,2019-04-16,Mass
C03330,Thành Lê,Female,1992-07-04,Nghe An,Bank Employee,112708459.42,2022-07-31,Premium
C03331,Anh Mai Mai,Male,1981-06-10,Khanh Hoa,IT Specialist,77716723.66,2018-04-04,Premium
C03332,Nhật Đặng,Female,1980-10-11,Khanh Hoa,Government Employee,20000000.0,2022-10-22,Affluent
C03333,Hồng Trần,Male,1998-08-02,Thanh Hoa,IT Specialist,26526101.73,2022-07-08,Affluent
C03334,Trung Thị Nguyễn,Female,2004-01-19,Bac Ninh,Accountant,11130314.89,2019-08-24,Mass
C03335,Chị Duyên Bùi,Female,1986-09-27,Da Nang,Office Staff,15345735.98,2019-08-12,Mass
C03336,Chị Thảo Dương,Male,1988-07-08,Quang Ninh,Doctor,9505912.15,2021-09-05,Mass
C03337,Quý cô Bảo Dương,Female,1986-08-21,Hue,Bank Employee,36329633.93,2022-02-08,Affluent
C03338,Hoàng Phạm,Male,1980-04-17,Nghe An,IT Specialist,136448174.31,2025-09-13,Premium
C03339,Phương Phạm,Male,1989-12-16,Quang Ninh,Student,8765890.39,2025-04-21,Mass
C03340,Hồng Trần,Female,1998-07-04,Hai Phong,Freelancer,9899461.62,2024-05-14,Mass
C03341,Anh Phúc Nguyễn,Male,1994-02-11,Dong Nai,Freelancer,111317931.73,2024-04-02,Premium
C03342,Nhật Đức Hoàng,Female,1982-10-21,Nam Dinh,Doctor,11787210.73,2024-10-30,Mass
C03343,Hải Hải Đặng,Female,1989-12-28,Binh Duong,Office Staff,105899730.53,2019-06-04,Premium
C03344,Anh Khoa Phạm,Female,1996-09-12,Binh Duong,Sales,26515524.3,2024-10-14,Affluent
C03345,Châu Dương,Female,2008-06-03,Ho Chi Minh City,Government Employee,9408413.8,2026-01-24,Mass
C03346,Khoa Phú Mai,Female,1984-10-15,Nam Dinh,Government Employee,75490408.68,2025-04-09,Premium
C03347,Bác Tú Phạm,Male,1992-11-26,Da Nang,Student,14127985.26,2024-03-17,Mass
C03348,Hạnh Bùi,Female,1984-11-07,Hai Phong,Business Owner,8224110.55,2025-01-08,Mass
C03349,Bác Quang Bùi,Female,1980-02-14,Dong Nai,Office Staff,17804997.58,2022-12-13,Mass
C03350,Bảo Dương,Male,2003-07-01,Bac Ninh,Government Employee,8994054.48,2022-05-19,Mass
C03351,Tú Phú Bùi,Male,1977-01-03,Dong Nai,Bank Employee,11398798.07,2024-11-26,Mass
C03352,Quý cô Nhật Hoàng,Male,2008-03-18,Dong Nai,Engineer,60000000.0,2018-09-18,Premium
C03353,Hải Hải Nguyễn,Female,1992-10-28,Thanh Hoa,IT Specialist,7987211.68,2023-07-11,Mass
C03354,Anh Mai,Male,1995-07-18,Binh Duong,Freelancer,12136838.41,2022-11-23,Mass
C03355,Quý cô Ngọc Mai,Female,1974-07-21,Binh Duong,Teacher,10840051.85,2024-06-20,Mass
C03356,Anh Tấn Bùi,Male,1979-09-17,Dong Nai,Bank Employee,19785962.2,2025-08-23,Mass
C03357,Nhật Bảo Bùi,Female,1975-03-17,Ho Chi Minh City,Teacher,13257597.14,2020-08-30,Mass
C03358,Hưng Vũ,Male,2007-10-08,Nam Dinh,Office Staff,14100289.83,2022-01-16,Mass
C03359,Anh Dũng Nguyễn,Female,1979-03-21,Hue,Student,11664303.12,2025-09-09,Mass
C03360,Bảo Bùi,Male,1971-09-19,Ha Noi,Bank Employee,16213567.57,2021-02-19,Mass
C03361,Chị Vân Phạm,Female,1984-07-06,Dong Nai,Student,17551508.47,2022-03-15,Mass
C03362,Khoa Hoàng,Male,1987-07-03,Ba Ria - Vung Tau,Government Employee,5014947.61,2024-08-28,Mass
C03363,Hoàng Văn Nguyễn,Male,1996-07-22,Da Nang,Freelancer,18245444.99,2025-02-27,Mass
C03364,Hà Tấn Đặng,Male,1999-07-25,Ho Chi Minh City,Government Employee,32730465.47,2021-01-07,Affluent
C03365,Hải Nguyễn,Female,2002-06-09,Binh Duong,Doctor,22404897.16,2024-06-03,Mass
C03366,Bà Vân Phạm,Female,1972-04-16,Hue,Teacher,8807049.99,2025-09-04,Mass
C03367,Quý cô Nhật Phạm,Female,1989-04-19,Quang Ninh,Government Employee,28536953.09,2026-02-07,Affluent
C03368,Phúc Đặng,Female,1984-01-31,Quang Ninh,Sales,14343483.49,2024-06-15,Mass
C03369,Huy Hoàng Mai,Male,1981-12-08,Bac Ninh,Student,13478261.21,2023-12-10,Mass
C03370,Cô Ngọc Nguyễn,Female,1957-10-25,Da Nang,Engineer,8374013.94,2023-08-29,Mass
C03371,Phương Bùi,Male,2007-10-01,Hue,Sales,10457559.14,2025-03-30,Mass
C03372,Ông Phúc Vũ,Male,2008-05-17,Hue,Government Employee,7117416.83,2024-11-03,Mass
C03373,Nam Phạm,Male,2002-01-24,Dong Nai,Bank Employee,8689718.39,2020-12-07,Mass
C03374,Cô Thảo Trần,Male,2001-06-23,Nam Dinh,Bank Employee,14386399.52,2025-07-29,Mass
C03375,Hải Hữu Lê,Female,1995-12-11,Hai Phong,Engineer,33164953.11,2024-09-19,Affluent
C03376,Vũ Trần,Male,1981-09-11,Bac Ninh,Government Employee,27811547.27,2021-09-28,Affluent
C03377,Phương Bùi,Female,1993-05-18,Dong Nai,Office Staff,13638854.19,2022-01-31,Mass
C03378,Ngọc Mai,Male,2008-04-24,Hai Phong,Sales,5207967.8,2019-03-17,Mass
C03379,Cô Nhật Hoàng,Male,1987-04-20,Bac Ninh,Engineer,14255055.96,2019-12-12,Mass
C03380,Lâm Thế Đặng,Male,1968-06-21,Binh Duong,Accountant,12682712.64,2023-11-19,Mass
C03381,Phương Văn Vũ,Male,1981-03-01,Thanh Hoa,Sales,11206469.27,2024-12-17,Mass
C03382,Bảo Phạm,Male,1987-07-20,Can Tho,Bank Employee,57715462.24,2021-03-07,Affluent
C03383,Hạnh Hoàng,Female,2008-08-15,Ha Noi,Sales,13869224.77,2022-04-18,Mass
C03384,Quý ông Khoa Bùi,Female,1967-08-08,Can Tho,Freelancer,13244980.18,2024-04-18,Mass
C03385,Lâm Bùi,Male,1972-08-01,Dong Nai,IT Specialist,9628066.22,2022-01-18,Mass
C03386,Châu Vũ,Male,1991-01-13,Nghe An,Government Employee,35353785.48,2021-11-27,Affluent
C03387,Quý cô Ngọc Dương,Male,2008-07-20,Ba Ria - Vung Tau,Sales,7972869.06,2022-10-20,Mass
C03388,Thành Đức Dương,Male,2003-04-17,Binh Duong,Freelancer,16000656.89,2026-06-17,Mass
C03389,Cô Hồng Phạm,Male,1981-02-21,Nam Dinh,Business Owner,38573248.58,2019-07-21,Affluent
C03390,Bác Châu Hoàng,Female,1981-04-16,Nghe An,Sales,93644942.29,2025-07-04,Premium
C03391,Hải Vũ,Male,1976-11-17,Da Nang,Student,12036968.29,2022-01-29,Mass
C03392,Hoàng Quang Trần,Female,1990-04-24,Dong Nai,Student,32319484.11,2021-03-25,Affluent
C03393,Chị Nhật Hoàng,Male,1983-08-01,Nam Dinh,Freelancer,30845424.24,2018-12-06,Affluent
C03394,Cô Lan Bùi,Female,1980-02-29,Da Nang,Office Staff,8074043.83,2018-01-26,Mass
C03395,Anh Hưng Dương,Female,2003-09-09,Quang Ninh,Business Owner,15264135.84,2020-07-29,Mass
C03396,Huy Vũ,Female,1991-06-07,Hai Phong,Doctor,10237369.01,2019-04-20,Mass
C03397,Hoàng Thị Đặng,Female,1981-04-26,Hai Phong,Doctor,9702321.19,2021-10-24,Mass
C03398,An Đức Phạm,Male,1993-01-08,Bac Ninh,Bank Employee,19582502.39,2024-03-25,Mass
C03399,Quý ông Dũng Phạm,Female,1973-10-23,Hai Phong,Business Owner,20806096.06,2023-10-31,Mass
C03400,Bảo Mai Bảo Mai,Female,1994-03-20,Hue,Freelancer,18460857.26,2026-01-14,Mass
C03401,Hà Bùi,Female,2001-01-18,Binh Duong,Student,69575259.42,2020-06-28,Premium
C03402,Kim Lê,Male,2007-11-07,Dong Nai,IT Specialist,57812702.74,2021-04-13,Affluent
C03403,Lan Mai,Female,2000-07-16,Can Tho,Office Staff,11480159.07,2023-10-12,Mass
C03404,Bảo Phạm,Female,2000-10-05,Quang Ninh,Sales,15305534.37,2018-10-13,Mass
C03405,Ông Hưng Bùi,Female,1995-07-06,Can Tho,Government Employee,23662771.6,2019-03-10,Affluent
C03406,Anh Minh Dương,Female,1986-06-29,Binh Duong,Engineer,7265238.62,2024-10-20,Mass
C03407,Quý cô Kim Nguyễn,Male,1999-11-05,Ha Noi,Bank Employee,5740208.07,2019-01-15,Mass
C03408,Tú Bùi,Male,2006-09-25,Ba Ria - Vung Tau,Engineer,12773744.57,2022-08-29,Mass
C03409,Anh Mai,Male,2008-07-09,Bac Ninh,Student,7145663.34,2021-11-14,Mass
C03410,Trọng Phú Hoàng,Male,1991-07-11,Dong Nai,IT Specialist,9920905.88,2025-12-02,Mass
C03411,Chị Hạnh Mai,Male,1969-02-17,Quang Ninh,Teacher,60674106.49,2023-05-21,Affluent
C03412,Bà Vân Hoàng,Male,2000-05-20,Can Tho,Sales,14583705.1,2020-12-24,Mass
C03413,Châu Dương,Male,1982-03-25,Quang Ninh,Freelancer,78742154.14,2021-08-25,Premium
C03414,Bà Xuân Lê,Male,2007-08-14,Nghe An,Bank Employee,34871104.21,2022-04-16,Affluent
C03415,Quý cô An Đặng,Female,1991-12-24,Bac Ninh,Student,10302525.67,2018-08-06,Mass
C03416,Bảo Trí Dương,Female,1986-07-03,Can Tho,IT Specialist,74060204.98,2025-03-28,Premium
C03417,An Vũ,Male,2003-08-29,Thanh Hoa,Bank Employee,12467006.68,2022-12-20,Mass
C03418,Chị Yến Trần,Female,1986-06-15,Ba Ria - Vung Tau,Freelancer,7949276.51,2020-02-02,Mass
C03419,Bác Tú Nguyễn,Female,1980-09-21,Da Nang,Teacher,6457474.21,2024-06-19,Mass
C03420,Anh Vũ Đặng,Female,1996-11-21,Bac Ninh,Student,10963851.81,2019-12-03,Mass
C03421,Bà Dương Nguyễn,Female,1997-02-25,Dong Nai,Sales,9846691.24,2024-07-24,Mass
C03422,Bà Thảo Bùi,Male,1970-05-06,Bac Ninh,Government Employee,8909313.75,2020-08-26,Mass
C03423,Quang Hoàng,Female,1964-04-26,Ho Chi Minh City,Sales,39904380.12,2020-09-28,Affluent
C03424,Hạnh Hoàng Trần,Female,1988-12-31,Bac Ninh,Sales,14176572.43,2021-06-15,Mass
C03425,Cô Nhật Phạm,Male,1963-08-09,Thanh Hoa,Student,8475241.08,2026-04-08,Mass
C03426,Phúc Vũ,Female,2003-01-21,Bac Ninh,Teacher,27907297.19,2021-04-02,Affluent
C03427,Bảo Mai,Male,1990-09-23,Khanh Hoa,Sales,6559318.8,2020-11-05,Mass
C03428,Thành Đức Hoàng,Female,1990-01-21,Khanh Hoa,Student,58172469.0,2020-01-10,Affluent
C03429,Anh Phúc Nguyễn,Female,1988-11-28,Binh Duong,Freelancer,10831588.64,2020-02-05,Mass
C03430,Chị Hương Hoàng,Female,1997-02-18,Hai Phong,Teacher,16434548.69,2020-10-06,Mass
C03431,Chị Bảo Dương,Female,1999-11-30,Thanh Hoa,Government Employee,60902050.11,2026-01-23,Affluent
C03432,Linh Trần,Male,1969-01-30,Can Tho,Sales,13128289.81,2024-04-05,Mass
C03433,Lan Mai,Female,1991-01-11,Bac Ninh,Teacher,17212529.58,2025-07-28,Mass
C03434,Quý ông Châu Đặng,Female,1978-08-17,Quang Ninh,Sales,9050405.32,2026-02-22,Mass
C03435,Minh Trần,Female,1995-12-26,Bac Ninh,Teacher,7554059.1,2018-07-02,Mass
C03436,Quý cô Hồng Bùi,Male,1985-12-25,Thanh Hoa,Freelancer,42748599.15,2025-09-10,Affluent
C03437,Bác Khoa Mai,Female,2005-01-07,Nghe An,Government Employee,30532399.24,2022-12-01,Affluent
C03438,Minh Quang Hoàng,Male,2005-06-14,Can Tho,Student,26727904.14,2022-03-05,Affluent
C03439,Chị Dương Vũ,Female,1984-04-05,Quang Ninh,Doctor,9283029.3,2022-06-04,Mass
C03440,Quý cô Phương Dương,Female,1994-09-12,Bac Ninh,Office Staff,6789297.97,2021-05-22,Mass
C03441,Bác Tú Mai,Male,1988-03-19,Ho Chi Minh City,Engineer,34538203.72,2024-06-08,Affluent
C03442,Hải Phú Lê,Male,1999-02-08,Hai Phong,Sales,33070570.3,2019-10-30,Affluent
C03443,Ánh Đặng,Female,1988-12-15,Ba Ria - Vung Tau,Engineer,9022331.64,2019-09-04,Mass
C03444,Bác Huy Phạm,Female,2007-07-06,Dong Nai,Student,205901924.15,2026-05-28,Premium
C03445,Quý cô Linh Lê,Male,1997-09-19,Hai Phong,Business Owner,11600411.99,2021-02-09,Mass
C03446,Mai Dương,Female,1979-01-18,Bac Ninh,Office Staff,30000000.0,2020-03-15,Mass
C03447,Minh Hoàng Nguyễn,Female,2003-12-09,Hue,IT Specialist,14046119.63,2025-09-14,Mass
C03448,Dũng Trần,Female,1998-08-15,Khanh Hoa,Engineer,9937644.72,2018-07-18,Mass
C03449,Anh Văn Hoàng,Female,1998-07-16,Hai Phong,Doctor,8092416.68,2025-09-14,Mass
C03450,Hưng Vũ,Female,1991-02-10,Hue,IT Specialist,22488346.81,2019-07-26,Affluent
C03451,Quý ông Hưng Vũ,Male,1979-11-30,Dong Nai,Student,12233250.28,2019-04-20,Mass
C03452,Hưng Hoàng,Male,1986-03-12,Hai Phong,Teacher,30431902.36,2018-06-21,Affluent
C03453,Ánh Dương,Male,1995-09-16,Thanh Hoa,Teacher,38153489.94,2025-06-03,Affluent
C03454,Quý ông Phúc Dương,Female,2003-01-03,Dong Nai,IT Specialist,86658405.12,2020-03-21,Premium
C03455,An Đặng,Female,2000-06-13,Ha Noi,Business Owner,8786421.92,2022-11-03,Mass
C03456,Duyên Lê,Male,2008-06-14,Nghe An,Office Staff,19176219.74,2023-02-09,Mass
C03457,Chị Hà Bùi,Female,1997-10-26,Dong Nai,Business Owner,49618357.59,2019-03-01,Affluent
C03458,An Dương,Male,1979-05-15,Quang Ninh,Engineer,7650773.49,2018-04-04,Mass
C03459,Linh Trần,Female,2001-10-16,Hue,Bank Employee,29402587.64,2021-10-12,Mass
C03460,Trung Hoàng,Female,1970-12-17,Ho Chi Minh City,Sales,98747173.51,2019-09-07,Premium
C03461,Linh Đặng,Female,1988-03-25,Quang Ninh,Office Staff,28965171.94,2024-08-19,Affluent
C03462,Bà Phương Nguyễn,Male,1986-03-31,Da Nang,Student,9336140.88,2018-09-28,Mass
C03463,Kim Thị Trần,Female,2007-10-29,Ha Noi,Doctor,23544242.85,2024-05-19,Affluent
C03464,Chị Yến Vũ,Female,1990-07-30,Dong Nai,Student,8077101.78,2018-03-11,Mass
C03465,Bảo Dương,Female,1991-06-08,Thanh Hoa,Engineer,8238145.73,2020-02-21,Mass
C03466,Thảo Hoàng,Male,1999-04-01,Nghe An,Sales,16175771.03,2022-05-06,Mass
C03467,Quý cô Lan Nguyễn,Male,1988-07-29,Bac Ninh,Office Staff,11959478.0,2018-11-03,Mass
C03468,Anh Mai,Female,1981-07-18,Ha Noi,Teacher,121196551.87,2018-08-09,Premium
C03469,Tú Tấn Dương,Male,1975-04-05,Khanh Hoa,Teacher,10216008.06,2024-04-02,Mass
C03470,Khoa Dương,Female,1995-09-02,Quang Ninh,Freelancer,7610420.35,2022-12-20,Mass
C03471,Hà Trần,Female,1995-08-20,Hue,Accountant,46748353.22,2018-04-02,Affluent
C03472,Cô Bảo Đặng,Male,1976-08-01,Quang Ninh,Business Owner,16793861.93,2019-03-15,Mass
C03473,Vi Lê,Male,2008-05-18,Binh Duong,Teacher,48438338.86,2025-09-04,Affluent
C03474,Mai Đặng,Female,2008-09-25,Bac Ninh,Student,45822867.58,2021-03-15,Affluent
C03475,Ông Quang Vũ,Male,1995-09-02,Hai Phong,Office Staff,15345055.57,2022-07-20,Mass
C03476,Chị Thảo Nguyễn,Female,2004-12-15,Ba Ria - Vung Tau,Bank Employee,18080162.11,2022-09-30,Mass
C03477,Nhật Thế Lê,Female,2007-04-25,Khanh Hoa,Engineer,9496729.07,2024-08-14,Mass
C03478,Hoàng Hoàng,Female,2001-04-05,Da Nang,Business Owner,6494183.64,2019-12-08,Mass
C03479,Huy Hải Phạm,Female,1989-05-28,Thanh Hoa,Engineer,22579396.72,2020-10-25,Mass
C03480,Trung Lê,Male,1961-10-09,Hai Phong,Office Staff,12415071.46,2026-08-17,Mass
C03481,Anh Dương,Male,1978-01-16,Hai Phong,Office Staff,13015484.62,2026-04-06,Mass
C03482,Vũ Dương,Female,1984-12-25,Bac Ninh,Engineer,10645684.75,2021-02-05,Mass
C03483,Nhiên Phú Đặng,Female,1988-08-18,Thanh Hoa,Teacher,14483704.59,2018-06-24,Mass
C03484,Anh Hưng Hoàng,Female,1997-01-10,Hai Phong,Student,11678898.25,2023-01-09,Mass
C03485,Bảo Hoàng Bùi,Male,1990-12-04,Ha Noi,Student,16024964.87,2021-11-04,Mass
C03486,Khoa Hoàng Đặng,Female,2002-02-05,Hai Phong,Doctor,11785463.64,2022-08-01,Mass
C03487,Vũ Mai,Male,1969-06-04,Ha Noi,IT Specialist,49628541.78,2021-09-22,Affluent
C03488,Bà Mai Dương,Male,1976-09-12,Binh Duong,Business Owner,12103053.71,2023-12-14,Mass
C03489,Hưng Trần,Female,1987-01-26,Nam Dinh,Doctor,47276763.25,2019-12-18,Affluent
C03490,Quý cô Bảo Dương,Male,1973-06-29,Ha Noi,Office Staff,6060823.19,2020-01-15,Mass
C03491,Quang Hữu Hoàng,Male,2005-01-02,Ho Chi Minh City,Sales,18976703.31,2025-11-21,Mass
C03492,Linh Trần,Male,1994-05-26,Thanh Hoa,Office Staff,9485879.97,2024-04-17,Mass
C03493,Nam Xuân Bùi,Male,2004-06-20,Ho Chi Minh City,Doctor,9881366.42,2019-10-04,Mass
C03494,Bác Dũng Trần,Female,2006-02-16,Ba Ria - Vung Tau,Business Owner,65541028.99,2022-06-01,Affluent
C03495,Bà Hạnh Lê,Male,1991-07-19,Hai Phong,Sales,11759059.45,2023-11-19,Mass
C03496,Anh Nam Dương,Male,1984-07-26,Can Tho,IT Specialist,16805857.04,2018-08-24,Mass
C03497,Quý ông Thành Dương,Female,1980-03-13,Hue,Accountant,17473305.74,2021-09-15,Mass
C03498,Bà Yến Đặng,Female,1997-09-19,Dong Nai,Engineer,32008068.77,2018-07-27,Affluent
C03499,Châu Hữu Vũ,Male,1982-01-30,Ho Chi Minh City,IT Specialist,9977379.48,2020-10-30,Mass
C03500,Xuân Phạm,Male,1990-11-02,Nam Dinh,Freelancer,13797314.44,2026-08-13,Mass
C03501,Kim Bùi,Female,1982-09-01,Binh Duong,Student,6441222.25,2025-11-06,Mass
C03502,Nhiên Bùi,Female,1982-11-16,Can Tho,Business Owner,11057436.96,2021-07-14,Mass
C03503,Lan Mai,Male,1982-10-08,Hai Phong,Sales,44186864.83,2018-06-23,Affluent
C03504,Bà Khoa Mai,Male,1972-11-30,Nghe An,Office Staff,52529985.33,2021-05-04,Affluent
C03505,Chị Lan Đặng,Female,1975-12-05,Binh Duong,IT Specialist,53971123.7,2022-06-06,Affluent
C03506,Hương Vũ,Female,1987-01-07,Thanh Hoa,Bank Employee,12135941.6,2018-09-24,Mass
C03507,Bà Nhật Bùi,Male,1980-12-07,Thanh Hoa,Bank Employee,15504572.54,2022-08-26,Mass
C03508,Quý cô An Lê,Male,1993-12-22,Can Tho,Business Owner,13826607.88,2022-04-14,Mass
C03509,Chị Thảo Vũ,Female,1991-07-19,Bac Ninh,IT Specialist,8899811.81,2018-07-21,Mass
C03510,Bảo Phạm,Male,1975-12-19,Nam Dinh,Doctor,12234090.82,2019-12-15,Mass
C03511,Quý cô Hương Phạm,Female,1968-02-28,Quang Ninh,Doctor,21492421.41,2023-10-13,Affluent
C03512,Bà An Dương,Female,1996-12-01,Nam Dinh,Freelancer,12137869.09,2019-04-12,Mass
C03513,Bà Hà Dương,Other,1978-02-20,Dong Nai,Office Staff,13800722.28,2020-12-17,Mass
C03514,Nhật Hoàng Dương,Male,1987-02-26,Binh Duong,Bank Employee,8087861.22,2020-05-27,Mass
C03515,Nhật Hải Trần,Male,2003-01-10,Thanh Hoa,Government Employee,38555526.91,2019-03-09,Affluent
C03516,Bảo Tấn Lê,Male,2006-09-01,Binh Duong,Teacher,9961716.91,2025-05-24,Mass
C03517,Thành Thế Bùi,Male,1984-10-31,Ho Chi Minh City,Business Owner,8508733.91,2024-02-14,Mass
C03518,Phương Quang Đặng,Female,1973-08-26,Bac Ninh,Sales,18417188.21,2026-06-03,Mass
C03519,Ông Quang Hoàng,Female,2008-01-10,Khanh Hoa,Government Employee,26460066.94,2024-07-22,Affluent
C03520,Chị Thành Đặng,Male,2008-07-15,Ba Ria - Vung Tau,Engineer,9124833.68,2022-12-26,Mass
C03521,Minh Văn Hoàng,Female,1982-01-03,Nghe An,Bank Employee,10381687.33,2021-04-01,Mass
C03522,Hà Hải Lê,Female,1985-01-17,Ha Noi,Engineer,60000000.0,2022-06-23,Premium
C03523,Anh Hưng Phạm,Female,1982-05-03,Nghe An,Teacher,9881046.43,2019-05-08,Mass
C03524,Huy Trần,Male,1990-04-04,Nghe An,Government Employee,34038277.87,2020-08-12,Affluent
C03525,Thành Xuân Bùi,Female,2004-02-17,Nghe An,Sales,8015098.97,2018-02-17,Mass
C03526,Bà Hạnh Bùi,Female,1980-09-04,Dong Nai,Office Staff,13798417.41,2018-07-11,Mass
C03527,Ông Anh Bùi,Male,1979-04-26,Thanh Hoa,Bank Employee,13444055.42,2020-01-07,Mass
C03528,Chị Kim Mai,Female,1989-03-23,Khanh Hoa,Engineer,6558769.0,2022-07-10,Mass
C03529,Nhật Trần,Male,1992-11-05,Ho Chi Minh City,Engineer,98910604.55,2023-09-24,Premium
C03530,Tú Hữu Nguyễn,Female,1968-10-28,Binh Duong,Freelancer,15261624.44,2019-11-09,Mass
C03531,Bà Bảo Hoàng,Female,1974-03-05,Nghe An,Government Employee,14791383.97,2026-02-22,Mass
C03532,Hải Mai Nguyễn,Female,1997-12-09,Ho Chi Minh City,IT Specialist,12502143.7,2018-07-24,Mass
C03533,Quý ông Huy Nguyễn,Male,1987-12-07,Da Nang,Doctor,26406267.59,2020-11-25,Affluent
C03534,Huy Vũ,Female,1995-08-18,Dong Nai,Freelancer,11166164.76,2021-12-23,Mass
C03535,Khoa Dương,Male,1973-01-27,Ba Ria - Vung Tau,Government Employee,5792983.63,2019-12-27,Mass
C03536,Châu Tấn Mai,Male,1976-10-26,Ba Ria - Vung Tau,Student,8645408.04,2020-07-07,Mass
C03537,Tú Xuân Bùi,Male,2006-03-20,Da Nang,Engineer,49865565.8,2023-03-01,Affluent
C03538,Hải Quang Lê,Female,1981-11-02,Ho Chi Minh City,Bank Employee,18615381.39,2021-04-14,Mass
C03539,Linh Hoàng,Female,1981-11-30,Ba Ria - Vung Tau,Accountant,64929467.28,2021-03-05,Affluent
C03540,Trung Mai,Female,1984-03-26,Hue,Government Employee,11360467.53,2020-12-20,Mass
C03541,Quý ông Hưng Dương,Female,1987-02-27,Ha Noi,Business Owner,18543528.21,2021-07-03,Mass
C03542,Hưng Trần,Male,1999-02-16,Ha Noi,Teacher,9551953.09,2019-02-23,Mass
C03543,Quý ông Quang Nguyễn,Male,1994-07-13,Ba Ria - Vung Tau,Sales,5744843.5,2020-09-22,Mass
C03544,Anh Bảo Đặng,Female,1989-03-09,Nam Dinh,Government Employee,6201316.47,2018-01-02,Mass
C03545,Nam Mai,Female,1989-12-14,Dong Nai,Doctor,16244559.69,2022-06-27,Mass
C03546,Phúc Vũ,Female,1996-01-19,Bac Ninh,Freelancer,21582810.86,2022-11-21,Mass
C03547,Huy Văn Dương,Male,2007-05-20,Hue,IT Specialist,18207760.21,2026-06-11,Mass
C03548,Khoa Thị Hoàng,Female,1982-12-01,Khanh Hoa,Engineer,6581712.78,2024-12-27,Mass
C03549,Thành Nguyễn,Female,1961-08-26,Nam Dinh,Engineer,11735234.36,2019-04-08,Mass
C03550,Lâm Xuân Trần,Female,2000-05-26,Da Nang,Bank Employee,22947796.14,2024-09-22,Affluent
C03551,Bảo Lê,Female,1993-07-11,Binh Duong,Doctor,33687471.4,2019-03-19,Affluent
C03552,Quý ông Anh Đặng,Male,1989-02-02,Can Tho,Accountant,32008747.17,2021-10-31,Affluent
C03553,Anh Minh Hoàng,Male,1984-05-30,Ha Noi,Business Owner,10477563.99,2023-09-25,Mass
C03554,Ông Vũ Đặng,Male,2008-04-11,Dong Nai,Student,11388796.7,2019-11-10,Mass
C03555,Hưng Trí Hoàng,Male,2008-05-09,Dong Nai,Business Owner,13581741.73,2020-12-09,Mass
C03556,Kim Mai,Male,2001-08-12,Hue,Sales,12706107.38,2020-03-02,Mass
C03557,Thành Vũ,Female,1976-05-19,Ha Noi,Freelancer,8609313.71,2018-09-16,Mass
C03558,Kim Văn Lê,Male,1979-02-01,Ba Ria - Vung Tau,Student,10311092.95,2023-10-14,Mass
C03559,Vũ Bùi,Male,1971-05-29,Khanh Hoa,Government Employee,10560316.35,2024-02-17,Mass
C03560,Lâm Hoàng,Female,1999-12-26,Nghe An,Student,15263129.87,2022-06-30,Mass
C03561,Khoa Hoàng,Male,1994-12-24,Quang Ninh,Engineer,8938781.84,2022-12-19,Mass
C03562,Cô Linh Hoàng,Male,1996-01-11,Binh Duong,Engineer,34534751.32,2021-08-30,Affluent
C03563,Anh Huy Vũ,Female,1976-03-19,Ho Chi Minh City,Accountant,60000000.0,2024-02-15,Premium
C03564,Bà Phương Nguyễn,Male,1989-10-29,Nghe An,Freelancer,42216837.73,2020-10-16,Affluent
C03565,Bảo Thế Vũ,Female,1987-12-11,Hue,Student,18979500.19,2022-12-09,Mass
C03566,Hồng Phạm,Male,1991-01-17,Hue,Freelancer,11249387.08,2019-01-05,Mass
C03567,Vi Bùi,Male,1983-12-08,Nam Dinh,Sales,36058485.09,2018-07-21,Affluent
C03568,Bà Hạnh Dương,Male,1994-11-22,Quang Ninh,Student,14375955.64,2020-01-10,Mass
C03569,Tú Hải Phạm,Male,1997-10-15,Dong Nai,IT Specialist,78311880.75,2020-10-06,Premium
C03570,Yến Đặng,Female,1996-03-20,Ba Ria - Vung Tau,Student,19268677.61,2019-04-10,Mass
C03571,Cô Duyên Vũ,Male,2008-08-19,Hue,Bank Employee,39410320.04,2020-07-19,Affluent
C03572,Quý ông Trọng Đặng,Female,1990-01-01,Dong Nai,Government Employee,21138307.67,2020-04-28,Affluent
C03573,Nhật Văn Đặng,Male,1987-05-30,Hue,Student,14174149.49,2019-02-14,Mass
C03574,Dũng Phú Dương,Female,1984-05-24,Da Nang,Sales,4743460.0,2022-04-02,Mass
C03575,Quý cô Nhật Dương,Male,1975-09-12,Ha Noi,Freelancer,9269216.01,2024-06-02,Mass
C03576,Chị Dương Bùi,Male,1983-07-28,Nam Dinh,Government Employee,134504774.73,2020-10-21,Premium
C03577,Thành Nguyễn,Male,2000-05-03,Ba Ria - Vung Tau,Accountant,130236778.51,2025-08-27,Premium
C03578,Hải Dương,Female,1994-12-21,Khanh Hoa,Accountant,5811999.37,2022-08-09,Mass
C03579,Vũ Hoàng Mai,Male,1978-02-25,Nam Dinh,Teacher,9148966.41,2021-06-26,Mass
C03580,Khoa Thế Đặng,Male,2000-03-28,Thanh Hoa,IT Specialist,10421110.41,2018-04-30,Mass
C03581,Quý ông Nam Lê,Female,1988-04-29,Dong Nai,Sales,97735223.55,2020-02-27,Premium
C03582,Bà Khoa Bùi,Female,1983-11-28,Ha Noi,Accountant,7508872.88,2022-02-22,Mass
C03583,An Thế Mai,Male,1999-03-08,Ba Ria - Vung Tau,Accountant,33802979.17,2025-02-07,Affluent
C03584,Anh Thành Mai,Male,1970-03-08,Da Nang,Student,11531382.84,2019-03-21,Mass
C03585,Quý cô Khoa Trần,Male,1979-04-18,Khanh Hoa,Freelancer,12163029.22,2018-08-08,Mass
C03586,Kim Phạm,Male,1995-10-22,Hue,Teacher,32502946.09,2019-05-01,Affluent
C03587,Cô Duyên Vũ,Male,1992-05-05,Quang Ninh,IT Specialist,14823038.98,2023-05-14,Mass
C03588,Chị Nhật Bùi,Female,1975-02-07,Nam Dinh,Accountant,13609865.67,2021-07-18,Mass
C03589,Thành Hoàng Bùi,Female,1977-03-21,Ha Noi,Engineer,8561113.31,2021-02-24,Mass
C03590,Dũng Đặng,Female,1995-08-12,Hai Phong,Sales,28164358.66,2023-08-24,Affluent
C03591,Hải Đặng,Female,1987-05-29,Nghe An,Government Employee,10583235.74,2018-09-03,Mass
C03592,Lâm Hữu Dương,Male,1982-01-04,Ha Noi,Engineer,8662956.41,2023-10-16,Mass
C03593,Bác Bảo Lê,Female,1990-01-30,Can Tho,IT Specialist,131619258.63,2019-06-08,Premium
C03594,Quý cô Hạnh Nguyễn,Male,2008-08-19,Quang Ninh,Freelancer,25215972.1,2022-01-07,Mass
C03595,Bảo Xuân Trần,Male,1994-09-26,Ba Ria - Vung Tau,Business Owner,5907027.12,2026-01-21,Mass
C03596,Khoa Bảo Bùi,Male,1989-05-22,Binh Duong,Teacher,12141287.85,2022-10-07,Mass
C03597,Lâm Văn Hoàng,Male,1991-08-08,Ba Ria - Vung Tau,Teacher,16976389.73,2023-12-06,Mass
C03598,Chị Duyên Hoàng,Male,1982-02-02,Da Nang,Doctor,13318623.47,2025-10-23,Mass
C03599,Khoa Hoàng,Female,1986-03-21,Binh Duong,Government Employee,11569602.59,2024-03-19,Mass
C03600,An Tấn Hoàng,Male,1970-11-17,Quang Ninh,Sales,60000000.0,2023-10-07,Premium
C03601,Chị Duyên Dương,Male,1989-07-30,Hai Phong,Bank Employee,12276234.89,2026-06-04,Mass
C03602,Thành Nguyễn,Male,1982-04-22,Ba Ria - Vung Tau,Business Owner,8931262.77,2026-06-09,Mass
C03603,Phương Hoàng Lê,Female,2008-05-14,Ha Noi,Office Staff,12677068.17,2022-10-25,Mass
C03604,Bác Quang Lê,Male,1986-11-04,Da Nang,Business Owner,20211796.98,2021-10-18,Mass
C03605,Anh Dũng Lê,Female,2004-06-21,Binh Duong,Engineer,17976214.51,2020-03-03,Mass
C03606,Vũ Nguyễn,Male,1964-02-23,Nam Dinh,Government Employee,10513802.73,2026-04-05,Mass
C03607,Quý cô Chi Phạm,Female,2005-01-21,Ho Chi Minh City,Freelancer,30977333.25,2018-12-14,Affluent
C03608,Anh Phúc Dương,Male,1990-03-14,Dong Nai,Doctor,14617689.52,2021-04-17,Mass
C03609,Khoa Đặng,Female,1996-10-19,Can Tho,Teacher,20681221.96,2018-05-06,Mass
C03610,Chị Nhật Trần,Male,2002-12-20,Nghe An,Accountant,6528549.87,2018-10-26,Mass
C03611,Yến Nguyễn,Female,1978-04-08,Can Tho,Office Staff,5412923.25,2018-09-06,Mass
C03612,Phương Mai Bảo Bùi,Female,1993-08-29,Khanh Hoa,Accountant,348013975.23,2018-06-20,Premium
C03613,Kim Vũ,Male,1990-11-12,Bac Ninh,Office Staff,8106271.1,2020-07-29,Mass
C03614,Nhật Hoàng,Male,1990-12-28,Nghe An,Teacher,11788522.32,2020-07-28,Mass
C03615,Chi Dương,Male,1989-06-08,Ba Ria - Vung Tau,Business Owner,15130289.98,2025-11-07,Mass
C03616,Thảo Bùi,Female,2002-08-08,Nghe An,Engineer,58067868.79,2022-06-12,Affluent
C03617,Linh Bùi,Male,1988-01-19,Nam Dinh,Government Employee,43527210.68,2022-10-07,Affluent
C03618,Quý ông Tú Trần,Male,1997-07-05,Nam Dinh,Business Owner,18824145.82,2025-07-07,Mass
C03619,Bà Khoa Trần,Female,1993-05-22,Nam Dinh,Accountant,13224220.43,2023-12-18,Mass
C03620,Bà Kim Đặng,Male,2000-12-31,Ba Ria - Vung Tau,Sales,8465343.39,2023-05-01,Mass
C03621,Chị Nhật Phạm,Female,1983-06-16,Thanh Hoa,Student,30638764.24,2019-03-15,Affluent
C03622,Tú Đặng,Male,1999-10-15,Ho Chi Minh City,Student,9581100.69,2020-09-13,Mass
C03623,Nhật Dương,Female,1983-08-03,Quang Ninh,Government Employee,9628653.56,2023-08-20,Mass
C03624,Bà Linh Vũ,Female,1992-05-25,Binh Duong,Government Employee,35158147.6,2024-12-23,Affluent
C03625,Bác Bảo Vũ,Female,2008-02-24,Khanh Hoa,Government Employee,7170765.46,2019-09-27,Mass
C03626,Trọng Nguyễn,Female,1986-10-16,Khanh Hoa,Office Staff,9271511.08,2021-07-12,Mass
C03627,Chị Phương Vũ,Male,1978-10-12,Quang Ninh,IT Specialist,16832122.87,2023-01-15,Mass
C03628,Mai Đặng,Female,1983-05-29,Hue,Doctor,22687787.3,2019-01-02,Mass
C03629,Khoa Thế Lê,Female,1990-12-01,Nghe An,Student,129635019.08,2025-12-20,Premium
C03630,Châu Dương,Male,1997-05-17,Quang Ninh,Doctor,73043783.5,2025-04-11,Affluent
C03631,Hoàng Lê,Male,1969-02-20,Quang Ninh,Government Employee,12050001.71,2024-05-15,Mass
C03632,Bà Kim Vũ,Female,1986-07-19,Hai Phong,Bank Employee,19310728.25,2023-08-10,Mass
C03633,Cô Ánh Phạm,Male,1992-07-14,Ba Ria - Vung Tau,Freelancer,9536134.6,2019-12-08,Mass
C03634,Hoàng Hoàng,Female,1981-01-15,Ba Ria - Vung Tau,Office Staff,35833379.07,2024-03-31,Affluent
C03635,Thảo Đặng,Female,1988-07-10,Quang Ninh,Engineer,8961267.51,2019-04-25,Mass
C03636,Nhật Xuân Đặng,Male,2008-06-03,Quang Ninh,Office Staff,13033936.99,2025-10-04,Mass
C03637,Bà Phương Đặng,Female,1981-02-11,Hue,Accountant,11088120.25,2018-05-03,Mass
C03638,Nhật Xuân Mai,Female,1974-11-18,Khanh Hoa,Bank Employee,28337135.81,2025-08-03,Affluent
C03639,Anh Châu Bùi,Male,2002-03-17,Hai Phong,Office Staff,11720928.94,2021-04-25,Mass
C03640,Dương Trần,Male,1991-03-21,Dong Nai,Engineer,15711543.64,2026-02-15,Mass
C03641,Quang Thế Phạm,Male,1998-12-22,Nam Dinh,Sales,19370274.19,2025-03-11,Mass
C03642,Chị Thảo Hoàng,Female,1968-12-11,Nghe An,Office Staff,34591391.6,2021-02-05,Affluent
C03643,Hải Phạm,Male,1976-12-29,Ho Chi Minh City,Teacher,8290685.66,2021-06-21,Mass
C03644,Châu Mai Hoàng,Male,1978-12-09,Da Nang,Bank Employee,47919905.61,2018-05-23,Affluent
C03645,Ánh Mai,Male,1981-09-27,Thanh Hoa,Accountant,34836968.45,2018-01-15,Affluent
C03646,Chị Linh Nguyễn,Male,2008-05-09,Da Nang,Student,9585985.13,2022-11-28,Mass
C03647,Hải Đức Đặng,Female,1997-04-15,Ha Noi,Student,8520861.25,2022-11-08,Mass
C03648,Hạnh Mai,Female,1988-10-26,Hue,Accountant,10363286.79,2018-10-30,Mass
C03649,An Dương,Male,1999-11-04,Hue,Sales,8284005.42,2018-12-21,Mass
C03650,Chị Thảo Lê,Female,1997-10-06,Binh Duong,Doctor,156611759.09,2018-01-07,Premium
C03651,Chị Yến Dương,Female,1997-12-28,Da Nang,Engineer,10020952.01,2024-08-19,Mass
C03652,Cô Khoa Vũ,Male,1995-11-20,Thanh Hoa,Office Staff,13511678.42,2018-03-03,Mass
C03653,Vũ Phạm,Male,1984-12-21,Dong Nai,Doctor,4134129.81,2024-02-24,Mass
C03654,Bảo Mai,Male,1978-12-27,Quang Ninh,Accountant,19838717.58,2024-05-13,Mass
C03655,Hưng Phạm,Female,2002-03-07,Quang Ninh,Accountant,8538644.44,2018-03-05,Mass
C03656,Chị Duyên Hoàng,Female,1994-12-30,Hue,Government Employee,9210141.77,2025-02-15,Mass
C03657,Quý ông Tú Mai,Female,1988-02-05,Nghe An,Bank Employee,6071603.87,2023-06-11,Mass
C03658,Linh Trần,Female,2003-08-24,Da Nang,Office Staff,20565721.19,2024-08-19,Mass
C03659,Quý cô Hương Dương,Male,2001-03-29,Thanh Hoa,Engineer,18543263.09,2022-03-25,Mass
C03660,Nhật Phạm,Male,1986-12-04,Bac Ninh,Teacher,6370404.38,2018-12-23,Mass
C03661,Phương Hoàng,Male,1983-10-11,Dong Nai,Sales,11515835.57,2025-01-28,Mass
C03662,Quý cô Thảo Hoàng,Female,1995-12-20,Binh Duong,Teacher,13074210.59,2021-05-24,Mass
C03663,Duyên Bùi,Female,1984-12-25,Binh Duong,Office Staff,43277185.75,2024-05-30,Affluent
C03664,Nhật Dương,Male,1978-07-27,Hai Phong,IT Specialist,13842647.42,2023-09-22,Mass
C03665,Quý cô Ngọc Vũ,Male,2006-07-31,Thanh Hoa,IT Specialist,10166832.84,2025-12-02,Mass
C03666,Khoa Đức Dương,Male,1958-08-02,Thanh Hoa,Business Owner,15463439.89,2020-01-28,Mass
C03667,Bà Phương Dương,Female,1964-08-21,Nghe An,Bank Employee,53195738.31,2025-03-26,Affluent
C03668,Khoa Vũ,Female,1988-05-13,Hai Phong,Freelancer,38312268.93,2022-07-08,Affluent
C03669,Bà Thảo Mai,Female,1991-02-22,Nam Dinh,Teacher,6531750.87,2024-10-06,Mass
C03670,Bảo Trần,Female,1990-04-15,Nghe An,Freelancer,18331900.58,2018-08-07,Mass
C03671,Quý cô An Đặng,Female,1997-05-19,Can Tho,Student,13861153.28,2019-06-25,Mass
C03672,Quý ông Phúc Lê,Male,1980-12-26,Da Nang,Bank Employee,8727845.06,2023-06-15,Mass
C03673,Kim Vũ,Female,1995-09-09,Da Nang,Accountant,25789685.22,2019-06-02,Affluent
C03674,Nhật Đặng,Male,1999-12-10,Quang Ninh,Teacher,23785269.88,2022-02-12,Affluent
C03675,Chị Hà Phạm,Female,2000-09-30,Can Tho,Freelancer,19721632.66,2026-03-27,Mass
C03676,Bà Vân Vũ,Male,2000-11-11,Hue,Doctor,36353330.66,2021-11-02,Affluent
C03677,Minh Mai Bảo Trần,Male,1996-09-04,Thanh Hoa,Teacher,18128943.11,2019-07-12,Mass
C03678,Trọng Phạm,Male,1976-02-09,Quang Ninh,Government Employee,16237626.03,2024-04-12,Mass
C03679,Bà Bảo Phạm,Female,1987-05-14,Ha Noi,Office Staff,11067753.74,2023-11-01,Mass
C03680,Bảo Xuân Hoàng,Female,2004-01-09,Quang Ninh,Teacher,23692102.34,2026-01-16,Mass
C03681,Bà Phương Dương,Male,1999-08-16,Quang Ninh,Accountant,15137617.5,2024-01-31,Mass
C03682,Nhật Đức Phạm,Female,1979-03-29,Ha Noi,IT Specialist,9880454.14,2021-12-10,Mass
C03683,Châu Vũ,Female,1978-11-12,Can Tho,Office Staff,15679925.61,2024-06-10,Mass
C03684,Hoàng Thế Đặng,Male,1971-10-08,Khanh Hoa,Teacher,30403086.16,2019-03-24,Affluent
C03685,Dũng Mai Vũ,Female,2004-10-28,Hai Phong,Sales,10054147.49,2018-11-28,Mass
C03686,Khoa Hữu Bùi,Female,1988-09-11,Can Tho,Sales,12247001.17,2022-12-10,Mass
C03687,Vi Bùi,Male,1994-12-15,Quang Ninh,Doctor,6151448.23,2023-03-09,Mass
C03688,Hồng Đặng,Male,1985-02-26,Khanh Hoa,Sales,23932257.08,2018-01-19,Mass
C03689,Quý cô Hạnh Nguyễn,Female,1985-05-26,Ba Ria - Vung Tau,Student,42017605.84,2025-05-01,Affluent
C03690,Chị Dương Vũ,Male,1984-01-20,Khanh Hoa,Business Owner,13789024.98,2021-09-02,Mass
C03691,Quang Nguyễn,Female,1980-06-11,Dong Nai,Bank Employee,13780953.23,2024-05-13,Mass
C03692,Huy Hữu Đặng,Female,1994-03-05,Khanh Hoa,Government Employee,9082146.21,2022-08-16,Mass
C03693,Chị Duyên Mai,Male,1992-12-02,Nam Dinh,Business Owner,113388727.84,2026-08-04,Premium
C03694,Bác Tú Trần,Male,1994-08-18,Khanh Hoa,Student,13395585.19,2019-08-02,Mass
C03695,Chị Linh Dương,Female,1986-06-23,Dong Nai,Business Owner,44938814.68,2018-12-05,Affluent
C03696,Ông Thành Dương,Male,1976-08-31,Ha Noi,Business Owner,12332144.73,2019-09-22,Mass
C03697,Bà Duyên Hoàng,Male,2004-12-16,Ho Chi Minh City,Freelancer,10634678.48,2025-09-05,Mass
C03698,An Đức Nguyễn,Male,1990-02-06,Ba Ria - Vung Tau,Business Owner,6311589.74,2026-03-03,Mass
C03699,Anh Phú Dương,Male,1975-05-29,Nghe An,Doctor,12613137.37,2019-09-13,Mass
C03700,Tú Dương,Male,1986-09-04,Hue,Business Owner,172669743.17,2022-11-19,Premium
C03701,Cô Thành Bùi,Male,1997-02-24,Thanh Hoa,Doctor,14670245.48,2020-06-16,Mass
C03702,Chị Khoa Vũ,Female,1992-05-27,Ba Ria - Vung Tau,Business Owner,92901095.61,2023-08-24,Premium
C03703,Cô Chi Phạm,Male,1999-04-29,Quang Ninh,Sales,57686837.37,2022-04-17,Affluent
C03704,Nhiên Đức Mai,Female,1994-11-14,Binh Duong,Business Owner,15328581.17,2019-07-19,Mass
C03705,Nam Lê,Female,2008-04-12,Da Nang,Office Staff,18136067.5,2022-12-25,Mass
C03706,Nhật Đặng,Female,1978-10-11,Ha Noi,Accountant,12416280.91,2024-12-14,Mass
C03707,Bảo Hoàng Lê,Male,1993-08-23,Da Nang,Accountant,13803285.61,2024-05-01,Mass
C03708,Bảo Hải Dương,Male,1965-10-05,Khanh Hoa,Office Staff,6473868.25,2021-09-27,Mass
C03709,Dũng Hoàng Vũ,Female,1982-04-22,Hai Phong,Office Staff,8721930.44,2025-11-06,Mass
C03710,Trọng Nguyễn,Male,1991-09-19,Ho Chi Minh City,Freelancer,11002787.04,2020-08-14,Mass
C03711,Cô Hải Bùi,Male,1995-08-21,Hai Phong,IT Specialist,34890288.46,2022-05-08,Affluent
C03712,Kim Mai Bảo Nguyễn,Male,2002-10-14,Ha Noi,Teacher,17203619.58,2021-04-23,Mass
C03713,Xuân Mai,Female,2008-02-14,Ho Chi Minh City,Accountant,14495296.67,2025-11-18,Mass
C03714,Nam Bảo Nguyễn,Male,1993-11-12,Ha Noi,Accountant,24632595.68,2022-02-28,Affluent
C03715,Tùng Mai Bảo Vũ,Female,1988-04-25,Binh Duong,Business Owner,6958568.44,2018-12-07,Mass
C03716,Vũ Quang Hoàng,Female,1990-10-03,Ba Ria - Vung Tau,Engineer,7292888.77,2020-01-17,Mass
C03717,Phương Trần,Male,1985-04-27,Dong Nai,Freelancer,8683125.83,2018-09-01,Mass
C03718,Cô Khoa Dương,Male,1995-03-03,Dong Nai,Student,38226648.53,2018-11-20,Affluent
C03719,Cô Vi Bùi,Male,1999-04-12,Bac Ninh,Student,97708112.08,2021-11-22,Premium
C03720,Bảo Dương,Female,2006-10-29,Ho Chi Minh City,Bank Employee,14964984.58,2022-12-08,Mass
C03721,Bà Hà Lê,Female,1970-11-26,Da Nang,Office Staff,30000000.0,2018-06-29,Mass
C03722,Bảo Bảo Nguyễn,Female,1989-01-24,Hai Phong,IT Specialist,44336546.03,2019-06-13,Affluent
C03723,Khoa Thế Nguyễn,Male,2007-12-22,Ha Noi,Sales,54935971.88,2024-08-13,Affluent
C03724,An Văn Phạm,Female,1981-11-10,Ha Noi,Doctor,10130289.98,2018-09-27,Mass
C03725,Huy Trí Vũ,Male,1977-03-19,Nam Dinh,Bank Employee,10977415.47,2021-05-30,Mass
C03726,Bà Vân Dương,Female,1996-09-25,Bac Ninh,Student,40364413.35,2019-05-01,Affluent
C03727,Bà Xuân Hoàng,Male,2002-04-05,Quang Ninh,Office Staff,47552553.59,2022-10-21,Affluent
C03728,Chị Bảo Phạm,Male,2001-11-21,Can Tho,Business Owner,8309400.58,2024-02-02,Mass
C03729,Phúc Trần,Male,2000-11-20,Ba Ria - Vung Tau,Engineer,135499804.97,2025-05-02,Premium
C03730,Vân Hoàng,Male,1996-11-20,Khanh Hoa,Teacher,60000000.0,2022-01-11,Premium
C03731,Vi Lê,Male,1997-05-30,Ba Ria - Vung Tau,Sales,11866173.86,2021-10-26,Mass
C03732,Vũ Tấn Đặng,Male,2003-03-29,Hue,Engineer,8019036.37,2022-07-28,Mass
C03733,Chị Mai Vũ,Female,1966-12-22,Khanh Hoa,Office Staff,8879175.99,2022-06-18,Mass
C03734,Quý cô Hạnh Phạm,Female,1993-12-26,Ha Noi,Engineer,10552615.03,2026-01-16,Mass
C03735,Bà Ngọc Lê,Male,1995-05-21,Ha Noi,Student,42171814.01,2023-05-16,Affluent
C03736,Ông Thành Nguyễn,Female,1979-10-16,Ho Chi Minh City,Teacher,31930502.11,2020-06-11,Affluent
C03737,Anh Thành Nguyễn,Female,2003-12-13,Binh Duong,Business Owner,18745631.33,2025-11-02,Mass
C03738,Quý ông Thành Phạm,Female,1992-03-25,Binh Duong,Doctor,21988493.31,2022-05-28,Mass
C03739,Quý cô Duyên Trần,Female,2008-03-19,Dong Nai,Teacher,12849408.48,2018-02-02,Mass
C03740,Bảo Mai,Male,1968-11-18,Da Nang,Office Staff,10604349.03,2020-05-20,Mass
C03741,Bảo Phạm,Female,1993-04-25,Nam Dinh,Teacher,38244569.22,2020-01-23,Affluent
C03742,Nhật Hoàng,Male,1997-02-08,Nghe An,Business Owner,10758342.21,2018-09-08,Mass
C03743,Dũng Bảo Phạm,Female,1993-10-29,Khanh Hoa,Student,28994954.76,2020-06-15,Affluent
C03744,Cô Vi Mai,Female,1977-05-02,Da Nang,Engineer,14101539.29,2026-04-08,Mass
C03745,Châu Đức Mai,Female,1987-12-16,Ha Noi,Bank Employee,44608274.27,2022-09-24,Affluent
C03746,Nhật Nguyễn,Female,1993-09-09,Da Nang,Doctor,9151660.27,2026-07-28,Mass
C03747,Hồng Bùi,Female,1996-12-21,Ba Ria - Vung Tau,Accountant,12007491.11,2020-09-22,Mass
C03748,Hà Phú Đặng,Male,2002-08-02,Hai Phong,Accountant,10072564.02,2020-06-19,Mass
C03749,Vũ Bùi,Female,1995-11-21,Ba Ria - Vung Tau,Office Staff,25241799.49,2025-08-10,Mass
C03750,Quang Trần,Male,2008-02-08,Da Nang,Freelancer,11268821.44,2024-02-03,Mass
C03751,Nhật Văn Vũ,Male,1971-12-23,Binh Duong,Teacher,12522815.4,2024-08-27,Mass
C03752,Hưng Trí Phạm,Female,1982-03-03,Nam Dinh,Teacher,12426681.07,2020-08-03,Mass
C03753,Cô Bảo Mai,Female,1998-05-31,Hue,Bank Employee,20000000.0,2020-01-04,Affluent
C03754,Chị Nhật Dương,Female,1987-10-14,Quang Ninh,IT Specialist,9147168.14,2023-11-03,Mass
C03755,Ngọc Hoàng,Male,1999-05-24,Thanh Hoa,IT Specialist,30133933.17,2025-10-17,Affluent
C03756,Bà Linh Hoàng,Female,1971-10-08,Ba Ria - Vung Tau,IT Specialist,27843506.78,2021-11-11,Mass
C03757,Bảo Bảo Lê,Female,1988-06-10,Can Tho,Government Employee,10198474.21,2020-02-14,Mass
C03758,Chị Nhật Lê,Male,2003-07-06,Hai Phong,Bank Employee,40282217.16,2026-02-19,Affluent
C03759,Tú Xuân Nguyễn,Female,1971-09-04,Da Nang,Government Employee,32496940.47,2023-11-10,Affluent
C03760,Anh Khoa Bùi,Female,2008-01-22,Can Tho,Office Staff,15171581.43,2024-05-05,Mass
C03761,Anh Tấn Nguyễn,Male,1980-08-12,Dong Nai,Engineer,6888550.43,2020-05-16,Mass
C03762,Linh Nguyễn,Female,1989-04-16,Nghe An,Government Employee,14052998.02,2024-08-07,Mass
C03763,Ông Hoàng Bùi,Female,1990-12-16,Can Tho,IT Specialist,9098748.06,2023-04-11,Mass
C03764,Vân Bùi,Male,1978-10-18,Hai Phong,Accountant,10419965.64,2018-07-02,Mass
C03765,Chị Hà Nguyễn,Female,2007-04-09,Ba Ria - Vung Tau,Doctor,5856725.04,2026-08-02,Mass
C03766,Quang Quang Bùi,Female,1976-12-01,Binh Duong,Doctor,14890732.53,2022-03-18,Mass
C03767,Hà Dương,Female,1990-07-16,Nghe An,Freelancer,10286275.46,2019-12-08,Mass
C03768,Quý ông Tùng Dương,Female,1996-05-13,Da Nang,Business Owner,25346155.63,2025-05-16,Affluent
C03769,Cô Hạnh Dương,Male,1995-01-12,Quang Ninh,Teacher,20000000.0,2023-05-07,Affluent
C03770,Bác Hoàng Đặng,Male,1999-09-04,Quang Ninh,Government Employee,10762614.61,2021-04-21,Mass
C03771,Trọng Đức Dương,Female,1983-11-19,Ba Ria - Vung Tau,Doctor,11833475.1,2019-09-29,Mass
C03772,Anh Hoàng Phạm,Male,1982-08-21,Nam Dinh,Business Owner,19242164.46,2021-02-15,Mass
C03773,Chị Lâm Trần,Female,1979-07-31,Ba Ria - Vung Tau,Student,40306027.18,2026-05-21,Affluent
C03774,Nhật Bùi,Male,1990-03-02,Da Nang,Freelancer,8513310.22,2020-03-14,Mass
C03775,Trọng Trần,Female,1981-10-26,Quang Ninh,Student,21602698.42,2018-02-23,Mass
C03776,Chị Thảo Lê,Male,1986-11-14,Bac Ninh,Office Staff,23475265.89,2026-01-05,Mass
C03777,Dũng Dương,Female,2007-06-09,Binh Duong,Teacher,8012072.49,2022-12-03,Mass
C03778,Hoàng Đặng,Female,1981-08-01,Can Tho,Engineer,13162978.41,2026-01-19,Mass
C03779,Thành Trí Hoàng,Male,1976-08-01,Nghe An,Engineer,11935194.73,2018-07-12,Mass
C03780,Yến Bùi,Male,2000-03-12,Bac Ninh,Office Staff,11135620.4,2018-08-24,Mass
C03781,Vi Phạm,Male,2006-11-29,Bac Ninh,IT Specialist,8084106.02,2021-12-28,Mass
C03782,Cô Bảo Nguyễn,Male,1979-12-11,Hai Phong,Freelancer,16287244.33,2019-06-25,Mass
C03783,Chị Hồng Đặng,Female,1986-10-19,Ha Noi,Bank Employee,6570103.05,2024-09-16,Mass
C03784,Duyên Dương,Male,1993-10-18,Ba Ria - Vung Tau,Bank Employee,61262642.15,2018-10-31,Premium
C03785,Bác Trung Hoàng,Male,1978-03-27,Binh Duong,Freelancer,9782586.36,2019-10-14,Mass
C03786,Nhật Hoàng Dương,Female,2002-01-02,Bac Ninh,Engineer,101198977.4,2018-04-30,Premium
C03787,Tùng Dương,Male,1997-12-28,Binh Duong,Business Owner,20170416.85,2022-05-05,Mass
C03788,Nhật Vũ,Male,1999-07-16,Khanh Hoa,Engineer,23001963.54,2020-04-11,Affluent
C03789,Dũng Xuân Vũ,Female,2008-02-27,Thanh Hoa,Office Staff,11871390.83,2022-02-11,Mass
C03790,Châu Mai Trần,Male,1997-03-27,Binh Duong,Accountant,22798088.15,2022-05-30,Affluent
C03791,Minh Đức Trần,Male,1977-09-16,Hue,Doctor,42756516.04,2019-09-19,Affluent
C03792,Huy Văn Mai,Male,1991-01-14,Dong Nai,Accountant,19344745.56,2018-09-05,Mass
C03793,Cô Lâm Dương,Male,1983-05-12,Dong Nai,Business Owner,8997143.02,2018-05-29,Mass
C03794,Hà Mai,Male,2002-02-22,Hue,Doctor,15977798.91,2024-10-12,Mass
C03795,Hoàng Đặng,Female,1986-06-11,Khanh Hoa,Accountant,12734544.86,2021-05-23,Mass
C03796,Bảo Bùi,Female,2000-03-22,Quang Ninh,IT Specialist,14845373.95,2019-11-23,Mass
C03797,Phương Lê,Male,1999-02-21,Ba Ria - Vung Tau,Engineer,11579210.83,2019-08-25,Mass
C03798,Phương Hoàng Lê,Male,1975-03-11,Ho Chi Minh City,Teacher,28705759.75,2026-04-15,Affluent
C03799,Cô Mai Đặng,Male,2007-10-29,Nghe An,Student,8302155.11,2025-07-21,Mass
C03800,Cô Phương Đặng,Male,1979-10-24,Nghe An,Government Employee,13119012.95,2018-06-10,Mass
C03801,Chị Linh Lê,Female,1992-01-24,Khanh Hoa,Bank Employee,10041473.01,2026-04-19,Mass
C03802,Hải Lê,Female,1985-03-10,Quang Ninh,Bank Employee,8914863.61,2021-06-28,Mass
C03803,Chị Vân Hoàng,Female,1986-10-05,Hai Phong,Bank Employee,9290269.39,2025-08-28,Mass
C03804,Lâm Đức Nguyễn,Male,2000-06-10,Bac Ninh,Government Employee,9600220.31,2020-09-07,Mass
C03805,Hạnh Hữu Mai,Female,1995-05-11,Thanh Hoa,Teacher,34491023.81,2025-06-23,Affluent
C03806,Nhật Mai Đặng,Male,1988-01-05,Bac Ninh,Doctor,4000000.0,2020-04-08,Mass
C03807,Bà An Trần,Female,1999-09-14,Dong Nai,Student,10463124.86,2018-11-19,Mass
C03808,Tùng Vũ,Female,1974-04-03,Binh Duong,Bank Employee,8222758.5,2022-07-20,Mass
C03809,Cô Ngọc Bùi,Male,1989-05-20,Da Nang,IT Specialist,54809150.2,2022-05-19,Affluent
C03810,Chị Nhật Lê,Female,2004-12-15,Ho Chi Minh City,Business Owner,13774209.67,2023-02-01,Mass
C03811,Quý cô Vi Lê,Male,1998-10-02,Ba Ria - Vung Tau,Student,30082931.13,2021-01-03,Affluent
C03812,Kim Hoàng Phạm,Female,1998-11-10,Da Nang,Doctor,9288309.74,2020-09-09,Mass
C03813,Vũ Hải Vũ,Male,1960-12-26,Thanh Hoa,Business Owner,16126537.47,2026-03-02,Mass
C03814,Quý cô Hà Hoàng,Female,1978-01-22,Hue,Engineer,14254952.21,2021-02-22,Mass
C03815,Chị Nhật Lê,Male,2008-06-30,Da Nang,Business Owner,13778948.27,2024-01-03,Mass
C03816,Dũng Nguyễn,Female,1979-10-02,Khanh Hoa,Sales,27094431.29,2024-12-07,Affluent
C03817,Phương Vũ,Female,1980-05-02,Nghe An,Engineer,43234938.26,2020-01-30,Affluent
C03818,Hải Hoàng,Female,1969-12-07,Quang Ninh,Sales,30877049.02,2022-03-01,Affluent
C03819,Anh Bảo Vũ,Female,2003-03-11,Nam Dinh,IT Specialist,10573351.34,2020-09-08,Mass
C03820,Phương Hoàng,Male,1975-05-19,Quang Ninh,Doctor,6327875.73,2026-01-17,Mass
C03821,Anh Vũ Đặng,Female,2008-07-30,Nam Dinh,Teacher,12381395.68,2021-03-17,Mass
C03822,Hưng Bùi,Male,1994-10-26,Nam Dinh,Bank Employee,12032501.09,2020-03-11,Mass
C03823,Tú Dương,Male,1980-07-17,Hue,Engineer,9889834.18,2021-07-21,Mass
C03824,Khoa Xuân Dương,Female,2008-06-11,Can Tho,Office Staff,24544190.7,2022-08-18,Mass
C03825,Quang Mai,Male,2001-02-08,Bac Ninh,Engineer,65467598.26,2025-08-20,Premium
C03826,Hà Hoàng,Female,1978-09-21,Nghe An,Bank Employee,10489087.78,2019-05-15,Mass
C03827,Quang Mai Bảo Bùi,Female,1991-01-05,Binh Duong,Sales,40454791.8,2019-08-05,Affluent
C03828,An Đức Vũ,Female,1979-08-27,Da Nang,Student,10678105.25,2019-01-14,Mass
C03829,Anh Mai,Female,1973-12-26,Nam Dinh,Sales,5682417.18,2022-01-25,Mass
C03830,Huy Đức Đặng,Female,1981-11-03,Nam Dinh,Student,27207421.74,2022-11-09,Affluent
C03831,An Trần,Female,1975-01-22,Dong Nai,IT Specialist,12611665.48,2025-08-18,Mass
C03832,Anh Nhiên Dương,Female,1997-10-19,Thanh Hoa,Office Staff,15133351.73,2020-03-05,Mass
C03833,Quý cô Dương Vũ,Female,1981-07-14,Binh Duong,Bank Employee,129273179.41,2025-08-03,Premium
C03834,Nhật Dương,Male,2002-01-03,Hue,Sales,30269570.21,2019-08-28,Affluent
C03835,Khoa Hữu Nguyễn,Male,1991-02-18,Thanh Hoa,IT Specialist,11827954.69,2022-10-28,Mass
C03836,Khoa Trần,Male,1982-04-23,Hue,Doctor,5928025.67,2018-01-14,Mass
C03837,Hà Phạm,Male,1987-09-03,Ho Chi Minh City,Office Staff,32083877.81,2025-01-21,Affluent
C03838,Nhiên Bảo Bùi,Female,2000-07-14,Binh Duong,IT Specialist,74304794.23,2018-09-15,Premium
C03839,Linh Dương,Male,1993-03-28,Da Nang,Bank Employee,4000000.0,2018-07-06,Mass
C03840,Ông Thành Bùi,Male,1998-07-16,Thanh Hoa,Bank Employee,8831911.43,2019-06-09,Mass
C03841,Mai Hoàng,Male,1985-07-01,Da Nang,IT Specialist,9051878.55,2020-03-09,Mass
C03842,Cô Hải Đặng,Male,1993-09-19,Khanh Hoa,Business Owner,20587898.87,2024-06-07,Mass
C03843,Hạnh Bùi,Female,1980-08-03,Dong Nai,Doctor,45880008.68,2023-12-08,Affluent
C03844,Yến Dương,Female,1995-10-12,Hai Phong,IT Specialist,124260863.99,2018-05-24,Premium
C03845,Quang Đặng,Male,1993-06-23,Hue,Freelancer,11204035.5,2025-12-14,Mass
C03846,Quang Đức Dương,Male,1986-03-18,Quang Ninh,Student,9737251.53,2025-03-26,Mass
C03847,Linh Dương,Male,1973-11-18,Binh Duong,IT Specialist,33358380.15,2021-11-09,Affluent
C03848,Phúc Phạm,Male,1984-03-27,Khanh Hoa,Sales,54164635.03,2025-05-24,Affluent
C03849,Thành Phú Lê,Female,1979-06-08,Quang Ninh,Teacher,7328603.39,2025-10-10,Mass
C03850,Ông Dũng Đặng,Female,1986-02-20,Bac Ninh,Student,16161929.37,2023-11-09,Mass
C03851,Bà Ánh Vũ,Female,1981-07-08,Ha Noi,Business Owner,8127500.69,2023-04-25,Mass
C03852,Nhật Trần,Female,1998-06-10,Dong Nai,Sales,16996408.08,2020-07-17,Mass
C03853,Thành Mai Bảo Lê,Male,1999-08-18,Nghe An,Sales,88702827.27,2023-04-08,Premium
C03854,Lâm Đức Dương,Male,1973-09-12,Nghe An,IT Specialist,11800913.13,2020-02-07,Mass
C03855,Dũng Mai Đặng,Male,1998-01-20,Dong Nai,Engineer,26898293.73,2019-10-11,Affluent
C03856,Chị Thành Nguyễn,Female,1987-06-24,Hue,Office Staff,7525557.14,2023-07-06,Mass
C03857,Lâm Hoàng,Male,1993-03-14,Hai Phong,Sales,13484452.26,2024-03-17,Mass
C03858,Minh Mai,Male,1975-12-26,Ho Chi Minh City,Government Employee,15158303.66,2020-01-20,Mass
C03859,Tùng Mai,Female,1998-01-22,Ho Chi Minh City,Bank Employee,18126109.47,2025-12-07,Mass
C03860,Quý cô Khoa Trần,Female,1994-01-02,Binh Duong,Business Owner,24158521.01,2023-05-14,Affluent
C03861,Cô Hương Hoàng,Male,1992-02-19,Dong Nai,Business Owner,19851228.02,2020-05-09,Mass
C03862,Hạnh Trí Đặng,Female,1989-06-15,Can Tho,Teacher,12052707.24,2019-10-24,Mass
C03863,Thành Trí Bùi,Female,1972-01-21,Ha Noi,Bank Employee,7271280.81,2024-10-24,Mass
C03864,Nhật Vũ,Male,2005-07-13,Da Nang,Government Employee,60000000.0,2026-04-22,Premium
C03865,Thành Phạm,Female,1985-10-29,Ho Chi Minh City,Bank Employee,36792572.83,2020-01-02,Affluent
C03866,Ông Quang Mai,Female,1974-04-09,Hue,Office Staff,13067430.68,2024-12-06,Mass
C03867,Bà An Dương,Other,1995-04-13,Bac Ninh,Sales,12007540.83,2022-05-15,Mass
C03868,Chị Mai Phạm,Male,1988-11-12,Dong Nai,Student,6684491.92,2020-09-29,Mass
C03869,Anh Hoàng Nguyễn,Male,1960-11-13,Hai Phong,Government Employee,14394720.48,2022-06-14,Mass
C03870,Quang Nguyễn,Female,1988-01-26,Nam Dinh,Engineer,42093665.1,2018-01-26,Affluent
C03871,Quý ông Huy Mai,Male,1983-04-27,Bac Ninh,Government Employee,94532982.22,2026-08-29,Premium
C03872,Quý cô Lan Mai,Male,1996-12-18,Da Nang,Teacher,14801290.75,2025-05-27,Mass
C03873,Hải Hữu Vũ,Male,1986-03-21,Quang Ninh,Accountant,9038065.11,2023-09-15,Mass
C03874,Anh Bảo Đặng,Female,1974-11-02,Hue,Doctor,13297550.73,2026-01-28,Mass
C03875,Quang Tấn Mai,Male,1982-04-01,Hue,Engineer,19532484.68,2021-02-07,Mass
C03876,Vũ Trí Đặng,Female,1990-09-10,Da Nang,Sales,13407843.24,2018-10-25,Mass
C03877,Chị Hương Mai,Female,1981-11-19,Ho Chi Minh City,Engineer,9311081.69,2022-10-20,Mass
C03878,Bác Tú Hoàng,Female,1990-05-19,Hai Phong,Engineer,12539061.04,2025-07-20,Mass
C03879,Bà Yến Mai,Male,2001-02-23,Nam Dinh,Office Staff,27006552.61,2025-07-09,Mass
C03880,Quý cô Thảo Hoàng,Male,2006-03-21,Khanh Hoa,Doctor,7618429.78,2023-01-21,Mass
C03881,Chi Hoàng,Female,1976-04-06,Dong Nai,Teacher,15402808.11,2018-01-03,Mass
C03882,Quý ông Nhiên Bùi,Female,2002-09-21,Nam Dinh,Teacher,14841952.59,2019-10-11,Mass
C03883,Bảo Nguyễn,Female,1974-09-01,Khanh Hoa,Bank Employee,11873565.94,2019-07-11,Mass
C03884,Ông Quang Dương,Female,1962-08-26,Quang Ninh,Business Owner,6563244.15,2020-04-06,Mass
C03885,Cô Hải Đặng,Female,1983-02-27,Ba Ria - Vung Tau,Freelancer,18050828.2,2023-12-19,Mass
C03886,Nhật Vũ,Female,1981-02-15,Hue,Office Staff,11171681.57,2023-11-14,Mass
C03887,Nam Hoàng,Male,1994-08-26,Quang Ninh,Accountant,14018213.66,2023-06-05,Mass
C03888,Quý ông Hoàng Bùi,Male,1981-12-01,Dong Nai,Teacher,14816958.25,2025-04-24,Mass
C03889,Quý cô Thảo Mai,Male,1979-09-22,Thanh Hoa,Sales,8400591.88,2023-12-13,Mass
C03890,Dũng Phạm,Female,1993-02-01,Ho Chi Minh City,Government Employee,8635668.05,2020-08-29,Mass
C03891,Bảo Tấn Nguyễn,Female,1995-06-18,Ho Chi Minh City,Bank Employee,17119770.44,2025-10-31,Mass
C03892,Yến Đặng,Female,1989-06-22,Hai Phong,Freelancer,29883525.95,2026-08-20,Mass
C03893,Hà Hoàng,Male,1988-04-28,Bac Ninh,Office Staff,102416408.42,2025-07-15,Premium
C03894,Phương Bùi,Female,1988-12-11,Ho Chi Minh City,Sales,9599140.92,2019-05-26,Mass
C03895,Chị Lâm Hoàng,Male,1991-07-14,Hai Phong,Freelancer,17807726.91,2018-04-07,Mass
C03896,Chị An Dương,Female,1989-01-28,Dong Nai,Accountant,9090189.4,2021-03-04,Mass
C03897,Thành Trần,Female,2001-02-09,Dong Nai,Business Owner,10250597.41,2025-12-22,Mass
C03898,Kim Hoàng,Male,1990-07-24,Hue,Government Employee,18222588.25,2021-06-08,Mass
C03899,Kim Hữu Dương,Male,2004-10-24,Dong Nai,Accountant,10729183.43,2021-05-04,Mass
C03900,Bà Bảo Trần,Female,1988-12-04,Thanh Hoa,Business Owner,20190987.29,2018-12-31,Affluent
C03901,Quang Lê,Male,2000-06-19,Hue,Sales,9458801.28,2018-05-19,Mass
C03902,Hạnh Mai Bảo Trần,Male,1999-04-15,Ha Noi,Office Staff,12833616.16,2021-12-16,Mass
C03903,Bà Kim Phạm,Male,1992-06-12,Thanh Hoa,Doctor,9880434.75,2026-04-16,Mass
C03904,Bà Dương Trần,Male,1986-05-18,Khanh Hoa,Accountant,21932790.52,2023-03-18,Mass
C03905,Bảo Đức Mai,Male,1972-08-12,Ba Ria - Vung Tau,Bank Employee,6122291.96,2022-01-06,Mass
C03906,Nam Hoàng,Male,1983-10-14,Hue,Doctor,11275119.66,2018-07-22,Mass
C03907,Vân Nguyễn,Female,1988-12-04,Thanh Hoa,Student,10438569.88,2022-02-16,Mass
C03908,Tú Xuân Nguyễn,Male,1989-07-13,Nghe An,Teacher,12653061.96,2025-07-25,Mass
C03909,Ngọc Đặng,Male,1997-05-01,Bac Ninh,Engineer,26747414.04,2024-11-20,Affluent
C03910,Hạnh Văn Hoàng,Male,1995-01-07,Khanh Hoa,Government Employee,37548215.01,2026-07-25,Affluent
C03911,Vũ Xuân Phạm,Male,1984-03-17,Da Nang,Business Owner,16176810.92,2022-11-16,Mass
C03912,Anh Tùng Phạm,Male,1996-04-15,Dong Nai,Business Owner,38110941.97,2021-04-11,Affluent
C03913,Tú Trí Hoàng,Female,1980-05-01,Can Tho,Business Owner,49651397.15,2021-06-04,Affluent
C03914,Nhiên Xuân Dương,Female,1991-03-15,Khanh Hoa,Freelancer,11107055.6,2026-06-12,Mass
C03915,Chị Nhật Nguyễn,Female,1987-10-08,Binh Duong,Business Owner,8024577.62,2023-01-21,Mass
C03916,Xuân Mai,Male,1992-12-12,Ba Ria - Vung Tau,Business Owner,43760167.29,2020-12-16,Affluent
C03917,Hạnh Vũ,Male,1982-10-24,Binh Duong,Bank Employee,10916910.27,2019-12-03,Mass
C03918,Thành Lê,Male,1988-09-09,Khanh Hoa,Sales,8991494.1,2019-06-10,Mass
C03919,Cô Nhật Phạm,Female,1983-02-03,Can Tho,Doctor,96935093.13,2025-07-03,Premium
C03920,Bà Nhật Mai,Female,1993-11-08,Dong Nai,Government Employee,10572997.1,2021-01-09,Mass
C03921,Nhật Đức Mai,Male,1991-07-15,Hai Phong,Office Staff,83597960.85,2026-07-11,Premium
C03922,Thành Phạm,Female,1983-07-31,Ha Noi,Student,10449534.25,2023-05-15,Mass
C03923,Hoàng Hải Dương,Female,1973-02-04,Da Nang,Business Owner,54321017.38,2023-10-26,Affluent
C03924,Quý cô Ngọc Đặng,Male,2000-05-07,Ho Chi Minh City,Student,35739600.88,2022-02-26,Affluent
C03925,Xuân Dương,Male,1997-12-06,Quang Ninh,Teacher,10703598.6,2018-02-11,Mass
C03926,Phương Trần,Male,1968-05-19,Khanh Hoa,Accountant,31915016.52,2022-04-12,Affluent
C03927,Minh Hữu Mai,Female,1987-07-21,Can Tho,Freelancer,14503196.92,2018-08-12,Mass
C03928,Bà Linh Lê,Female,2002-07-20,Ba Ria - Vung Tau,Student,27080649.15,2019-03-13,Affluent
C03929,Anh Khoa Bùi,Male,2004-08-02,Bac Ninh,Student,26830970.64,2021-09-27,Affluent
C03930,Kim Hữu Trần,Female,2008-03-30,Nghe An,Student,14519760.14,2020-02-19,Mass
C03931,Ông Châu Trần,Male,1968-04-19,Ho Chi Minh City,Bank Employee,36587047.46,2018-01-10,Affluent
C03932,Tùng Mai Bảo Hoàng,Female,2006-02-21,Dong Nai,Engineer,28861691.05,2024-11-01,Affluent
C03933,Hạnh Mai Bảo Vũ,Male,1996-08-27,Nam Dinh,Student,8404371.42,2021-05-07,Mass
C03934,Vân Nguyễn,Male,1980-10-14,Da Nang,Accountant,15934676.8,2018-12-13,Mass
C03935,Cô Thảo Hoàng,Male,2002-12-27,Nghe An,Sales,15466633.33,2020-04-18,Mass
C03936,Bà Nhật Nguyễn,Male,1974-07-06,Bac Ninh,Accountant,23354788.12,2025-07-10,Mass
C03937,Ngọc Vũ,Female,1959-09-24,Binh Duong,Doctor,8751360.92,2023-02-17,Mass
C03938,Lâm Phú Mai,Male,1959-05-29,Hue,Doctor,10600852.41,2018-03-18,Mass
C03939,Ánh Bùi,Male,1996-10-27,Thanh Hoa,Student,13455419.76,2023-08-29,Mass
C03940,Bà Hải Nguyễn,Female,1996-10-21,Dong Nai,Bank Employee,13798668.46,2024-01-22,Mass
C03941,Cô Chi Lê,Female,2005-09-13,Nghe An,Bank Employee,11037993.09,2025-12-09,Mass
C03942,Bà Hương Phạm,Female,1975-12-20,Binh Duong,Business Owner,11762719.88,2024-07-14,Mass
C03943,Anh Nhiên Hoàng,Female,1989-07-17,Ba Ria - Vung Tau,Bank Employee,14171702.03,2025-06-07,Mass
C03944,Ngọc Bùi,Female,1978-02-24,Ba Ria - Vung Tau,Business Owner,6723292.57,2020-12-15,Mass
C03945,Cô Xuân Vũ,Male,1984-09-15,Nam Dinh,Doctor,32294803.01,2018-08-28,Affluent
C03946,Xuân Phạm,Male,1989-01-02,Dong Nai,Sales,152803113.66,2019-11-01,Premium
C03947,Phúc Hữu Phạm,Male,2003-12-18,Khanh Hoa,Business Owner,8418916.14,2021-10-17,Mass
C03948,Thành Thị Lê,Male,2008-04-09,Can Tho,Teacher,9901646.14,2019-07-01,Mass
C03949,Chị Khoa Vũ,Female,1976-07-20,Khanh Hoa,Doctor,11504072.85,2018-03-08,Mass
C03950,Hải Thế Phạm,Male,2005-03-08,Khanh Hoa,Engineer,10124103.74,2018-02-10,Mass
C03951,Huy Nguyễn,Male,2007-06-09,Bac Ninh,Business Owner,8093744.78,2022-12-12,Mass
C03952,Kim Hữu Vũ,Male,1985-10-15,Hai Phong,Bank Employee,24610817.05,2023-02-12,Affluent
C03953,Quý cô Thảo Hoàng,Male,1978-10-01,Thanh Hoa,Accountant,11704981.82,2023-05-14,Mass
C03954,Dương Bùi,Female,1990-04-09,Dong Nai,Sales,10885984.23,2026-05-24,Mass
C03955,Yến Dương,Male,1982-05-16,Ho Chi Minh City,Sales,15784250.05,2018-11-17,Mass
C03956,Chị Hà Trần,Female,1987-07-08,Ba Ria - Vung Tau,Doctor,41462308.82,2024-03-27,Affluent
C03957,Bảo Dương,Female,1993-01-26,Quang Ninh,Doctor,14507673.29,2021-01-14,Mass
C03958,Bảo Mai,Female,1994-07-27,Ha Noi,Teacher,12009376.47,2023-02-21,Mass
C03959,Phúc Đức Bùi,Male,1993-12-09,Dong Nai,Student,30513905.56,2026-08-23,Affluent
C03960,Tùng Vũ,Male,1998-02-11,Can Tho,Teacher,120571896.63,2025-06-04,Premium
C03961,Nhiên Vũ,Female,1976-05-10,Ha Noi,Sales,18079746.61,2026-02-06,Mass
C03962,Hà Bùi,Male,2004-05-20,Ho Chi Minh City,Government Employee,18842740.45,2019-02-21,Mass
C03963,Cô Vân Dương,Female,1994-02-01,Ho Chi Minh City,Bank Employee,14807935.29,2021-08-08,Mass
C03964,Chị Vân Nguyễn,Female,2000-03-03,Hai Phong,Freelancer,36522994.03,2024-09-26,Affluent
C03965,Quý ông Tú Trần,Female,1987-07-03,Ba Ria - Vung Tau,Business Owner,7137017.5,2022-01-13,Mass
C03966,Cô Ánh Bùi,Female,1984-06-10,Nghe An,IT Specialist,19220624.64,2025-08-07,Mass
C03967,Cô Nhật Trần,Male,1992-07-19,Da Nang,Government Employee,52635905.49,2018-09-20,Affluent
C03968,Quý cô Duyên Đặng,Male,1993-04-23,Khanh Hoa,Office Staff,45160527.54,2024-07-23,Affluent
C03969,Anh Bảo Hoàng,Female,2008-04-06,Hue,Accountant,72311371.23,2021-02-28,Affluent
C03970,Dương Mai,Female,1974-01-21,Can Tho,Student,10862187.52,2020-10-10,Mass
C03971,Chị Yến Đặng,Male,2007-11-12,Bac Ninh,IT Specialist,13272796.69,2018-11-09,Mass
C03972,Duyên Nguyễn,Female,2006-08-09,Quang Ninh,Engineer,14021689.6,2018-07-13,Mass
C03973,Bà Hạnh Lê,Male,1986-02-12,Nghe An,Office Staff,8631476.16,2021-11-20,Mass
C03974,Bảo Hoàng Nguyễn,Female,1977-12-27,Hue,Student,15908567.42,2025-07-05,Mass
C03975,Kim Trí Vũ,Female,1980-08-29,Thanh Hoa,Office Staff,35093129.57,2023-06-09,Affluent
C03976,Lâm Lê,Male,2006-09-11,Dong Nai,Bank Employee,147867868.54,2024-09-16,Premium
C03977,Bà Dương Dương,Male,1993-08-10,Khanh Hoa,Freelancer,7377859.82,2025-10-15,Mass
C03978,Ánh Dương,Male,1975-12-05,Da Nang,Student,65704690.63,2026-07-28,Affluent
C03979,Lâm Hoàng,Male,1991-08-12,Quang Ninh,Teacher,25549022.41,2023-07-10,Mass
C03980,Tùng Lê,Female,1989-05-26,Bac Ninh,Doctor,10503904.9,2020-01-15,Mass
C03981,Bà An Trần,Male,1997-03-31,Binh Duong,Business Owner,21282507.53,2019-04-08,Mass
C03982,Kim Mai,Male,1999-03-23,Ho Chi Minh City,Sales,15521884.14,2020-12-03,Mass
C03983,Duyên Lê,Female,1996-11-05,Hue,Doctor,30485648.53,2026-04-20,Affluent
C03984,Quang Thị Lê,Female,1978-10-17,Nghe An,Doctor,10505445.62,2021-04-02,Mass
C03985,Hải Phạm,Male,1995-02-18,Ba Ria - Vung Tau,Office Staff,17839021.8,2023-10-26,Mass
C03986,Hồng Nguyễn,Female,1972-12-05,Khanh Hoa,Sales,15037515.03,2023-03-19,Mass
C03987,Ánh Bùi,Male,1998-07-08,Ha Noi,Sales,10036151.01,2022-03-27,Mass
C03988,Lâm Nguyễn,Female,1989-10-18,Da Nang,Engineer,13426524.24,2021-07-06,Mass
C03989,An Dương,Male,2000-10-16,Thanh Hoa,IT Specialist,15455577.3,2025-11-15,Mass
C03990,Hạnh Hữu Dương,Female,1990-03-14,Hue,Bank Employee,6582461.33,2019-10-18,Mass
C03991,Quý cô Duyên Vũ,Female,2000-11-28,Can Tho,Sales,10058938.22,2021-01-02,Mass
C03992,Bảo Mai Bảo Lê,Male,1991-01-22,Thanh Hoa,Sales,61690608.08,2019-10-18,Affluent
C03993,Bác Quang Lê,Female,1987-12-18,Quang Ninh,Office Staff,8940902.08,2022-06-24,Mass
C03994,Phúc Bùi,Male,1988-08-22,Quang Ninh,Freelancer,10608716.11,2025-05-03,Mass
C03995,Phúc Đặng,Male,1987-07-16,Quang Ninh,Freelancer,14703790.83,2018-10-20,Mass
C03996,Hồng Vũ,Male,1977-03-10,Bac Ninh,Office Staff,11898429.02,2021-07-25,Mass
C03997,Cô Nhật Bùi,Male,1971-11-02,Can Tho,Freelancer,16489347.75,2022-11-21,Mass
C03998,Quý cô Lan Đặng,Male,1997-10-24,Can Tho,Teacher,26006750.34,2019-12-07,Mass
C03999,Quý cô Hồng Bùi,Female,1987-05-06,Ho Chi Minh City,Teacher,8958592.01,2022-03-25,Mass
C04000,Quý ông Bảo Bùi,Male,1971-11-03,Nam Dinh,Freelancer,24831892.24,2025-04-01,Mass
C04001,Bác Dũng Đặng,Female,1991-04-13,Hai Phong,Doctor,10060622.67,2019-03-15,Mass
C04002,Bảo Hoàng Phạm,Male,1992-01-01,Dong Nai,Office Staff,15410710.5,2024-06-08,Mass
C04003,Chị Duyên Phạm,Female,1976-06-14,Can Tho,Teacher,14652005.43,2025-03-16,Mass
C04004,Bảo Bảo Đặng,Male,1989-07-18,Hai Phong,Teacher,54858195.52,2022-03-05,Affluent
C04005,Trung Bùi,Female,1994-01-14,Ho Chi Minh City,Engineer,47685332.84,2024-01-14,Affluent
C04006,Quý cô Hà Mai,Male,1994-02-22,Nghe An,Accountant,13953978.78,2022-07-03,Mass
C04007,Bác Trọng Bùi,Male,1992-09-28,Hai Phong,Freelancer,11767698.77,2021-08-31,Mass
C04008,Mai Phạm,Male,1994-12-31,Ha Noi,Accountant,19213354.05,2021-06-05,Mass
C04009,Tùng Xuân Bùi,Female,1998-10-22,Ha Noi,Office Staff,28030084.67,2019-12-29,Affluent
C04010,Bảo Mai Nguyễn,Female,1967-01-25,Ba Ria - Vung Tau,IT Specialist,16897290.73,2023-11-19,Mass
C04011,Quý cô Duyên Lê,Male,2008-04-21,Nghe An,Sales,29540743.31,2022-05-08,Affluent
C04012,Nhiên Lê,Female,2008-05-07,Binh Duong,Accountant,26315045.65,2026-05-11,Affluent
C04013,Khoa Hoàng Lê,Male,2008-02-19,Can Tho,Teacher,11438219.06,2025-05-21,Mass
C04014,Thành Mai Phạm,Male,2002-11-22,Quang Ninh,Student,102425150.08,2019-08-17,Premium
C04015,Quý cô Thành Hoàng,Male,2008-06-22,Quang Ninh,Office Staff,12353331.68,2018-09-19,Mass
C04016,Dương Trần,Male,1995-07-11,Khanh Hoa,Business Owner,20299376.83,2019-04-07,Mass
C04017,Hà Nguyễn,Male,1975-02-01,Nghe An,Freelancer,44298541.02,2025-11-07,Affluent
C04018,Xuân Nguyễn,Female,1994-08-17,Thanh Hoa,Freelancer,24041699.17,2026-07-12,Mass
C04019,Vũ Tấn Đặng,Male,2007-11-21,Khanh Hoa,Freelancer,7342365.97,2025-09-29,Mass
C04020,Chị Mai Vũ,Female,1990-11-04,Quang Ninh,Government Employee,26412040.56,2019-03-31,Mass
C04021,Thành Hoàng,Female,1993-09-22,Ha Noi,Doctor,33127855.64,2022-09-26,Affluent
C04022,Nhiên Mai Dương,Male,2005-10-12,Can Tho,Teacher,46484872.5,2018-09-13,Affluent
C04023,Phúc Thế Vũ,Male,1980-06-27,Can Tho,Teacher,15816962.98,2020-03-03,Mass
C04024,Phương Lê,Female,1997-06-27,Binh Duong,Engineer,9370432.76,2025-01-31,Mass
C04025,Chị Kim Trần,Male,2005-06-30,Nam Dinh,Doctor,35891834.27,2020-08-20,Affluent
C04026,Bảo Mai Bảo Vũ,Female,2002-09-30,Ba Ria - Vung Tau,Sales,7947130.13,2019-10-25,Mass
C04027,Cô Dương Lê,Female,1994-11-21,Quang Ninh,Bank Employee,30222939.1,2026-08-09,Affluent
C04028,Ông Hưng Lê,Female,1996-09-01,Thanh Hoa,Accountant,14128051.07,2022-11-06,Mass
C04029,Nhật Hữu Dương,Male,1990-02-11,Dong Nai,Accountant,89113226.92,2020-07-19,Premium
C04030,Cô Khoa Đặng,Male,1987-12-24,Ba Ria - Vung Tau,Doctor,25994629.24,2023-08-17,Affluent
C04031,Anh Bảo Nguyễn,Female,1989-03-20,Ho Chi Minh City,Doctor,12649497.89,2023-06-05,Mass
C04032,Bác Dũng Trần,Male,2007-08-18,Nghe An,Sales,17003164.33,2025-01-29,Mass
C04033,Vũ Xuân Lê,Female,2000-03-08,Quang Ninh,Accountant,12385359.38,2020-10-12,Mass
C04034,Thành Lê,Male,1978-05-03,Dong Nai,Engineer,16591549.76,2018-11-01,Mass
C04035,Hải Phạm,Male,1989-10-29,Nghe An,Teacher,10570128.94,2020-07-13,Mass
C04036,Khoa Quang Đặng,Female,1980-07-19,Hai Phong,Bank Employee,15196268.31,2023-09-13,Mass
C04037,Ông Trọng Hoàng,Female,1997-06-09,Da Nang,Teacher,9085628.44,2024-09-23,Mass
C04038,Bảo Phú Vũ,Female,2008-08-27,Nghe An,IT Specialist,12664689.85,2026-07-28,Mass
C04039,Bà Vân Nguyễn,Female,1990-10-10,Ha Noi,Accountant,157534855.07,2023-05-30,Premium
C04040,Bác Phúc Nguyễn,Female,1987-08-17,Ho Chi Minh City,Office Staff,19142038.17,2025-01-20,Mass
C04041,Bà Thảo Dương,Female,1997-12-08,Quang Ninh,Office Staff,17872429.35,2024-01-14,Mass
C04042,Thành Thị Vũ,Female,1995-11-02,Binh Duong,Business Owner,15753542.67,2018-11-04,Mass
C04043,Ông Dũng Mai,Female,2007-02-02,Khanh Hoa,IT Specialist,109861920.13,2019-04-24,Premium
C04044,Lan Hoàng,Male,2008-01-15,Can Tho,Engineer,10928876.75,2024-08-27,Mass
C04045,Yến Hoàng,Male,1986-01-04,Ho Chi Minh City,Doctor,9999825.64,2021-05-09,Mass
C04046,Thảo Bùi,Male,2002-01-19,Quang Ninh,Student,16135924.38,2026-01-12,Mass
C04047,Quý cô Hồng Bùi,Female,1992-07-17,Can Tho,Accountant,10110322.42,2025-10-21,Mass
C04048,Yến Vũ,Female,1990-03-13,Nghe An,Accountant,77196089.69,2024-11-10,Affluent
C04049,Thành Phú Mai,Female,1977-12-16,Binh Duong,Engineer,18025860.72,2023-01-10,Mass
C04050,Kim Tấn Lê,Male,1985-11-23,Nghe An,Freelancer,12720011.92,2019-10-28,Mass
C04051,Anh Hoàng Dương,Male,2008-06-06,Khanh Hoa,Business Owner,9461808.41,2025-01-17,Mass
C04052,Anh Trần,Female,1996-02-17,Can Tho,Business Owner,20000000.0,2024-06-30,Affluent
C04053,Ông Dũng Mai,Female,2003-09-19,Thanh Hoa,Business Owner,5999126.56,2019-08-08,Mass
C04054,An Lê,Female,1991-03-07,Hue,Freelancer,138750391.51,2021-06-01,Premium
C04055,Lâm Trần,Male,1978-02-24,Khanh Hoa,Freelancer,13874896.66,2018-03-30,Mass
C04056,Bà Hà Lê,Female,2000-12-21,Dong Nai,Freelancer,6102410.42,2025-09-10,Mass
C04057,Cô Ánh Trần,Female,2008-05-21,Nghe An,Sales,7696477.43,2024-05-27,Mass
C04058,Yến Nguyễn,Male,2000-05-12,Hai Phong,Government Employee,11347468.46,2024-10-27,Mass
C04059,Trọng Quang Lê,Female,2002-04-29,Hai Phong,Accountant,13511595.09,2021-03-29,Mass
C04060,Bác Tú Hoàng,Female,1993-01-10,Ho Chi Minh City,Sales,12044373.83,2026-03-22,Mass
C04061,An Lê,Female,1978-01-06,Hai Phong,Accountant,7939303.43,2024-07-21,Mass
C04062,Cô Lan Trần,Female,1986-05-22,Nam Dinh,Sales,11941455.72,2024-10-13,Mass
C04063,An Bùi,Male,1993-11-09,Nghe An,Accountant,45646409.8,2021-08-31,Affluent
C04064,Chị Ngọc Trần,Female,1981-08-06,Binh Duong,Office Staff,8616120.03,2019-07-26,Mass
C04065,Thành Hoàng Dương,Female,1993-09-12,Hue,Accountant,13241167.66,2024-10-01,Mass
C04066,Quý cô Duyên Lê,Female,1994-09-23,Binh Duong,Government Employee,14726728.62,2023-12-30,Mass
C04067,Bác Nhiên Nguyễn,Female,1987-04-04,Nghe An,Engineer,60649805.81,2018-01-03,Affluent
C04068,Anh Minh Nguyễn,Female,2006-12-27,Khanh Hoa,Government Employee,11496631.2,2025-06-19,Mass
C04069,Bảo Phạm,Female,2000-04-15,Thanh Hoa,Business Owner,14825434.59,2024-01-25,Mass
C04070,Hoàng Mai,Female,2007-11-17,Khanh Hoa,Student,13546335.91,2026-05-04,Mass
C04071,Cô Yến Trần,Other,1996-12-22,Da Nang,Accountant,74552638.99,2020-08-26,Premium
C04072,Chị Ánh Đặng,Male,2006-02-13,Dong Nai,Sales,30442062.22,2018-07-13,Affluent
C04073,Chị Hồng Hoàng,Male,1979-09-13,Ho Chi Minh City,Sales,34736515.6,2026-07-10,Affluent
C04074,Trọng Bùi,Female,1984-08-13,Khanh Hoa,Freelancer,21488787.5,2020-04-12,Mass
C04075,Trung Bùi,Male,1988-04-03,Hue,Business Owner,9868292.11,2020-12-05,Mass
C04076,Quang Phạm,Female,1985-06-28,Binh Duong,IT Specialist,80435186.82,2025-06-16,Premium
C04077,Dương Vũ,Female,1996-05-04,Hue,IT Specialist,7049411.72,2023-08-21,Mass
C04078,Phúc Trần,Female,1980-09-26,Ho Chi Minh City,Engineer,10483533.08,2019-10-26,Mass
C04079,Hương Dương,Male,1987-11-09,Dong Nai,Office Staff,8350487.95,2025-01-28,Mass
C04080,Hưng Bảo Trần,Female,1986-02-28,Da Nang,Student,9191022.72,2020-08-03,Mass
C04081,Ông Vũ Đặng,Male,1992-05-04,Nam Dinh,Business Owner,16315992.48,2024-09-04,Mass
C04082,Trọng Quang Hoàng,Female,1982-03-18,Thanh Hoa,Business Owner,11907829.49,2022-09-25,Mass
C04083,Dũng Dương,Female,2008-03-07,Binh Duong,Sales,30000000.0,2018-06-08,Mass
C04084,Châu Phú Dương,Male,1971-08-05,Hai Phong,Sales,43473454.44,2024-11-08,Affluent
C04085,Châu Đặng,Female,1999-01-30,Quang Ninh,Sales,95557993.15,2026-08-13,Premium
C04086,Chị Duyên Lê,Male,1996-07-01,Hai Phong,Freelancer,18676316.59,2020-08-24,Mass
C04087,Yến Đặng,Male,1987-11-13,Ho Chi Minh City,Bank Employee,9119813.0,2018-05-01,Mass
C04088,Nhật Mai Đặng,Male,1996-04-27,Thanh Hoa,Accountant,17766639.26,2021-03-27,Mass
C04089,Nhật Mai Dương,Female,1973-04-24,Da Nang,Freelancer,20487658.84,2022-11-26,Mass
C04090,Chị Nhật Bùi,Male,1982-08-17,Binh Duong,Doctor,10984530.29,2021-07-04,Mass
C04091,An Trí Đặng,Male,2008-08-18,Quang Ninh,Business Owner,13315285.46,2021-11-25,Mass
C04092,Hải Trí Bùi,Male,1991-07-10,Can Tho,Freelancer,12602565.24,2026-04-24,Mass
C04093,Nam Bảo Lê,Male,1990-07-30,Ho Chi Minh City,Teacher,60000000.0,2018-10-06,Premium
C04094,Chị Lâm Trần,Female,1984-02-06,Bac Ninh,Bank Employee,14972008.53,2023-03-13,Mass
C04095,Hồng Dương,Female,1983-03-02,Dong Nai,Business Owner,16713363.37,2024-02-13,Mass
C04096,Bà Thành Phạm,Female,1983-11-23,Da Nang,Government Employee,10395742.59,2025-07-28,Mass
C04097,Chi Bùi,Male,1991-04-20,Quang Ninh,Teacher,12388893.1,2021-06-04,Mass
C04098,Bà Phương Vũ,Male,1989-04-09,Quang Ninh,Student,47219802.93,2019-02-20,Affluent
C04099,Chị Chi Hoàng,Male,1983-01-21,Da Nang,IT Specialist,24828119.3,2018-12-11,Mass
C04100,Quý ông Huy Lê,Male,1966-09-11,Da Nang,Office Staff,12339234.76,2025-02-21,Mass
C04101,Ông Quang Trần,Male,2008-04-24,Khanh Hoa,Engineer,18500504.7,2023-02-04,Mass
C04102,Thành Dương,Male,1996-02-03,Bac Ninh,Sales,9064695.72,2021-12-31,Mass
C04103,Hoàng Phạm,Female,1995-05-03,Thanh Hoa,Government Employee,30610869.17,2026-03-19,Affluent
C04104,Anh Huy Dương,Male,1984-02-11,Hai Phong,Sales,6952519.61,2025-11-16,Mass
C04105,Thảo Lê,Female,2001-12-12,Thanh Hoa,Doctor,13531389.62,2024-10-06,Mass
C04106,Khoa Bảo Hoàng,Male,1984-04-17,Bac Ninh,IT Specialist,15020954.99,2018-05-05,Mass
C04107,Khoa Lê,Male,1999-07-30,Nghe An,Doctor,8520829.31,2018-10-09,Mass
C04108,Dũng Đặng,Female,1996-06-01,Binh Duong,Bank Employee,13050965.47,2024-09-27,Mass
C04109,Bà Khoa Dương,Female,1974-03-03,Ba Ria - Vung Tau,Office Staff,5860902.69,2023-09-04,Mass
C04110,An Dương,Female,1993-07-05,Dong Nai,Government Employee,7526794.06,2019-12-15,Mass
C04111,Huy Hải Phạm,Male,2008-01-29,Bac Ninh,Office Staff,16833003.88,2024-03-22,Mass
C04112,Quang Tấn Dương,Male,1985-04-26,Ho Chi Minh City,Engineer,14044184.29,2019-05-16,Mass
C04113,Tùng Đặng,Male,1980-05-02,Hue,Sales,30308627.03,2020-05-21,Affluent
C04114,Trung Trí Đặng,Female,1995-06-09,Thanh Hoa,Government Employee,25788079.9,2023-09-28,Mass
C04115,Chị Ánh Phạm,Female,1993-08-09,Da Nang,Accountant,15521138.82,2020-02-10,Mass
C04116,Quý ông Nam Đặng,Male,1990-03-22,Thanh Hoa,Engineer,20103029.04,2022-12-19,Affluent
C04117,Kim Lê,Female,2008-07-07,Khanh Hoa,Accountant,9798821.98,2018-09-25,Mass
C04118,Vũ Mai Bảo Dương,Female,1979-06-14,Bac Ninh,Accountant,15812625.92,2024-10-12,Mass
C04119,Vũ Dương,Female,1980-03-27,Ho Chi Minh City,Accountant,8494683.41,2021-10-30,Mass
C04120,Lâm Đức Lê,Male,1972-12-11,Khanh Hoa,Freelancer,26203161.5,2025-09-25,Affluent
C04121,Hưng Mai Bảo Phạm,Male,1988-09-09,Nghe An,Freelancer,11956599.06,2023-05-19,Mass
C04122,Cô Linh Đặng,Male,1992-09-24,Nghe An,Doctor,52296304.19,2025-09-01,Affluent
C04123,Anh Anh Đặng,Female,1998-07-10,Hai Phong,Student,7482334.26,2024-08-31,Mass
C04124,Bác Trọng Mai,Male,1990-01-09,Nam Dinh,Business Owner,10432931.49,2021-04-22,Mass
C04125,Chị Xuân Hoàng,Male,1956-01-22,Dong Nai,Government Employee,15205911.5,2026-06-04,Mass
C04126,Hạnh Nguyễn,Female,1994-10-24,Khanh Hoa,Student,8291804.36,2022-02-27,Mass
C04127,Bà Mai Bùi,Male,2007-12-16,Ba Ria - Vung Tau,Sales,25733208.97,2023-07-02,Affluent
C04128,Nhật Văn Vũ,Male,1988-10-05,Khanh Hoa,Sales,53707177.78,2019-06-02,Affluent
C04129,Trung Lê,Female,1978-08-11,Binh Duong,Freelancer,13001826.41,2019-08-11,Mass
C04130,Nam Nguyễn,Male,1993-12-08,Thanh Hoa,Student,13183828.63,2025-05-28,Mass
C04131,Hà Phú Dương,Female,1995-11-13,Binh Duong,Engineer,58607182.67,2021-05-10,Affluent
C04132,Quý cô Hải Bùi,Female,1993-06-28,Ho Chi Minh City,Freelancer,34105092.18,2023-01-25,Affluent
C04133,Quý cô Thành Trần,Female,2008-02-05,Ha Noi,Sales,33006932.25,2023-12-08,Affluent
C04134,Bảo Vũ,Male,1981-05-24,Ba Ria - Vung Tau,Sales,25407166.72,2020-12-25,Affluent
C04135,Quý cô Thảo Lê,Female,1999-06-18,Hue,IT Specialist,44396532.38,2019-10-17,Affluent
C04136,Bà An Trần,Female,2007-03-13,Nghe An,Engineer,17376817.71,2026-02-22,Mass
C04137,Ánh Đặng,Male,1996-09-16,Bac Ninh,Government Employee,10474123.35,2026-06-08,Mass
C04138,Bác Hoàng Đặng,Male,2002-12-30,Hai Phong,Engineer,13697630.22,2024-11-02,Mass
C04139,Phương Văn Bùi,Female,1963-02-01,Binh Duong,Government Employee,15775067.44,2021-10-10,Mass
C04140,Thành Xuân Đặng,Female,2000-09-19,Can Tho,Freelancer,17856611.91,2026-01-28,Mass
C04141,Dương Vũ,Female,1994-07-09,Binh Duong,Engineer,19413649.35,2024-06-21,Mass
C04142,Nhiên Thị Mai,Male,1982-04-27,Quang Ninh,Government Employee,20000000.0,2022-09-29,Affluent
C04143,Yến Lê,Female,2002-06-09,Binh Duong,Sales,16700547.07,2025-05-15,Mass
C04144,Ông Vũ Lê,Male,1989-01-18,Nghe An,Office Staff,25744506.83,2023-03-19,Affluent
C04145,Cô Phương Lê,Female,1997-09-25,Dong Nai,Bank Employee,6157826.24,2019-06-03,Mass
C04146,Cô Vi Đặng,Female,1991-09-23,Can Tho,Student,26014343.37,2024-06-15,Mass
C04147,Dũng Quang Bùi,Male,1981-12-10,Hai Phong,Office Staff,25830413.1,2023-12-22,Mass
C04148,Vũ Mai Bảo Bùi,Male,1980-12-16,Thanh Hoa,Business Owner,17193379.9,2021-07-14,Mass
C04149,Vân Bùi,Male,1969-06-06,Can Tho,Accountant,13693876.89,2018-08-30,Mass
C04150,Nhật Trí Mai,Female,1993-04-18,Binh Duong,Government Employee,47710205.01,2023-08-20,Affluent
C04151,Lâm Dương,Female,1975-09-16,Nam Dinh,Sales,10144371.55,2019-07-10,Mass
C04152,Cô Hạnh Phạm,Male,1998-02-07,Bac Ninh,Accountant,12597599.26,2021-11-06,Mass
C04153,Cô Dương Mai,Female,1981-01-07,Thanh Hoa,Doctor,15866952.97,2022-07-05,Mass
C04154,Ngọc Phạm,Male,2006-02-16,Hai Phong,Doctor,23428864.16,2023-09-19,Mass
C04155,Ông Hưng Phạm,Female,1998-03-10,Khanh Hoa,Doctor,10936807.12,2020-09-18,Mass
C04156,Chị Ánh Lê,Female,2000-08-31,Can Tho,Office Staff,30000000.0,2024-02-09,Mass
C04157,Dũng Hữu Bùi,Male,1988-02-26,Hai Phong,Sales,8909030.02,2021-04-10,Mass
C04158,Vân Vũ,Male,1981-06-01,Hai Phong,Bank Employee,15706963.87,2022-04-30,Mass
C04159,Ông Huy Mai,Female,1993-06-02,Khanh Hoa,IT Specialist,16104826.33,2022-01-02,Mass
C04160,An Phạm,Male,2000-08-02,Hai Phong,Accountant,10098483.39,2022-05-29,Mass
C04161,Mai Phạm,Female,2007-11-19,Ha Noi,Bank Employee,7549820.37,2023-09-13,Mass
C04162,Ông Quang Trần,Female,1971-02-09,Thanh Hoa,Teacher,21314906.63,2019-10-11,Mass
C04163,Minh Xuân Bùi,Female,1990-03-02,Dong Nai,Bank Employee,21475927.49,2018-01-20,Mass
C04164,Chị Vân Nguyễn,Male,1992-05-28,Nam Dinh,Teacher,11020013.67,2022-03-28,Mass
C04165,Anh Mai,Female,1990-05-25,Hai Phong,Student,11486633.92,2018-11-10,Mass
C04166,Minh Hữu Lê,Male,1993-08-10,Khanh Hoa,Student,17905286.19,2021-08-17,Mass
C04167,Bà Linh Phạm,Female,1989-06-21,Da Nang,Government Employee,43340719.22,2025-02-13,Affluent
C04168,Anh Hữu Trần,Female,1979-03-11,Binh Duong,Business Owner,13746327.24,2022-03-10,Mass
C04169,Bảo Nguyễn,Female,2001-09-11,Bac Ninh,Bank Employee,7473800.13,2018-01-06,Mass
C04170,Quý ông Trung Lê,Male,1989-06-16,Ha Noi,Business Owner,11301855.81,2022-09-16,Mass
C04171,An Bùi,Male,1990-07-27,Ba Ria - Vung Tau,Government Employee,34831837.87,2020-12-14,Affluent
C04172,Nhật Phạm,Female,1961-10-29,Nam Dinh,IT Specialist,7533256.82,2026-06-20,Mass
C04173,Bà Ánh Phạm,Female,2007-11-30,Da Nang,Doctor,38669884.22,2024-06-14,Affluent
C04174,Quang Dương,Male,1995-09-10,Hue,IT Specialist,13403694.85,2025-10-18,Mass
C04175,Dương Phạm,Female,1983-11-02,Binh Duong,Freelancer,18809146.98,2025-10-05,Mass
C04176,Trung Mai,Female,2006-12-12,Quang Ninh,Teacher,9875484.63,2026-07-25,Mass
C04177,Thảo Nguyễn,Female,1985-11-24,Nghe An,IT Specialist,44101206.49,2021-08-03,Affluent
C04178,Chị Ánh Đặng,Female,1966-04-13,Hai Phong,Student,16766838.55,2026-08-08,Mass
C04179,Quý cô Yến Bùi,Male,1991-02-13,Quang Ninh,IT Specialist,8786831.11,2020-12-25,Mass
C04180,Bảo Hữu Hoàng,Female,1997-09-21,Ho Chi Minh City,Accountant,29298526.21,2024-04-12,Affluent
C04181,Quý cô Nhật Mai,Female,1983-08-12,Dong Nai,Accountant,37805224.04,2021-01-14,Affluent
C04182,Quang Trần,Female,2005-09-12,Bac Ninh,Business Owner,83999395.16,2024-08-16,Premium
C04183,An Nguyễn,Female,1981-01-11,Ba Ria - Vung Tau,Engineer,13571723.5,2020-04-21,Mass
C04184,Ánh Nguyễn,Female,1984-02-21,Ho Chi Minh City,Student,13721023.91,2023-09-29,Mass
C04185,Nam Vũ,Male,1973-06-10,Bac Ninh,Accountant,13033483.79,2023-04-30,Mass
C04186,Quý ông Nhiên Lê,Male,1995-05-27,Hai Phong,Doctor,26592295.98,2024-10-14,Affluent
C04187,An Đặng,Male,1988-08-07,Da Nang,Doctor,5107245.64,2025-02-21,Mass
C04188,Chị Hồng Đặng,Female,1993-09-21,Quang Ninh,Government Employee,11165879.99,2019-06-30,Mass
C04189,Hạnh Bùi,Male,2006-07-06,Ha Noi,Business Owner,8671255.64,2019-11-29,Mass
C04190,Thảo Nguyễn,Female,1982-06-08,Ba Ria - Vung Tau,Engineer,13009186.5,2026-02-14,Mass
C04191,Hạnh Lê,Female,1989-02-15,Thanh Hoa,Teacher,13358171.39,2026-07-02,Mass
C04192,Bảo Phạm,Male,1989-09-23,Ha Noi,Student,18539591.88,2025-09-25,Mass
C04193,Hải Nguyễn,Female,1988-10-08,Nam Dinh,Engineer,7203248.18,2019-10-16,Mass
C04194,Anh Nam Trần,Male,1973-06-07,Binh Duong,Government Employee,13660736.15,2018-09-01,Mass
C04195,Nhật Phạm,Female,1996-11-20,Nam Dinh,Engineer,60570592.24,2019-08-15,Premium
C04196,Bác Anh Nguyễn,Male,1986-05-16,Nghe An,IT Specialist,11517832.06,2026-03-10,Mass
C04197,Ông Hoàng Phạm,Female,1973-02-06,Quang Ninh,Student,10631689.34,2020-11-13,Mass
C04198,Kim Bùi,Female,1999-12-11,Hue,Doctor,16418936.38,2022-03-09,Mass
C04199,Ngọc Dương,Male,1980-01-26,Binh Duong,Business Owner,36816402.71,2020-01-30,Affluent
C04200,Nhật Bảo Lê,Male,1983-05-23,Binh Duong,Student,11842753.45,2020-05-26,Mass
C04201,Duyên Nguyễn,Male,1988-08-13,Hai Phong,Government Employee,49642400.94,2018-07-31,Affluent
C04202,Hạnh Vũ,Male,1984-05-01,Hue,Government Employee,11309698.1,2025-09-17,Mass
C04203,Anh Anh Nguyễn,Male,1976-09-11,Thanh Hoa,Office Staff,5244643.5,2022-06-24,Mass
C04204,Trung Phạm,Male,1967-11-09,Quang Ninh,Office Staff,60000000.0,2019-09-13,Premium
C04205,Ông Hưng Hoàng,Female,1997-09-15,Khanh Hoa,Sales,34572992.06,2020-08-26,Affluent
C04206,Phương Mai Bảo Phạm,Male,1992-03-04,Can Tho,Teacher,17067063.82,2022-01-16,Mass
C04207,Thảo Đặng,Male,2001-12-26,Khanh Hoa,Office Staff,13146756.0,2023-03-20,Mass
C04208,Khoa Đặng,Male,1997-04-24,Ha Noi,Office Staff,13305879.33,2020-09-23,Mass
C04209,Quý ông Tùng Lê,Male,1990-12-19,Ha Noi,Office Staff,35989554.99,2020-06-04,Affluent
C04210,Quang Trí Đặng,Female,1997-08-17,Bac Ninh,Office Staff,10038064.0,2019-12-05,Mass
C04211,Huy Xuân Hoàng,Male,1987-08-10,Bac Ninh,Government Employee,46454006.39,2024-05-08,Affluent
C04212,Thành Mai Đặng,Male,1997-01-14,Thanh Hoa,Engineer,8853722.65,2023-07-24,Mass
C04213,Hoàng Dương,Male,1984-08-04,Ha Noi,Business Owner,11864257.24,2025-12-17,Mass
C04214,Thành Bảo Trần,Female,1981-03-11,Dong Nai,Engineer,69606036.9,2019-03-31,Premium
C04215,Hoàng Đặng,Female,2007-12-23,Dong Nai,Engineer,9957790.61,2018-01-26,Mass
C04216,Bảo Mai Mai,Male,1999-04-28,Bac Ninh,Accountant,11673609.66,2019-08-16,Mass
C04217,Cô Thành Mai,Female,1998-04-30,Nam Dinh,Teacher,15553140.55,2019-08-14,Mass
C04218,Bà Phương Lê,Male,1994-03-13,Ha Noi,Teacher,12648931.24,2020-05-29,Mass
C04219,Chị Nhật Bùi,Female,1989-05-18,Dong Nai,Engineer,12847393.27,2026-03-20,Mass
C04220,Kim Trần,Female,1990-10-28,Can Tho,Office Staff,14348090.85,2021-06-03,Mass
C04221,Vân Trần,Female,1999-02-15,Dong Nai,IT Specialist,53259353.38,2022-03-20,Affluent
C04222,Thảo Mai,Female,1993-06-18,Ho Chi Minh City,Teacher,7582662.96,2025-01-06,Mass
C04223,Chị Hải Đặng,Male,1988-08-16,Bac Ninh,Teacher,8908389.57,2018-11-20,Mass
C04224,Ông Dũng Đặng,Female,1982-12-01,Binh Duong,Business Owner,67913153.49,2018-04-09,Affluent
C04225,Phương Hữu Phạm,Female,1998-10-20,Quang Ninh,Business Owner,114219166.89,2025-10-05,Premium
C04226,Huy Đức Phạm,Male,2007-12-27,Da Nang,Engineer,14066182.05,2019-06-23,Mass
C04227,Anh Trung Nguyễn,Male,1999-12-11,Ho Chi Minh City,Engineer,9642829.03,2024-01-09,Mass
C04228,Nhật Lê,Female,2003-08-15,Quang Ninh,Accountant,15504953.89,2022-07-16,Mass
C04229,Nhật Vũ,Other,1978-10-12,Nam Dinh,Student,12098620.95,2024-01-04,Mass
C04230,Quý cô Thảo Phạm,Female,2000-05-23,Thanh Hoa,Government Employee,20931175.8,2023-10-06,Mass
C04231,Lâm Nguyễn,Female,1999-07-29,Bac Ninh,IT Specialist,5630483.65,2018-08-29,Mass
C04232,Ngọc Vũ,Female,1985-01-21,Nghe An,Business Owner,8151773.53,2020-11-26,Mass
C04233,Lâm Lê,Male,1980-06-09,Thanh Hoa,Bank Employee,10501398.68,2018-12-29,Mass
C04234,Hà Vũ,Female,1984-08-09,Khanh Hoa,Office Staff,19598083.31,2024-12-13,Mass
C04235,Ông Huy Đặng,Female,2004-07-25,Hai Phong,Accountant,9843670.44,2018-07-26,Mass
C04236,An Thế Đặng,Male,1991-01-06,Ba Ria - Vung Tau,Doctor,20553877.54,2026-03-11,Mass
C04237,Thành Hoàng Vũ,Female,1998-06-22,Dong Nai,Sales,78835918.19,2021-02-15,Premium
C04238,Khoa Mai Bảo Hoàng,Female,1985-01-16,Hue,Business Owner,9804844.46,2018-06-10,Mass
C04239,Dương Dương,Female,1989-08-04,Bac Ninh,Freelancer,60000000.0,2022-08-08,Premium
C04240,Chi Đặng,Male,1966-03-02,Quang Ninh,Teacher,23360236.74,2018-02-09,Affluent
C04241,Nam Đức Dương,Male,1994-07-09,Bac Ninh,Student,34660605.39,2025-09-12,Affluent
C04242,Phương Đức Bùi,Female,1969-07-25,Binh Duong,Office Staff,7547456.56,2021-09-08,Mass
C04243,Châu Văn Bùi,Male,1969-06-24,Dong Nai,Doctor,15641357.64,2018-03-26,Mass
C04244,Chi Trần,Male,1986-01-12,Hue,Doctor,26048441.92,2026-05-05,Affluent
C04245,Bác Tùng Trần,Female,1984-03-12,Thanh Hoa,Doctor,9315561.97,2024-11-12,Mass
C04246,Lâm Trần,Male,1977-01-15,Nghe An,Freelancer,26154714.28,2024-05-16,Affluent
C04247,Quý ông Dũng Phạm,Other,1992-08-01,Nam Dinh,Engineer,9880479.76,2018-01-11,Mass
C04248,Ông Dũng Vũ,Male,2001-08-14,Hue,Freelancer,43717304.45,2025-01-15,Affluent
C04249,Anh Trọng Bùi,Male,1985-06-06,Quang Ninh,Bank Employee,18321224.92,2023-02-14,Mass
C04250,An Lê,Female,2007-12-06,Ho Chi Minh City,Government Employee,153061295.74,2024-06-22,Premium
C04251,Xuân Mai,Female,1962-11-28,Ha Noi,Accountant,10245435.29,2026-03-22,Mass
C04252,Ông Minh Lê,Male,1970-01-03,Binh Duong,Engineer,90008641.03,2024-02-22,Premium
C04253,Bác Nhiên Bùi,Male,2006-05-20,Hue,Doctor,10782616.94,2018-04-05,Mass
C04254,Thảo Hoàng,Female,1978-12-09,Nghe An,Business Owner,8949027.62,2020-10-17,Mass
C04255,Nhật Mai,Male,1997-08-13,Can Tho,Doctor,126796819.5,2018-12-04,Premium
C04256,Anh Bảo Vũ,Female,1990-01-09,Ba Ria - Vung Tau,Engineer,14724675.37,2025-06-05,Mass
C04257,Cô Hạnh Hoàng,Female,1987-11-08,Da Nang,Student,14193377.91,2023-08-16,Mass
C04258,Huy Đức Lê,Male,1994-12-13,Dong Nai,Business Owner,13013827.94,2018-03-16,Mass
C04259,Lâm Dương,Male,2001-05-20,Dong Nai,Bank Employee,18837666.78,2022-01-26,Mass
C04260,Anh Nam Bùi,Male,1997-06-01,Nam Dinh,Accountant,17814331.44,2023-01-03,Mass
C04261,Quý cô An Vũ,Male,1992-12-12,Khanh Hoa,Freelancer,12879105.94,2024-07-11,Mass
C04262,Chị Thành Hoàng,Female,1996-05-15,Binh Duong,Accountant,8409047.83,2019-08-31,Mass
C04263,Anh Bảo Trần,Female,2008-08-11,Ha Noi,Government Employee,8294089.84,2025-03-22,Mass
C04264,Bảo Lê,Female,1994-07-23,Can Tho,Government Employee,37296959.74,2025-09-21,Affluent
C04265,Cô Nhật Dương,Female,1979-07-28,Ho Chi Minh City,Doctor,10266555.15,2024-09-09,Mass
C04266,Huy Văn Mai,Female,2000-05-06,Ha Noi,Teacher,60000000.0,2022-05-21,Premium
C04267,Tùng Đức Bùi,Male,1985-01-06,Da Nang,Government Employee,53000768.64,2023-07-29,Affluent
C04268,Ông Anh Bùi,Male,1977-04-23,Ba Ria - Vung Tau,Teacher,15384847.73,2022-01-08,Mass
C04269,Hà Quang Trần,Female,1983-06-29,Hue,Business Owner,21738284.59,2020-06-29,Mass
C04270,Quang Dương,Male,1987-02-14,Ha Noi,Office Staff,15045095.18,2019-10-16,Mass
C04271,Phương Hải Lê,Female,1993-12-20,Quang Ninh,Government Employee,23259997.75,2019-03-16,Affluent
C04272,An Lê,Female,1997-10-15,Hue,Engineer,11961593.63,2025-01-30,Mass
C04273,Khoa Lê,Female,1990-04-09,Khanh Hoa,Office Staff,23549549.69,2022-06-17,Mass
C04274,Quý cô Dương Mai,Male,1990-09-17,Ha Noi,IT Specialist,18128800.39,2020-06-16,Mass
C04275,Tùng Đức Dương,Male,1995-02-26,Hue,Office Staff,10759833.6,2019-06-08,Mass
C04276,Hải Lê,Female,2005-01-05,Quang Ninh,IT Specialist,9254332.73,2019-01-03,Mass
C04277,Hà Thị Phạm,Female,1985-07-07,Bac Ninh,Teacher,12031794.8,2025-01-12,Mass
C04278,Chị Thảo Lê,Male,1980-04-09,Hai Phong,Teacher,12785932.35,2020-12-19,Mass
C04279,An Phú Nguyễn,Female,1994-03-25,Ha Noi,IT Specialist,66675470.1,2022-11-18,Affluent
C04280,Hương Mai,Female,1992-06-10,Binh Duong,Student,49612774.57,2026-06-16,Affluent
C04281,Nhiên Mai,Male,1995-03-21,Can Tho,Office Staff,132822012.19,2021-06-05,Premium
C04282,Thảo Lê,Female,1980-07-24,Thanh Hoa,Accountant,108697302.11,2025-02-09,Premium
C04283,Quang Mai Bảo Phạm,Male,2008-09-16,Hai Phong,Freelancer,12076905.72,2020-08-27,Mass
C04284,Quý cô Chi Dương,Male,1977-01-24,Can Tho,Student,41000830.04,2020-04-19,Affluent
C04285,Cô Lan Bùi,Female,1986-04-29,Thanh Hoa,Teacher,6567391.51,2021-12-03,Mass
C04286,Bảo Lê,Female,1998-02-28,Hai Phong,IT Specialist,117885432.1,2023-12-31,Premium
C04287,Cô Nhật Mai,Male,1986-04-25,Dong Nai,Engineer,50387750.28,2019-06-01,Affluent
C04288,Khoa Lê,Female,1991-10-26,Quang Ninh,Accountant,13831451.32,2018-01-16,Mass
C04289,Quý cô Ánh Đặng,Female,1990-03-03,Can Tho,Accountant,67383022.29,2025-11-02,Premium
C04290,Bà Hồng Nguyễn,Female,2008-07-12,Binh Duong,Teacher,13953914.0,2018-11-10,Mass
C04291,An Tấn Bùi,Female,1988-11-19,Ba Ria - Vung Tau,IT Specialist,29075489.93,2022-08-02,Affluent
C04292,Mai Đặng,Female,2008-02-15,Nghe An,Business Owner,42278129.35,2021-04-16,Affluent
C04293,Nhật Hải Lê,Male,1993-08-22,Ho Chi Minh City,Teacher,14582363.26,2025-03-02,Mass
C04294,Quý ông Phúc Phạm,Male,1970-10-01,Ha Noi,Accountant,60000000.0,2019-03-22,Premium
C04295,Châu Trần,Female,1998-04-29,Nghe An,Freelancer,11152070.6,2021-05-19,Mass
C04296,Khoa Văn Bùi,Female,1974-08-04,Bac Ninh,Sales,21422186.89,2020-05-08,Affluent
C04297,Phương Trần,Male,1969-05-04,Can Tho,Accountant,36455955.45,2026-06-15,Affluent
C04298,Cô Thành Vũ,Male,1992-07-16,Hai Phong,Teacher,11196326.49,2025-02-22,Mass
C04299,Hạnh Mai Đặng,Male,1995-05-26,Khanh Hoa,Student,47931987.99,2019-11-02,Affluent
C04300,Tùng Hoàng,Male,2001-12-10,Dong Nai,Teacher,13542076.46,2022-06-26,Mass
C04301,Khoa Mai Bảo Mai,Female,1995-05-14,Dong Nai,Business Owner,9190404.43,2018-12-27,Mass
C04302,Quý ông Nhiên Mai,Female,1962-08-20,Ho Chi Minh City,Student,13895630.07,2020-03-12,Mass
C04303,Quý cô Thành Trần,Female,1984-08-24,Nghe An,Teacher,17870092.81,2018-01-11,Mass
C04304,Bác Tùng Mai,Female,2006-02-22,Bac Ninh,Business Owner,22158226.3,2025-08-05,Mass
C04305,Hạnh Vũ,Female,2008-05-04,Nghe An,Government Employee,27791164.28,2026-02-13,Affluent
C04306,Khoa Hoàng,Male,1996-01-11,Nam Dinh,Freelancer,41673484.82,2024-01-08,Affluent
C04307,Bà Xuân Đặng,Male,1988-03-10,Hue,Business Owner,33291550.94,2018-03-16,Affluent
C04308,Chị Linh Vũ,Male,1991-08-14,Binh Duong,Engineer,67623866.57,2020-01-15,Premium
C04309,Bà Vân Bùi,Male,2007-03-24,Nam Dinh,Doctor,15474379.45,2021-02-16,Mass
C04310,Anh Hoàng,Male,1983-07-02,Bac Ninh,Office Staff,20894368.67,2022-07-03,Mass
C04311,Hải Hoàng Hoàng,Male,1998-11-23,Can Tho,Government Employee,15292950.54,2020-09-08,Mass
C04312,Bà Lâm Đặng,Female,1994-08-12,Can Tho,Student,18202753.88,2023-09-01,Mass
C04313,Trung Mai Hoàng,Male,1979-09-07,Bac Ninh,Teacher,12920690.48,2025-11-02,Mass
C04314,Cô Nhật Vũ,Male,1993-12-02,Thanh Hoa,Government Employee,46694562.12,2024-12-26,Affluent
C04315,Chị Duyên Đặng,Female,1983-09-10,Hai Phong,Engineer,28503188.01,2018-05-13,Affluent
C04316,Quý cô Thành Phạm,Female,2005-06-14,Nam Dinh,IT Specialist,32097822.45,2020-09-12,Affluent
C04317,Nhật Đức Hoàng,Male,1973-10-19,Thanh Hoa,Student,17924655.29,2023-03-27,Mass
C04318,Bác Hoàng Vũ,Female,2002-12-20,Hue,Office Staff,24656013.76,2019-03-06,Affluent
C04319,Hạnh Trần,Female,1976-03-22,Ba Ria - Vung Tau,Teacher,24894758.77,2021-12-24,Affluent
C04320,Phương Hữu Nguyễn,Female,1984-11-23,Dong Nai,Office Staff,29093846.66,2020-11-24,Affluent
C04321,Lâm Vũ,Male,1972-11-10,Nam Dinh,Bank Employee,9163772.79,2023-11-16,Mass
C04322,Quý ông Tùng Hoàng,Male,1978-04-03,Ba Ria - Vung Tau,Office Staff,12802073.87,2018-11-12,Mass
C04323,Minh Hoàng,Male,1988-02-22,Da Nang,Doctor,6021272.68,2019-11-10,Mass
C04324,Lâm Đức Nguyễn,Female,2008-09-17,Thanh Hoa,Teacher,11108477.67,2025-07-31,Mass
C04325,Hải Mai Bảo Hoàng,Female,1988-02-19,Nghe An,Student,8093711.56,2019-07-18,Mass
C04326,Nhật Bùi,Female,2001-11-28,Dong Nai,Office Staff,41421076.7,2023-04-01,Affluent
C04327,Thành Đức Lê,Male,1984-03-06,Hai Phong,Accountant,11435210.99,2025-09-28,Mass
C04328,Cô Thành Nguyễn,Female,1981-11-24,Thanh Hoa,Teacher,7956075.47,2020-04-10,Mass
C04329,Ánh Trần,Female,1993-12-05,Ho Chi Minh City,Accountant,21363071.74,2023-07-02,Mass
C04330,Tú Mai,Female,1990-01-02,Bac Ninh,IT Specialist,12542414.12,2020-07-17,Mass
C04331,Hoàng Trần,Male,1965-03-09,Nghe An,Engineer,23001177.53,2018-01-29,Affluent
C04332,Lâm Thị Hoàng,Male,1982-05-12,Nghe An,Office Staff,21483857.68,2026-01-13,Mass
C04333,Ngọc Trần,Female,1994-04-05,Thanh Hoa,Government Employee,16212416.92,2019-11-27,Mass
C04334,Trọng Đức Vũ,Female,2000-10-23,Binh Duong,Business Owner,9436171.26,2026-08-12,Mass
C04335,Lâm Hải Phạm,Male,1986-03-16,Quang Ninh,Teacher,137633844.09,2019-05-13,Premium
C04336,Tùng Đặng,Male,1978-09-17,Dong Nai,Accountant,20785937.06,2026-07-24,Mass
C04337,Chị Ngọc Mai,Male,1991-04-06,Binh Duong,IT Specialist,18222749.1,2025-06-22,Mass
C04338,Quang Xuân Bùi,Male,1994-03-17,Dong Nai,IT Specialist,16455151.82,2021-12-31,Mass
C04339,Cô Lan Trần,Male,1987-11-21,Can Tho,Engineer,14025735.85,2022-02-02,Mass
C04340,Châu Trần,Female,1986-07-24,Hai Phong,Sales,6843230.37,2019-04-18,Mass
C04341,Lâm Bùi,Female,2003-05-01,Binh Duong,Teacher,12438495.68,2018-01-19,Mass
C04342,Chị Chi Hoàng,Male,2008-09-24,Bac Ninh,Doctor,16051953.18,2025-04-11,Mass
C04343,Chị Lâm Vũ,Female,1981-05-26,Ba Ria - Vung Tau,Teacher,13455882.13,2020-05-17,Mass
C04344,An Phạm,Female,2002-10-10,Hai Phong,Freelancer,19452104.77,2020-06-28,Mass
C04345,Huy Hoàng,Female,1968-05-14,Nghe An,Business Owner,12633898.26,2020-06-21,Mass
C04346,Nhật Hoàng Phạm,Male,1985-05-03,Ba Ria - Vung Tau,Engineer,37183668.94,2024-09-26,Affluent
C04347,Hà Bùi,Female,1985-08-27,Binh Duong,Office Staff,11508214.5,2020-07-25,Mass
C04348,Quý ông Hoàng Bùi,Male,1991-08-13,Da Nang,Engineer,16476049.98,2026-01-26,Mass
C04349,An Đức Phạm,Male,1965-01-01,Hue,Student,7351333.44,2025-12-30,Mass
C04350,Quý ông Minh Đặng,Female,1992-06-06,Ho Chi Minh City,Freelancer,24562230.46,2020-08-11,Affluent
C04351,Nam Mai Bảo Mai,Male,1973-08-22,Hai Phong,Office Staff,9768846.18,2019-05-01,Mass
C04352,Nhật Hoàng Đặng,Female,2006-05-11,Ba Ria - Vung Tau,IT Specialist,15003328.84,2026-08-15,Mass
C04353,Cô Khoa Bùi,Other,1971-01-30,Nghe An,Freelancer,42709758.14,2019-05-16,Affluent
C04354,Quý cô Lâm Phạm,Male,1988-05-30,Nghe An,Sales,13847517.47,2026-07-31,Mass
C04355,Quang Hữu Vũ,Female,1975-08-12,Quang Ninh,Government Employee,26925890.09,2023-01-14,Affluent
C04356,Bà Xuân Phạm,Female,1992-04-17,Dong Nai,Engineer,10241674.15,2024-08-22,Mass
C04357,Khoa Mai Bảo Nguyễn,Male,2002-12-16,Thanh Hoa,Government Employee,10697128.16,2022-01-23,Mass
C04358,Cô Chi Nguyễn,Male,1978-03-28,Binh Duong,Bank Employee,14632094.97,2025-07-13,Mass
C04359,Khoa Phú Đặng,Female,1983-02-11,Quang Ninh,Doctor,36572286.17,2018-03-19,Affluent
C04360,An Mai Bảo Bùi,Male,1985-05-08,Hue,Student,27527099.58,2022-02-23,Affluent
C04361,Quý ông Vũ Bùi,Female,1994-02-28,Dong Nai,IT Specialist,12834131.34,2018-05-31,Mass
C04362,Quang Phạm,Male,1987-02-20,Hai Phong,Office Staff,13423036.85,2018-09-08,Mass
C04363,Quang Vũ,Female,1992-02-08,Hai Phong,Sales,10515059.41,2020-12-15,Mass
C04364,Anh Phúc Phạm,Female,1956-02-08,Nghe An,Bank Employee,45942207.29,2023-05-25,Affluent
C04365,Cô Hồng Đặng,Female,1986-09-03,Bac Ninh,Engineer,11059432.41,2021-06-11,Mass
C04366,Vi Phạm,Female,1995-01-04,Ha Noi,Teacher,33653191.09,2021-04-29,Affluent
C04367,Nhật Lê,Female,1987-05-03,Nghe An,Sales,20000000.0,2025-07-14,Affluent
C04368,Khoa Mai,Male,2008-09-03,Quang Ninh,Freelancer,9602253.53,2020-11-29,Mass
C04369,Thảo Trần,Female,1988-03-16,Ho Chi Minh City,Government Employee,11035982.25,2019-08-28,Mass
C04370,Bảo Lê,Female,1974-07-04,Nghe An,Government Employee,22435152.24,2018-07-07,Affluent
C04371,Hoàng Bùi,Male,1999-02-24,Nam Dinh,Teacher,20428658.82,2025-04-27,Mass
C04372,Phúc Phạm,Female,1988-10-19,Bac Ninh,Teacher,16356110.42,2018-10-04,Mass
C04373,Hạnh Xuân Mai,Female,1967-10-13,Bac Ninh,Sales,9412843.66,2024-02-25,Mass
C04374,Lâm Trần,Female,1992-03-11,Thanh Hoa,Accountant,10908662.89,2022-01-06,Mass
C04375,Duyên Lê,Female,2008-06-09,Ba Ria - Vung Tau,Government Employee,10764651.63,2023-08-27,Mass
C04376,Tùng Dương,Female,1980-11-29,Ha Noi,Accountant,41162387.89,2025-10-13,Affluent
C04377,Bảo Hải Nguyễn,Male,1984-05-23,Nghe An,Government Employee,86053276.08,2024-08-19,Premium
C04378,Cô Hương Trần,Female,1998-07-03,Ha Noi,Student,18711646.45,2022-02-26,Mass
C04379,Phúc Mai,Female,1996-05-22,Ha Noi,Sales,38228169.8,2025-09-16,Affluent
C04380,Nhật Mai,Female,1988-11-28,Dong Nai,Teacher,20015512.65,2024-06-24,Mass
C04381,Phúc Trí Mai,Male,1980-08-24,Ba Ria - Vung Tau,Sales,7626020.37,2023-01-15,Mass
C04382,Chị An Đặng,Male,2004-05-21,Dong Nai,Office Staff,14695261.37,2025-08-24,Mass
C04383,Bà Phương Nguyễn,Female,1991-04-22,Hue,IT Specialist,10232782.38,2023-04-25,Mass
C04384,Hồng Lê,Female,1979-02-11,Thanh Hoa,Student,12813732.32,2020-11-09,Mass
C04385,Cô Nhật Lê,Male,1990-08-25,Khanh Hoa,Student,44225283.65,2020-09-15,Affluent
C04386,Chị Khoa Đặng,Female,1995-01-06,Nam Dinh,Teacher,56030924.25,2023-05-08,Affluent
C04387,Bảo Phạm,Male,1999-03-09,Can Tho,Teacher,15102070.04,2020-04-24,Mass
C04388,Anh Tú Phạm,Male,1974-10-11,Quang Ninh,Teacher,60000000.0,2019-08-27,Premium
C04389,Cô Hà Bùi,Male,1994-08-09,Dong Nai,Engineer,49304249.76,2022-02-28,Affluent
C04390,Cô Hạnh Dương,Female,1978-01-29,Hue,Freelancer,11300909.28,2023-07-08,Mass
C04391,Quý ông Tùng Mai,Male,1999-07-09,Ha Noi,Business Owner,16768199.2,2024-02-03,Mass
C04392,Phương Mai Mai,Male,1977-05-12,Nam Dinh,Government Employee,7982682.26,2024-03-16,Mass
C04393,Trọng Hữu Vũ,Male,2004-03-22,Quang Ninh,Engineer,37446942.56,2024-06-27,Affluent
C04394,Bảo Mai Bảo Lê,Male,1983-12-10,Binh Duong,Teacher,10807414.97,2020-01-09,Mass
C04395,Mai Trần,Female,1982-12-18,Dong Nai,Government Employee,9359190.83,2020-12-26,Mass
C04396,Khoa Đức Hoàng,Male,2008-03-09,Nam Dinh,IT Specialist,30820428.71,2018-09-06,Affluent
C04397,Kim Hữu Vũ,Male,1990-09-21,Binh Duong,Engineer,10895639.51,2026-07-08,Mass
C04398,Nam Tấn Dương,Male,2003-06-12,Dong Nai,Engineer,6356192.33,2020-03-05,Mass
C04399,Cô Mai Bùi,Male,1996-09-11,Ba Ria - Vung Tau,Sales,16429626.02,2018-05-15,Mass
C04400,Quý cô Khoa Lê,Male,1977-06-27,Bac Ninh,Teacher,18185168.32,2023-02-23,Mass
C04401,Thành Phạm,Male,1999-05-11,Hue,Freelancer,8013354.29,2019-04-09,Mass
C04402,Cô Lâm Dương,Female,1985-02-21,Quang Ninh,Freelancer,14987127.32,2022-12-22,Mass
C04403,Châu Bùi,Male,1986-06-03,Ba Ria - Vung Tau,Government Employee,5929764.53,2020-06-29,Mass
C04404,Quý ông Quang Phạm,Female,2000-09-14,Can Tho,Accountant,34689651.83,2021-08-24,Affluent
C04405,Anh Huy Nguyễn,Male,1985-07-16,Ba Ria - Vung Tau,Sales,15696915.48,2024-11-14,Mass
C04406,Chị Xuân Trần,Female,1988-12-26,Da Nang,Engineer,13472909.72,2020-06-15,Mass
C04407,Quang Nguyễn,Female,1990-06-10,Quang Ninh,IT Specialist,42992852.19,2026-07-03,Affluent
C04408,Bảo Hữu Bùi,Female,1987-01-01,Binh Duong,Engineer,12279298.93,2024-06-03,Mass
C04409,Khoa Vũ,Male,1993-03-18,Bac Ninh,Sales,12346327.48,2021-05-07,Mass
C04410,Minh Mai Bảo Nguyễn,Female,1984-12-20,Binh Duong,Accountant,13177660.85,2022-10-30,Mass
C04411,Ông Quang Đặng,Female,1986-02-15,Hue,Bank Employee,19199021.25,2019-12-05,Mass
C04412,Bà Xuân Mai,Male,1988-07-10,Nghe An,Bank Employee,9561619.99,2020-04-21,Mass
C04413,Cô Hà Lê,Female,1981-05-23,Khanh Hoa,Student,7439005.95,2022-03-11,Mass
C04414,Hưng Nguyễn,Male,2002-09-30,Nghe An,Government Employee,13496807.72,2018-01-12,Mass
C04415,Bà Ngọc Dương,Male,1985-01-24,Da Nang,Accountant,24090864.31,2018-03-30,Affluent
C04416,Thành Mai Đặng,Male,1994-12-27,Ha Noi,Bank Employee,29181148.8,2019-02-28,Affluent
C04417,Khoa Phú Nguyễn,Female,1996-07-06,Khanh Hoa,Office Staff,16695944.93,2026-08-27,Mass
C04418,Nhật Dương,Male,1983-03-29,Dong Nai,Business Owner,34799791.92,2020-09-02,Affluent
C04419,Phương Thị Mai,Female,1997-05-11,Nam Dinh,Government Employee,7482217.95,2018-05-22,Mass
C04420,Bảo Bùi,Female,1975-07-11,Ba Ria - Vung Tau,Teacher,14763331.64,2020-02-28,Mass
C04421,Bảo Đức Lê,Male,1998-07-05,Ha Noi,Teacher,15436988.4,2018-10-03,Mass
C04422,Chị Hà Hoàng,Male,1991-03-26,Ba Ria - Vung Tau,Bank Employee,32111531.75,2021-11-10,Affluent
C04423,Hạnh Hữu Phạm,Female,1986-09-04,Hai Phong,Freelancer,28019440.88,2020-07-15,Affluent
C04424,Ngọc Vũ,Female,1994-05-10,Da Nang,Student,12521135.07,2018-05-17,Mass
C04425,Lan Phạm,Male,1996-03-08,Khanh Hoa,Government Employee,42780124.96,2024-04-13,Affluent
C04426,Khoa Hoàng Bùi,Male,1970-06-24,Khanh Hoa,Doctor,27912053.53,2020-10-02,Affluent
C04427,Quý cô Phương Hoàng,Male,2008-07-07,Nam Dinh,Doctor,5955395.36,2019-10-31,Mass
C04428,Trung Nguyễn,Female,1992-07-27,Ha Noi,Government Employee,9514329.62,2024-04-30,Mass
C04429,Bảo Nguyễn,Female,1988-01-02,Ho Chi Minh City,Doctor,12570035.35,2021-01-08,Mass
C04430,Châu Trần,Female,2008-08-13,Quang Ninh,Freelancer,6357894.76,2021-09-27,Mass
C04431,Quý cô Xuân Lê,Female,1987-03-17,Da Nang,Freelancer,12582497.26,2019-07-03,Mass
C04432,Ông Vũ Dương,Female,1995-08-03,Quang Ninh,Doctor,60000000.0,2022-07-03,Premium
C04433,Trọng Phú Dương,Male,1985-01-31,Thanh Hoa,Business Owner,18728969.4,2021-02-12,Mass
C04434,Nhiên Mai,Male,1987-09-27,Hue,Teacher,8919953.99,2021-01-03,Mass
C04435,Dũng Trí Hoàng,Female,1989-12-18,Bac Ninh,IT Specialist,7439225.33,2019-02-05,Mass
C04436,Trọng Phạm,Female,1979-07-06,Hue,IT Specialist,12348716.95,2020-07-27,Mass
C04437,Cô Hồng Dương,Male,2008-03-22,Bac Ninh,Student,10801344.57,2022-10-01,Mass
C04438,Dũng Mai,Female,1985-05-17,Thanh Hoa,Sales,10679649.16,2023-09-15,Mass
C04439,Châu Bùi,Female,1994-03-12,Nam Dinh,Accountant,7817508.34,2019-08-05,Mass
C04440,Duyên Vũ,Female,1983-11-22,Hue,Engineer,9563391.56,2026-08-06,Mass
C04441,Tú Lê,Male,2008-09-26,Khanh Hoa,Freelancer,10537776.58,2026-04-27,Mass
C04442,Chị Xuân Phạm,Female,1980-05-21,Da Nang,Teacher,10480132.73,2020-02-22,Mass
C04443,Anh Tú Mai,Male,1971-08-15,Hai Phong,Sales,13943945.95,2021-09-21,Mass
C04444,Huy Hữu Bùi,Male,1987-04-25,Hai Phong,Business Owner,11472665.08,2026-08-28,Mass
C04445,Khoa Quang Phạm,Male,1990-12-10,Ho Chi Minh City,Engineer,10943091.87,2025-06-21,Mass
C04446,Quý cô Hải Trần,Female,1994-01-11,Binh Duong,IT Specialist,14450227.47,2024-08-18,Mass
C04447,Hưng Bảo Bùi,Male,2001-07-21,Nam Dinh,IT Specialist,8234591.93,2019-06-04,Mass
C04448,Bảo Bảo Dương,Male,2003-05-25,Binh Duong,Teacher,24554269.3,2019-01-18,Mass
C04449,Linh Đặng,Female,1985-06-06,Can Tho,Business Owner,13349499.86,2025-07-29,Mass
C04450,Hạnh Phạm,Male,2001-12-28,Dong Nai,Engineer,14925579.04,2026-04-03,Mass
C04451,Quý ông Thành Hoàng,Female,1992-09-29,Nam Dinh,Government Employee,12934081.18,2018-06-19,Mass
C04452,Quý cô Hồng Phạm,Male,2000-11-10,Hue,Freelancer,12692366.5,2020-05-05,Mass
C04453,Quang Hoàng,Female,1995-07-07,Khanh Hoa,Freelancer,73620662.23,2022-10-28,Premium
C04454,Bà Bảo Hoàng,Male,1982-04-05,Binh Duong,Freelancer,60000000.0,2019-11-11,Premium
C04455,Nhiên Hữu Trần,Male,1984-01-01,Ho Chi Minh City,Business Owner,131494449.21,2021-01-31,Premium
C04456,Hà Trần,Male,2000-01-08,Da Nang,Bank Employee,9005105.45,2022-01-11,Mass
C04457,Lan Mai,Female,1993-01-04,Bac Ninh,Student,13244989.41,2021-08-06,Mass
C04458,Nhật Quang Lê,Female,1991-10-05,Dong Nai,IT Specialist,13966386.95,2019-12-06,Mass
C04459,Ngọc Dương,Male,1971-01-21,Nam Dinh,Accountant,10046313.79,2025-05-21,Mass
C04460,Cô Bảo Vũ,Female,2008-07-04,Da Nang,Business Owner,44841100.31,2025-02-24,Affluent
C04461,Quang Quang Nguyễn,Female,1972-03-30,Hai Phong,Freelancer,13768392.64,2024-03-25,Mass
C04462,Bà Thành Trần,Male,2002-06-29,Binh Duong,Sales,11490772.51,2019-03-12,Mass
C04463,Duyên Trần,Female,2003-04-03,Can Tho,Bank Employee,129322900.77,2022-07-20,Premium
C04464,Duyên Nguyễn,Male,2005-04-29,Thanh Hoa,Teacher,10803407.29,2020-02-12,Mass
C04465,Chị Xuân Bùi,Female,2002-05-25,Ba Ria - Vung Tau,Teacher,12544662.67,2019-01-07,Mass
C04466,Ông Anh Hoàng,Female,1995-07-08,Dong Nai,Teacher,12765846.8,2021-01-25,Mass
C04467,Trọng Mai,Male,1989-12-16,Khanh Hoa,Teacher,8495834.55,2018-02-25,Mass
C04468,Khoa Vũ,Female,1983-11-04,Hue,Accountant,11796922.26,2025-10-12,Mass
C04469,Cô Nhật Hoàng,Male,2001-07-24,Hue,Accountant,26291112.24,2021-11-04,Mass
C04470,Phúc Mai,Female,1985-09-08,Khanh Hoa,Sales,11373265.35,2020-01-29,Mass
C04471,Nhật Hoàng,Male,1975-05-15,Ho Chi Minh City,Office Staff,22863508.24,2020-08-06,Mass
C04472,Bà Ngọc Bùi,Female,1992-09-07,Can Tho,Engineer,13551480.05,2020-10-03,Mass
C04473,Phúc Mai Bảo Dương,Male,2001-06-20,Nghe An,Freelancer,11397444.77,2019-10-19,Mass
C04474,Minh Thế Vũ,Male,1993-02-07,Hai Phong,Engineer,107673230.75,2020-06-29,Premium
C04475,Kim Hải Vũ,Male,1987-10-02,Can Tho,Office Staff,14597446.36,2018-03-29,Mass
C04476,Trung Hải Dương,Female,1988-07-22,Thanh Hoa,IT Specialist,7854972.18,2021-08-05,Mass
C04477,Chị An Trần,Male,2001-03-10,Hai Phong,Bank Employee,29708279.43,2018-08-13,Affluent
C04478,Duyên Trần,Male,1994-02-21,Binh Duong,Teacher,17334134.53,2020-06-13,Mass
C04479,Cô Nhật Lê,Female,2003-04-02,Ha Noi,Office Staff,10588954.01,2020-07-23,Mass
C04480,Cô Hạnh Đặng,Male,1980-06-25,Nam Dinh,Accountant,10804357.59,2022-10-10,Mass
C04481,Nhiên Hải Dương,Female,1985-06-12,Ho Chi Minh City,Engineer,11428005.15,2020-03-22,Mass
C04482,Kim Đức Mai,Female,1988-08-06,Ha Noi,Bank Employee,91266260.01,2024-12-03,Premium
C04483,Trung Dương,Male,1982-10-06,Hai Phong,Accountant,6987598.31,2020-03-30,Mass
C04484,Linh Lê,Female,1994-03-17,Da Nang,Business Owner,38256744.23,2021-03-24,Affluent
C04485,Lâm Phú Trần,Male,1985-06-26,Thanh Hoa,Teacher,20235531.97,2025-05-21,Mass
C04486,Ngọc Vũ,Female,1995-01-08,Da Nang,IT Specialist,180722533.45,2026-06-08,Premium
C04487,Bảo Mai Bảo Dương,Male,1997-10-12,Bac Ninh,Business Owner,19104671.64,2020-01-08,Mass
C04488,Nhật Tấn Dương,Female,1982-09-12,Binh Duong,Business Owner,26610622.75,2018-10-12,Affluent
C04489,Bà Nhật Bùi,Male,1987-04-13,Hai Phong,Government Employee,11786727.47,2018-03-22,Mass
C04490,Nhiên Xuân Nguyễn,Other,1984-01-25,Khanh Hoa,Freelancer,11097963.18,2019-12-08,Mass
C04491,Bà Kim Trần,Male,1994-07-01,Ha Noi,Teacher,19377057.32,2020-06-16,Mass
C04492,Bác Hoàng Nguyễn,Male,1992-05-19,Dong Nai,Business Owner,16025071.48,2023-07-26,Mass
C04493,Chị Phương Hoàng,Male,1993-05-18,Da Nang,Accountant,57705185.49,2020-03-15,Affluent
C04494,Bác Trung Lê,Female,1998-03-16,Khanh Hoa,Business Owner,9678978.94,2026-07-14,Mass
C04495,An Văn Đặng,Other,1974-07-15,Da Nang,Business Owner,30626453.97,2022-02-23,Affluent
C04496,Trọng Phú Đặng,Female,1973-03-28,Binh Duong,Teacher,16396220.53,2024-05-14,Mass
C04497,Hương Dương,Male,1991-10-16,Thanh Hoa,Teacher,6361434.71,2022-11-13,Mass
C04498,Chị Lan Đặng,Female,1991-05-20,Hai Phong,Bank Employee,12434528.61,2018-01-14,Mass
C04499,Minh Bùi,Female,1978-06-12,Nghe An,Sales,20923295.63,2021-07-05,Mass
C04500,Quý cô Vi Nguyễn,Male,1998-05-17,Quang Ninh,Engineer,15884126.34,2021-02-14,Mass
C04501,Bác Tùng Dương,Male,1981-12-07,Khanh Hoa,Office Staff,48297117.13,2018-05-14,Affluent
C04502,Thảo Đặng,Female,1985-06-14,Thanh Hoa,Government Employee,6080168.8,2025-07-15,Mass
C04503,Hồng Hoàng,Male,1992-04-29,Thanh Hoa,Bank Employee,8007743.4,2026-04-07,Mass
C04504,Nhật Bùi,Male,1993-06-11,Thanh Hoa,Government Employee,147994021.91,2023-11-11,Premium
C04505,Anh Dũng Hoàng,Male,1987-06-18,Thanh Hoa,Office Staff,17934719.18,2022-03-17,Mass
C04506,Quý cô Thảo Vũ,Male,1987-02-15,Binh Duong,Bank Employee,60000000.0,2021-12-10,Premium
C04507,Ánh Phạm,Female,2008-05-20,Ba Ria - Vung Tau,Accountant,36597893.72,2019-06-23,Affluent
C04508,Thành Vũ,Female,1993-03-18,Dong Nai,Doctor,8524766.57,2018-10-03,Mass
C04509,Vân Phạm,Male,2008-04-29,Ba Ria - Vung Tau,Student,9278932.66,2022-03-07,Mass
C04510,Mai Dương,Female,1992-11-25,Khanh Hoa,Office Staff,130519327.01,2019-09-03,Premium
C04511,Quý cô Ngọc Bùi,Male,1987-10-13,Quang Ninh,Freelancer,56699661.21,2018-02-15,Affluent
C04512,Hương Vũ,Female,2002-04-26,Da Nang,Office Staff,16334464.5,2025-04-15,Mass
C04513,An Thế Hoàng,Female,1989-12-20,Hue,Office Staff,15302876.9,2020-08-25,Mass
C04514,Chi Hoàng,Male,1995-02-25,Ha Noi,Sales,48272023.71,2020-07-22,Affluent
C04515,Bà Vi Trần,Female,1987-02-19,Nam Dinh,Accountant,9460269.82,2020-10-03,Mass
C04516,Quý cô Vân Đặng,Male,1991-03-15,Thanh Hoa,Bank Employee,11034890.31,2020-05-14,Mass
C04517,Chị An Bùi,Male,1985-03-11,Thanh Hoa,Student,24567269.2,2019-05-08,Affluent
C04518,Thành Phạm,Female,1991-07-26,Quang Ninh,Student,13780632.83,2022-08-08,Mass
C04519,Ông Tú Lê,Female,1990-02-02,Ba Ria - Vung Tau,Freelancer,19227395.01,2018-11-29,Mass
C04520,Phúc Vũ,Female,1982-01-16,Thanh Hoa,Government Employee,11968621.75,2022-10-31,Mass
C04521,Huy Lê,Male,1988-01-20,Dong Nai,Sales,13308322.52,2018-07-11,Mass
C04522,Lâm Xuân Đặng,Male,1986-06-21,Khanh Hoa,Accountant,6333964.55,2025-08-16,Mass
C04523,Hạnh Vũ,Female,1993-10-11,Nghe An,Student,7137431.49,2023-08-26,Mass
C04524,Hà Lê,Female,1976-03-16,Ha Noi,Student,34366876.41,2025-02-24,Affluent
C04525,An Phạm,Male,1993-09-21,Binh Duong,Bank Employee,16424690.42,2024-05-27,Mass
C04526,Hạnh Lê,Male,1986-08-05,Can Tho,IT Specialist,8083981.97,2025-04-07,Mass
C04527,Nhật Đặng,Female,1991-03-01,Dong Nai,Student,31651893.39,2024-02-11,Affluent
C04528,Phương Mai,Female,2007-10-15,Can Tho,IT Specialist,9424474.43,2022-05-20,Mass
C04529,Ông Châu Hoàng,Male,1993-09-01,Dong Nai,Engineer,11526789.22,2019-10-30,Mass
C04530,Vũ Đặng,Female,2006-10-18,Ba Ria - Vung Tau,Office Staff,17957172.26,2024-07-04,Mass
C04531,Thành Lê,Female,1992-01-16,Binh Duong,Freelancer,12158764.0,2024-05-09,Mass
C04532,Lâm Đức Nguyễn,Female,1986-07-15,Thanh Hoa,Engineer,9107333.43,2022-09-11,Mass
C04533,Hà Lê,Female,1985-06-22,Dong Nai,Doctor,10553214.69,2023-02-18,Mass
C04534,Bà Bảo Mai,Female,2000-09-27,Nghe An,Accountant,41570147.83,2021-06-15,Affluent
C04535,Quý cô Xuân Đặng,Female,1974-07-12,Hue,Freelancer,15465271.02,2018-05-04,Mass
C04536,Linh Bùi,Male,1979-10-15,Khanh Hoa,Government Employee,10001008.5,2025-06-16,Mass
C04537,Hà Hữu Phạm,Male,2008-08-15,Ho Chi Minh City,Doctor,181494471.8,2021-05-23,Premium
C04538,Chị Khoa Dương,Female,1967-11-16,Khanh Hoa,Student,20591719.33,2021-03-02,Mass
C04539,Nhật Phạm,Male,1993-12-17,Khanh Hoa,Accountant,8010751.94,2022-04-08,Mass
C04540,Quý ông Thành Đặng,Female,2002-08-29,Khanh Hoa,Sales,21120165.42,2022-12-04,Affluent
C04541,Trung Thị Nguyễn,Male,1992-03-28,Nam Dinh,Freelancer,21049860.54,2021-01-17,Mass
C04542,Anh Nam Hoàng,Male,1992-01-14,Can Tho,Business Owner,13339368.02,2020-10-01,Mass
C04543,Nam Phú Đặng,Female,1974-10-15,Quang Ninh,Student,10417356.31,2026-04-21,Mass
C04544,Nhật Văn Đặng,Male,1968-01-07,Hai Phong,Accountant,24098261.29,2018-01-23,Mass
C04545,Ông Hoàng Trần,Male,1992-03-24,Ho Chi Minh City,Business Owner,9803796.0,2025-08-08,Mass
C04546,Khoa Lê,Male,1982-11-09,Nghe An,Freelancer,31534764.71,2026-07-05,Affluent
C04547,Quý ông Tùng Mai,Female,2003-09-04,Hai Phong,Accountant,18790288.71,2020-10-31,Mass
C04548,Tú Thị Đặng,Female,1976-12-13,Ba Ria - Vung Tau,Student,12671250.8,2025-05-02,Mass
C04549,Bà Vân Bùi,Female,2004-04-14,Ha Noi,Doctor,61151823.73,2018-07-09,Premium
C04550,Hưng Trần,Male,1989-09-06,Ba Ria - Vung Tau,Freelancer,81877298.94,2022-08-16,Premium
C04551,Thảo Lê,Female,1994-09-11,Thanh Hoa,Office Staff,17160217.25,2023-10-03,Mass
C04552,Thành Lê,Female,1982-09-19,Nghe An,Bank Employee,52920504.14,2018-09-26,Affluent
C04553,Dũng Bùi,Male,2001-03-09,Quang Ninh,Government Employee,10641799.56,2022-08-26,Mass
C04554,Phương Đặng,Female,1981-11-06,Binh Duong,Business Owner,40035700.31,2023-11-27,Affluent
C04555,Nhật Vũ,Male,1974-09-22,Ho Chi Minh City,Office Staff,13902858.92,2023-10-16,Mass
C04556,Huy Nguyễn,Female,1969-12-16,Da Nang,Freelancer,14496581.75,2025-04-03,Mass
C04557,Thảo Đặng,Male,1979-05-18,Hai Phong,Engineer,10715340.63,2018-01-09,Mass
C04558,Cô Bảo Mai,Male,1989-12-04,Ho Chi Minh City,Engineer,45999539.37,2022-04-26,Affluent
C04559,Thành Trần,Female,1973-07-12,Dong Nai,IT Specialist,15489146.95,2019-06-27,Mass
C04560,Hạnh Đặng,Male,1991-09-17,Nghe An,Teacher,52907683.3,2020-09-10,Affluent
C04561,Tú Xuân Hoàng,Female,2008-02-08,Ha Noi,Bank Employee,22843753.52,2019-12-19,Affluent
C04562,Cô Mai Nguyễn,Other,1983-03-04,Bac Ninh,Bank Employee,35148451.68,2020-12-19,Affluent
C04563,Khoa Mai,Male,1984-06-15,Da Nang,Freelancer,12273583.66,2025-04-20,Mass
C04564,Nhật Mai,Male,1984-05-28,Da Nang,Government Employee,9023801.18,2023-06-08,Mass
C04565,Tùng Vũ,Female,1984-08-24,Quang Ninh,Office Staff,47165958.77,2021-04-24,Affluent
C04566,Kim Nguyễn,Female,1976-11-04,Quang Ninh,Business Owner,24279943.83,2022-03-12,Mass
C04567,Huy Trần,Male,1987-12-03,Ha Noi,Freelancer,13207376.91,2019-10-02,Mass
C04568,Anh Thị Lê,Female,2007-02-07,Da Nang,Doctor,9963343.02,2024-03-08,Mass
C04569,Hà Hoàng,Female,1992-12-15,Thanh Hoa,Accountant,47963673.73,2025-11-24,Affluent
C04570,Hương Dương,Male,1996-11-23,Hue,Bank Employee,44444893.23,2018-01-04,Affluent
C04571,Chi Đặng,Male,1991-05-06,Bac Ninh,Accountant,11278494.94,2026-07-30,Mass
C04572,Phương Đức Vũ,Female,1988-04-29,Ha Noi,Sales,10464639.63,2025-10-31,Mass
C04573,Chị Hà Đặng,Female,1995-05-25,Nghe An,Engineer,6607673.22,2022-12-06,Mass
C04574,Chị Hải Hoàng,Female,1993-05-13,Ho Chi Minh City,Office Staff,82531738.42,2022-06-27,Premium
C04575,Hải Nguyễn,Female,1996-05-15,Binh Duong,Government Employee,13885043.06,2019-05-02,Mass
C04576,Anh Hoàng Lê,Male,1982-12-18,Thanh Hoa,IT Specialist,13015939.56,2022-02-22,Mass
C04577,Quý cô Ngọc Mai,Male,1979-10-07,Hue,Accountant,14678052.1,2020-03-20,Mass
C04578,Nhiên Phạm,Female,1994-06-06,Hue,Office Staff,10205297.52,2023-03-14,Mass
C04579,Anh Hưng Bùi,Female,1986-11-19,Nghe An,Accountant,14668834.46,2018-10-29,Mass
C04580,Quý cô Mai Mai,Male,1974-12-14,Nam Dinh,Freelancer,50033859.94,2025-06-23,Affluent
C04581,Quang Lê,Female,1996-07-24,Can Tho,Office Staff,96001870.34,2020-02-01,Premium
C04582,Khoa Bảo Hoàng,Female,1983-03-21,Quang Ninh,Teacher,153295786.05,2024-04-27,Premium
C04583,Anh Phạm,Female,1980-09-30,Hue,Accountant,11734689.95,2023-02-02,Mass
C04584,Nhật Bùi,Female,2003-12-13,Khanh Hoa,Accountant,8459405.66,2021-11-13,Mass
C04585,Trọng Dương,Male,1987-12-06,Ba Ria - Vung Tau,Freelancer,13526971.79,2019-09-25,Mass
C04586,Hương Bùi,Female,2002-11-26,Dong Nai,Student,12188660.03,2020-06-01,Mass
C04587,Bà Yến Lê,Male,1983-12-26,Can Tho,IT Specialist,24778592.24,2022-06-26,Affluent
C04588,Cô Hải Phạm,Female,1978-02-11,Can Tho,IT Specialist,10514662.88,2020-02-07,Mass
C04589,Cô Lâm Phạm,Male,1977-02-26,Ha Noi,Business Owner,9956228.09,2020-11-09,Mass
C04590,Yến Trần,Female,2002-09-05,Nghe An,Business Owner,30505499.06,2020-10-08,Affluent
C04591,Bảo Hoàng Vũ,Male,1992-06-22,Khanh Hoa,Government Employee,31149683.65,2026-07-29,Affluent
C04592,Khoa Nguyễn,Female,1993-07-15,Quang Ninh,Accountant,13487919.76,2018-01-19,Mass
C04593,Cô Ánh Nguyễn,Female,1992-05-07,Nam Dinh,Office Staff,11725515.88,2025-05-20,Mass
C04594,Hà Tấn Phạm,Female,2008-03-08,Quang Ninh,Freelancer,39364227.26,2018-10-03,Affluent
C04595,Anh Hoàng Trần,Female,1991-04-30,Can Tho,Bank Employee,21083888.97,2018-05-19,Mass
C04596,Dũng Bảo Bùi,Female,2000-12-16,Hai Phong,Doctor,6372572.82,2018-03-10,Mass
C04597,Bảo Phạm,Male,1983-12-15,Thanh Hoa,Sales,13547352.03,2025-02-16,Mass
C04598,Chị Kim Đặng,Female,2002-02-02,Quang Ninh,Office Staff,7025135.59,2024-01-22,Mass
C04599,Chị Chi Dương,Male,1974-04-23,Binh Duong,Bank Employee,19684770.91,2019-10-17,Mass
C04600,Huy Nguyễn,Female,2007-10-23,Can Tho,Teacher,10221860.26,2018-02-16,Mass
C04601,Nam Bùi,Male,1971-10-10,Ho Chi Minh City,Teacher,10158235.49,2020-01-19,Mass
C04602,Anh Hưng Nguyễn,Male,1996-06-05,Ha Noi,Freelancer,89305801.75,2022-10-14,Premium
C04603,Bác Trung Bùi,Male,2003-08-09,Khanh Hoa,Business Owner,6607696.72,2024-12-16,Mass
C04604,Hạnh Lê,Male,1978-12-19,Binh Duong,Government Employee,20135148.91,2018-05-20,Affluent
C04605,Anh Lê,Female,1988-03-28,Hue,Government Employee,16366056.63,2018-01-18,Mass
C04606,An Mai Bảo Mai,Male,2005-10-27,Da Nang,Doctor,8683396.11,2018-01-12,Mass
C04607,Khoa Dương,Male,1977-03-11,Hue,Engineer,123757854.99,2022-10-30,Premium
C04608,Khoa Hải Dương,Female,1997-01-29,Quang Ninh,Bank Employee,50200388.34,2025-03-14,Affluent
C04609,Bà Ánh Dương,Female,1977-05-11,Binh Duong,Office Staff,13184937.67,2021-06-12,Mass
C04610,Hạnh Xuân Dương,Female,2000-07-31,Can Tho,Teacher,10383308.9,2018-10-25,Mass
C04611,Quý cô Xuân Lê,Female,1987-01-31,Ho Chi Minh City,Freelancer,11233478.37,2022-07-16,Mass
C04612,Vi Phạm,Male,1980-09-09,Thanh Hoa,IT Specialist,7025073.81,2025-03-16,Mass
C04613,Quý ông Quang Mai,Male,2007-01-18,Da Nang,Office Staff,12784219.24,2018-12-19,Mass
C04614,Cô Hạnh Đặng,Female,1995-10-28,Quang Ninh,Office Staff,9635359.71,2021-09-28,Mass
C04615,Tú Vũ,Female,2007-12-05,Khanh Hoa,Student,12082373.99,2020-03-23,Mass
C04616,Thành Nguyễn,Female,1991-06-26,Bac Ninh,IT Specialist,15083844.85,2021-05-06,Mass
C04617,Khoa Trần,Female,1990-05-06,Binh Duong,Business Owner,11455789.35,2023-01-12,Mass
C04618,Bà Thảo Phạm,Male,1977-11-29,Ha Noi,Business Owner,7580226.6,2018-04-16,Mass
C04619,Quý cô Phương Nguyễn,Male,1985-01-04,Hue,Teacher,21200057.88,2021-07-15,Affluent
C04620,Cô Thành Mai,Female,2000-09-28,Can Tho,IT Specialist,7849710.51,2018-11-09,Mass
C04621,Khoa Tấn Nguyễn,Female,1981-11-28,Hai Phong,IT Specialist,11728397.85,2025-09-19,Mass
C04622,Anh Phúc Trần,Female,1991-04-04,Hai Phong,IT Specialist,8146188.13,2025-05-16,Mass
C04623,Huy Vũ,Male,1993-12-31,Khanh Hoa,Sales,9186121.33,2021-12-11,Mass
C04624,Nhiên Phạm,Male,1986-05-27,Ha Noi,Freelancer,25998028.83,2024-04-05,Affluent
C04625,Hải Phú Trần,Female,1976-01-20,Ha Noi,Sales,6675562.65,2026-04-28,Mass
C04626,Nhật Hoàng Phạm,Male,1999-08-14,Da Nang,IT Specialist,21583450.24,2026-01-21,Mass
C04627,Hưng Tấn Đặng,Female,1995-03-16,Ho Chi Minh City,Sales,7573831.77,2025-06-22,Mass
C04628,Anh Tùng Đặng,Male,1988-03-14,Ha Noi,Bank Employee,10160619.0,2023-04-21,Mass
C04629,Anh Huy Mai,Male,2000-05-08,Ha Noi,Freelancer,8177216.95,2018-02-21,Mass
C04630,Yến Trần,Female,1960-04-30,Ba Ria - Vung Tau,Business Owner,10988656.18,2021-02-05,Mass
C04631,Khoa Lê,Female,2008-05-24,Khanh Hoa,Student,20240895.05,2019-12-31,Mass
C04632,Quý cô Ánh Nguyễn,Male,1984-01-02,Ha Noi,Bank Employee,9176477.34,2022-04-17,Mass
C04633,Quý cô Hồng Mai,Male,2001-07-10,Dong Nai,Student,42836472.48,2020-09-04,Affluent
C04634,Hà Mai,Female,1992-12-28,Nghe An,Accountant,6115425.89,2021-02-15,Mass
C04635,Anh Quang Phạm,Female,1970-10-18,Can Tho,Office Staff,10308924.62,2023-12-28,Mass
C04636,Bà Hương Nguyễn,Female,1974-07-22,Hue,Sales,18771858.97,2025-10-29,Mass
C04637,Nam Hoàng,Male,2002-03-19,Nam Dinh,Student,17227778.37,2024-09-24,Mass
C04638,Hà Đức Hoàng,Male,1998-06-19,Can Tho,Doctor,6243628.13,2022-09-07,Mass
C04639,Anh Vũ Đặng,Male,1995-09-04,Ba Ria - Vung Tau,Doctor,13791876.72,2023-04-03,Mass
C04640,Cô Hương Vũ,Male,1996-09-21,Nghe An,Government Employee,31920025.11,2026-07-19,Affluent
C04641,Cô Chi Vũ,Female,1978-02-27,Thanh Hoa,Office Staff,12455714.86,2024-10-14,Mass
C04642,Cô Nhật Phạm,Female,2000-09-09,Khanh Hoa,Teacher,15342354.37,2025-08-15,Mass
C04643,Thành Đức Trần,Female,1987-12-02,Can Tho,Freelancer,4964660.76,2026-02-08,Mass
C04644,Bà Ngọc Bùi,Female,1985-11-16,Ba Ria - Vung Tau,Business Owner,39365770.66,2018-11-20,Affluent
C04645,Quang Mai Mai,Male,1989-10-20,Binh Duong,Teacher,45734742.36,2022-03-31,Affluent
C04646,Cô Nhật Trần,Male,1998-04-13,Nghe An,Business Owner,13499890.52,2024-04-16,Mass
C04647,Dương Vũ,Male,2008-07-07,Dong Nai,Accountant,13837582.83,2025-05-19,Mass
C04648,Chị Ánh Lê,Male,1968-12-08,Ho Chi Minh City,Accountant,8471494.39,2023-02-06,Mass
C04649,Cô Yến Lê,Female,1998-10-22,Quang Ninh,Teacher,9359587.74,2020-07-14,Mass
C04650,Chị Mai Lê,Female,1989-02-05,Ho Chi Minh City,Office Staff,8271732.29,2021-01-21,Mass
C04651,Bảo Nguyễn,Male,1986-05-15,Nam Dinh,IT Specialist,45123358.76,2018-08-21,Affluent
C04652,Anh Trọng Lê,Female,1984-10-22,Ba Ria - Vung Tau,Bank Employee,20590368.83,2025-03-08,Affluent
C04653,Hương Phạm,Female,1980-08-26,Thanh Hoa,Engineer,16659576.98,2026-05-14,Mass
C04654,Khoa Bảo Lê,Male,1980-11-23,Khanh Hoa,Sales,39142183.06,2024-06-19,Affluent
C04655,Bảo Dương,Male,1988-01-29,Dong Nai,Accountant,151127816.44,2019-06-26,Premium
C04656,An Xuân Đặng,Female,1969-07-08,Bac Ninh,Sales,26296501.89,2024-06-18,Affluent
C04657,Vân Lê,Male,1979-10-05,Da Nang,Doctor,96610105.43,2019-07-19,Premium
C04658,Hà Quang Lê,Female,1992-08-26,Can Tho,Government Employee,7008480.45,2019-06-16,Mass
C04659,Cô Lan Bùi,Male,1993-12-22,Ba Ria - Vung Tau,IT Specialist,8464355.83,2022-05-10,Mass
C04660,Kim Phạm,Female,1996-09-07,Da Nang,Office Staff,8170592.4,2018-06-20,Mass
C04661,Bà Nhật Mai,Male,1995-06-02,Hue,Office Staff,10410011.89,2019-06-14,Mass
C04662,Bảo Xuân Hoàng,Female,1988-11-09,Hai Phong,Bank Employee,6819213.88,2020-12-25,Mass
C04663,Quý cô Hồng Lê,Female,2005-11-14,Nghe An,Freelancer,13620508.63,2020-06-05,Mass
C04664,Bác Dũng Vũ,Female,1998-12-02,Hai Phong,Teacher,17478858.7,2026-04-23,Mass
C04665,Cô Mai Bùi,Male,1988-09-19,Quang Ninh,Sales,14839215.94,2024-10-27,Mass
C04666,Thành Mai,Male,1975-07-19,Can Tho,Doctor,31894539.45,2023-02-28,Affluent
C04667,Ông Nhiên Trần,Female,1996-12-14,Thanh Hoa,Student,16281061.4,2020-08-05,Mass
C04668,Cô Lâm Mai,Female,1984-12-14,Ho Chi Minh City,Teacher,92780646.0,2018-06-20,Premium
C04669,Phương Dương,Male,1975-01-07,Hue,Office Staff,11140879.06,2023-03-14,Mass
C04670,Hải Trí Nguyễn,Male,1990-01-24,Ba Ria - Vung Tau,Business Owner,12089467.0,2020-11-21,Mass
C04671,Chị Bảo Phạm,Female,2000-11-12,Khanh Hoa,Teacher,12330323.28,2021-03-16,Mass
C04672,Vân Hoàng,Female,1974-12-02,Nam Dinh,Student,14022252.89,2021-09-11,Mass
C04673,Lâm Mai,Male,1990-08-18,Hai Phong,Government Employee,11339453.46,2024-04-17,Mass
C04674,Thành Mai,Male,1986-12-28,Khanh Hoa,Accountant,15600843.29,2021-12-06,Mass
C04675,Hạnh Vũ,Female,1984-05-12,Ba Ria - Vung Tau,Business Owner,31683264.35,2022-06-19,Affluent
C04676,Tùng Trí Lê,Female,1987-07-16,Binh Duong,Teacher,14194939.94,2025-09-10,Mass
C04677,Hồng Dương,Male,2002-07-29,Thanh Hoa,Freelancer,12727784.24,2021-07-13,Mass
C04678,Chị Vi Phạm,Female,2008-03-18,Ha Noi,Doctor,121289914.81,2022-07-31,Premium
C04679,Phương Lê,Male,1983-03-04,Binh Duong,Teacher,15588723.4,2022-09-29,Mass
C04680,Ông Huy Mai,Male,1995-09-27,Nam Dinh,IT Specialist,38400178.65,2019-09-24,Affluent
C04681,Nhật Đặng,Female,1975-03-14,Ha Noi,Teacher,19682423.45,2018-09-15,Mass
C04682,Anh Anh Đặng,Male,1991-03-31,Ha Noi,Engineer,12599643.51,2020-03-26,Mass
C04683,Ngọc Nguyễn,Female,1978-09-02,Thanh Hoa,Doctor,7096672.02,2025-02-13,Mass
C04684,Vi Nguyễn,Female,1994-02-28,Thanh Hoa,Engineer,19151026.34,2018-08-10,Mass
C04685,Hương Đặng,Male,1980-02-23,Khanh Hoa,Office Staff,13655590.14,2020-01-05,Mass
C04686,Cô Hà Phạm,Male,2007-08-22,Bac Ninh,Doctor,11792197.31,2021-06-13,Mass
C04687,Ông Bảo Mai,Male,1997-05-19,Ha Noi,Student,13474112.69,2020-12-18,Mass
C04688,Hưng Văn Lê,Female,1999-03-28,Bac Ninh,Engineer,8380465.5,2021-08-03,Mass
C04689,Dũng Hữu Trần,Female,2008-02-02,Khanh Hoa,Office Staff,18403452.62,2023-03-01,Mass
C04690,Khoa Vũ,Male,1995-08-23,Dong Nai,Bank Employee,106487595.0,2025-02-23,Premium
C04691,Cô Phương Lê,Female,1991-03-14,Hue,Student,65248079.5,2026-01-21,Premium
C04692,Bác Châu Mai,Male,2004-06-12,Hue,Sales,8440540.57,2019-05-20,Mass
C04693,Bảo Lê,Female,1998-06-24,Ba Ria - Vung Tau,Sales,39069024.3,2023-07-21,Affluent
C04694,Minh Hoàng,Male,1998-10-23,Nghe An,IT Specialist,22113280.84,2018-01-29,Mass
C04695,Linh Bùi,Male,1979-02-09,Ha Noi,Teacher,138174033.9,2026-05-14,Premium
C04696,Ông Minh Bùi,Female,1992-02-03,Dong Nai,Student,20387152.18,2020-12-22,Mass
C04697,Ông Hưng Hoàng,Male,1993-09-29,Dong Nai,Bank Employee,11869417.75,2020-01-31,Mass
C04698,Ngọc Vũ,Male,1988-11-29,Da Nang,Accountant,15341241.33,2020-06-07,Mass
C04699,Quý cô Linh Đặng,Male,1983-07-24,Can Tho,Student,10161568.42,2023-05-17,Mass
C04700,Thành Mai,Male,1995-10-18,Quang Ninh,Doctor,15012342.33,2022-07-17,Mass
C04701,Minh Lê,Male,1983-09-15,Quang Ninh,Government Employee,31104195.82,2021-08-12,Affluent
C04702,Kim Đức Phạm,Male,2008-07-07,Binh Duong,Accountant,92041885.22,2023-02-28,Premium
C04703,Bảo Đức Mai,Male,1983-12-06,Ho Chi Minh City,Teacher,22574084.53,2022-12-05,Mass
C04704,Bà Linh Nguyễn,Male,2004-05-31,Khanh Hoa,Student,10335728.83,2026-01-31,Mass
C04705,Khoa Xuân Hoàng,Female,1995-04-12,Ho Chi Minh City,Teacher,19287139.34,2020-09-03,Mass
C04706,Nhật Thị Mai,Female,1991-09-22,Khanh Hoa,Engineer,8735038.53,2018-01-01,Mass
C04707,Dương Dương,Male,1983-11-24,Bac Ninh,Doctor,30999048.35,2019-12-19,Affluent
C04708,Hồng Phạm,Female,2004-05-02,Quang Ninh,Doctor,69969600.08,2023-07-20,Premium
C04709,Quý cô Duyên Hoàng,Female,1970-12-03,Khanh Hoa,Government Employee,13727208.39,2024-10-26,Mass
C04710,Bác Nam Hoàng,Male,1988-10-24,Thanh Hoa,Sales,32472057.19,2018-12-11,Affluent
C04711,Chị Hà Nguyễn,Male,1987-05-20,Can Tho,Sales,13236646.47,2022-05-13,Mass
C04712,Hưng Trần,Male,1987-02-20,Da Nang,Accountant,12492174.79,2024-10-31,Mass
C04713,Hạnh Đức Mai,Female,1981-06-24,Nghe An,Doctor,12097431.66,2018-01-16,Mass
C04714,Thảo Vũ,Female,2001-03-13,Dong Nai,Business Owner,78272868.01,2020-05-24,Premium
C04715,Quý cô Nhật Phạm,Female,2008-06-26,Dong Nai,Accountant,224954246.45,2026-02-16,Premium
C04716,Quý cô Yến Phạm,Female,1981-08-01,Thanh Hoa,IT Specialist,8974452.92,2020-06-13,Mass
C04717,Kim Vũ,Male,1994-08-25,Hue,Student,9602273.41,2018-05-19,Mass
C04718,Chị Dương Trần,Female,1974-03-16,Ba Ria - Vung Tau,Business Owner,22859914.36,2018-04-26,Affluent
C04719,Quý cô Khoa Vũ,Female,1989-02-19,Ha Noi,Doctor,11552731.53,2018-08-03,Mass
C04720,Bà Kim Vũ,Male,1981-09-18,Da Nang,Freelancer,11571016.8,2024-12-30,Mass
C04721,Cô Lâm Bùi,Female,2008-04-26,Quang Ninh,Bank Employee,10990325.74,2026-03-01,Mass
C04722,Bà Nhật Mai,Female,2000-11-07,Thanh Hoa,Student,12338932.3,2018-08-08,Mass
C04723,Lâm Đức Vũ,Male,1975-01-27,Nam Dinh,Office Staff,6528046.98,2022-11-15,Mass
C04724,Vũ Dương,Male,1999-03-28,Nghe An,Teacher,9889406.32,2022-09-18,Mass
C04725,Ánh Bùi,Male,1994-12-15,Ba Ria - Vung Tau,Office Staff,43701645.71,2022-10-27,Affluent
C04726,Thành Lê,Female,1992-09-25,Binh Duong,Office Staff,13879842.45,2022-07-17,Mass
C04727,Quang Thế Nguyễn,Male,1997-01-14,Ho Chi Minh City,Sales,13005601.78,2022-07-11,Mass
C04728,Quý cô Lâm Đặng,Female,1982-05-24,Hue,Student,9286872.16,2024-06-07,Mass
C04729,Tùng Xuân Vũ,Male,1982-04-27,Khanh Hoa,IT Specialist,12221994.04,2020-05-05,Mass
C04730,Cô Dương Trần,Male,1979-06-17,Khanh Hoa,Student,32947720.94,2025-08-14,Affluent
C04731,Quý ông Khoa Bùi,Male,1985-12-14,Binh Duong,Government Employee,34576221.02,2024-09-16,Affluent
C04732,Khoa Mai,Female,1992-05-24,Khanh Hoa,Student,13138308.81,2018-05-21,Mass
C04733,Vi Phạm,Female,1984-11-21,Ba Ria - Vung Tau,Sales,24058264.79,2018-02-28,Affluent
C04734,Thành Phạm,Female,1974-12-06,Can Tho,Bank Employee,6259026.02,2022-09-04,Mass
C04735,Bà Thành Lê,Female,1998-02-20,Nam Dinh,Doctor,11610530.35,2026-05-11,Mass
C04736,Ông Dũng Nguyễn,Male,1985-12-06,Nam Dinh,Accountant,20833599.3,2019-02-18,Mass
C04737,Hưng Vũ,Male,2007-12-23,Khanh Hoa,Student,81621485.88,2023-12-26,Premium
C04738,Chị Xuân Phạm,Female,2008-08-21,Ho Chi Minh City,Engineer,12133549.97,2021-03-26,Mass
C04739,Bà Mai Mai,Female,1988-04-13,Bac Ninh,Business Owner,20940501.6,2025-11-06,Mass
C04740,Nhiên Đặng,Male,1988-10-18,Thanh Hoa,Accountant,47873188.1,2019-11-01,Affluent
C04741,Kim Phạm,Male,1984-06-28,Binh Duong,Freelancer,84021347.81,2025-11-20,Premium
C04742,Cô Hà Trần,Female,2006-01-18,Nam Dinh,Teacher,38009979.78,2025-02-22,Affluent
C04743,Quý ông Tú Mai,Male,2007-03-10,Can Tho,IT Specialist,51620051.05,2025-10-22,Affluent
C04744,Duyên Phạm,Female,1992-01-14,Dong Nai,Government Employee,18232737.53,2019-06-12,Mass
C04745,Cô Dương Phạm,Male,1996-01-06,Ho Chi Minh City,Government Employee,13184005.96,2018-08-25,Mass
C04746,Anh Hoàng Bùi,Male,1987-12-29,Binh Duong,Business Owner,11812298.19,2023-11-09,Mass
C04747,Quang Thị Bùi,Male,1994-10-10,Hai Phong,Student,13766887.55,2026-02-10,Mass
C04748,Yến Trần,Male,2000-11-06,Da Nang,Accountant,7858567.08,2026-05-21,Mass
C04749,Khoa Mai,Female,1976-12-04,Nghe An,Business Owner,15477934.76,2026-06-12,Mass
C04750,Bác Thành Trần,Female,1990-01-13,Hue,Bank Employee,21492552.58,2021-01-08,Mass
C04751,Quý ông Tùng Mai,Female,1993-03-18,Bac Ninh,Bank Employee,19064972.99,2018-01-16,Mass
C04752,Ngọc Lê,Female,1989-02-18,Quang Ninh,Doctor,8383318.91,2019-05-04,Mass
C04753,Cô Vi Nguyễn,Male,1970-01-03,Ha Noi,Freelancer,47113581.57,2022-09-05,Affluent
C04754,Thành Bùi,Male,1992-03-11,Quang Ninh,Office Staff,15477952.48,2021-08-14,Mass
C04755,Phương Lê,Male,1995-04-22,Can Tho,IT Specialist,16040372.29,2022-07-23,Mass
C04756,Mai Bùi,Female,2008-04-12,Thanh Hoa,Bank Employee,25775067.83,2022-06-21,Affluent
C04757,Châu Mai Bảo Vũ,Male,1980-04-05,Ba Ria - Vung Tau,IT Specialist,10995952.07,2019-12-07,Mass
C04758,Trọng Trần,Male,1988-02-26,Nam Dinh,Office Staff,7489721.91,2022-05-02,Mass
C04759,An Hoàng Bùi,Female,1970-04-19,Nghe An,Accountant,50024203.31,2019-06-28,Affluent
C04760,Trọng Phú Lê,Male,1993-09-03,Da Nang,Engineer,10415166.9,2021-12-16,Mass
C04761,Hương Vũ,Male,1979-08-13,Quang Ninh,Teacher,63439658.64,2021-05-24,Affluent
C04762,Hà Mai,Male,1980-01-17,Khanh Hoa,Freelancer,25662674.53,2021-04-27,Mass
C04763,Tú Mai,Male,2001-06-19,Bac Ninh,Government Employee,9008073.76,2023-12-29,Mass
C04764,Quang Phạm,Other,2004-09-21,Nghe An,Doctor,39959892.21,2023-04-09,Affluent
C04765,Phương Mai Bảo Đặng,Female,1989-09-01,Thanh Hoa,Office Staff,94102982.08,2022-07-31,Premium
C04766,Duyên Lê,Male,1981-11-21,Nam Dinh,Business Owner,18471364.38,2020-05-19,Mass
C04767,Lâm Xuân Lê,Female,2007-03-03,Ha Noi,Teacher,9737325.01,2025-10-12,Mass
C04768,Chị Hương Phạm,Male,1981-09-11,Nghe An,Freelancer,30417754.16,2020-07-03,Affluent
C04769,Bác Dũng Đặng,Male,1998-11-24,Dong Nai,Business Owner,47508530.76,2020-05-20,Affluent
C04770,Hà Quang Vũ,Male,2004-12-07,Ha Noi,Freelancer,31972434.8,2025-02-26,Affluent
C04771,Yến Vũ,Male,1986-11-28,Thanh Hoa,Freelancer,9816549.44,2024-06-16,Mass
C04772,Quý cô Nhật Nguyễn,Female,1982-07-28,Binh Duong,Business Owner,9833547.05,2019-09-19,Mass
C04773,Nam Tấn Phạm,Female,1975-08-12,Bac Ninh,Sales,11483318.83,2021-01-12,Mass
C04774,Quý ông Huy Bùi,Female,1983-05-06,Da Nang,Office Staff,15580420.55,2021-12-20,Mass
C04775,Vân Trần,Female,1997-03-22,Dong Nai,Student,5848506.67,2023-09-18,Mass
C04776,Nhật Lê,Female,1987-09-27,Khanh Hoa,Sales,12307484.48,2025-03-02,Mass
C04777,An Thị Phạm,Female,1983-12-16,Nam Dinh,Bank Employee,11085323.59,2021-10-11,Mass
C04778,Vân Phạm,Female,1994-11-15,Dong Nai,Government Employee,24236801.56,2025-05-18,Mass
C04779,Thành Hữu Hoàng,Female,2007-09-29,Quang Ninh,Student,15514721.03,2021-01-12,Mass
C04780,An Bùi,Male,1997-09-09,Dong Nai,Doctor,87431771.85,2021-12-20,Premium
C04781,Quý cô Hà Đặng,Female,1993-11-29,Dong Nai,Teacher,9058510.06,2021-02-22,Mass
C04782,Cô Lan Phạm,Female,1984-09-26,Thanh Hoa,Doctor,53119343.18,2019-09-22,Affluent
C04783,Dũng Đặng,Male,1985-08-16,Khanh Hoa,Student,12442155.56,2023-02-27,Mass
C04784,Ánh Bùi,Male,2001-01-01,Hue,IT Specialist,14379383.69,2022-02-05,Mass
C04785,Quý cô Khoa Trần,Female,1967-08-12,Ho Chi Minh City,Business Owner,10503027.32,2022-10-09,Mass
C04786,Quý ông Huy Mai,Female,1994-10-16,Nghe An,Student,9860387.36,2018-01-16,Mass
C04787,Chị Phương Vũ,Female,1996-07-27,Binh Duong,Freelancer,4590788.55,2025-03-12,Mass
C04788,Hưng Trần,Female,1986-03-16,Can Tho,Government Employee,27158291.85,2021-02-06,Affluent
C04789,Bà Xuân Mai,Male,2008-02-26,Quang Ninh,Doctor,15619546.84,2020-06-19,Mass
C04790,Vi Mai,Male,2002-02-23,Ha Noi,Student,10658657.59,2026-02-07,Mass
C04791,Anh Dũng Vũ,Female,1973-11-23,Dong Nai,Business Owner,7327842.4,2022-09-17,Mass
C04792,Quý cô Ánh Mai,Female,2007-05-03,Ba Ria - Vung Tau,Government Employee,13186107.54,2022-12-22,Mass
C04793,Quý cô An Phạm,Male,1978-10-05,Hue,Accountant,6916342.22,2024-08-15,Mass
C04794,Bà Duyên Trần,Male,1985-11-10,Ba Ria - Vung Tau,Bank Employee,14706013.46,2019-01-13,Mass
C04795,Hương Đặng,Female,2008-01-01,Ba Ria - Vung Tau,Engineer,15869231.65,2023-08-13,Mass
C04796,Ông Trọng Nguyễn,Male,1981-07-22,Ba Ria - Vung Tau,Accountant,31874693.56,2021-10-24,Affluent
C04797,Nhiên Quang Vũ,Female,1977-03-08,Khanh Hoa,Government Employee,17861831.2,2018-04-06,Mass
C04798,Nhiên Lê,Female,1989-07-17,Bac Ninh,Teacher,10246137.07,2019-08-15,Mass
C04799,Yến Dương,Male,2001-01-31,Hai Phong,IT Specialist,11843265.83,2024-06-30,Mass
C04800,Nhiên Lê,Male,1984-07-19,Ba Ria - Vung Tau,Teacher,10712858.49,2025-08-14,Mass
C04801,Khoa Bảo Hoàng,Female,2008-08-31,Ha Noi,Student,51211403.4,2026-07-22,Affluent
C04802,Hải Thế Mai,Female,1988-04-25,Binh Duong,Business Owner,31232546.64,2026-01-05,Affluent
C04803,Ông Minh Vũ,Female,1980-11-13,Thanh Hoa,Office Staff,20461194.86,2024-03-11,Mass
C04804,Bà Khoa Bùi,Male,2008-02-03,Thanh Hoa,Freelancer,13969814.95,2020-11-28,Mass
C04805,Chị Linh Hoàng,Male,2006-02-14,Hue,IT Specialist,14290504.95,2020-04-09,Mass
C04806,Hạnh Nguyễn,Female,1989-08-25,Binh Duong,Government Employee,14990414.06,2025-09-08,Mass
C04807,Nhiên Hoàng,Male,1996-02-13,Can Tho,Doctor,6229353.84,2018-09-29,Mass
C04808,Chị Xuân Phạm,Male,1995-08-30,Da Nang,IT Specialist,13836407.21,2024-04-03,Mass
C04809,Bảo Phạm,Female,1979-03-31,Nghe An,Freelancer,24625898.44,2025-01-12,Affluent
C04810,Hoàng Bùi,Male,1979-03-13,Binh Duong,Government Employee,9565389.74,2020-12-15,Mass
C04811,Khoa Thị Bùi,Female,1987-02-20,Hue,Doctor,10038661.28,2019-09-30,Mass
C04812,Vân Dương,Female,1987-10-19,Thanh Hoa,Accountant,16396433.18,2020-09-01,Mass
C04813,Quý cô Hải Trần,Female,2003-10-17,Hai Phong,Teacher,9458743.82,2025-01-31,Mass
C04814,Quý ông Nam Dương,Female,1987-11-30,Ha Noi,Bank Employee,71939332.51,2026-04-12,Affluent
C04815,Chị Hạnh Mai,Male,1999-12-26,Hai Phong,Teacher,64546650.59,2025-04-04,Affluent
C04816,Chị Linh Hoàng,Female,1968-01-15,Ho Chi Minh City,Accountant,33993003.24,2026-07-20,Affluent
C04817,Quang Trí Mai,Male,1994-07-26,Binh Duong,Office Staff,9418575.25,2023-06-24,Mass
C04818,Ánh Vũ,Male,1991-03-12,Hue,Student,22950328.08,2024-09-07,Affluent
C04819,Xuân Đặng,Male,1991-08-04,Ha Noi,IT Specialist,20263368.44,2020-06-17,Mass
C04820,Hải Đức Lê,Male,1997-07-18,Khanh Hoa,Government Employee,11030378.45,2024-03-16,Mass
C04821,Thành Văn Mai,Female,2008-06-02,Bac Ninh,Business Owner,39156509.84,2023-09-26,Affluent
C04822,Quý cô Khoa Đặng,Female,1988-02-23,Ho Chi Minh City,Business Owner,12270554.82,2023-02-04,Mass
C04823,Quý cô Hải Vũ,Female,1993-05-31,Can Tho,Sales,10831313.95,2023-07-04,Mass
C04824,Phương Bùi,Male,1985-01-16,Khanh Hoa,Accountant,34698729.8,2026-03-08,Affluent
C04825,Thành Bảo Trần,Female,1987-06-29,Da Nang,Sales,12937766.06,2018-02-24,Mass
C04826,Cô Vân Dương,Female,1978-02-22,Bac Ninh,Student,15208501.55,2019-12-01,Mass
C04827,Hà Trí Phạm,Female,1987-11-02,Ba Ria - Vung Tau,Doctor,20416723.83,2021-09-10,Mass
C04828,Nhiên Tấn Trần,Male,1986-09-13,Ho Chi Minh City,Sales,18946961.79,2018-05-15,Mass
C04829,Trung Vũ,Male,1983-11-10,Hai Phong,Government Employee,6298017.95,2024-10-07,Mass
C04830,Phương Trí Phạm,Female,1976-06-15,Nghe An,Business Owner,36448522.91,2021-02-21,Affluent
C04831,Minh Vũ,Male,1991-04-27,Da Nang,Government Employee,13241801.04,2019-03-05,Mass
C04832,Ánh Nguyễn,Female,1994-04-26,Hai Phong,Business Owner,37466856.65,2018-07-30,Affluent
C04833,Quý cô Lâm Nguyễn,Female,1996-10-07,Hai Phong,Teacher,166480650.5,2025-04-08,Premium
C04834,Dương Mai,Female,1992-09-07,Bac Ninh,Accountant,10496084.73,2022-12-24,Mass
C04835,Khoa Hữu Bùi,Male,2000-11-13,Dong Nai,Accountant,37939045.2,2023-12-27,Affluent
C04836,An Trần,Female,1988-09-14,Khanh Hoa,Bank Employee,13747476.29,2023-01-19,Mass
C04837,Phương Hoàng Trần,Female,2001-12-29,Ha Noi,Teacher,6851675.56,2021-05-24,Mass
C04838,Hải Phạm,Female,1983-11-18,Nam Dinh,Sales,20176757.06,2021-04-10,Mass
C04839,Nam Thị Trần,Male,2002-01-31,Khanh Hoa,Business Owner,20930576.89,2026-07-16,Mass
C04840,Phương Thị Hoàng,Female,1987-03-02,Can Tho,Accountant,99717882.52,2018-03-30,Premium
C04841,Vũ Vũ,Male,1995-06-13,Quang Ninh,Freelancer,7391460.47,2020-06-14,Mass
C04842,Nhật Đặng,Female,1980-01-20,Ho Chi Minh City,Doctor,27734195.68,2021-12-25,Affluent
C04843,Chi Bùi,Female,1999-01-19,Da Nang,IT Specialist,47130764.15,2019-10-19,Affluent
C04844,Chị Khoa Dương,Female,2007-10-04,Ho Chi Minh City,Teacher,7040276.3,2020-08-14,Mass
C04845,Hải Trí Nguyễn,Male,1991-03-16,Nghe An,Student,13297236.08,2018-06-04,Mass
C04846,Quang Đức Vũ,Male,1985-08-20,Da Nang,Government Employee,10797095.65,2025-11-28,Mass
C04847,Xuân Dương,Female,1962-11-16,Quang Ninh,Doctor,11080028.51,2021-05-14,Mass
C04848,Quý ông Trọng Vũ,Male,1993-03-26,Hai Phong,Government Employee,9078975.14,2026-04-15,Mass
C04849,Bảo Thị Dương,Male,1989-05-30,Khanh Hoa,Accountant,42091104.81,2018-04-09,Affluent
C04850,Quý cô Kim Lê,Female,1977-06-22,Nam Dinh,Business Owner,22388843.62,2023-04-13,Affluent
C04851,Bà An Mai,Female,1993-03-17,Quang Ninh,Student,14030771.94,2026-05-02,Mass
C04852,Nhật Dương,Female,1984-04-05,Nghe An,Business Owner,12027535.91,2025-01-12,Mass
C04853,Quý ông Hưng Lê,Male,1984-11-26,Hai Phong,Accountant,9040995.48,2018-01-13,Mass
C04854,Hạnh Nguyễn,Male,1973-07-17,Ba Ria - Vung Tau,Teacher,16984930.09,2025-06-14,Mass
C04855,Phương Đức Trần,Male,2004-12-14,Nghe An,Engineer,8236871.36,2021-03-20,Mass
C04856,Chị Mai Dương,Female,2002-08-11,Bac Ninh,Business Owner,42894304.41,2025-06-27,Affluent
C04857,Cô Xuân Lê,Male,2004-10-07,Ba Ria - Vung Tau,Office Staff,31691254.55,2020-11-11,Affluent
C04858,Quang Xuân Phạm,Female,1985-06-22,Can Tho,IT Specialist,34312107.53,2021-03-24,Affluent
C04859,Thành Đức Dương,Male,1988-07-30,Khanh Hoa,Student,25421804.43,2024-01-05,Affluent
C04860,Nhật Nguyễn,Male,1983-10-30,Ho Chi Minh City,Doctor,78248168.94,2026-08-23,Premium
C04861,Chị Dương Trần,Female,1994-07-17,Hue,Bank Employee,13041189.28,2026-05-27,Mass
C04862,Khoa Lê,Male,1988-11-07,Khanh Hoa,Accountant,35252698.07,2020-02-06,Affluent
C04863,Hồng Trần,Male,1999-06-27,Hue,Accountant,10805598.25,2019-05-20,Mass
C04864,Quý cô Mai Mai,Female,1990-03-24,Hue,Accountant,7415903.52,2018-11-16,Mass
C04865,Hoàng Mai Dương,Male,1996-04-24,Can Tho,Accountant,39316804.59,2021-02-12,Affluent
C04866,Thành Đức Phạm,Male,2005-09-13,Quang Ninh,Teacher,17988096.4,2025-11-02,Mass
C04867,Quý cô Hương Mai,Female,1977-05-22,Khanh Hoa,Freelancer,7760943.78,2018-10-24,Mass
C04868,Khoa Vũ,Female,1976-06-22,Can Tho,IT Specialist,94418549.28,2024-03-18,Premium
C04869,Yến Lê,Male,1986-03-03,Thanh Hoa,Sales,10085298.62,2018-03-08,Mass
C04870,Hưng Trí Bùi,Male,1980-02-17,Khanh Hoa,Engineer,13832758.13,2025-02-16,Mass
C04871,Minh Nguyễn,Male,1999-03-09,Hai Phong,Business Owner,7981177.44,2024-12-01,Mass
C04872,Kim Vũ,Male,2007-05-27,Dong Nai,Sales,12815895.95,2021-05-30,Mass
C04873,Hưng Phạm,Female,1984-04-03,Hue,Business Owner,15070582.09,2022-03-24,Mass
C04874,Anh Anh Trần,Female,1992-08-07,Nghe An,Accountant,8004131.86,2026-06-06,Mass
C04875,Nhật Đức Lê,Male,1998-06-12,Hai Phong,Freelancer,17961465.79,2026-06-01,Mass
C04876,Quý ông Minh Lê,Male,1995-11-07,Hue,Freelancer,12617728.14,2021-12-29,Mass
C04877,Cô An Lê,Female,2002-07-12,Ho Chi Minh City,Teacher,13500283.91,2022-12-02,Mass
C04878,Nhật Hoàng,Male,1996-05-20,Dong Nai,Engineer,17309510.66,2018-07-04,Mass
C04879,Cô Hải Phạm,Male,1981-12-29,Da Nang,Office Staff,82013823.09,2026-05-02,Premium
C04880,Minh Bùi,Female,1992-04-10,Hai Phong,Student,29666343.55,2020-05-03,Affluent
C04881,Bà Nhật Dương,Female,2006-05-14,Dong Nai,Business Owner,27061588.74,2020-11-13,Affluent
C04882,Anh Huy Phạm,Female,1988-03-13,Thanh Hoa,Teacher,13446884.91,2024-01-05,Mass
C04883,Cô Ánh Mai,Male,1989-10-03,Nam Dinh,IT Specialist,31970964.94,2020-08-14,Affluent
C04884,Bà Kim Nguyễn,Male,1980-04-04,Nam Dinh,Accountant,35673589.78,2025-10-20,Affluent
C04885,Quang Mai Nguyễn,Male,1982-10-19,Thanh Hoa,Business Owner,6450033.69,2020-03-21,Mass
C04886,Quý ông Thành Trần,Male,2008-08-12,Hai Phong,Business Owner,13253112.88,2024-08-06,Mass
C04887,Quý ông Hưng Bùi,Male,2006-01-08,Thanh Hoa,Freelancer,32838859.36,2020-05-25,Affluent
C04888,Anh Thành Mai,Male,1993-10-15,Ha Noi,Business Owner,20915632.81,2021-08-12,Mass
C04889,Cô Thành Nguyễn,Male,1986-02-21,Thanh Hoa,Bank Employee,12717224.18,2019-01-24,Mass
C04890,Phương Trí Trần,Female,1981-09-09,Can Tho,Government Employee,39091198.43,2023-08-19,Affluent
C04891,Chị Lâm Đặng,Male,1996-08-11,Can Tho,Student,17460186.39,2020-09-23,Mass
C04892,Phúc Quang Bùi,Male,2003-06-17,Khanh Hoa,Engineer,13437417.49,2018-09-23,Mass
C04893,Nam Tấn Mai,Male,2008-02-20,Thanh Hoa,Government Employee,12887875.68,2025-01-29,Mass
C04894,Ông Anh Bùi,Male,1988-09-26,Thanh Hoa,Government Employee,21577818.95,2023-02-12,Mass
C04895,Cô Phương Lê,Male,2007-11-19,Ho Chi Minh City,Accountant,9723991.07,2021-08-04,Mass
C04896,Khoa Lê,Male,1981-08-01,Da Nang,IT Specialist,38704011.01,2022-07-24,Affluent
C04897,Nhiên Hữu Dương,Female,1988-11-04,Binh Duong,Office Staff,8587083.48,2022-10-19,Mass
C04898,Vân Hoàng,Female,1996-10-30,Bac Ninh,Doctor,50848995.29,2026-02-03,Affluent
C04899,Quang Bùi,Male,1991-05-22,Quang Ninh,Student,39171755.74,2018-02-20,Affluent
C04900,Tùng Nguyễn,Male,1992-09-05,Quang Ninh,Doctor,7931377.43,2023-08-20,Mass
C04901,Chị An Đặng,Male,1980-04-17,Ho Chi Minh City,Student,122298299.69,2025-10-19,Premium
C04902,Duyên Phạm,Male,1965-04-25,Ba Ria - Vung Tau,Teacher,8410266.54,2026-04-23,Mass
C04903,Nhật Đức Mai,Male,1981-05-10,Dong Nai,Teacher,7582676.68,2022-08-02,Mass
C04904,Hoàng Vũ,Male,1989-08-12,Da Nang,Engineer,16889361.99,2026-04-14,Mass
C04905,Trọng Quang Trần,Female,2008-07-18,Ha Noi,Engineer,92129684.29,2022-07-04,Premium
C04906,Quang Dương,Male,1997-05-27,Bac Ninh,Student,9386022.32,2019-06-12,Mass
C04907,Ông Bảo Trần,Male,1986-07-27,Nam Dinh,Office Staff,17763515.22,2021-08-01,Mass
C04908,Phúc Hải Mai,Male,1991-12-07,Quang Ninh,Teacher,12894835.72,2018-07-13,Mass
C04909,Nhật Hữu Dương,Male,1989-07-24,Ho Chi Minh City,Office Staff,12007577.12,2025-06-09,Mass
C04910,Chị Ngọc Hoàng,Female,2002-09-07,Binh Duong,Engineer,17687572.25,2020-04-30,Mass
C04911,Bác Thành Trần,Male,1987-04-30,Bac Ninh,Doctor,13778579.43,2020-02-28,Mass
C04912,Nhật Dương,Male,1999-07-04,Da Nang,Teacher,10218292.64,2019-04-24,Mass
C04913,Quý ông Thành Mai,Female,1992-07-13,Bac Ninh,Student,7014384.77,2021-10-06,Mass
C04914,Quý cô Phương Dương,Female,2008-03-02,Ho Chi Minh City,Business Owner,9724464.99,2020-06-06,Mass
C04915,Chị Thành Mai,Male,1985-01-21,Hue,Business Owner,28772119.48,2021-05-05,Affluent
C04916,Quý cô Yến Nguyễn,Female,2002-02-23,Dong Nai,Office Staff,9022907.95,2024-07-18,Mass
C04917,Minh Văn Bùi,Female,1996-02-25,Bac Ninh,Business Owner,10602141.54,2018-08-12,Mass
C04918,Chị Thành Nguyễn,Female,1966-12-15,Da Nang,Doctor,17357485.77,2023-02-02,Mass
C04919,Nam Đặng,Female,1979-02-06,Ho Chi Minh City,Doctor,18063797.14,2024-06-04,Mass
C04920,Kim Tấn Dương,Female,2000-11-14,Da Nang,Teacher,7823085.44,2020-08-08,Mass
C04921,Ngọc Trần,Male,2003-08-14,Da Nang,Student,19143893.67,2022-04-21,Mass
C04922,Bà Phương Lê,Female,1997-03-09,Da Nang,Sales,7744105.6,2018-09-29,Mass
C04923,Quang Đức Vũ,Male,1995-03-17,Quang Ninh,Sales,32582208.96,2025-03-04,Affluent
C04924,Quý cô Nhật Hoàng,Female,1987-11-21,Ba Ria - Vung Tau,Accountant,13101667.43,2019-03-08,Mass
C04925,Lâm Trí Đặng,Male,2000-03-25,Bac Ninh,Doctor,15254680.7,2024-07-10,Mass
C04926,Phúc Phạm,Female,1998-07-12,Nam Dinh,IT Specialist,33396969.44,2021-01-14,Affluent
C04927,Bà Kim Phạm,Female,1983-03-18,Hue,Student,9585668.88,2020-08-13,Mass
C04928,Cô Linh Bùi,Male,1996-12-18,Khanh Hoa,Student,14761028.04,2022-07-29,Mass
C04929,Bà Hà Đặng,Male,1999-11-11,Ba Ria - Vung Tau,Freelancer,10487975.83,2021-10-20,Mass
C04930,Bà Nhật Dương,Female,1984-07-18,Nam Dinh,Doctor,64817510.71,2025-12-06,Affluent
C04931,Bà Kim Lê,Female,1984-03-20,Thanh Hoa,Freelancer,14158718.27,2019-02-27,Mass
C04932,Quý cô Khoa Phạm,Male,1985-08-24,Quang Ninh,Bank Employee,8242387.56,2025-03-26,Mass
C04933,Bà Vân Hoàng,Female,1989-03-03,Bac Ninh,Student,11875629.74,2020-07-08,Mass
C04934,Tú Hải Mai,Male,1987-06-18,Ho Chi Minh City,Business Owner,12499447.81,2021-09-07,Mass
C04935,Phương Bùi,Female,1986-02-27,Bac Ninh,Bank Employee,10760619.54,2022-08-19,Mass
C04936,Quang Văn Dương,Female,1990-03-16,Can Tho,Government Employee,7808139.0,2024-05-05,Mass
C04937,Thành Mai,Male,1993-11-09,Bac Ninh,Freelancer,19525052.64,2026-07-06,Mass
C04938,Nam Tấn Dương,Female,1986-11-02,Hai Phong,Accountant,11912452.56,2020-07-08,Mass
C04939,Anh Phạm,Female,1970-01-25,Hai Phong,Engineer,7452983.39,2023-10-12,Mass
C04940,Mai Vũ,Female,2002-10-10,Thanh Hoa,Engineer,21853380.94,2018-04-05,Mass
C04941,Hải Mai,Female,1990-06-19,Thanh Hoa,Teacher,11023204.9,2023-04-16,Mass
C04942,Hà Dương,Female,2004-09-27,Hai Phong,Business Owner,14035647.49,2022-10-02,Mass
C04943,Anh Hưng Phạm,Female,1984-12-25,Ba Ria - Vung Tau,Student,8181157.33,2019-07-28,Mass
C04944,Nhiên Hải Vũ,Male,1992-05-15,Khanh Hoa,Doctor,10670427.27,2019-05-17,Mass
C04945,Hương Đặng,Female,1988-03-14,Dong Nai,Doctor,8110577.43,2021-05-04,Mass
C04946,Quý cô Thảo Trần,Female,1977-02-22,Hue,Teacher,16534431.65,2021-02-12,Mass
C04947,Khoa Mai Trần,Female,1993-12-10,Binh Duong,Bank Employee,11124613.67,2025-11-17,Mass
C04948,Dũng Hoàng Trần,Male,1992-03-09,Bac Ninh,Doctor,9138521.91,2023-02-28,Mass
C04949,Chị Linh Hoàng,Male,1994-12-07,Binh Duong,Freelancer,10916899.71,2021-05-16,Mass
C04950,Quý cô Chi Mai,Male,1973-03-19,Binh Duong,Freelancer,16713604.99,2025-06-16,Mass
C04951,Lâm Bùi,Male,1979-10-30,Hai Phong,Teacher,13658753.72,2025-11-17,Mass
C04952,Bác Hưng Nguyễn,Female,2003-05-04,Khanh Hoa,IT Specialist,11826996.57,2022-08-07,Mass
C04953,Hoàng Trần,Male,1979-10-27,Ha Noi,Accountant,7725403.31,2024-03-05,Mass
C04954,Vũ Nguyễn,Male,1983-04-20,Bac Ninh,Freelancer,27053594.46,2019-03-06,Mass
C04955,Phúc Mai Bùi,Female,1979-08-12,Quang Ninh,Sales,53493320.85,2024-05-28,Affluent
C04956,Nhật Hoàng,Male,1988-03-12,Dong Nai,Student,16838750.91,2024-09-30,Mass
C04957,Ông Trọng Lê,Male,1997-12-06,Ha Noi,Engineer,15854588.98,2020-08-06,Mass
C04958,Ông Anh Đặng,Male,1983-05-19,Bac Ninh,IT Specialist,38180366.35,2022-09-14,Affluent
C04959,Chị Phương Mai,Female,1975-11-05,Dong Nai,Doctor,80612703.67,2021-01-25,Premium
C04960,Thành Xuân Lê,Female,1993-08-12,Nam Dinh,Office Staff,36016842.41,2024-02-13,Affluent
C04961,Tùng Bảo Bùi,Female,2002-05-18,Hai Phong,Student,12991987.61,2018-10-19,Mass
C04962,Linh Hoàng,Female,2008-01-20,Khanh Hoa,Doctor,17310975.75,2020-10-25,Mass
C04963,Nhật Mai Vũ,Female,1990-08-18,Hai Phong,Accountant,10000090.4,2021-03-04,Mass
C04964,Phúc Lê,Female,1999-10-03,Khanh Hoa,Bank Employee,11054128.63,2026-08-27,Mass
C04965,Bác Minh Đặng,Male,1983-04-29,Ho Chi Minh City,Teacher,41250769.0,2018-06-08,Affluent
C04966,Tùng Đặng,Male,1997-12-18,Binh Duong,Accountant,27154320.27,2019-05-03,Affluent
C04967,Thành Tấn Hoàng,Male,1982-12-31,Ha Noi,Student,74905792.51,2024-12-17,Premium
C04968,Phúc Mai,Female,1990-05-30,Nam Dinh,Teacher,12531190.48,2026-08-19,Mass
C04969,Bà Khoa Trần,Male,1987-01-21,Ba Ria - Vung Tau,Student,140960309.53,2021-05-23,Premium
C04970,Nhật Bùi,Female,2004-07-12,Ha Noi,Doctor,6147225.77,2018-11-02,Mass
C04971,Nam Trí Nguyễn,Male,1996-10-10,Thanh Hoa,Freelancer,205568959.94,2019-01-29,Premium
C04972,Ngọc Lê,Male,1967-12-11,Hai Phong,Doctor,60624627.33,2022-04-15,Affluent
C04973,Quang Phạm,Male,1993-04-20,Dong Nai,IT Specialist,6431233.6,2025-11-14,Mass
C04974,Cô Mai Lê,Female,2008-01-19,Hai Phong,Doctor,29111596.88,2025-11-29,Affluent
C04975,Thành Đặng,Male,1992-10-18,Nam Dinh,Office Staff,168244847.91,2021-05-27,Premium
C04976,Lâm Nguyễn,Female,1980-10-28,Binh Duong,Office Staff,12994139.23,2023-11-04,Mass
C04977,Dũng Mai Bảo Nguyễn,Female,1999-10-31,Hai Phong,Business Owner,8573137.81,2019-06-27,Mass
C04978,Quý cô Vân Lê,Female,1988-02-11,Binh Duong,Bank Employee,15315639.45,2019-07-14,Mass
C04979,Hạnh Vũ,Female,1985-10-13,Hai Phong,Freelancer,8354475.34,2022-11-22,Mass
C04980,Minh Mai,Male,1983-01-17,Da Nang,IT Specialist,13929034.69,2022-10-22,Mass
C04981,Kim Mai Bảo Lê,Male,2002-08-25,Bac Ninh,Government Employee,27661782.58,2018-11-23,Affluent
C04982,Anh Huy Dương,Male,1982-11-13,Thanh Hoa,Business Owner,11054405.24,2019-04-01,Mass
C04983,Bác Huy Lê,Female,1973-03-27,Hai Phong,Freelancer,122195460.31,2019-11-25,Premium
C04984,Lan Đặng,Male,1996-07-16,Hai Phong,Sales,11957212.94,2018-07-16,Mass
C04985,Bà Hạnh Phạm,Male,1990-06-04,Hai Phong,Sales,9299587.46,2018-07-30,Mass
C04986,Phương Phạm,Male,2000-10-26,Hue,Bank Employee,15338915.76,2018-09-30,Mass
C04987,Cô Nhật Lê,Male,1981-05-29,Binh Duong,Sales,14823743.18,2021-08-16,Mass
C04988,Cô Lan Phạm,Male,1973-11-06,Thanh Hoa,Student,9927274.98,2018-11-04,Mass
C04989,Cô Hải Vũ,Male,1971-11-18,Da Nang,Business Owner,8754643.61,2018-09-24,Mass
C04990,An Bùi,Female,2002-02-04,Khanh Hoa,Government Employee,6481299.57,2024-11-18,Mass
C04991,Xuân Trần,Male,1995-01-06,Ba Ria - Vung Tau,Sales,10060368.88,2024-10-12,Mass
C04992,Quý cô Thảo Dương,Male,1984-12-17,Khanh Hoa,Doctor,110247359.36,2018-05-06,Premium
C04993,Chị Nhật Mai,Male,2003-12-02,Ho Chi Minh City,Student,31110027.35,2022-11-08,Affluent
C04994,Bác Nam Mai,Male,1994-10-28,Ba Ria - Vung Tau,Accountant,6445053.02,2022-01-31,Mass
C04995,Quý cô Kim Mai,Female,2001-05-02,Ba Ria - Vung Tau,Teacher,27774101.13,2020-01-25,Affluent
C04996,Hải Dương,Male,1975-08-24,Thanh Hoa,Teacher,12831645.19,2019-06-30,Mass
C04997,Chị Thành Dương,Female,1983-04-03,Hue,Sales,7102055.33,2022-04-17,Mass
C04998,Bác Anh Đặng,Female,1977-02-05,Ha Noi,Bank Employee,18921377.58,2021-04-19,Mass
C04999,Châu Lê,Female,2007-10-30,Ba Ria - Vung Tau,Business Owner,9374992.73,2020-06-30,Mass
C05000,Bảo Thị Đặng,Male,1985-03-25,Nghe An,Bank Employee,129402223.8,2022-09-21,Premium
C05001,Cô Phương Dương,Female,1998-05-21,Ha Noi,Student,10783118.81,2019-02-25,Mass
C05002,Hải Hải Trần,Female,1997-09-30,Ho Chi Minh City,Accountant,12472833.59,2024-09-21,Mass
C05003,An Xuân Dương,Male,1977-05-20,Dong Nai,Engineer,9161792.93,2024-01-06,Mass
C05004,Hải Dương,Male,1979-02-07,Hue,Teacher,9127770.09,2026-01-28,Mass
C05005,Cô Nhật Phạm,Male,2000-04-04,Binh Duong,Bank Employee,15981227.72,2020-07-28,Mass
C05006,Quý cô Vi Phạm,Male,1980-07-22,Quang Ninh,Teacher,16165836.02,2021-03-08,Mass
C05007,Cô Thành Lê,Male,2005-05-10,Thanh Hoa,Sales,30434071.93,2023-11-25,Affluent
C05008,Chị Khoa Hoàng,Male,1980-11-29,Khanh Hoa,Freelancer,12175750.31,2018-01-06,Mass
C05009,Quý cô Xuân Lê,Male,2002-09-11,Can Tho,Government Employee,14087923.32,2024-10-15,Mass
C05010,Nhật Bùi,Female,1998-06-07,Da Nang,Engineer,59961669.48,2020-10-05,Affluent
C05011,Nhiên Quang Vũ,Male,1974-09-22,Binh Duong,Sales,14825382.55,2022-12-20,Mass
C05012,Chị Mai Lê,Female,1976-07-14,Dong Nai,Bank Employee,12275232.6,2019-06-22,Mass
C05013,Quang Hải Hoàng,Female,1982-10-02,Dong Nai,Accountant,20127937.05,2025-03-04,Mass
C05014,Bà Vân Vũ,Female,1987-10-29,Da Nang,IT Specialist,10974683.71,2018-06-17,Mass
C05015,Huy Trần,Female,2008-02-04,Nghe An,Doctor,11655870.0,2024-01-23,Mass
C05016,Quý ông Châu Phạm,Male,1981-08-29,Ha Noi,Business Owner,16707844.66,2021-03-24,Mass
C05017,Quý cô Hạnh Phạm,Female,1984-10-05,Da Nang,Doctor,9928922.54,2024-11-16,Mass
C05018,Duyên Đặng,Male,2008-07-26,Dong Nai,Government Employee,30168053.46,2019-01-27,Affluent
C05019,Anh Hoàng,Female,1994-05-21,Nam Dinh,IT Specialist,10755115.6,2023-02-04,Mass
C05020,Ông Phúc Dương,Male,1983-11-18,Quang Ninh,Government Employee,24044190.15,2018-12-15,Mass
C05021,Ông Phúc Hoàng,Female,1988-10-23,Nghe An,Freelancer,11123394.73,2022-04-29,Mass
C05022,Quý cô Hà Lê,Male,1993-04-09,Thanh Hoa,Government Employee,12533954.46,2018-04-13,Mass
C05023,Linh Phạm,Female,2000-06-06,Thanh Hoa,Government Employee,12515603.49,2019-04-18,Mass
C05024,Quý ông Tú Phạm,Female,1986-08-16,Bac Ninh,Bank Employee,12913803.42,2026-01-22,Mass
C05025,Bác Hoàng Hoàng,Male,1985-06-04,Binh Duong,Student,13967292.04,2024-06-16,Mass
C05026,Chị Lan Nguyễn,Male,2008-04-12,Nghe An,Sales,129013654.73,2023-07-13,Premium
C05027,Bảo Đặng,Female,1997-12-02,Khanh Hoa,Business Owner,8177307.52,2018-03-27,Mass
C05028,Nhật Thị Mai,Female,2003-05-11,Quang Ninh,Freelancer,39861484.01,2018-01-03,Affluent
C05029,Chị Ngọc Nguyễn,Female,1992-11-28,Hue,Freelancer,6660653.32,2025-09-25,Mass
C05030,Tùng Dương,Male,1985-07-18,Nghe An,Freelancer,22724999.6,2022-10-24,Affluent
C05031,Quý ông Quang Phạm,Male,1989-08-30,Can Tho,Office Staff,13044691.56,2022-09-18,Mass
C05032,Minh Phú Lê,Male,1981-06-08,Thanh Hoa,Business Owner,22387355.77,2018-06-27,Mass
C05033,Quý cô Xuân Nguyễn,Male,2006-04-20,Quang Ninh,IT Specialist,11781621.3,2020-07-01,Mass
C05034,Mai Nguyễn,Male,1993-12-20,Hai Phong,Business Owner,13967302.19,2024-03-10,Mass
C05035,Khoa Phạm,Male,1988-04-03,Bac Ninh,Bank Employee,10607013.83,2021-02-22,Mass
C05036,Hải Quang Hoàng,Male,1995-03-12,Khanh Hoa,Freelancer,8118527.95,2024-11-15,Mass
C05037,Tú Mai Trần,Female,1980-05-07,Nam Dinh,Business Owner,14092293.86,2023-08-06,Mass
C05038,Phúc Hoàng Hoàng,Female,1980-07-05,Da Nang,Office Staff,10764654.14,2025-07-29,Mass
C05039,An Lê,Male,1998-07-21,Ba Ria - Vung Tau,Business Owner,8227616.62,2021-05-19,Mass
C05040,Bà Hải Nguyễn,Female,1987-09-18,Nam Dinh,Engineer,8339297.84,2019-06-01,Mass
C05041,Hạnh Phạm,Male,1970-04-22,Da Nang,Doctor,60000000.0,2022-06-20,Premium
C05042,Bác Minh Phạm,Female,1987-04-20,Nghe An,Sales,20765766.66,2021-02-28,Mass
C05043,Duyên Phạm,Female,1983-12-10,Ba Ria - Vung Tau,Office Staff,12760984.74,2023-08-06,Mass
C05044,Duyên Bùi,Female,2001-03-21,Ha Noi,Teacher,7398575.15,2022-02-20,Mass
C05045,Ông Trung Hoàng,Male,1982-06-05,Dong Nai,Doctor,20329198.13,2019-08-15,Mass
C05046,Ông Trọng Trần,Female,1995-04-12,Ho Chi Minh City,Freelancer,8054533.67,2020-01-13,Mass
C05047,Quý cô An Lê,Female,2008-08-17,Da Nang,Bank Employee,8513379.24,2019-07-25,Mass
C05048,Cô Lâm Lê,Female,1992-06-09,Ha Noi,Business Owner,21001624.34,2019-07-27,Mass
C05049,Hải Dương,Female,1983-03-19,Quang Ninh,Student,13352271.78,2019-01-07,Mass
C05050,Nhật Trí Nguyễn,Male,1995-08-13,Thanh Hoa,Business Owner,79194266.15,2024-09-24,Premium
C05051,Khoa Trần,Male,1975-08-01,Ha Noi,Business Owner,12873425.39,2023-03-16,Mass
C05052,Hà Bùi,Female,2008-06-30,Ba Ria - Vung Tau,Engineer,9479843.17,2020-09-13,Mass
C05053,Hà Trí Lê,Female,2000-03-07,Hue,Freelancer,9911683.83,2018-01-21,Mass
C05054,Hương Hoàng,Male,1984-08-01,Binh Duong,Sales,33889817.38,2020-06-01,Affluent
C05055,Chi Lê,Male,1991-06-07,Khanh Hoa,Teacher,19003482.58,2021-05-22,Mass
C05056,Minh Mai Phạm,Female,1998-04-01,Ha Noi,Teacher,23043332.93,2022-09-09,Mass
C05057,Chị Ngọc Vũ,Male,1997-12-06,Ha Noi,Engineer,12380541.65,2025-03-18,Mass
C05058,Quý cô Hồng Đặng,Male,1994-03-25,Khanh Hoa,Doctor,12529719.05,2023-06-19,Mass
C05059,Cô Dương Lê,Male,1986-09-03,Ha Noi,Office Staff,13967720.43,2020-01-23,Mass
C05060,Bác Minh Trần,Female,1998-11-04,Da Nang,Accountant,8100181.86,2019-08-22,Mass
C05061,Bà Bảo Trần,Male,1963-04-19,Hue,Student,30269867.92,2021-02-24,Affluent
C05062,Hạnh Nguyễn,Female,1983-09-03,Nghe An,Student,6836201.16,2024-09-22,Mass
C05063,Hải Trí Đặng,Male,1994-02-14,Khanh Hoa,Freelancer,33689568.4,2019-08-08,Affluent
C05064,Duyên Đặng,Male,1985-05-11,Dong Nai,Sales,20000000.0,2020-06-08,Affluent
C05065,Chị Khoa Vũ,Male,1989-06-06,Hai Phong,Accountant,8024482.17,2023-04-04,Mass
C05066,Bảo Văn Hoàng,Male,1987-01-04,Dong Nai,Engineer,8349414.62,2022-03-24,Mass
C05067,Bà Linh Bùi,Male,2000-05-06,Binh Duong,Doctor,10904079.51,2026-04-20,Mass
C05068,Nhật Nguyễn,Male,2002-05-02,Dong Nai,Sales,10160113.3,2024-11-21,Mass
C05069,Bà Lan Hoàng,Female,2004-08-07,Ba Ria - Vung Tau,Engineer,6317332.16,2023-08-06,Mass
C05070,Ông Tú Phạm,Male,1979-03-05,Can Tho,Accountant,7623911.87,2021-11-12,Mass
C05071,Ông Hoàng Vũ,Male,1992-02-04,Ho Chi Minh City,Accountant,15617913.06,2018-04-19,Mass
C05072,Quý cô Xuân Đặng,Female,1997-07-12,Nghe An,Engineer,27324897.74,2025-04-08,Affluent
C05073,Tùng Phú Bùi,Male,1987-12-28,Ha Noi,Accountant,17746414.36,2026-02-02,Mass
C05074,Hoàng Phạm,Female,2003-07-13,Quang Ninh,Doctor,11385662.73,2019-04-12,Mass
C05075,Thảo Trần,Male,2007-11-13,Nghe An,Bank Employee,31105596.67,2018-04-09,Affluent
C05076,Cô Bảo Dương,Male,1990-02-01,Ho Chi Minh City,Accountant,8897657.37,2020-10-04,Mass
C05077,Hồng Trần,Male,1996-06-22,Ho Chi Minh City,IT Specialist,7330379.45,2021-12-28,Mass
C05078,Trọng Xuân Dương,Female,1990-08-28,Binh Duong,Teacher,17364009.37,2025-02-17,Mass
C05079,Quý cô Thảo Nguyễn,Female,2003-05-08,Ho Chi Minh City,Government Employee,9650131.4,2020-06-22,Mass
C05080,Cô Nhật Trần,Female,1985-08-23,Hai Phong,Business Owner,50348824.75,2024-10-19,Affluent
C05081,Kim Văn Bùi,Male,2007-09-18,Ha Noi,Office Staff,93471473.27,2020-09-29,Premium
C05082,Chị Lan Vũ,Male,1987-04-15,Dong Nai,Doctor,11578928.22,2024-01-13,Mass
C05083,Thành Đặng,Female,2007-10-08,Quang Ninh,Doctor,40677497.98,2018-10-27,Affluent
C05084,Phúc Nguyễn,Male,1974-05-28,Hue,Sales,12500120.23,2025-01-09,Mass
C05085,Bà Ngọc Phạm,Female,2002-03-20,Hue,Freelancer,10027307.42,2023-05-15,Mass
C05086,Hương Nguyễn,Female,1971-01-07,Can Tho,Business Owner,16500547.12,2025-05-23,Mass
C05087,Thành Mai Bảo Hoàng,Female,1982-10-21,Thanh Hoa,Accountant,13594306.35,2018-10-21,Mass
C05088,Bác Huy Vũ,Female,1998-04-10,Ba Ria - Vung Tau,Doctor,32956111.02,2019-07-26,Affluent
C05089,Thành Dương,Male,1991-08-14,Dong Nai,Business Owner,14545150.81,2018-05-05,Mass
C05090,Quang Thế Bùi,Female,1974-04-10,Quang Ninh,Student,17748925.83,2021-04-14,Mass
C05091,Chị Hạnh Dương,Male,2006-02-14,Binh Duong,Doctor,37432771.05,2022-02-19,Affluent
C05092,Bảo Vũ,Male,1982-07-24,Thanh Hoa,Teacher,128087588.88,2021-07-18,Premium
C05093,Quý ông Nam Trần,Female,1997-06-11,Dong Nai,Doctor,30000000.0,2022-02-05,Mass
C05094,Vân Nguyễn,Female,2005-04-22,Ba Ria - Vung Tau,Accountant,8213594.88,2022-08-10,Mass
C05095,Phương Trần,Male,1988-02-21,Nghe An,Business Owner,25173395.91,2019-10-17,Mass
C05096,Mai Nguyễn,Male,1999-12-10,Nam Dinh,Student,10933885.43,2019-05-08,Mass
C05097,Phương Hải Trần,Male,1979-03-12,Ho Chi Minh City,Teacher,11925212.97,2022-08-20,Mass
C05098,Quý ông Anh Trần,Female,1993-12-16,Hue,Sales,14627132.08,2021-09-29,Mass
C05099,Anh Huy Mai,Female,1988-07-22,Binh Duong,Bank Employee,17211198.11,2022-09-24,Mass
C05100,Vân Nguyễn,Female,1976-02-20,Ba Ria - Vung Tau,Accountant,38376641.47,2020-01-05,Affluent
C05101,Nhật Đặng,Female,1987-06-08,Can Tho,Sales,37321939.95,2024-11-19,Affluent
C05102,Ông Hoàng Hoàng,Male,1985-06-16,Nam Dinh,Bank Employee,35584112.24,2019-07-22,Affluent
C05103,Ánh Trần,Male,1990-12-13,Hai Phong,Business Owner,18241991.14,2025-05-14,Mass
C05104,Hưng Mai Trần,Male,1974-10-05,Quang Ninh,Teacher,22266474.87,2021-04-13,Affluent
C05105,Cô Hồng Dương,Female,1990-02-09,Nghe An,Student,75920930.66,2025-11-04,Premium
C05106,Lâm Nguyễn,Female,1993-10-10,Ha Noi,Business Owner,39492189.75,2023-07-12,Affluent
C05107,Anh Dũng Trần,Female,1983-02-10,Binh Duong,Teacher,11538189.9,2023-10-30,Mass
C05108,Ánh Vũ,Male,2007-10-29,Ha Noi,IT Specialist,8560346.74,2020-07-31,Mass
C05109,Minh Đức Dương,Female,1981-01-07,Quang Ninh,Engineer,4598625.26,2024-03-25,Mass
C05110,Trung Bùi,Female,1977-07-25,Dong Nai,Doctor,14401568.82,2025-03-27,Mass
C05111,Cô Nhật Phạm,Female,1976-07-19,Can Tho,Office Staff,32975910.35,2025-11-01,Affluent
C05112,Ngọc Hoàng,Female,2008-04-19,Hai Phong,Student,39823486.6,2023-06-23,Affluent
C05113,Bảo Phú Mai,Male,1976-02-22,Ha Noi,Accountant,16586005.24,2025-01-25,Mass
C05114,Bảo Bảo Bùi,Male,1998-07-22,Binh Duong,Government Employee,12369985.65,2018-01-18,Mass
C05115,Châu Nguyễn,Male,1996-07-23,Ba Ria - Vung Tau,Teacher,9008453.26,2018-07-20,Mass
C05116,Cô Vân Nguyễn,Female,1979-10-25,Nghe An,Business Owner,7891374.6,2021-01-04,Mass
C05117,Trung Hoàng Hoàng,Male,2000-05-24,Dong Nai,Government Employee,8153910.91,2026-06-11,Mass
C05118,Bảo Mai Vũ,Male,2007-02-10,Ho Chi Minh City,Freelancer,12630968.95,2023-09-18,Mass
C05119,Kim Bảo Lê,Male,1977-10-18,Nghe An,Freelancer,11248106.29,2026-02-12,Mass
C05120,Thành Hoàng,Female,2007-08-17,Can Tho,Doctor,16101094.3,2021-10-06,Mass
C05121,Phương Phạm,Female,1972-05-31,Khanh Hoa,Business Owner,28831696.77,2024-09-21,Affluent
C05122,Quý cô An Nguyễn,Male,1995-12-19,Da Nang,Accountant,14373523.53,2026-01-08,Mass
C05123,Thảo Bùi,Female,1973-08-10,Binh Duong,Doctor,10003796.78,2024-12-21,Mass
C05124,Kim Đức Vũ,Male,2005-08-13,Ba Ria - Vung Tau,Freelancer,128732631.37,2022-03-13,Premium
C05125,Nhiên Văn Trần,Male,1981-11-05,Ba Ria - Vung Tau,Office Staff,12025779.74,2021-09-21,Mass
C05126,An Dương,Male,1997-08-06,Thanh Hoa,Sales,47165452.25,2023-12-14,Affluent
C05127,Quý ông Tú Vũ,Female,1984-10-07,Ho Chi Minh City,Office Staff,9170155.27,2018-07-19,Mass
C05128,Ngọc Vũ,Male,1990-01-08,Can Tho,Government Employee,7476830.81,2026-06-30,Mass
C05129,Cô Ánh Hoàng,Female,1983-09-17,Nam Dinh,Business Owner,10947650.87,2018-09-08,Mass
C05130,Nhiên Nguyễn,Male,1995-05-16,Bac Ninh,Engineer,11862718.46,2022-04-26,Mass
C05131,Quang Quang Đặng,Female,1990-04-12,Hai Phong,Bank Employee,16413959.66,2021-09-14,Mass
C05132,Cô Hạnh Hoàng,Male,1983-11-15,Ho Chi Minh City,Engineer,11360738.3,2025-03-29,Mass
C05133,Vi Hoàng,Male,1982-04-30,Thanh Hoa,Sales,13806847.83,2018-07-24,Mass
C05134,Trọng Dương,Male,1994-11-17,Ho Chi Minh City,Office Staff,11487451.83,2022-07-10,Mass
C05135,Khoa Mai Bảo Phạm,Female,1992-04-23,Hue,Business Owner,14321302.58,2023-06-18,Mass
C05136,Lâm Dương,Female,1995-02-14,Nghe An,Business Owner,10467376.65,2024-10-27,Mass
C05137,Ông Huy Bùi,Male,1969-02-14,Dong Nai,Bank Employee,16673390.55,2024-10-19,Mass
C05138,Tú Bùi,Female,1998-12-19,Ho Chi Minh City,Student,14654332.09,2025-11-14,Mass
C05139,Hà Trí Phạm,Male,1989-08-17,Hai Phong,Sales,13762528.34,2022-05-14,Mass
C05140,Bác Hưng Dương,Male,1989-01-12,Hue,Engineer,18197451.84,2024-05-28,Mass
C05141,Bác Quang Phạm,Male,1987-03-21,Thanh Hoa,Sales,11742040.48,2025-12-29,Mass
C05142,Bà Kim Lê,Female,1978-11-01,Bac Ninh,Teacher,13020908.53,2023-05-06,Mass
C05143,Bà Duyên Hoàng,Female,1989-04-22,Binh Duong,Office Staff,13394103.34,2024-01-06,Mass
C05144,Khoa Dương,Male,1992-06-27,Nam Dinh,Sales,12038816.01,2018-10-02,Mass
C05145,Hương Vũ,Female,1997-02-27,Da Nang,IT Specialist,27938282.91,2024-02-13,Affluent
C05146,Quý cô Hải Lê,Male,2001-03-28,Bac Ninh,Doctor,7372172.95,2024-08-27,Mass
C05147,Mai Dương,Female,2000-01-14,Quang Ninh,Business Owner,11289952.69,2022-06-28,Mass
C05148,Vân Dương,Female,1989-08-16,Thanh Hoa,Student,10912979.41,2024-04-10,Mass
C05149,Cô Hà Bùi,Male,2007-10-16,Da Nang,Government Employee,56133005.27,2022-10-09,Affluent
C05150,Ánh Lê,Male,1979-01-31,Khanh Hoa,Doctor,14026138.12,2020-04-09,Mass
C05151,Dương Vũ,Male,1970-01-18,Da Nang,Doctor,8523518.36,2023-03-08,Mass
C05152,Phương Trần,Male,1970-03-26,Hue,Freelancer,8559841.92,2025-04-05,Mass
C05153,Bà Dương Hoàng,Male,1988-04-24,Hai Phong,Bank Employee,7683410.98,2026-04-14,Mass
C05154,Anh Tú Trần,Female,1990-07-11,Da Nang,Teacher,39298958.25,2022-02-27,Affluent
C05155,Ông Tùng Mai,Female,1992-02-27,Hai Phong,Doctor,15406103.39,2024-02-08,Mass
C05156,Minh Nguyễn,Male,1989-06-28,Ba Ria - Vung Tau,Office Staff,9994765.39,2024-04-30,Mass
C05157,Phương Bùi,Female,1997-07-29,Ba Ria - Vung Tau,Student,44639637.31,2025-03-01,Affluent
C05158,Khoa Mai,Male,1998-06-09,Nghe An,Student,46061108.14,2023-06-05,Affluent
C05159,Chị Hà Dương,Female,1977-02-08,Thanh Hoa,Student,60000000.0,2019-04-20,Premium
C05160,Minh Hải Hoàng,Male,1978-01-23,Nam Dinh,Teacher,24681515.28,2025-10-10,Mass
C05161,Bác Bảo Nguyễn,Female,1987-11-04,Nghe An,Accountant,14799392.23,2024-10-04,Mass
C05162,Cô An Vũ,Male,1979-02-22,Ba Ria - Vung Tau,Engineer,10897003.46,2018-07-16,Mass
C05163,Hồng Dương,Female,1988-05-14,Quang Ninh,Doctor,7575632.26,2021-04-03,Mass
C05164,Châu Quang Lê,Male,1988-10-21,Ha Noi,Sales,40641172.76,2023-06-04,Affluent
C05165,Quý cô Duyên Trần,Female,1984-10-15,Ho Chi Minh City,IT Specialist,153138091.85,2019-01-20,Premium
C05166,Trọng Bùi,Female,1998-10-02,Ba Ria - Vung Tau,Accountant,80812162.75,2025-08-08,Premium
C05167,Hải Trần,Female,1969-11-19,Thanh Hoa,Engineer,11384943.3,2025-12-17,Mass
C05168,Quý cô Hải Hoàng,Female,1988-04-07,Dong Nai,Accountant,11721832.58,2023-02-08,Mass
C05169,Phúc Hoàng,Male,2000-09-10,Khanh Hoa,Freelancer,56963278.58,2022-03-27,Affluent
C05170,Phương Trí Dương,Female,1996-06-03,Bac Ninh,Business Owner,24957201.16,2018-03-07,Affluent
C05171,Khoa Mai Bảo Nguyễn,Male,1995-03-29,Quang Ninh,Teacher,60000000.0,2021-02-27,Premium
C05172,Hưng Hoàng,Female,1997-10-21,Hue,Bank Employee,26177741.33,2020-03-14,Affluent
C05173,Quang Đức Vũ,Female,1983-11-20,Bac Ninh,Student,9480259.28,2018-12-28,Mass
C05174,Khoa Bùi,Female,1981-05-26,Bac Ninh,Freelancer,53244433.26,2023-02-22,Affluent
C05175,Thành Bùi,Male,1981-10-16,Nam Dinh,IT Specialist,11128626.46,2022-09-22,Mass
C05176,Chi Mai,Male,1989-08-06,Da Nang,IT Specialist,22150334.09,2024-07-31,Affluent
C05177,Chị Chi Vũ,Male,1992-04-17,Ha Noi,Student,27037276.4,2018-06-29,Affluent
C05178,Bà Yến Bùi,Male,1982-10-08,Binh Duong,Teacher,29528915.98,2018-05-06,Mass
C05179,Tú Mai Hoàng,Female,1985-07-28,Hue,Sales,5977530.95,2026-01-18,Mass
C05180,Bảo Thế Nguyễn,Male,1994-05-22,Binh Duong,IT Specialist,36310078.2,2024-09-14,Affluent
C05181,Nhật Thế Hoàng,Male,1989-12-23,Ba Ria - Vung Tau,Doctor,9291704.9,2021-03-29,Mass
C05182,Kim Hải Vũ,Female,1988-06-20,Da Nang,IT Specialist,24109303.67,2024-09-24,Affluent
C05183,An Đức Dương,Male,2001-05-08,Khanh Hoa,Accountant,15043346.86,2019-01-09,Mass
C05184,Hoàng Trần,Female,2002-03-18,Bac Ninh,Student,14487420.36,2022-08-20,Mass
C05185,Ông Hoàng Mai,Female,2006-03-15,Binh Duong,Business Owner,22255645.55,2020-09-10,Mass
C05186,Tú Hữu Lê,Female,1999-09-20,Ba Ria - Vung Tau,Doctor,11096429.05,2023-07-20,Mass
C05187,Bà Khoa Phạm,Female,1986-11-02,Hue,Accountant,9845693.65,2023-10-25,Mass
C05188,Hạnh Trí Nguyễn,Male,1989-03-16,Nghe An,Sales,14676997.96,2024-08-22,Mass
C05189,Bà Vân Bùi,Female,1980-01-24,Ho Chi Minh City,Teacher,15830378.0,2018-06-11,Mass
C05190,Cô Xuân Bùi,Female,1991-10-16,Ba Ria - Vung Tau,Student,11399682.78,2019-08-02,Mass
C05191,Bà Kim Dương,Male,1965-03-23,Ho Chi Minh City,Office Staff,16732749.11,2025-06-23,Mass
C05192,Quý cô Khoa Hoàng,Female,2001-09-22,Da Nang,Engineer,12427385.02,2024-04-10,Mass
C05193,Kim Nguyễn,Female,1994-05-12,Bac Ninh,Teacher,11444847.95,2019-04-15,Mass
C05194,Hà Vũ,Male,2003-11-01,Bac Ninh,Student,10388854.18,2025-03-26,Mass
C05195,Lâm Trần,Female,1971-06-29,Bac Ninh,Sales,41640404.24,2025-05-08,Affluent
C05196,Bà Dương Hoàng,Female,2008-03-17,Khanh Hoa,Student,50418849.81,2020-04-02,Affluent
C05197,Chị Nhật Bùi,Female,1979-08-22,Ba Ria - Vung Tau,Office Staff,10582024.86,2018-06-04,Mass
C05198,Lâm Phạm,Female,1983-01-09,Binh Duong,Freelancer,8882800.92,2018-09-28,Mass
C05199,Quý ông Nam Đặng,Female,1996-01-09,Hai Phong,Student,20275188.07,2021-06-22,Mass
C05200,Chị An Vũ,Female,1993-01-03,Ha Noi,Teacher,6237007.92,2020-08-02,Mass
C05201,Tùng Đức Bùi,Male,1991-05-14,Hai Phong,Sales,11674426.87,2024-09-24,Mass
C05202,Nam Xuân Đặng,Female,1976-11-21,Ho Chi Minh City,Office Staff,12060364.29,2020-07-31,Mass
C05203,Khoa Dương,Male,1995-05-21,Can Tho,Doctor,17299477.53,2022-09-05,Mass
C05204,Bà Hà Hoàng,Male,1989-06-01,Dong Nai,Accountant,9229443.1,2023-12-27,Mass
C05205,Kim Đặng,Female,1978-09-24,Nghe An,Engineer,12841579.02,2019-07-16,Mass
C05206,Ánh Phạm,Female,1990-02-26,Nghe An,Engineer,12770969.49,2026-07-15,Mass
C05207,Anh Nguyễn,Female,2002-02-08,Ba Ria - Vung Tau,Student,80972425.88,2026-08-17,Premium
C05208,Kim Quang Dương,Male,1990-10-02,Binh Duong,Sales,33014569.14,2020-06-21,Affluent
C05209,Ông Minh Lê,Male,1977-08-22,Ha Noi,Sales,12948742.75,2020-05-18,Mass
C05210,Trọng Mai,Female,1981-06-02,Ha Noi,Freelancer,12039525.44,2020-04-10,Mass
C05211,Vân Mai,Female,1978-11-24,Nghe An,Business Owner,117235096.28,2019-01-23,Premium
C05212,Ánh Bùi,Female,1990-08-01,Can Tho,Business Owner,11944340.51,2022-09-26,Mass
C05213,Anh Tú Vũ,Female,2001-01-31,Hue,Student,40748652.74,2025-04-06,Affluent
C05214,Nhật Vũ,Male,1991-08-11,Hue,IT Specialist,10066463.6,2025-09-27,Mass
C05215,Phương Đức Phạm,Female,1978-01-19,Thanh Hoa,IT Specialist,7747196.54,2019-05-29,Mass
C05216,Trọng Xuân Bùi,Female,1994-12-29,Dong Nai,Doctor,17194820.62,2020-08-25,Mass
C05217,Hạnh Bảo Hoàng,Male,1987-01-08,Ba Ria - Vung Tau,Bank Employee,11800666.64,2018-04-11,Mass
C05218,Quý cô Yến Hoàng,Male,1987-11-03,Hue,Bank Employee,12777701.86,2022-07-03,Mass
C05219,Bác Minh Bùi,Male,2007-07-10,Quang Ninh,Accountant,10619213.87,2022-12-24,Mass
C05220,Vũ Đặng,Female,1972-10-19,Nghe An,Office Staff,9527126.99,2025-09-18,Mass
C05221,Nhiên Đức Đặng,Male,1993-11-07,Hue,Engineer,80521310.87,2021-08-23,Premium
C05222,Hương Trần,Male,1990-12-26,Ba Ria - Vung Tau,Bank Employee,9784638.53,2026-01-04,Mass
C05223,Chị An Dương,Female,1984-11-27,Ha Noi,IT Specialist,12858002.04,2024-07-18,Mass
C05224,Quang Hữu Nguyễn,Male,1982-04-26,Khanh Hoa,Government Employee,8306823.14,2021-08-17,Mass
C05225,Tú Quang Dương,Male,1994-01-31,Thanh Hoa,IT Specialist,11088446.7,2021-08-14,Mass
C05226,Kim Nguyễn,Female,1985-01-24,Hue,Business Owner,9090948.34,2020-02-09,Mass
C05227,Quý cô Mai Bùi,Female,1980-03-30,Can Tho,Government Employee,18176909.98,2018-05-01,Mass
C05228,Quang Bảo Lê,Female,2000-10-02,Ba Ria - Vung Tau,Business Owner,10105715.32,2022-12-11,Mass
C05229,Phương Hoàng,Male,1996-03-17,Da Nang,IT Specialist,30000000.0,2020-02-11,Mass
C05230,Dũng Đặng,Female,1995-07-23,Khanh Hoa,Sales,57895270.32,2021-12-08,Affluent
C05231,Hồng Dương,Female,2003-12-31,Nghe An,IT Specialist,8486942.55,2019-04-13,Mass
C05232,Ngọc Nguyễn,Female,1998-04-27,Nghe An,Accountant,8925527.15,2025-04-22,Mass
C05233,Hoàng Vũ,Male,1993-09-10,Ha Noi,Student,9363641.64,2020-12-08,Mass
C05234,Phúc Nguyễn,Male,1999-10-06,Ho Chi Minh City,Teacher,18000001.63,2023-01-06,Mass
C05235,Thành Bùi,Female,1977-01-28,Da Nang,Bank Employee,16729279.11,2018-07-23,Mass
C05236,Tùng Hoàng,Female,1984-11-10,Ha Noi,Teacher,12395911.78,2018-03-15,Mass
C05237,Kim Mai Bảo Bùi,Male,1996-07-17,Da Nang,Bank Employee,8596039.06,2025-03-21,Mass
C05238,Linh Bùi,Female,1986-11-18,Ha Noi,IT Specialist,7957668.16,2024-05-30,Mass
C05239,Phúc Nguyễn,Female,2001-09-19,Hue,Bank Employee,17965015.61,2021-11-12,Mass
C05240,Dũng Bùi,Male,1970-07-08,Quang Ninh,Doctor,39383092.62,2022-07-30,Affluent
C05241,Châu Mai Đặng,Female,1978-08-07,Ho Chi Minh City,Government Employee,11010614.24,2019-11-20,Mass
C05242,Duyên Dương,Female,2005-09-23,Dong Nai,IT Specialist,14867337.85,2018-03-23,Mass
C05243,Dũng Phạm,Female,1984-05-24,Dong Nai,Teacher,35760667.91,2025-04-21,Affluent
C05244,Cô Hồng Lê,Female,1993-07-23,Nam Dinh,Student,46712473.85,2023-01-23,Affluent
C05245,Bà Thảo Bùi,Male,2001-02-02,Dong Nai,Student,9153016.04,2018-04-12,Mass
C05246,Bảo Xuân Bùi,Female,2002-04-16,Thanh Hoa,Student,12362246.44,2025-03-14,Mass
C05247,Khoa Thị Trần,Female,2002-04-27,Hue,Bank Employee,76056258.8,2022-02-14,Premium
C05248,Hải Tấn Hoàng,Female,1997-10-19,Dong Nai,IT Specialist,10953880.02,2026-01-29,Mass
C05249,Quang Thị Nguyễn,Male,2007-01-20,Dong Nai,Doctor,12371907.73,2021-05-29,Mass
C05250,Bảo Xuân Trần,Male,1977-03-30,Bac Ninh,Business Owner,12582772.67,2018-09-26,Mass
C05251,Chị Hạnh Lê,Male,1973-11-06,Hue,Government Employee,170505825.0,2025-06-07,Premium
C05252,Quý ông Châu Dương,Female,1982-04-07,Ba Ria - Vung Tau,Government Employee,12317816.31,2026-05-20,Mass
C05253,Thành Lê,Female,1990-01-17,Bac Ninh,Business Owner,15677656.88,2020-07-25,Mass
C05254,Trọng Quang Bùi,Female,1995-04-05,Ho Chi Minh City,Government Employee,60000000.0,2025-01-24,Premium
C05255,Hương Trần,Male,1985-03-05,Binh Duong,IT Specialist,8077097.84,2022-05-24,Mass
C05256,Bà Nhật Trần,Female,2001-01-08,Da Nang,Doctor,12000940.62,2025-06-08,Mass
C05257,Thành Mai,Female,1992-02-03,Da Nang,Government Employee,7320511.39,2023-09-12,Mass
C05258,Tùng Mai,Female,1989-05-08,Bac Ninh,Teacher,46767567.46,2025-04-18,Affluent
C05259,An Văn Mai,Male,2002-11-22,Nghe An,Doctor,18732796.58,2025-04-11,Mass
C05260,Hương Dương,Male,2008-05-27,Binh Duong,Student,25177987.49,2024-09-11,Mass
C05261,Nhật Mai Bảo Mai,Female,1995-01-01,Ha Noi,Sales,12627444.73,2026-02-13,Mass
C05262,Chị Hà Lê,Female,2008-04-18,Dong Nai,Office Staff,11741845.82,2026-01-31,Mass
C05263,Bảo Văn Vũ,Male,1988-07-06,Nghe An,Business Owner,11643521.3,2019-11-08,Mass
C05264,Anh Huy Vũ,Female,1997-09-27,Ha Noi,IT Specialist,8615897.72,2019-12-07,Mass
C05265,Quý cô Hà Lê,Female,1977-12-02,Dong Nai,Doctor,12130090.05,2025-10-25,Mass
C05266,Bảo Nguyễn,Male,1974-06-13,Ba Ria - Vung Tau,Student,9980546.27,2019-08-05,Mass
C05267,Bà Mai Dương,Female,1994-12-04,Da Nang,Business Owner,15964454.15,2021-11-15,Mass
C05268,Quang Bảo Đặng,Female,2007-10-13,Ha Noi,Doctor,7847495.79,2018-04-28,Mass
C05269,Phương Thị Dương,Male,1978-07-28,Da Nang,Government Employee,62576925.9,2019-03-27,Premium
C05270,Phúc Phú Vũ,Male,2007-10-18,Quang Ninh,Student,23078262.69,2018-01-20,Mass
C05271,Bà Bảo Trần,Male,2006-04-07,Ha Noi,Bank Employee,12798761.89,2024-04-22,Mass
C05272,Bà Xuân Vũ,Male,1990-06-18,Da Nang,Doctor,20000000.0,2019-07-25,Affluent
C05273,Anh Thị Nguyễn,Female,1992-12-01,Nam Dinh,Bank Employee,14039170.1,2025-09-04,Mass
C05274,Hạnh Thế Đặng,Male,1987-06-12,Dong Nai,IT Specialist,16463386.07,2026-07-04,Mass
C05275,Bảo Đặng,Male,1995-08-23,Dong Nai,Student,43341014.08,2019-02-16,Affluent
C05276,Chị Hà Trần,Male,1998-06-01,Ho Chi Minh City,Sales,7324633.02,2021-01-30,Mass
C05277,Chị Bảo Dương,Other,2005-07-06,Hue,Sales,7193429.14,2023-03-03,Mass
C05278,Tùng Hoàng,Female,1979-07-22,Nghe An,Accountant,22219627.25,2022-04-07,Affluent
C05279,Ông Bảo Dương,Female,1986-10-28,Da Nang,Engineer,10933518.71,2023-11-15,Mass
C05280,Lâm Hải Vũ,Male,1992-06-10,Nghe An,Doctor,19339878.41,2025-08-04,Mass
C05281,Quý cô Bảo Nguyễn,Male,1995-05-06,Da Nang,Engineer,14864371.82,2026-06-27,Mass
C05282,Quý cô Dương Lê,Male,1990-09-13,Dong Nai,Freelancer,33439652.28,2025-01-07,Affluent
C05283,Nhật Đặng,Male,1965-06-13,Da Nang,Engineer,7245909.04,2025-06-19,Mass
C05284,Dương Mai,Female,1976-05-04,Da Nang,Sales,15099308.49,2025-09-03,Mass
C05285,Vi Trần,Male,1996-02-12,Can Tho,Office Staff,57062297.91,2022-09-08,Affluent
C05286,Lâm Thị Vũ,Male,2008-06-25,Nghe An,Engineer,9997032.71,2020-03-29,Mass
C05287,Trung Thị Bùi,Male,2004-05-24,Hue,Engineer,117919663.16,2019-07-30,Premium
C05288,Bà Yến Mai,Female,2002-10-24,Da Nang,IT Specialist,13963950.31,2022-09-30,Mass
C05289,Bà Khoa Phạm,Female,1993-07-09,Dong Nai,Accountant,10146540.09,2019-02-20,Mass
C05290,Quang Thế Nguyễn,Male,1986-03-01,Ha Noi,Government Employee,10923201.24,2019-05-01,Mass
C05291,Ánh Trần,Female,2001-10-30,Thanh Hoa,Accountant,30000000.0,2024-08-10,Mass
C05292,Nhật Bùi,Female,1996-09-01,Hue,Freelancer,5522018.54,2024-10-07,Mass
C05293,Quý ông Minh Vũ,Female,2000-05-30,Ha Noi,Doctor,23930769.44,2024-09-14,Affluent
C05294,Kim Đặng,Male,1981-08-29,Hue,Student,13429920.36,2018-08-31,Mass
C05295,Bà Hạnh Vũ,Male,1986-09-18,Can Tho,Sales,31322645.1,2024-08-14,Affluent
C05296,Anh Đức Bùi,Female,1994-07-30,Ba Ria - Vung Tau,Bank Employee,31314107.99,2022-09-12,Affluent
C05297,Ánh Mai,Male,1990-10-22,Dong Nai,Engineer,139672941.87,2026-07-13,Premium
C05298,Bà Yến Trần,Male,1987-06-09,Binh Duong,Government Employee,40665574.96,2023-12-14,Affluent
C05299,Anh Bảo Mai,Female,1985-04-30,Nghe An,Sales,45635265.9,2019-01-06,Affluent
C05300,An Đặng,Female,1986-11-06,Quang Ninh,Office Staff,13605899.36,2024-10-25,Mass
C05301,Cô Lan Mai,Female,1977-03-15,Nam Dinh,Sales,9508066.83,2025-08-15,Mass
C05302,Bác Tùng Bùi,Male,2000-07-03,Dong Nai,Student,7923508.42,2020-10-05,Mass
C05303,Khoa Trí Hoàng,Male,1988-02-05,Da Nang,Sales,6272031.88,2023-03-27,Mass
C05304,Thảo Đặng,Male,1984-11-26,Hai Phong,Engineer,33872048.06,2021-04-14,Affluent
C05305,Anh Châu Trần,Female,1978-05-13,Ho Chi Minh City,Business Owner,9485227.53,2018-12-15,Mass
C05306,Bảo Lê,Female,1992-10-05,Bac Ninh,Bank Employee,17772953.16,2022-11-21,Mass
C05307,Thành Phạm,Female,1975-03-31,Bac Ninh,Engineer,28539878.41,2025-09-09,Affluent
C05308,Vi Trần,Female,1989-07-15,Ho Chi Minh City,Freelancer,13302517.35,2019-05-02,Mass
C05309,Nhật Đức Lê,Female,1986-08-11,Da Nang,Office Staff,10946340.17,2025-08-30,Mass
C05310,Hoàng Phạm,Female,1975-10-28,Ba Ria - Vung Tau,IT Specialist,6193562.4,2022-05-16,Mass
C05311,Quý cô Lan Mai,Female,1995-04-12,Dong Nai,Engineer,40033927.47,2020-05-25,Affluent
C05312,Chị Duyên Trần,Female,1985-01-17,Hai Phong,Accountant,19266586.2,2024-11-21,Mass
C05313,Cô Hải Mai,Male,1977-09-09,Can Tho,Government Employee,10858705.2,2024-12-08,Mass
C05314,Ông Thành Lê,Male,1976-08-17,Khanh Hoa,Government Employee,9346407.45,2024-05-12,Mass
C05315,Chị Vân Mai,Female,1980-04-24,Thanh Hoa,Doctor,22614459.83,2022-11-18,Mass
C05316,Yến Hoàng,Female,1977-08-09,Dong Nai,Office Staff,12452560.74,2024-05-02,Mass
C05317,Chị Lan Trần,Female,1994-02-13,Thanh Hoa,Office Staff,7027982.61,2021-04-11,Mass
C05318,Ánh Trần,Male,1986-12-04,Can Tho,Freelancer,25047722.2,2018-11-28,Affluent
C05319,Lan Phạm,Male,1999-06-23,Ha Noi,Business Owner,7910141.1,2018-07-29,Mass
C05320,Cô An Trần,Male,1996-07-03,Ha Noi,Teacher,34707549.81,2022-03-26,Affluent
C05321,Nhật Bảo Bùi,Female,1987-01-11,Bac Ninh,Government Employee,9725286.29,2024-11-15,Mass
C05322,An Nguyễn,Male,1979-06-19,Can Tho,Business Owner,11156639.7,2018-08-15,Mass
C05323,Quý ông Tú Nguyễn,Male,1999-04-23,Nghe An,Accountant,12989079.21,2022-06-13,Mass
C05324,Hạnh Phạm,Male,1968-11-10,Dong Nai,Office Staff,13493564.23,2024-10-12,Mass
C05325,Thành Quang Vũ,Female,1994-06-19,Nam Dinh,Accountant,7030762.58,2023-02-25,Mass
C05326,Xuân Phạm,Female,1993-05-03,Ho Chi Minh City,Engineer,13028398.74,2026-02-11,Mass
C05327,Dũng Phạm,Male,1995-02-27,Nghe An,Government Employee,6699427.17,2018-11-06,Mass
C05328,Khoa Mai,Female,1999-12-24,Ho Chi Minh City,Teacher,19965286.91,2018-10-21,Mass
C05329,Vi Dương,Male,1975-04-30,Hai Phong,Doctor,8798514.85,2022-03-18,Mass
C05330,Huy Mai,Male,1982-12-30,Nam Dinh,Teacher,7943914.59,2019-02-08,Mass
C05331,Chị Thành Vũ,Male,1974-11-05,Nghe An,Teacher,13075486.22,2020-08-24,Mass
C05332,Khoa Tấn Trần,Male,1979-12-29,Can Tho,Doctor,6583878.3,2018-11-11,Mass
C05333,Ngọc Phạm,Female,1982-10-26,Hue,Government Employee,11967812.18,2025-02-22,Mass
C05334,Chi Bùi,Male,1981-03-07,Binh Duong,Office Staff,16528900.25,2024-05-04,Mass
C05335,Cô Thành Vũ,Female,1989-10-20,Hai Phong,Bank Employee,78636685.75,2023-05-16,Premium
C05336,Nhiên Hữu Dương,Other,1982-03-25,Khanh Hoa,Office Staff,11749992.18,2023-09-22,Mass
C05337,Thành Nguyễn,Female,2000-04-27,Ho Chi Minh City,IT Specialist,8695914.94,2020-01-25,Mass
C05338,Hồng Bùi,Male,2007-09-18,Da Nang,Teacher,10037265.77,2025-11-02,Mass
C05339,Kim Đức Trần,Female,1978-09-11,Thanh Hoa,Office Staff,12770618.21,2022-11-12,Mass
C05340,An Bùi,Male,1995-12-19,Da Nang,Office Staff,44558585.12,2025-07-12,Affluent
C05341,Khoa Quang Trần,Female,1999-11-25,Da Nang,Engineer,12407228.49,2023-02-23,Mass
C05342,Bà Ngọc Dương,Male,1992-03-26,Hai Phong,Engineer,44216023.64,2024-07-20,Affluent
C05343,Tú Hữu Hoàng,Female,2007-11-15,Nam Dinh,Bank Employee,8911454.21,2020-11-29,Mass
C05344,Trọng Dương,Female,2008-02-26,Khanh Hoa,IT Specialist,10957759.08,2022-06-08,Mass
C05345,Vân Hoàng,Male,1977-03-21,Binh Duong,Engineer,10054297.21,2023-02-01,Mass
C05346,Linh Mai,Male,1996-08-22,Bac Ninh,IT Specialist,16281185.84,2025-09-04,Mass
C05347,Quý cô Hồng Mai,Female,1978-10-19,Dong Nai,Bank Employee,11633708.35,2022-08-28,Mass
C05348,Bà Vân Lê,Female,1983-03-02,Bac Ninh,Freelancer,8231535.42,2019-03-13,Mass
C05349,Phương Hữu Lê,Male,1975-03-16,Dong Nai,Accountant,66683660.28,2022-12-10,Affluent
C05350,Khoa Mai Nguyễn,Female,1985-09-22,Da Nang,Sales,5785707.1,2023-02-23,Mass
C05351,Quý cô Vân Mai,Male,1996-12-27,Binh Duong,Government Employee,14870739.83,2021-03-19,Mass
C05352,Nhật Mai,Female,1995-09-09,Quang Ninh,Student,18730929.54,2025-09-16,Mass
C05353,Ông Quang Nguyễn,Female,1984-05-10,Ho Chi Minh City,Accountant,75382864.33,2021-05-21,Premium
C05354,Nhiên Bảo Lê,Male,1990-03-17,Ba Ria - Vung Tau,Accountant,8776388.78,2022-10-04,Mass
C05355,Bảo Quang Hoàng,Male,1993-06-13,Ha Noi,Business Owner,80104568.69,2019-03-29,Premium
C05356,Quý ông Nam Hoàng,Male,1978-02-14,Hue,Engineer,25166427.64,2019-12-15,Mass
C05357,Chị Ngọc Trần,Female,2006-08-08,Da Nang,Teacher,6121339.53,2020-07-17,Mass
C05358,Quý cô Nhật Đặng,Male,1993-03-13,Nghe An,Student,7053057.11,2022-08-30,Mass
C05359,Anh Thành Nguyễn,Male,1990-09-20,Binh Duong,Business Owner,15596309.09,2022-03-25,Mass
C05360,Vũ Mai,Female,1973-12-22,Hue,Freelancer,12876381.55,2023-06-02,Mass
C05361,Vi Hoàng,Female,1993-06-14,Hue,Government Employee,6004276.28,2020-08-05,Mass
C05362,Hoàng Quang Dương,Male,1990-05-14,Nghe An,Doctor,12303172.93,2024-10-07,Mass
C05363,Dũng Tấn Trần,Female,1983-06-11,Hue,Student,9364592.43,2018-11-19,Mass
C05364,Quý ông Bảo Vũ,Female,1994-12-11,Quang Ninh,Student,60000000.0,2025-12-05,Premium
C05365,Hải Lê,Female,2007-11-29,Hai Phong,Bank Employee,8141159.93,2023-05-31,Mass
C05366,Bác Thành Hoàng,Female,2008-03-16,Da Nang,Freelancer,13500894.64,2018-09-21,Mass
C05367,Cô Hà Mai,Male,1996-05-19,Ha Noi,Accountant,29781188.1,2025-09-09,Affluent
C05368,Bà Hà Hoàng,Male,2001-08-13,Hai Phong,Government Employee,4000000.0,2019-06-10,Mass
C05369,Bảo Bảo Vũ,Female,1974-05-17,Thanh Hoa,Engineer,8455456.45,2018-03-25,Mass
C05370,Chị Bảo Hoàng,Male,1995-08-05,Thanh Hoa,Student,7211625.61,2022-06-29,Mass
C05371,Bác Minh Hoàng,Female,1980-02-03,Da Nang,Bank Employee,12617778.07,2024-11-15,Mass
C05372,Nhật Nguyễn,Female,2000-01-08,Ho Chi Minh City,Business Owner,31114662.72,2023-05-09,Affluent
C05373,Quang Vũ,Female,1971-12-15,Khanh Hoa,IT Specialist,11697408.82,2018-08-21,Mass
C05374,Cô Phương Đặng,Male,1992-07-25,Hai Phong,IT Specialist,8631541.67,2021-02-17,Mass
C05375,Quang Dương,Female,2008-03-03,Dong Nai,Sales,93799048.92,2021-12-28,Premium
C05376,Linh Bùi,Female,1987-08-17,Nghe An,Freelancer,17632807.2,2019-02-22,Mass
C05377,Cô Khoa Lê,Other,2008-09-24,Hue,Engineer,8093999.1,2025-02-01,Mass
C05378,Bà Nhật Nguyễn,Female,1996-10-05,Da Nang,Accountant,34963470.17,2019-01-23,Affluent
C05379,Yến Nguyễn,Other,1992-06-22,Binh Duong,Engineer,11499638.61,2023-03-04,Mass
C05380,Hải Bùi,Female,1986-03-31,Binh Duong,Sales,8747378.55,2019-12-31,Mass
C05381,Bà Hồng Vũ,Female,1980-03-07,Hai Phong,Accountant,13965849.17,2024-10-29,Mass
C05382,Chi Lê,Male,1994-01-26,Ba Ria - Vung Tau,Government Employee,21014747.37,2018-12-30,Mass
C05383,Chị Thảo Dương,Female,1973-06-21,Nghe An,Student,46303459.06,2025-04-09,Affluent
C05384,Chị Phương Hoàng,Female,2007-12-04,Ha Noi,Accountant,20853825.99,2019-11-14,Mass
C05385,Anh Văn Nguyễn,Female,1982-08-08,Dong Nai,Doctor,24219296.05,2018-02-23,Mass
C05386,Nhật Mai,Female,1977-03-02,Thanh Hoa,Sales,20849429.52,2025-08-30,Mass
C05387,Chị Nhật Vũ,Female,1981-08-08,Hue,Doctor,52455018.98,2025-10-01,Affluent
C05388,Anh Vũ Lê,Male,1969-08-08,Dong Nai,Doctor,12944886.02,2024-11-19,Mass
C05389,Hà Hữu Mai,Female,2008-04-13,Nam Dinh,Freelancer,10775718.7,2018-07-05,Mass
C05390,Nam Mai Bảo Trần,Male,1985-11-30,Binh Duong,Office Staff,12318686.1,2025-07-17,Mass
C05391,Vi Đặng,Male,2004-03-31,Can Tho,Business Owner,6780378.87,2021-09-25,Mass
C05392,Hương Trần,Female,1999-04-10,Can Tho,Accountant,44597148.78,2020-08-18,Affluent
C05393,Nam Xuân Dương,Female,1972-12-11,Nghe An,Engineer,16538736.81,2021-02-14,Mass
C05394,Hải Trần,Other,1979-06-17,Khanh Hoa,Bank Employee,11665330.05,2021-08-12,Mass
C05395,Phúc Bảo Trần,Female,2008-04-06,Hai Phong,IT Specialist,30532200.7,2018-10-13,Affluent
C05396,Yến Đặng,Female,1992-10-09,Can Tho,Teacher,10083881.72,2018-10-01,Mass
C05397,Quý cô Ngọc Hoàng,Female,1990-05-26,Binh Duong,IT Specialist,39955805.85,2020-01-06,Affluent
C05398,Chị An Nguyễn,Female,1981-08-12,Binh Duong,Student,89471688.02,2025-12-04,Premium
C05399,Ông Huy Hoàng,Male,2008-09-09,Hai Phong,Student,10134033.86,2020-08-13,Mass
C05400,Nam Văn Dương,Female,1990-05-23,Da Nang,Business Owner,18409915.82,2020-05-01,Mass
C05401,Vũ Mai,Female,1996-12-21,Nam Dinh,Sales,14357851.27,2021-07-09,Mass
C05402,Tùng Đặng,Male,1987-09-08,Khanh Hoa,Doctor,12185806.06,2026-08-28,Mass
C05403,Quang Lê,Female,1979-12-04,Hue,Government Employee,9522069.7,2021-10-15,Mass
C05404,Quý ông Nhiên Mai,Female,1996-11-17,Ha Noi,Bank Employee,11950120.5,2025-10-20,Mass
C05405,Quý cô Linh Lê,Female,1998-03-30,Ba Ria - Vung Tau,Freelancer,14335098.23,2019-07-10,Mass
C05406,Anh Dương,Female,1998-09-15,Nghe An,Student,12989133.49,2019-12-22,Mass
C05407,Kim Trần,Female,1992-02-10,Thanh Hoa,Bank Employee,37331066.09,2020-02-10,Affluent
C05408,Quý cô Lâm Vũ,Male,1996-08-15,Hue,Accountant,10657093.71,2018-09-30,Mass
C05409,Lâm Trần,Female,1989-06-15,Khanh Hoa,IT Specialist,12879446.25,2022-10-23,Mass
C05410,Thảo Đặng,Male,1991-02-01,Can Tho,Teacher,21797242.58,2025-05-14,Mass
C05411,Lan Đặng,Male,2001-05-03,Ha Noi,Student,34332311.02,2021-06-05,Affluent
C05412,Lâm Xuân Trần,Male,2008-07-03,Ho Chi Minh City,Teacher,39133250.62,2021-01-12,Affluent
C05413,Bác Trung Đặng,Male,2002-11-19,Nghe An,Student,10886223.17,2018-09-09,Mass
C05414,Bác Minh Phạm,Male,1995-05-30,Quang Ninh,Student,13239682.16,2021-07-04,Mass
C05415,Hoàng Bảo Mai,Male,1997-09-24,Hai Phong,Government Employee,9743005.62,2021-06-23,Mass
C05416,Hồng Vũ,Male,1975-07-13,Nam Dinh,Government Employee,38119200.24,2021-01-13,Affluent
C05417,An Bảo Dương,Male,1996-10-24,Ha Noi,Teacher,10991418.86,2020-09-29,Mass
C05418,Chị Yến Vũ,Female,1972-04-02,Ha Noi,Student,11051862.24,2022-12-05,Mass
C05419,Tùng Mai,Male,1997-10-07,Ba Ria - Vung Tau,Engineer,9441907.23,2026-04-02,Mass
C05420,Bà Lan Đặng,Female,1996-10-30,Hai Phong,Sales,9745761.25,2021-01-27,Mass
C05421,Quý cô Xuân Vũ,Male,2004-12-09,Nam Dinh,Engineer,8096538.43,2021-12-10,Mass
C05422,Bảo Thị Đặng,Male,1999-12-29,Khanh Hoa,Student,14760526.75,2020-02-28,Mass
C05423,Hưng Mai Dương,Male,1995-04-22,Nam Dinh,Bank Employee,11160715.4,2021-08-23,Mass
C05424,Hưng Bùi,Other,1976-10-21,Ho Chi Minh City,Freelancer,18881057.15,2020-01-04,Mass
C05425,Bảo Tấn Đặng,Male,1994-08-25,Ho Chi Minh City,Engineer,9622503.03,2020-03-28,Mass
C05426,Thành Bùi,Male,2000-04-20,Khanh Hoa,Business Owner,15292739.44,2024-06-25,Mass
C05427,Chị Khoa Lê,Female,1993-07-05,Ha Noi,Bank Employee,85675956.32,2020-09-17,Premium
C05428,Duyên Nguyễn,Male,1998-10-02,Hue,Accountant,9166205.51,2022-10-01,Mass
C05429,Dũng Đức Nguyễn,Female,1987-07-11,Khanh Hoa,Sales,7572348.5,2024-01-10,Mass
C05430,Bác Nam Hoàng,Male,1979-12-19,Nam Dinh,Engineer,29820458.01,2025-01-04,Affluent
C05431,Lâm Trần,Female,1992-06-26,Khanh Hoa,Bank Employee,7515476.02,2024-12-19,Mass
C05432,Hà Dương,Female,1991-04-30,Quang Ninh,Business Owner,10697331.52,2019-09-02,Mass
C05433,Hà Văn Lê,Male,1991-03-24,Hue,Bank Employee,20085632.62,2026-05-09,Mass
C05434,Khoa Mai Bùi,Male,1989-03-08,Bac Ninh,Doctor,27576123.46,2025-07-25,Affluent
C05435,Dương Lê,Female,1997-11-26,Bac Ninh,Doctor,14778930.7,2023-04-20,Mass
C05436,Cô Kim Hoàng,Male,1976-01-11,Hue,Accountant,38088921.58,2020-11-08,Affluent
C05437,Quang Tấn Vũ,Female,1983-01-19,Hue,Sales,42025197.48,2019-12-21,Affluent
C05438,Hải Lê,Male,1974-12-24,Quang Ninh,Accountant,60000000.0,2019-07-02,Premium
C05439,Xuân Trần,Female,1983-04-13,Ha Noi,IT Specialist,16932151.42,2021-10-24,Mass
C05440,Chị Nhật Đặng,Female,2005-09-18,Khanh Hoa,Sales,8801505.49,2026-07-07,Mass
C05441,Hưng Văn Lê,Female,1999-11-11,Ba Ria - Vung Tau,Government Employee,28126466.53,2022-03-09,Affluent
C05442,Nhật Thị Trần,Female,1996-01-30,Binh Duong,Bank Employee,37642318.34,2020-10-15,Affluent
C05443,Tú Tấn Phạm,Female,1980-11-30,Binh Duong,Accountant,17520429.24,2020-05-08,Mass
C05444,Bà Hải Hoàng,Male,2000-08-12,Binh Duong,IT Specialist,8928608.86,2018-07-03,Mass
C05445,Bảo Hoàng,Male,1976-08-04,Dong Nai,Government Employee,15048330.08,2018-01-19,Mass
C05446,Hưng Mai Vũ,Male,1989-12-04,Dong Nai,Freelancer,14162172.28,2019-07-13,Mass
C05447,Ánh Dương,Female,1991-02-12,Bac Ninh,Business Owner,123347313.0,2026-04-18,Premium
C05448,Nhật Phạm,Female,1993-11-06,Hue,Bank Employee,13183794.38,2022-11-12,Mass
C05449,Quý cô Khoa Mai,Male,2006-12-02,Nghe An,Freelancer,9432697.84,2023-02-15,Mass
C05450,Xuân Đặng,Male,1997-10-08,Hai Phong,IT Specialist,31281630.85,2025-03-16,Affluent
C05451,Nam Hải Trần,Male,2001-02-21,Khanh Hoa,Office Staff,9955910.36,2020-12-04,Mass
C05452,Ngọc Bùi,Female,2007-08-18,Hai Phong,Office Staff,124542917.65,2020-05-30,Premium
C05453,Trọng Phạm,Female,1991-05-23,Dong Nai,Student,60000000.0,2023-01-10,Premium
C05454,Nam Phạm,Male,2000-03-14,Thanh Hoa,Sales,13500370.77,2026-03-01,Mass
C05455,An Vũ,Male,1995-11-02,Da Nang,Engineer,9402514.36,2023-09-01,Mass
C05456,Hoàng Thị Phạm,Male,1991-09-23,Ho Chi Minh City,Engineer,13533468.79,2025-06-05,Mass
C05457,An Thế Trần,Male,2005-12-15,Ba Ria - Vung Tau,Student,14547972.23,2020-04-17,Mass
C05458,Phương Vũ,Male,1999-06-17,Da Nang,Freelancer,34812261.65,2022-11-17,Affluent
C05459,Lâm Đặng,Female,1991-04-19,Ha Noi,Business Owner,9978507.28,2018-03-10,Mass
C05460,Bà Thành Phạm,Female,2002-03-05,Hue,Student,10858154.43,2020-07-28,Mass
C05461,Nhiên Tấn Lê,Male,1973-05-01,Ha Noi,Teacher,23262568.17,2026-05-28,Affluent
C05462,Linh Bùi,Female,1972-07-08,Dong Nai,Government Employee,10957281.8,2023-04-16,Mass
C05463,An Nguyễn,Female,1990-01-02,Khanh Hoa,Teacher,25262846.99,2022-12-31,Affluent
C05464,Nhật Văn Nguyễn,Male,1999-09-14,Binh Duong,Teacher,10063230.86,2025-08-27,Mass
C05465,Khoa Bảo Mai,Female,2001-12-29,Da Nang,Student,91982928.78,2022-10-19,Premium
C05466,Hương Mai,Female,1995-03-24,Binh Duong,Business Owner,22935365.16,2018-10-20,Mass
C05467,Nhật Mai Dương,Female,2003-05-26,Nghe An,Bank Employee,12439144.7,2020-09-28,Mass
C05468,Hưng Phạm,Female,1988-03-09,Binh Duong,Government Employee,25387372.3,2025-07-12,Affluent
C05469,Bác Hoàng Phạm,Male,1983-04-23,Nghe An,Sales,10438409.2,2026-01-28,Mass
C05470,Bà Thảo Hoàng,Female,2008-09-17,Dong Nai,Engineer,42661759.0,2019-08-02,Affluent
C05471,Quang Văn Nguyễn,Male,2002-12-09,Hue,Freelancer,8316033.67,2024-11-05,Mass
C05472,Nhật Mai Bùi,Female,1983-10-05,Dong Nai,Business Owner,10627023.36,2023-08-26,Mass
C05473,Bà Thành Nguyễn,Female,1980-07-22,Ba Ria - Vung Tau,Student,18328638.52,2021-12-05,Mass
C05474,Chị Dương Đặng,Female,1998-01-31,Ha Noi,Doctor,15840160.57,2022-08-27,Mass
C05475,Hương Dương,Male,1999-06-24,Can Tho,Accountant,26219337.76,2021-05-30,Mass
C05476,Quý cô Linh Vũ,Female,1998-06-15,Ho Chi Minh City,Freelancer,17185005.91,2023-09-15,Mass
C05477,Quý cô Bảo Vũ,Female,1981-03-26,Can Tho,Student,38481376.93,2020-08-10,Affluent
C05478,Nhật Mai,Male,1998-08-26,Ho Chi Minh City,Teacher,11380683.95,2022-02-27,Mass
C05479,Phúc Hoàng,Male,2008-02-26,Hai Phong,IT Specialist,37437544.82,2026-05-01,Affluent
C05480,Dương Lê,Female,1987-02-17,Ba Ria - Vung Tau,Doctor,36430192.21,2023-01-03,Affluent
C05481,Chị Lâm Vũ,Male,2008-03-30,Thanh Hoa,IT Specialist,23942548.02,2019-12-10,Affluent
C05482,Tú Quang Nguyễn,Female,1999-07-24,Hue,Doctor,112374130.95,2022-12-26,Premium
C05483,Duyên Nguyễn,Female,1986-10-13,Ha Noi,Government Employee,11305940.81,2024-03-20,Mass
C05484,Hải Thị Đặng,Female,1983-11-30,Thanh Hoa,IT Specialist,8378943.38,2023-07-24,Mass
C05485,Cô Dương Mai,Female,1984-03-27,Khanh Hoa,Business Owner,14169140.37,2025-04-16,Mass
C05486,Phương Đức Phạm,Male,1986-05-11,Binh Duong,Government Employee,33139831.65,2019-07-21,Affluent
C05487,Lan Trần,Female,1970-07-03,Thanh Hoa,Student,14260951.54,2020-11-05,Mass
C05488,Kim Bùi,Female,2001-09-16,Dong Nai,Doctor,13089541.68,2023-03-23,Mass
C05489,Anh Hoàng Hoàng,Male,1982-02-04,Nam Dinh,Office Staff,9767579.04,2019-09-08,Mass
C05490,Thảo Đặng,Male,1979-02-03,Hue,IT Specialist,13716760.05,2021-06-16,Mass
C05491,Bác Nhiên Mai,Female,2008-04-02,Bac Ninh,Business Owner,13326997.19,2021-07-22,Mass
C05492,Bác Nhiên Lê,Female,1995-06-18,Ho Chi Minh City,Doctor,14482189.51,2024-08-06,Mass
C05493,Bảo Hoàng,Male,1980-09-19,Ho Chi Minh City,Student,12848323.89,2021-02-11,Mass
C05494,Hạnh Xuân Bùi,Female,1972-03-12,Da Nang,Accountant,11272422.32,2023-09-05,Mass
C05495,Mai Phạm,Male,1984-05-09,Can Tho,Business Owner,15905048.12,2023-11-22,Mass
C05496,Hải Xuân Nguyễn,Female,1992-04-15,Ho Chi Minh City,Bank Employee,15760040.55,2020-10-04,Mass
C05497,Quý cô Thành Đặng,Male,1997-07-01,Ba Ria - Vung Tau,Doctor,30832753.05,2019-06-18,Affluent
C05498,Cô Hạnh Dương,Female,2005-02-21,Ha Noi,Bank Employee,13057985.22,2025-07-11,Mass
C05499,Ông Trọng Lê,Female,1987-09-16,Nam Dinh,IT Specialist,18131463.7,2024-05-26,Mass
C05500,Xuân Dương,Female,1982-08-31,Ha Noi,Student,10861541.04,2021-06-14,Mass
C05501,Hà Đặng,Female,2002-10-25,Da Nang,Accountant,13962906.68,2024-09-23,Mass
C05502,Chị Nhật Mai,Female,1977-12-04,Nghe An,Freelancer,15630457.12,2022-06-23,Mass
C05503,Lan Phạm,Female,1979-08-26,Hai Phong,Government Employee,11142262.53,2021-07-27,Mass
C05504,Nhật Xuân Trần,Female,1996-02-15,Dong Nai,Business Owner,9271926.48,2018-11-10,Mass
C05505,Cô Thành Mai,Male,1991-04-30,Thanh Hoa,IT Specialist,11674417.05,2019-01-16,Mass
C05506,Phương Hoàng,Female,1987-11-07,Hue,Government Employee,11469055.01,2018-01-01,Mass
C05507,Ông Quang Hoàng,Male,1992-02-09,Can Tho,Freelancer,9143687.32,2025-07-12,Mass
C05508,Kim Trần,Female,1980-03-23,Nghe An,Teacher,35812732.27,2018-03-06,Affluent
C05509,Phương Bùi,Female,1991-10-04,Quang Ninh,Sales,9237824.47,2024-09-25,Mass
C05510,Bà Linh Mai,Female,2005-09-21,Nghe An,Bank Employee,18966876.53,2021-02-05,Mass
C05511,Nhật Hoàng,Female,1983-10-11,Bac Ninh,Student,6797367.5,2026-03-10,Mass
C05512,Nhiên Mai Dương,Male,1981-10-10,Quang Ninh,IT Specialist,16573003.22,2021-03-16,Mass
C05513,Cô Kim Mai,Female,1989-04-25,Nam Dinh,IT Specialist,20994184.34,2024-12-27,Mass
C05514,Yến Nguyễn,Female,1988-07-06,Ba Ria - Vung Tau,Teacher,7308356.47,2018-08-13,Mass
C05515,Quang Mai Bảo Mai,Male,1986-06-16,Ba Ria - Vung Tau,Engineer,13073936.99,2022-03-21,Mass
C05516,Cô Vân Bùi,Male,1997-01-26,Nam Dinh,IT Specialist,41571536.43,2020-05-23,Affluent
C05517,Quý cô Bảo Mai,Female,2008-08-13,Nam Dinh,IT Specialist,47111546.03,2023-08-12,Affluent
C05518,Dũng Vũ,Male,2000-05-20,Thanh Hoa,Business Owner,26046000.48,2019-06-10,Affluent
C05519,Dương Trần,Male,1992-04-18,Khanh Hoa,Business Owner,13963505.48,2018-03-10,Mass
C05520,Chị Nhật Dương,Female,1988-10-24,Quang Ninh,Student,9253260.18,2023-08-29,Mass
C05521,Cô An Lê,Male,1996-06-08,Binh Duong,Sales,63558023.66,2024-01-10,Premium
C05522,Bà Vân Lê,Female,1992-10-18,Can Tho,Accountant,17481865.3,2023-07-29,Mass
C05523,Chị Dương Lê,Male,1991-08-16,Bac Ninh,Engineer,141024817.83,2022-02-10,Premium
C05524,Thảo Trần,Male,1973-10-27,Bac Ninh,Office Staff,9767887.0,2023-10-07,Mass
C05525,Anh Dương,Male,1993-05-19,Ba Ria - Vung Tau,Accountant,67135027.01,2023-12-30,Affluent
C05526,Trung Lê,Female,1975-04-12,Bac Ninh,Freelancer,60000000.0,2024-01-13,Premium
C05527,Hà Bùi,Male,1986-07-11,Can Tho,Engineer,12002352.2,2024-10-03,Mass
C05528,Nhiên Hoàng Nguyễn,Male,1980-11-21,Dong Nai,Freelancer,9245750.88,2024-06-22,Mass
C05529,Cô Bảo Nguyễn,Female,1999-10-05,Ba Ria - Vung Tau,Bank Employee,28574846.76,2018-11-08,Affluent
C05530,Cô Thảo Lê,Female,1996-12-22,Hue,Sales,15962945.15,2023-10-27,Mass
C05531,Chị Lan Dương,Female,2003-08-05,Hue,IT Specialist,9650326.85,2024-12-17,Mass
C05532,Bác Hoàng Trần,Male,2007-12-28,Bac Ninh,Engineer,17071286.29,2021-06-28,Mass
C05533,Bà Yến Phạm,Female,1976-12-18,Hai Phong,Government Employee,31728839.55,2026-08-02,Affluent
C05534,Xuân Lê,Male,1994-09-04,Bac Ninh,Government Employee,14062818.32,2020-11-23,Mass
C05535,Kim Đặng,Female,1974-07-03,Nam Dinh,Teacher,39564461.79,2019-12-10,Affluent
C05536,Hồng Vũ,Male,1998-07-13,Hai Phong,Student,6809500.36,2022-02-24,Mass
C05537,Lâm Văn Nguyễn,Female,2003-05-30,Dong Nai,Office Staff,35777310.11,2026-04-01,Affluent
C05538,Trọng Hải Dương,Female,1998-07-05,Hai Phong,Government Employee,12847449.98,2023-04-19,Mass
C05539,Quý ông Quang Bùi,Female,1997-05-03,Hai Phong,Engineer,8285901.03,2022-07-03,Mass
C05540,Khoa Mai,Male,2003-05-26,Hai Phong,Sales,55927399.62,2021-12-30,Affluent
C05541,Chị Vi Trần,Male,1981-09-08,Hai Phong,Sales,21990002.82,2020-02-17,Mass
C05542,Dương Lê,Male,1985-04-30,Nam Dinh,Office Staff,10323363.8,2023-12-23,Mass
C05543,Kim Trần,Male,1975-10-08,Hai Phong,Office Staff,11861915.02,2026-04-21,Mass
C05544,Bác Thành Hoàng,Male,1987-11-24,Nghe An,Business Owner,11821478.84,2021-07-05,Mass
C05545,Ánh Lê,Male,2008-03-04,Can Tho,Student,21042914.58,2026-05-28,Mass
C05546,Cô Vi Nguyễn,Female,1985-04-21,Ba Ria - Vung Tau,Business Owner,13468380.07,2024-04-06,Mass
C05547,Quang Mai,Female,1991-07-01,Khanh Hoa,Freelancer,12706407.41,2022-07-24,Mass
C05548,Vũ Hoàng,Female,1996-11-29,Nam Dinh,Sales,14890291.5,2022-09-04,Mass
C05549,Kim Xuân Lê,Male,2005-08-18,Ba Ria - Vung Tau,Freelancer,37009276.27,2019-02-26,Affluent
C05550,Lâm Trần,Male,1984-08-12,Ba Ria - Vung Tau,Student,32974921.61,2025-03-09,Affluent
C05551,Nhật Văn Mai,Male,1985-11-23,Hai Phong,Office Staff,8481943.52,2026-06-15,Mass
C05552,Linh Bùi,Female,2000-10-06,Can Tho,Government Employee,13036559.01,2019-10-18,Mass
C05553,Huy Hữu Dương,Female,1983-07-29,Dong Nai,Student,6225810.72,2024-01-03,Mass
C05554,Hồng Phạm,Male,1985-01-20,Ba Ria - Vung Tau,Teacher,9922313.65,2018-12-09,Mass
C05555,Bảo Quang Hoàng,Female,1993-01-20,Da Nang,Bank Employee,7508797.83,2025-04-17,Mass
C05556,Thành Phú Nguyễn,Female,1999-11-19,Khanh Hoa,Accountant,147174699.95,2018-05-05,Premium
C05557,Nhiên Vũ,Female,1989-11-14,Nam Dinh,IT Specialist,10495370.02,2025-12-11,Mass
C05558,Khoa Nguyễn,Male,1992-10-01,Ha Noi,Sales,14241080.61,2019-07-24,Mass
C05559,Quý ông Thành Phạm,Female,1985-11-14,Ho Chi Minh City,Bank Employee,11688987.97,2019-06-15,Mass
C05560,Trọng Phạm,Female,1977-12-28,Ho Chi Minh City,IT Specialist,16853672.28,2020-04-04,Mass
C05561,Quý cô Linh Nguyễn,Male,1986-09-19,Ha Noi,Bank Employee,12231575.62,2020-12-30,Mass
C05562,Trọng Bùi,Female,1982-11-24,Thanh Hoa,Student,13395251.08,2020-02-23,Mass
C05563,Quý cô Lâm Lê,Female,1979-08-05,Quang Ninh,Freelancer,16440587.61,2021-04-24,Mass
C05564,Quý cô Bảo Bùi,Male,2002-09-08,Da Nang,Bank Employee,64766268.35,2025-03-16,Premium
C05565,Hà Vũ,Male,1998-07-18,Ba Ria - Vung Tau,Bank Employee,147765367.65,2022-06-25,Premium
C05566,Bà Lâm Bùi,Male,2008-03-18,Ha Noi,Business Owner,13777980.97,2019-12-12,Mass
C05567,Bà Hải Mai,Female,1987-07-03,Nam Dinh,Office Staff,18026330.06,2022-01-08,Mass
C05568,Anh Trí Trần,Female,1989-02-01,Nam Dinh,IT Specialist,60000000.0,2022-06-23,Premium
C05569,Vân Dương,Female,2000-11-24,Da Nang,Office Staff,24550921.89,2018-04-06,Affluent
C05570,Nhật Hoàng,Male,1996-08-20,Ho Chi Minh City,Government Employee,92945152.31,2024-07-21,Premium
C05571,Bảo Hải Vũ,Female,2003-02-19,Hue,Student,20078274.23,2018-05-25,Mass
C05572,Hải Hoàng,Male,2005-03-14,Da Nang,Bank Employee,52414280.81,2022-11-03,Affluent
C05573,Hạnh Hải Phạm,Female,1977-06-16,Nghe An,Government Employee,16433345.66,2023-09-15,Mass
C05574,Quang Trí Vũ,Female,1998-02-17,Can Tho,Accountant,13528038.5,2025-10-26,Mass
C05575,Anh Quang Nguyễn,Female,2004-11-19,Khanh Hoa,Doctor,16506002.66,2022-05-14,Mass
C05576,Tùng Hải Phạm,Female,1991-09-07,Hue,Bank Employee,10398323.33,2019-07-20,Mass
C05577,Bà Mai Nguyễn,Female,2004-09-18,Ba Ria - Vung Tau,Engineer,60000000.0,2026-02-25,Premium
C05578,Cô Hương Đặng,Female,2001-12-20,Hue,Office Staff,48871163.55,2023-05-29,Affluent
C05579,Quý ông Nam Đặng,Female,1995-05-14,Ho Chi Minh City,IT Specialist,33266450.76,2018-11-23,Affluent
C05580,Quang Dương,Female,1982-11-24,Ha Noi,Doctor,22576075.9,2020-04-29,Mass
C05581,Nhật Đức Dương,Male,1976-05-28,Binh Duong,Government Employee,8538534.58,2026-08-01,Mass
C05582,Bảo Hữu Hoàng,Male,2008-05-26,Nghe An,Teacher,256984530.28,2024-05-21,Premium
C05583,Dũng Phạm,Male,1966-09-02,Khanh Hoa,Student,37035767.7,2020-11-29,Affluent
C05584,Quang Bảo Đặng,Male,2003-12-16,Can Tho,Office Staff,147004147.34,2020-08-13,Premium
C05585,Bác Thành Bùi,Male,1992-07-29,Nghe An,Doctor,11534738.91,2019-01-16,Mass
C05586,Hà Bảo Phạm,Female,1981-03-10,Thanh Hoa,Doctor,13489853.51,2024-04-30,Mass
C05587,Hoàng Trần,Male,2004-06-08,Quang Ninh,Bank Employee,31751040.01,2023-07-15,Affluent
C05588,Bà Hạnh Đặng,Male,1982-12-25,Nam Dinh,Government Employee,40789460.55,2022-07-13,Affluent
C05589,Vân Nguyễn,Female,1988-01-07,Can Tho,Accountant,46310788.54,2021-09-20,Affluent
C05590,Trọng Thế Mai,Male,1993-10-29,Quang Ninh,Freelancer,36927221.68,2022-02-14,Affluent
C05591,Thành Lê,Female,2007-10-25,Nghe An,Bank Employee,10252576.93,2019-10-13,Mass
C05592,Khoa Trí Đặng,Female,1982-07-13,Can Tho,Government Employee,31131797.4,2026-07-11,Affluent
C05593,Nhiên Hữu Bùi,Female,1996-01-06,Bac Ninh,Teacher,8334454.91,2020-05-08,Mass
C05594,Bảo Lê,Male,1979-01-18,Nghe An,Sales,14539495.81,2026-02-27,Mass
C05595,Lâm Nguyễn,Male,1981-03-03,Thanh Hoa,Accountant,6558302.23,2023-08-20,Mass
C05596,Bác Hoàng Phạm,Male,1992-03-12,Nam Dinh,Sales,32179022.31,2020-06-15,Affluent
C05597,Nhiên Đức Vũ,Male,1994-05-18,Can Tho,Business Owner,9672598.68,2024-06-12,Mass
C05598,Quý cô Hà Vũ,Male,1994-07-19,Hai Phong,Doctor,16155851.79,2020-04-01,Mass
C05599,Dương Vũ,Male,2008-01-28,Da Nang,Sales,22352983.87,2025-12-14,Mass
C05600,Chị Vi Lê,Male,1984-11-17,Quang Ninh,Government Employee,34558325.57,2023-06-25,Affluent
C05601,Hà Thế Đặng,Male,1980-10-08,Thanh Hoa,Business Owner,7219346.88,2025-09-10,Mass
C05602,Trung Nguyễn,Male,1997-11-10,Nam Dinh,Government Employee,11502107.14,2019-10-03,Mass
C05603,Quý ông Quang Dương,Male,1975-04-25,Dong Nai,Engineer,34515175.16,2025-04-24,Affluent
C05604,Cô Xuân Nguyễn,Male,1985-11-23,Khanh Hoa,IT Specialist,9762553.56,2021-10-02,Mass
C05605,Vân Trần,Male,1984-11-25,Hue,Sales,57888569.05,2018-10-22,Affluent
C05606,Bác Phúc Lê,Female,1979-11-12,Hue,Business Owner,34155077.77,2024-11-09,Affluent
C05607,Hà Đặng,Male,1983-01-07,Khanh Hoa,Accountant,14688099.14,2026-02-07,Mass
C05608,Ông Tùng Vũ,Male,1985-09-09,Khanh Hoa,Doctor,17709307.1,2023-08-28,Mass
C05609,Phúc Hoàng Đặng,Female,1978-09-05,Binh Duong,Engineer,11477643.97,2020-02-25,Mass
C05610,Phúc Bùi,Female,1983-08-23,Dong Nai,Student,10494207.39,2023-05-02,Mass
C05611,Bác Anh Dương,Female,2001-07-13,Quang Ninh,Business Owner,10919867.49,2023-11-18,Mass
C05612,Hương Dương,Male,1990-12-30,Dong Nai,Student,6708351.91,2026-08-30,Mass
C05613,Chị Ánh Nguyễn,Female,1981-07-12,Thanh Hoa,Accountant,4555533.97,2018-07-19,Mass
C05614,Thành Trí Phạm,Female,1961-01-17,Dong Nai,Business Owner,20298852.28,2025-10-14,Mass
C05615,Quý ông Bảo Lê,Male,1993-08-21,Dong Nai,Bank Employee,35099116.87,2018-05-18,Affluent
C05616,Kim Tấn Bùi,Male,1987-06-22,Bac Ninh,Business Owner,9763984.0,2018-10-22,Mass
C05617,Chị Chi Nguyễn,Female,1988-04-16,Binh Duong,Doctor,11410188.19,2020-09-18,Mass
C05618,Hạnh Nguyễn,Male,1992-01-07,Hue,Accountant,107528358.35,2023-06-14,Premium
C05619,Xuân Đặng,Male,2005-04-05,Da Nang,Business Owner,12167349.01,2018-03-06,Mass
C05620,Quý cô Phương Trần,Male,1988-12-08,Quang Ninh,Accountant,12553556.57,2022-11-27,Mass
C05621,Xuân Đặng,Male,1993-05-19,Ba Ria - Vung Tau,Student,49239955.34,2022-07-09,Affluent
C05622,Minh Thị Nguyễn,Female,1994-07-24,Thanh Hoa,Teacher,12993779.17,2021-09-24,Mass
C05623,Xuân Lê,Female,1976-03-18,Ba Ria - Vung Tau,Student,34176395.63,2021-05-09,Affluent
C05624,Anh Hoàng Trần,Female,1988-09-01,Hai Phong,Freelancer,11601936.54,2025-12-20,Mass
C05625,Phúc Đặng,Female,1977-04-11,Hue,IT Specialist,32395861.82,2025-08-28,Affluent
C05626,Anh Tú Bùi,Male,1976-01-24,Da Nang,Student,11572723.27,2018-12-17,Mass
C05627,Duyên Vũ,Female,2000-04-01,Da Nang,Student,42912364.99,2025-04-12,Affluent
C05628,Cô Vi Phạm,Female,1994-06-13,Nghe An,Doctor,42161114.18,2025-07-21,Affluent
C05629,Phương Quang Dương,Female,2008-04-07,Binh Duong,Sales,12021882.03,2019-01-01,Mass
C05630,Cô Lâm Trần,Female,1996-03-18,Quang Ninh,Accountant,8271088.41,2024-10-23,Mass
C05631,Quý cô Duyên Đặng,Male,1997-01-30,Ho Chi Minh City,Government Employee,9816950.65,2026-05-24,Mass
C05632,Hoàng Hữu Lê,Male,1991-02-17,Nghe An,Freelancer,23223161.54,2018-04-02,Affluent
C05633,Duyên Lê,Female,1987-04-12,Hai Phong,Bank Employee,52731473.48,2024-04-23,Affluent
C05634,Anh Quang Lê,Female,1987-08-14,Khanh Hoa,Government Employee,15927587.41,2023-06-03,Mass
C05635,Trọng Phú Phạm,Male,1978-09-01,Quang Ninh,Freelancer,18498284.15,2021-02-09,Mass
C05636,Chị Lan Lê,Male,1970-05-04,Khanh Hoa,Teacher,10076298.17,2025-07-16,Mass
C05637,Anh Trọng Phạm,Male,1998-05-13,Khanh Hoa,Government Employee,15785939.31,2026-07-08,Mass
C05638,Cô Hạnh Đặng,Female,1983-06-02,Nghe An,Bank Employee,15742955.65,2024-05-25,Mass
C05639,Anh Quang Phạm,Male,1970-02-25,Thanh Hoa,Accountant,12047848.76,2021-07-31,Mass
C05640,Chị Kim Bùi,Female,1986-09-16,Thanh Hoa,Office Staff,8514501.44,2021-05-26,Mass
C05641,Phương Đặng,Female,1967-05-28,Ho Chi Minh City,Student,10666584.67,2021-06-07,Mass
C05642,Chi Bùi,Male,1994-02-23,Nghe An,IT Specialist,10628554.37,2019-02-22,Mass
C05643,An Mai,Male,1998-03-05,Dong Nai,Freelancer,9296181.11,2019-07-31,Mass
C05644,Ông Minh Lê,Female,1995-12-08,Nam Dinh,Freelancer,23233827.14,2018-08-09,Affluent
C05645,Khoa Mai Bảo Trần,Male,1998-10-11,Bac Ninh,Business Owner,62805144.88,2021-11-17,Affluent
C05646,Chị Kim Nguyễn,Male,1981-12-06,Thanh Hoa,IT Specialist,16592870.44,2018-07-28,Mass
C05647,An Dương,Female,1978-08-11,Hai Phong,Sales,22802125.32,2023-03-09,Mass
C05648,Bảo Bùi,Male,2008-06-03,Dong Nai,Business Owner,7802526.25,2020-12-12,Mass
C05649,Thành Mai,Male,1999-08-26,Binh Duong,Bank Employee,10180775.85,2024-01-07,Mass
C05650,Chị Yến Trần,Male,1994-07-06,Da Nang,Sales,10262171.93,2023-08-12,Mass
C05651,Quý ông Anh Mai,Male,1988-05-26,Hai Phong,Doctor,12149160.06,2025-04-08,Mass
C05652,Thành Dương,Female,1997-11-11,Thanh Hoa,Business Owner,5603910.05,2023-12-28,Mass
C05653,Bà Chi Vũ,Male,2000-11-02,Da Nang,IT Specialist,9901369.9,2025-06-17,Mass
C05654,Chị Lâm Phạm,Male,1993-06-03,Binh Duong,Teacher,8081059.89,2022-03-08,Mass
C05655,Chị Bảo Mai,Male,1996-09-22,Binh Duong,Bank Employee,24929500.09,2021-11-10,Affluent
C05656,Dương Trần,Male,1991-12-01,Nam Dinh,IT Specialist,8242673.0,2023-08-17,Mass
C05657,Anh Lê,Male,2000-03-05,Hue,Office Staff,7590270.3,2023-12-15,Mass
C05658,Tùng Trí Lê,Female,1992-05-21,Ho Chi Minh City,Bank Employee,8860914.1,2020-03-03,Mass
C05659,Bà Kim Nguyễn,Male,1981-06-05,Bac Ninh,Student,39531710.27,2025-02-26,Affluent
C05660,Bảo Tấn Phạm,Male,1991-10-03,Nam Dinh,Office Staff,9077390.18,2020-10-27,Mass
C05661,Hưng Hữu Phạm,Male,1985-12-05,Thanh Hoa,Bank Employee,43058442.82,2020-11-08,Affluent
C05662,Anh Vũ Trần,Female,1989-01-24,Ho Chi Minh City,Freelancer,21035306.74,2025-10-11,Mass
C05663,Thảo Bùi,Male,1985-05-09,Hai Phong,Government Employee,16521609.26,2021-08-01,Mass
C05664,Bác Tú Phạm,Female,1989-09-12,Nghe An,Student,15201425.53,2021-03-06,Mass
C05665,Chi Đặng,Male,1999-03-09,Ha Noi,Engineer,10221232.99,2020-02-22,Mass
C05666,Bà Vi Trần,Female,1987-03-20,Hai Phong,Office Staff,13526374.8,2021-11-26,Mass
C05667,Hoàng Văn Trần,Female,1985-09-19,Ho Chi Minh City,Office Staff,48689623.09,2022-12-01,Affluent
C05668,Quý cô Lan Bùi,Female,2006-03-17,Thanh Hoa,Freelancer,26128124.4,2021-01-09,Affluent
C05669,Vân Vũ,Female,1988-01-27,Nghe An,Accountant,28163842.43,2019-12-31,Affluent
C05670,Lâm Mai Bảo Đặng,Female,1956-05-04,Da Nang,Bank Employee,14373820.29,2025-11-22,Mass
C05671,Hà Tấn Vũ,Male,1991-03-31,Khanh Hoa,Doctor,10019091.31,2026-08-23,Mass
C05672,Ông Quang Đặng,Female,1995-12-07,Hue,IT Specialist,12127260.85,2020-10-20,Mass
C05673,Nhiên Trần,Male,1989-06-24,Dong Nai,Accountant,10227313.64,2020-09-10,Mass
C05674,Cô Thành Trần,Male,1993-10-23,Dong Nai,Sales,52385688.51,2024-08-31,Affluent
C05675,Nhật Đức Trần,Male,1975-01-30,Ha Noi,IT Specialist,13106634.37,2023-12-28,Mass
C05676,Khoa Đặng,Female,2005-05-14,Dong Nai,Engineer,124035950.71,2020-08-02,Premium
C05677,Huy Đức Nguyễn,Female,1973-08-14,Dong Nai,Doctor,19381713.83,2018-11-01,Mass
C05678,Khoa Bùi,Male,1982-09-11,Khanh Hoa,IT Specialist,53628194.58,2021-06-23,Affluent
C05679,Bà Chi Mai,Male,1989-11-12,Nam Dinh,Freelancer,14950469.28,2022-07-18,Mass
C05680,Bác Phúc Nguyễn,Female,1998-06-08,Da Nang,IT Specialist,38207342.09,2026-02-26,Affluent
C05681,Ông Hoàng Nguyễn,Female,1976-02-23,Dong Nai,Engineer,78996284.63,2021-01-02,Premium
C05682,Phúc Bùi,Female,2000-09-19,Bac Ninh,Student,36038749.81,2025-06-27,Affluent
C05683,Cô Hà Hoàng,Male,1993-09-06,Ba Ria - Vung Tau,IT Specialist,15060995.95,2020-07-24,Mass
C05684,Ông Hoàng Trần,Female,1994-11-15,Hue,Sales,21897238.11,2019-09-21,Mass
C05685,Bà Hà Phạm,Male,2005-09-17,Nghe An,Teacher,165118616.0,2021-11-04,Premium
C05686,Quý cô Xuân Hoàng,Male,1998-10-24,Hue,Doctor,20420784.72,2023-04-13,Affluent
C05687,Nhật Mai Bùi,Female,1988-05-21,Can Tho,Engineer,10976908.67,2023-09-06,Mass
C05688,Duyên Mai,Female,2003-01-06,Hue,Accountant,60000000.0,2019-03-01,Premium
C05689,Anh Vũ Lê,Male,1991-07-31,Ho Chi Minh City,Teacher,147747530.58,2019-11-12,Premium
C05690,Nhật Mai Bảo Phạm,Male,1983-11-19,Ho Chi Minh City,Teacher,12240547.14,2019-10-14,Mass
C05691,Khoa Lê,Female,1985-08-23,Ba Ria - Vung Tau,Engineer,11886243.27,2025-03-14,Mass
C05692,Quý cô Hải Bùi,Female,2006-07-16,Binh Duong,Sales,22852942.09,2021-06-07,Affluent
C05693,Chi Đặng,Male,1993-04-22,Thanh Hoa,Business Owner,11343875.55,2021-01-22,Mass
C05694,Quý ông Quang Phạm,Male,1981-03-29,Can Tho,Doctor,15642055.12,2025-09-12,Mass
C05695,Bà Mai Trần,Female,1984-05-14,Nam Dinh,Engineer,10878710.35,2019-02-04,Mass
C05696,Hải Bùi,Female,2005-10-12,Nghe An,Bank Employee,39605555.65,2025-10-22,Affluent
C05697,Khoa Hoàng Nguyễn,Male,1985-06-17,Hue,IT Specialist,5201362.64,2018-03-16,Mass
C05698,Phúc Hải Trần,Female,2000-07-19,Ha Noi,Doctor,9421908.02,2025-04-08,Mass
C05699,Cô Bảo Trần,Female,1989-08-13,Can Tho,Freelancer,9058744.17,2026-02-06,Mass
C05700,Thành Nguyễn,Male,1991-05-02,Dong Nai,Engineer,11147546.41,2021-02-18,Mass
C05701,Châu Hữu Vũ,Female,1992-08-22,Nam Dinh,Accountant,9338714.86,2019-11-11,Mass
C05702,Nhiên Dương,Male,1998-08-24,Nam Dinh,Bank Employee,8221997.45,2020-03-23,Mass
C05703,Châu Nguyễn,Male,1986-05-21,Ha Noi,Engineer,14655161.14,2022-12-20,Mass
C05704,Ngọc Lê,Male,1999-06-17,Ba Ria - Vung Tau,Accountant,20432579.95,2018-01-07,Mass
C05705,Phương Mai Bùi,Female,1994-03-14,Ba Ria - Vung Tau,Business Owner,20500958.03,2023-06-01,Mass
C05706,Khoa Mai,Male,1997-12-12,Ha Noi,Accountant,5903848.51,2023-06-03,Mass
C05707,Nhật Hữu Vũ,Male,1985-12-30,Bac Ninh,IT Specialist,13090639.55,2026-04-21,Mass
C05708,Quý ông Khoa Trần,Female,1990-10-02,Thanh Hoa,Accountant,9584289.83,2025-09-23,Mass
C05709,Lâm Hữu Đặng,Female,1990-11-12,Hue,Teacher,81505165.85,2023-08-06,Premium
C05710,Nhật Thị Vũ,Male,1994-05-11,Nghe An,Government Employee,45052917.27,2022-06-05,Affluent
C05711,Hưng Văn Bùi,Female,1987-11-02,Nam Dinh,Engineer,14855789.21,2024-06-10,Mass
C05712,Bà Linh Phạm,Male,1993-06-09,Ba Ria - Vung Tau,Bank Employee,10646174.0,2021-05-03,Mass
C05713,Anh Hưng Hoàng,Female,2003-03-09,Nam Dinh,Freelancer,10542279.97,2021-05-07,Mass
C05714,Hạnh Bảo Hoàng,Male,2007-11-20,Hai Phong,Accountant,9760356.84,2026-01-19,Mass
C05715,Quý cô Nhật Trần,Female,1991-06-07,Khanh Hoa,Bank Employee,14617105.15,2020-10-21,Mass
C05716,Hải Hoàng,Female,1992-12-15,Ha Noi,Freelancer,38847748.6,2026-06-02,Affluent
C05717,Hoàng Hữu Phạm,Male,2008-09-21,Bac Ninh,Business Owner,11763643.92,2025-06-04,Mass
C05718,Trung Thị Đặng,Other,2007-10-03,Khanh Hoa,IT Specialist,7861680.75,2019-05-21,Mass
C05719,Ông Phúc Đặng,Female,1993-03-25,Nghe An,Freelancer,18757600.79,2022-06-15,Mass
C05720,Tú Xuân Mai,Other,1986-07-24,Khanh Hoa,Accountant,12076815.0,2018-02-14,Mass
C05721,Quý cô Kim Phạm,Male,1991-07-06,Hai Phong,Sales,28254688.08,2018-10-02,Affluent
C05722,Hạnh Hải Trần,Female,1995-11-10,Ba Ria - Vung Tau,Accountant,39787821.58,2021-10-28,Affluent
C05723,Trọng Thế Mai,Female,2006-03-08,Dong Nai,Office Staff,14768190.36,2019-04-09,Mass
C05724,Trọng Hữu Đặng,Male,1995-09-20,Nghe An,Student,16020219.22,2022-02-11,Mass
C05725,Huy Bùi,Female,1980-01-16,Ha Noi,Teacher,21187743.08,2024-10-07,Affluent
C05726,Bà Linh Vũ,Male,1997-03-27,Nghe An,Doctor,27077137.99,2021-05-05,Affluent
C05727,Quang Vũ,Male,2007-11-15,Ho Chi Minh City,Engineer,8360514.79,2022-01-23,Mass
C05728,Vũ Vũ,Male,1964-04-25,Binh Duong,Engineer,14853493.85,2021-10-16,Mass
C05729,Kim Hoàng,Female,1969-03-29,Khanh Hoa,Doctor,44883829.88,2025-12-01,Affluent
C05730,Chị Ánh Vũ,Male,1999-09-18,Ba Ria - Vung Tau,Teacher,31212439.04,2021-05-31,Affluent
C05731,Nhiên Dương,Male,1984-08-20,Quang Ninh,Government Employee,13985678.21,2018-12-22,Mass
C05732,Quang Hoàng,Female,1997-03-27,Nghe An,Bank Employee,7073879.38,2023-05-30,Mass
C05733,Huy Vũ,Female,1956-10-05,Ba Ria - Vung Tau,Doctor,11421576.76,2026-07-04,Mass
C05734,Vân Mai,Female,1994-02-12,Hai Phong,IT Specialist,36210473.52,2018-11-30,Affluent
C05735,Chị Lâm Nguyễn,Female,1992-10-09,Ha Noi,Doctor,12526692.5,2022-08-10,Mass
C05736,Minh Bảo Lê,Female,1976-09-07,Ba Ria - Vung Tau,Freelancer,11488134.06,2019-06-15,Mass
C05737,Anh Nhiên Mai,Male,2002-10-08,Hue,Office Staff,11339943.57,2022-05-26,Mass
C05738,Tú Phạm,Male,1996-06-05,Dong Nai,Bank Employee,19752326.42,2024-08-16,Mass
C05739,Cô An Hoàng,Male,1978-06-06,Thanh Hoa,Accountant,12460210.41,2019-04-18,Mass
C05740,Anh Hưng Lê,Female,2005-02-09,Dong Nai,Accountant,7813432.42,2025-06-25,Mass
C05741,Nhật Nguyễn,Male,1990-09-02,Ha Noi,Accountant,13499055.08,2021-06-24,Mass
C05742,Bác Khoa Mai,Male,1994-11-01,Binh Duong,Student,82525088.68,2026-01-11,Premium
C05743,Trung Thế Bùi,Male,1996-11-10,Ho Chi Minh City,Doctor,34755223.37,2025-03-02,Affluent
C05744,Dũng Mai Bảo Hoàng,Female,2008-05-30,Ha Noi,Doctor,8161617.15,2020-12-18,Mass
C05745,Chị An Phạm,Female,1997-02-28,Can Tho,Student,50279579.47,2021-09-27,Affluent
C05746,Ngọc Vũ,Female,1999-01-19,Ba Ria - Vung Tau,Business Owner,107485659.94,2021-10-25,Premium
C05747,Nhiên Bùi,Male,1988-10-03,Nam Dinh,Government Employee,18900293.04,2023-12-25,Mass
C05748,Thành Trần,Female,1976-12-10,Nam Dinh,Student,34401396.89,2022-12-03,Affluent
C05749,Chị Khoa Nguyễn,Female,1996-06-12,Binh Duong,Engineer,9512103.72,2021-11-11,Mass
C05750,Lan Đặng,Male,1993-04-11,Binh Duong,Business Owner,10308769.86,2018-07-30,Mass
C05751,Bảo Trần,Male,1983-12-11,Ba Ria - Vung Tau,Sales,39703565.98,2026-01-20,Affluent
C05752,Quý cô Linh Bùi,Female,1984-02-03,Hue,Engineer,18646453.16,2018-07-29,Mass
C05753,Minh Hữu Phạm,Male,1969-12-18,Thanh Hoa,Accountant,12535176.82,2023-01-16,Mass
C05754,Nhiên Tấn Dương,Male,1977-10-27,Can Tho,Sales,10610303.8,2023-03-05,Mass
C05755,Vân Bùi,Male,1976-12-21,Dong Nai,IT Specialist,17399384.9,2022-05-06,Mass
C05756,Khoa Hoàng,Female,1979-06-21,Nam Dinh,Government Employee,12401669.42,2025-08-18,Mass
C05757,Cô Thảo Đặng,Male,1998-06-19,Khanh Hoa,Office Staff,7365608.72,2020-11-22,Mass
C05758,Trung Vũ,Female,1991-03-23,Nghe An,Sales,55437254.09,2018-02-16,Affluent
C05759,Thành Hữu Phạm,Female,1994-03-22,Can Tho,Freelancer,44295630.47,2020-01-16,Affluent
C05760,Hà Phạm,Female,1980-11-07,Can Tho,Accountant,10865759.04,2023-10-29,Mass
C05761,Hưng Hoàng Vũ,Male,1976-03-11,Dong Nai,Government Employee,4335666.68,2025-01-03,Mass
C05762,Chị Kim Lê,Female,2004-02-16,Ba Ria - Vung Tau,IT Specialist,26593275.22,2022-12-04,Affluent
C05763,Cô Lâm Phạm,Female,2000-02-04,Ha Noi,Bank Employee,13498771.52,2024-05-03,Mass
C05764,Bảo Vũ,Female,1987-03-10,Quang Ninh,Accountant,13774283.65,2023-04-03,Mass
C05765,Bà Kim Phạm,Female,1984-02-20,Hai Phong,Bank Employee,26319673.22,2018-08-14,Affluent
C05766,An Vũ,Female,2004-05-30,Da Nang,Engineer,13785516.86,2024-09-11,Mass
C05767,Quý cô Yến Hoàng,Male,1997-06-28,Ho Chi Minh City,Office Staff,6925708.68,2025-04-29,Mass
C05768,Phương Hữu Mai,Female,1980-05-11,Bac Ninh,Teacher,19554243.41,2025-09-04,Mass
C05769,Ngọc Mai,Female,1973-06-06,Ha Noi,Teacher,12811706.87,2024-08-11,Mass
C05770,Hoàng Đức Bùi,Female,1984-05-28,Nam Dinh,Accountant,19382304.84,2022-07-02,Mass
C05771,Lan Trần,Female,1998-09-17,Binh Duong,Accountant,17701401.89,2020-11-25,Mass
C05772,Quý ông Khoa Trần,Female,1986-10-21,Ba Ria - Vung Tau,Office Staff,16522213.17,2021-11-09,Mass
C05773,Bác Trung Nguyễn,Female,1988-06-28,Da Nang,IT Specialist,18889316.51,2022-05-24,Mass
C05774,Trung Đặng,Male,1988-07-24,Khanh Hoa,Business Owner,7138580.73,2023-09-03,Mass
C05775,Lan Phạm,Male,1975-02-03,Can Tho,Office Staff,8612984.5,2022-04-16,Mass
C05776,Hưng Xuân Lê,Female,1977-05-24,Nam Dinh,Government Employee,34065161.22,2024-03-26,Affluent
C05777,Huy Bùi,Male,1978-01-07,Thanh Hoa,Sales,17851288.04,2019-04-22,Mass
C05778,Phúc Mai Đặng,Female,1985-11-15,Dong Nai,Government Employee,40768456.47,2020-11-14,Affluent
C05779,Chị Lâm Lê,Male,1986-04-08,Nam Dinh,Teacher,5930259.57,2018-01-27,Mass
C05780,Chị An Lê,Male,1989-02-18,Hue,Business Owner,63991132.28,2022-02-04,Premium
C05781,Lan Đặng,Male,1989-09-18,Thanh Hoa,Government Employee,24840249.41,2022-10-04,Affluent
C05782,Khoa Đức Phạm,Female,2003-11-08,Thanh Hoa,Government Employee,21044383.88,2025-08-12,Mass
C05783,Cô Mai Nguyễn,Male,1979-06-11,Can Tho,Freelancer,99834433.81,2019-11-23,Premium
C05784,Chị Thảo Bùi,Male,1988-08-26,Ba Ria - Vung Tau,IT Specialist,11002648.77,2019-01-17,Mass
C05785,Quý ông Vũ Trần,Female,1984-04-21,Nghe An,Accountant,76305760.95,2020-05-05,Premium
C05786,Nhật Phú Nguyễn,Female,1979-12-15,Ho Chi Minh City,Teacher,10982754.34,2023-04-18,Mass
C05787,Quý ông Hoàng Dương,Female,1995-01-28,Quang Ninh,Government Employee,12091542.08,2025-11-05,Mass
C05788,Dũng Hải Nguyễn,Male,1997-07-13,Dong Nai,Business Owner,13463003.91,2022-08-02,Mass
C05789,Bà Hải Đặng,Male,1996-08-05,Thanh Hoa,Bank Employee,14138335.12,2021-06-22,Mass
C05790,Cô Hương Lê,Male,1977-03-02,Ha Noi,Doctor,9329151.42,2020-01-19,Mass
C05791,Bà Ánh Dương,Female,1992-01-17,Ha Noi,IT Specialist,14102786.46,2021-08-20,Mass
C05792,Chị An Phạm,Male,1995-09-11,Quang Ninh,Government Employee,14117552.0,2021-10-18,Mass
C05793,Hoàng Nguyễn,Female,1984-07-20,Ha Noi,Teacher,17532359.22,2026-03-12,Mass
C05794,Bà Nhật Trần,Female,1997-09-30,Hai Phong,Student,26377608.55,2022-01-18,Affluent
C05795,Hương Dương,Male,1994-05-16,Hai Phong,Accountant,8552240.8,2023-08-03,Mass
C05796,Chị Hải Lê,Female,1983-11-02,Binh Duong,Student,7990822.49,2021-01-07,Mass
C05797,Hưng Đặng,Male,1965-08-03,Binh Duong,IT Specialist,18887142.53,2026-04-18,Mass
C05798,Chi Bùi,Male,1990-08-14,Da Nang,Teacher,16256530.78,2025-08-19,Mass
C05799,Tùng Dương,Female,2008-05-22,Nam Dinh,Teacher,74616380.5,2020-07-30,Affluent
C05800,Nhật Dương,Female,1997-03-12,Ha Noi,IT Specialist,11504434.33,2026-08-08,Mass
C05801,Anh Bảo Trần,Male,2007-12-26,Ba Ria - Vung Tau,Doctor,14226511.15,2024-06-04,Mass
C05802,Bà An Bùi,Female,2003-01-14,Thanh Hoa,Teacher,36083828.1,2025-09-22,Affluent
C05803,Tùng Hải Mai,Female,1996-03-12,Nghe An,Student,8229261.46,2022-10-12,Mass
C05804,Anh Châu Lê,Male,1999-08-17,Binh Duong,Business Owner,12986787.07,2024-08-31,Mass
C05805,Minh Quang Lê,Male,2005-07-23,Hue,IT Specialist,9233355.87,2026-04-26,Mass
C05806,Bà Khoa Nguyễn,Female,1983-04-13,Nghe An,Student,29837757.03,2025-02-10,Mass
C05807,Thành Hữu Mai,Male,1985-08-17,Da Nang,Office Staff,26580279.5,2024-05-05,Affluent
C05808,Anh Mai,Male,1994-11-25,Binh Duong,IT Specialist,12133409.97,2018-04-24,Mass
C05809,Chị Nhật Phạm,Female,1994-04-06,Hai Phong,Freelancer,16460721.18,2019-05-04,Mass
C05810,Quý cô Duyên Trần,Female,1988-07-16,Nghe An,Student,45956889.72,2019-06-02,Affluent
C05811,Cô Bảo Trần,Male,1993-10-07,Quang Ninh,Freelancer,19083645.79,2018-01-16,Mass
C05812,An Trần,Female,1991-12-13,Ho Chi Minh City,Doctor,26153711.22,2024-07-26,Affluent
C05813,Ông Quang Đặng,Male,1967-07-19,Khanh Hoa,Engineer,6335472.76,2025-01-31,Mass
C05814,Nhật Thị Trần,Female,1999-04-19,Dong Nai,Engineer,9635429.73,2020-05-14,Mass
C05815,Ông Châu Vũ,Female,1962-11-14,Thanh Hoa,Engineer,22585480.84,2019-11-07,Mass
C05816,Vi Phạm,Female,1974-02-11,Da Nang,IT Specialist,10688582.52,2019-03-30,Mass
C05817,Bà Hà Hoàng,Other,1964-05-04,Ba Ria - Vung Tau,Teacher,13651233.05,2023-03-31,Mass
C05818,Quang Lê,Female,1979-12-12,Hue,Teacher,12778959.55,2021-11-17,Mass
C05819,Tú Mai Bảo Trần,Female,1991-01-12,Ba Ria - Vung Tau,Government Employee,10987784.04,2018-10-15,Mass
C05820,Chị Bảo Dương,Male,1992-11-02,Khanh Hoa,IT Specialist,42009490.46,2020-08-23,Affluent
C05821,Nhật Đức Phạm,Female,1985-11-08,Hue,Student,34671105.67,2023-05-21,Affluent
C05822,Quý cô Lan Lê,Male,1974-05-28,Nam Dinh,Doctor,4248402.69,2020-03-20,Mass
C05823,Linh Vũ,Female,1985-04-12,Binh Duong,Business Owner,15426937.92,2023-03-10,Mass
C05824,Chị Hà Bùi,Female,1978-07-14,Khanh Hoa,Accountant,11730609.77,2019-03-28,Mass
C05825,Quý cô Hải Đặng,Male,1988-03-10,Dong Nai,Student,47046316.62,2020-07-01,Affluent
C05826,Nhiên Bùi,Female,1973-10-26,Ho Chi Minh City,Office Staff,31982448.44,2024-11-17,Affluent
C05827,Chị Yến Nguyễn,Female,1988-09-09,Dong Nai,Doctor,21593828.09,2023-12-28,Mass
C05828,Chị Thảo Vũ,Female,2007-11-05,Nam Dinh,Teacher,9425344.08,2024-07-08,Mass
C05829,Bảo Nguyễn,Female,1974-09-12,Ho Chi Minh City,Office Staff,48575020.22,2024-05-13,Affluent
C05830,Minh Mai,Male,1984-12-01,Hai Phong,Accountant,10256357.37,2023-06-02,Mass
C05831,Bác Nam Vũ,Male,2000-03-02,Quang Ninh,Business Owner,29311600.99,2022-07-19,Affluent
C05832,Ông Phúc Nguyễn,Male,1972-10-17,Binh Duong,Teacher,9630659.51,2020-12-07,Mass
C05833,Trọng Hữu Mai,Female,1989-09-17,Bac Ninh,Accountant,27916998.49,2020-08-03,Affluent
C05834,Vũ Tấn Phạm,Male,1981-08-23,Can Tho,Business Owner,29776818.18,2025-01-22,Affluent
C05835,Quý ông Anh Hoàng,Female,1992-08-12,Ho Chi Minh City,Sales,6657359.29,2020-09-17,Mass
C05836,Quý cô Kim Phạm,Male,2007-10-01,Hai Phong,IT Specialist,12032270.73,2020-01-17,Mass
C05837,Bà Kim Phạm,Male,2005-08-27,Nam Dinh,IT Specialist,232108478.41,2021-09-06,Premium
C05838,Phúc Dương,Male,2008-09-22,Ba Ria - Vung Tau,Office Staff,9068848.47,2023-11-07,Mass
C05839,Quý ông Dũng Lê,Male,1989-11-25,Dong Nai,Doctor,10560389.07,2021-09-13,Mass
C05840,Bà Khoa Lê,Female,2003-05-14,Thanh Hoa,Business Owner,8581698.94,2024-06-14,Mass
C05841,Hồng Trần,Female,2001-05-29,Binh Duong,Bank Employee,32115267.92,2024-11-30,Affluent
C05842,Thành Quang Lê,Male,1969-03-10,Ba Ria - Vung Tau,Student,12331842.07,2023-05-07,Mass
C05843,Cô Hải Đặng,Female,1977-08-25,Da Nang,Doctor,40749393.87,2018-03-23,Affluent
C05844,Chị Khoa Vũ,Female,1978-07-13,Hue,Teacher,20000000.0,2023-03-20,Affluent
C05845,Hà Đặng,Female,1994-06-04,Hue,Sales,18961375.62,2026-01-26,Mass
C05846,Lâm Thị Lê,Male,1996-11-26,Khanh Hoa,Office Staff,22237326.65,2025-11-20,Mass
C05847,Dũng Hữu Phạm,Female,1974-09-09,Hue,Business Owner,30405054.06,2022-07-24,Affluent
C05848,Lâm Mai Lê,Male,1995-11-06,Nam Dinh,Business Owner,8416083.73,2023-08-24,Mass
C05849,Bảo Thế Lê,Male,1996-10-05,Da Nang,Sales,7795140.11,2018-08-04,Mass
C05850,Hồng Bùi,Female,1986-05-12,Quang Ninh,Bank Employee,7208712.6,2022-06-29,Mass
C05851,Thành Vũ,Female,1983-12-03,Quang Ninh,Student,42257069.72,2018-09-08,Affluent
C05852,Dương Mai,Female,2008-02-15,Da Nang,Business Owner,185879316.76,2020-07-09,Premium
C05853,Tú Hoàng Phạm,Female,1985-05-01,Bac Ninh,Bank Employee,15600468.68,2024-08-03,Mass
C05854,Lâm Mai,Male,1999-04-21,Binh Duong,Doctor,42184877.22,2025-07-14,Affluent
C05855,Ngọc Vũ,Female,1978-07-05,Dong Nai,Student,11592910.07,2023-10-04,Mass
C05856,Chị Hương Trần,Male,1967-10-19,Bac Ninh,Sales,12186505.98,2020-10-13,Mass
C05857,Chị Hà Lê,Female,1978-01-18,Hai Phong,Doctor,13295953.39,2023-05-26,Mass
C05858,Thành Vũ,Male,1984-04-13,Bac Ninh,Bank Employee,21198880.66,2025-08-14,Affluent
C05859,Nhật Đặng,Male,1986-07-04,Bac Ninh,Accountant,9278179.61,2020-01-03,Mass
C05860,Quý cô Phương Bùi,Male,2000-01-31,Ba Ria - Vung Tau,Business Owner,22094810.55,2024-05-23,Mass
C05861,Quý ông Khoa Nguyễn,Female,1993-06-27,Can Tho,IT Specialist,8446490.33,2020-09-17,Mass
C05862,Khoa Trần,Male,1994-09-10,Da Nang,Engineer,7612175.99,2019-05-30,Mass
C05863,Anh Thị Bùi,Male,1975-08-01,Da Nang,Engineer,28407234.2,2023-06-20,Affluent
C05864,Khoa Lê,Female,1985-03-31,Da Nang,Sales,19289173.88,2023-08-05,Mass
C05865,Ngọc Bùi,Male,1995-12-06,Nam Dinh,Bank Employee,123714829.98,2018-08-03,Premium
C05866,Quý cô Nhật Mai,Male,2002-07-15,Ba Ria - Vung Tau,Bank Employee,72899292.38,2025-07-28,Affluent
C05867,Anh Dũng Mai,Male,1980-04-14,Hue,Business Owner,11217716.92,2024-08-28,Mass
C05868,Thành Hữu Vũ,Female,1999-03-25,Binh Duong,Sales,33823272.32,2019-06-24,Affluent
C05869,Nhật Thế Trần,Male,1994-01-14,Dong Nai,Office Staff,218404316.44,2026-08-23,Premium
C05870,Nhật Trí Phạm,Female,2003-12-04,Hai Phong,Doctor,36444424.67,2026-03-21,Affluent
C05871,Phúc Trần,Female,1991-04-10,Ba Ria - Vung Tau,Office Staff,11516871.47,2026-05-02,Mass
C05872,Quý cô Bảo Lê,Male,1991-10-16,Nam Dinh,Freelancer,95463298.23,2026-07-19,Premium
C05873,Lâm Lê,Female,1980-11-24,Can Tho,IT Specialist,14850762.43,2025-10-05,Mass
C05874,Thảo Trần,Female,1986-04-27,Da Nang,IT Specialist,60000000.0,2022-05-26,Premium
C05875,Thảo Lê,Male,1987-06-08,Quang Ninh,Government Employee,6722316.91,2019-06-23,Mass
C05876,Tùng Phạm,Female,1983-03-10,Bac Ninh,Office Staff,54472569.98,2022-10-30,Affluent
C05877,Hạnh Dương,Male,2001-03-04,Quang Ninh,Engineer,10949386.17,2024-01-07,Mass
C05878,Hà Dương,Female,1997-02-22,Bac Ninh,Sales,18491437.21,2018-01-04,Mass
C05879,Anh Huy Hoàng,Male,1989-08-27,Da Nang,Office Staff,21973164.93,2018-08-13,Mass
C05880,Nhiên Mai,Male,1985-12-21,Ho Chi Minh City,Accountant,13062744.05,2022-01-08,Mass
C05881,Hải Lê,Female,1990-03-02,Khanh Hoa,IT Specialist,15977857.93,2018-11-13,Mass
C05882,Cô Yến Mai,Male,2007-10-13,Bac Ninh,Student,103472695.7,2018-04-09,Premium
C05883,Ngọc Phạm,Female,1991-01-18,Ha Noi,Student,43509256.55,2018-06-05,Affluent
C05884,Kim Bảo Nguyễn,Male,1993-08-23,Ba Ria - Vung Tau,Business Owner,25629082.23,2022-09-07,Affluent
C05885,Cô An Nguyễn,Female,1990-09-08,Can Tho,Doctor,8214595.12,2023-06-12,Mass
C05886,Trung Xuân Mai,Female,2008-01-04,Nghe An,Government Employee,15477688.24,2024-08-29,Mass
C05887,Trung Hữu Phạm,Male,1984-05-14,Dong Nai,Accountant,14131247.5,2022-04-30,Mass
C05888,An Đặng,Female,1975-12-27,Nghe An,Engineer,9508113.51,2023-09-13,Mass
C05889,Linh Lê,Male,2005-12-29,Can Tho,Sales,11709450.23,2025-09-06,Mass
C05890,Quang Mai,Male,1994-03-01,Ba Ria - Vung Tau,Freelancer,8936134.82,2021-12-06,Mass
C05891,Cô Xuân Đặng,Female,1990-10-30,Khanh Hoa,Accountant,9687581.9,2022-06-28,Mass
C05892,Quý cô Khoa Lê,Female,2007-12-29,Dong Nai,Teacher,10283028.4,2019-12-23,Mass
C05893,Ngọc Dương,Female,2003-09-24,Thanh Hoa,Teacher,37518812.84,2019-10-04,Affluent
C05894,Phương Bảo Lê,Female,1997-11-09,Nghe An,Engineer,17707312.07,2021-04-04,Mass
C05895,Quý ông Quang Phạm,Male,1972-11-18,Bac Ninh,IT Specialist,15221214.27,2022-09-17,Mass
C05896,Chị Phương Hoàng,Male,2008-02-03,Nghe An,Doctor,54976557.17,2025-12-26,Affluent
C05897,Hải Hoàng Phạm,Female,1973-01-07,Bac Ninh,Office Staff,35197857.52,2024-10-08,Affluent
C05898,Quý ông Vũ Mai,Male,1976-01-14,Dong Nai,Freelancer,9892929.91,2024-05-22,Mass
C05899,Tú Hữu Lê,Male,2007-11-05,Nam Dinh,Sales,73777692.08,2024-10-24,Premium
C05900,Nhật Đức Phạm,Female,1971-03-12,Thanh Hoa,Engineer,7120861.22,2023-05-24,Mass
C05901,Phương Thế Trần,Male,1991-09-15,Hue,Accountant,12144264.64,2026-02-10,Mass
C05902,Hương Phạm,Male,1996-03-25,Hai Phong,Government Employee,10274592.39,2023-07-06,Mass
C05903,Chị Lâm Phạm,Female,1990-08-21,Hue,Business Owner,9856684.26,2018-07-06,Mass
C05904,Cô Hải Mai,Male,2005-11-22,Dong Nai,Sales,37332252.99,2020-04-28,Affluent
C05905,Bà Xuân Lê,Other,1979-06-01,Ba Ria - Vung Tau,Engineer,16268928.01,2025-01-07,Mass
C05906,Ông Minh Dương,Female,1999-06-16,Khanh Hoa,Teacher,7744453.27,2018-05-13,Mass
C05907,Nam Hữu Dương,Male,1994-01-05,Binh Duong,Sales,20772576.48,2026-07-04,Mass
C05908,Quý ông Tú Nguyễn,Female,1983-06-05,Dong Nai,IT Specialist,43230119.57,2023-05-29,Affluent
C05909,Hải Phú Hoàng,Female,1981-09-26,Ho Chi Minh City,Doctor,13903977.45,2023-07-22,Mass
C05910,Cô Hải Mai,Female,1989-01-30,Hai Phong,Freelancer,42693220.22,2022-08-30,Affluent
C05911,Hải Vũ,Male,1997-05-10,Nghe An,IT Specialist,7314396.99,2018-02-21,Mass
C05912,Cô Duyên Lê,Female,1983-07-24,Nam Dinh,Bank Employee,18506369.81,2022-03-16,Mass
C05913,Quý ông Huy Trần,Female,2003-05-05,Da Nang,Sales,15999847.14,2018-08-25,Mass
C05914,Ông Quang Hoàng,Other,1972-05-09,Khanh Hoa,Office Staff,11990569.66,2026-05-07,Mass
C05915,Khoa Hải Mai,Female,1998-10-26,Khanh Hoa,Freelancer,36315827.43,2020-05-05,Affluent
C05916,Quang Dương,Female,1997-01-21,Hue,Bank Employee,9670220.5,2023-11-02,Mass
C05917,Cô Nhật Lê,Female,1986-07-27,Nam Dinh,Accountant,6845567.3,2020-05-28,Mass
C05918,Kim Phú Bùi,Male,2006-05-08,Bac Ninh,Government Employee,12081295.84,2025-07-12,Mass
C05919,Bảo Phú Hoàng,Male,1991-09-18,Khanh Hoa,Engineer,13533265.31,2021-07-05,Mass
C05920,Bảo Đặng,Male,1970-05-04,Khanh Hoa,Doctor,104269177.48,2023-07-08,Premium
C05921,Anh Khoa Hoàng,Female,1984-05-15,Hai Phong,IT Specialist,67691255.88,2024-05-08,Premium
C05922,Bà Thành Phạm,Female,1982-03-08,Da Nang,Business Owner,9980865.87,2022-05-07,Mass
C05923,Huy Nguyễn,Male,1989-11-20,Thanh Hoa,Student,11551434.53,2019-02-13,Mass
C05924,Bác Hoàng Hoàng,Female,1979-03-27,Quang Ninh,Teacher,7586837.64,2023-01-27,Mass
C05925,Chi Vũ,Female,2007-11-10,Hue,Office Staff,11136246.13,2019-06-06,Mass
C05926,Anh Trọng Bùi,Male,1985-07-30,Bac Ninh,Business Owner,12656879.88,2022-04-15,Mass
C05927,Khoa Thế Trần,Female,1977-02-17,Binh Duong,Engineer,13985024.6,2018-11-19,Mass
C05928,Quý ông Châu Nguyễn,Female,1997-01-09,Khanh Hoa,Student,5317533.65,2020-12-10,Mass
C05929,Vân Hoàng,Male,1993-01-11,Binh Duong,Bank Employee,17196266.57,2023-09-08,Mass
C05930,Bác Châu Vũ,Female,1995-09-26,Da Nang,Engineer,12119536.56,2022-11-02,Mass
C05931,Trọng Thế Bùi,Male,1985-12-31,Dong Nai,Engineer,25809957.04,2020-06-09,Affluent
C05932,Vũ Mai,Female,1984-01-29,Nghe An,Government Employee,21282800.88,2021-02-02,Mass
C05933,Bà Hương Bùi,Male,1991-11-23,Ha Noi,Freelancer,8082765.69,2020-03-04,Mass
C05934,Anh Khoa Dương,Male,1991-04-19,Quang Ninh,IT Specialist,5508939.92,2021-08-15,Mass
C05935,Trung Hữu Hoàng,Female,1987-05-13,Nam Dinh,Business Owner,14058155.39,2019-08-16,Mass
C05936,Kim Vũ,Male,1972-05-28,Can Tho,Government Employee,11212267.29,2024-01-08,Mass
C05937,Thảo Vũ,Female,1986-03-17,Bac Ninh,Student,8876930.33,2023-03-06,Mass
C05938,Nam Xuân Mai,Male,1994-08-24,Nam Dinh,Sales,7036365.32,2018-10-29,Mass
C05939,An Tấn Lê,Female,1993-08-07,Ba Ria - Vung Tau,Government Employee,10783837.08,2019-09-17,Mass
C05940,An Lê,Male,1987-03-24,Ho Chi Minh City,Freelancer,29028235.59,2020-12-15,Affluent
C05941,Bảo Mai Nguyễn,Female,1989-11-28,Dong Nai,Doctor,10678406.63,2022-08-02,Mass
C05942,Kim Thế Mai,Male,1994-08-20,Ha Noi,Business Owner,12342313.29,2019-01-14,Mass
C05943,Ngọc Mai,Female,1989-12-17,Binh Duong,Student,15663255.63,2019-02-22,Mass
C05944,Bà Phương Vũ,Female,1991-11-22,Quang Ninh,Student,10616896.88,2022-03-30,Mass
C05945,Minh Đức Phạm,Female,1991-10-22,Khanh Hoa,Teacher,28245914.47,2026-02-22,Affluent
C05946,Vân Mai,Male,1993-12-20,Nghe An,Bank Employee,64373089.15,2021-03-31,Affluent
C05947,Cô Linh Dương,Male,2001-09-07,Bac Ninh,Business Owner,10884904.63,2019-01-17,Mass
C05948,Tùng Mai,Male,1995-08-28,Nghe An,Engineer,11005515.82,2024-04-22,Mass
C05949,Quý cô Thảo Trần,Female,1994-04-26,Ha Noi,Sales,38058334.15,2025-10-27,Affluent
C05950,Huy Hải Nguyễn,Female,2008-07-10,Da Nang,Bank Employee,17251803.09,2024-08-02,Mass
C05951,Quý cô Thành Nguyễn,Female,1984-04-29,Nam Dinh,IT Specialist,7767136.74,2022-01-19,Mass
C05952,Ngọc Phạm,Male,2007-12-10,Can Tho,Business Owner,26107598.9,2022-05-02,Affluent
C05953,Dương Đặng,Male,1993-05-04,Ho Chi Minh City,Government Employee,29606940.62,2020-05-21,Mass
C05954,Hải Hữu Trần,Male,1985-06-25,Hai Phong,Business Owner,20349801.69,2021-12-19,Affluent
C05955,Trung Văn Đặng,Female,1998-03-16,Nam Dinh,Sales,11778576.11,2026-07-29,Mass
C05956,Hạnh Đức Mai,Male,1988-04-19,Ho Chi Minh City,IT Specialist,7574175.86,2018-08-12,Mass
C05957,Nhiên Phạm,Male,1992-05-18,Ha Noi,Doctor,9334646.91,2023-01-17,Mass
C05958,Bác Huy Dương,Male,2002-11-18,Ho Chi Minh City,Freelancer,13141368.12,2023-11-22,Mass
C05959,Vân Dương,Male,1981-11-30,Bac Ninh,Doctor,16107276.02,2025-12-10,Mass
C05960,Dương Trần,Male,1983-11-25,Nam Dinh,Engineer,10082762.81,2025-01-24,Mass
C05961,Anh Huy Nguyễn,Male,1983-05-05,Hai Phong,Office Staff,38400266.24,2018-03-11,Affluent
C05962,Hương Phạm,Male,1989-02-27,Dong Nai,IT Specialist,9687283.61,2018-09-25,Mass
C05963,Thành Đức Nguyễn,Female,1995-12-22,Ha Noi,Sales,12314372.52,2022-06-13,Mass
C05964,Bà Xuân Vũ,Male,1963-10-25,Binh Duong,Office Staff,13334324.74,2023-12-27,Mass
C05965,Anh Lê,Female,1996-11-06,Da Nang,Business Owner,8967171.92,2019-01-23,Mass
C05966,Hồng Dương,Male,1996-06-08,Hue,Office Staff,25712039.79,2021-03-28,Mass
C05967,Dũng Bùi,Male,1995-05-12,Thanh Hoa,Business Owner,143727392.8,2022-06-27,Premium
C05968,Thành Xuân Vũ,Male,1995-05-02,Ba Ria - Vung Tau,Government Employee,13148678.24,2025-02-16,Mass
C05969,Hồng Lê,Female,1982-01-13,Khanh Hoa,Business Owner,9823138.29,2023-10-18,Mass
C05970,Cô Thành Đặng,Male,1998-09-25,Ba Ria - Vung Tau,Bank Employee,21445418.72,2019-03-13,Mass
C05971,Nhật Trí Đặng,Male,1980-09-08,Ba Ria - Vung Tau,IT Specialist,44369387.33,2018-01-17,Affluent
C05972,Bảo Xuân Lê,Female,1982-02-20,Thanh Hoa,Doctor,14094125.38,2021-07-06,Mass
C05973,Khoa Nguyễn,Female,1968-05-03,Khanh Hoa,Doctor,35464087.05,2018-06-01,Affluent
C05974,Quang Hoàng Vũ,Male,1984-08-13,Hai Phong,Engineer,7221676.48,2024-06-08,Mass
C05975,Ông Anh Dương,Female,2000-02-27,Binh Duong,Office Staff,61858071.16,2021-02-12,Premium
C05976,Châu Bùi,Female,1976-07-11,Ba Ria - Vung Tau,Engineer,4911196.49,2021-04-18,Mass
C05977,Tùng Vũ,Male,1995-04-03,Da Nang,Freelancer,4208512.83,2021-02-18,Mass
C05978,Quang Hải Hoàng,Male,2000-06-03,Ho Chi Minh City,Bank Employee,10105446.31,2025-06-11,Mass
C05979,Thành Xuân Trần,Female,1975-03-13,Can Tho,Sales,13787004.26,2019-10-25,Mass
C05980,Chị Linh Nguyễn,Male,2000-08-06,Thanh Hoa,Bank Employee,17426533.38,2020-05-14,Mass
C05981,Ông Hoàng Vũ,Female,1990-04-02,Bac Ninh,Office Staff,35396683.14,2026-06-29,Affluent
C05982,Quang Hoàng Trần,Male,2003-11-18,Can Tho,Freelancer,8485865.1,2022-04-25,Mass
C05983,Cô An Phạm,Female,2000-04-05,Bac Ninh,Student,12196732.59,2019-04-03,Mass
C05984,Bảo Xuân Trần,Female,1989-11-23,Thanh Hoa,Bank Employee,55621836.14,2020-08-22,Affluent
C05985,Nhật Dương,Male,1986-02-14,Bac Ninh,Freelancer,20000000.0,2026-07-24,Affluent
C05986,Chị Dương Dương,Male,1988-07-16,Nam Dinh,Government Employee,7223943.0,2026-02-08,Mass
C05987,Anh Huy Vũ,Male,2001-06-22,Dong Nai,Student,27431643.52,2021-11-30,Affluent
C05988,Bà Vân Đặng,Female,1998-03-23,Binh Duong,Sales,60000000.0,2020-09-24,Premium
C05989,Tùng Tấn Lê,Female,1988-07-17,Binh Duong,IT Specialist,7323774.59,2022-05-09,Mass
C05990,Bà Bảo Đặng,Female,1986-10-30,Hai Phong,Business Owner,68472991.62,2020-09-15,Affluent
C05991,Bà Hà Bùi,Male,2005-06-19,Dong Nai,Engineer,32136580.8,2023-05-27,Affluent
C05992,Phương Đặng,Female,2008-03-13,Thanh Hoa,Office Staff,10800358.17,2022-02-05,Mass
C05993,Bác Trọng Trần,Male,1982-11-11,Hai Phong,IT Specialist,43446914.26,2021-08-01,Affluent
C05994,Ông Hưng Đặng,Male,1990-07-31,Hai Phong,Student,16381437.74,2019-07-13,Mass
C05995,Vân Nguyễn,Male,1962-03-23,Can Tho,Freelancer,21850270.26,2020-02-09,Mass
C05996,Khoa Quang Vũ,Female,1996-03-26,Dong Nai,Business Owner,7221193.58,2022-06-30,Mass
C05997,Quý ông Khoa Vũ,Male,1994-12-03,Nghe An,Student,8614636.56,2018-03-05,Mass
C05998,Anh Quang Phạm,Male,1986-05-06,Ho Chi Minh City,Bank Employee,7936631.26,2022-01-17,Mass
C05999,Hoàng Thế Dương,Male,1991-06-07,Khanh Hoa,Student,16090218.95,2025-06-02,Mass
C06000,Tú Dương,Male,1991-10-12,Binh Duong,Engineer,26349621.61,2022-06-07,Affluent
C06001,Thành Hoàng,Male,1977-12-12,Quang Ninh,Sales,6216849.82,2024-10-11,Mass
C06002,Nhiên Dương,Female,1993-11-04,Ha Noi,Sales,11826297.36,2019-12-13,Mass
C06003,Bà Thảo Hoàng,Male,1990-09-06,Ha Noi,Office Staff,12782541.18,2019-04-01,Mass
C06004,Cô Linh Phạm,Female,1984-09-06,Hai Phong,Sales,11852206.42,2022-08-28,Mass
C06005,Ông Quang Phạm,Male,1994-12-07,Thanh Hoa,Doctor,10404624.59,2020-10-30,Mass
C06006,Phương Phạm,Female,1996-11-16,Ho Chi Minh City,Government Employee,15808484.88,2018-12-26,Mass
C06007,Hà Quang Phạm,Female,1998-10-01,Ha Noi,Bank Employee,45122426.93,2023-09-29,Affluent
C06008,Chị Hồng Nguyễn,Male,1990-06-27,Nghe An,Business Owner,9998823.81,2022-03-18,Mass
C06009,Anh Tùng Trần,Female,1983-11-20,Ha Noi,Bank Employee,9302635.77,2025-12-13,Mass
C06010,Phúc Mai Bảo Mai,Female,1983-03-12,Thanh Hoa,Teacher,12927551.28,2020-06-12,Mass
C06011,Anh Nam Vũ,Male,1997-05-19,Ho Chi Minh City,Business Owner,14438941.61,2023-07-16,Mass
C06012,Bảo Tấn Trần,Female,1984-02-09,Ho Chi Minh City,Doctor,17994002.57,2022-08-18,Mass
C06013,Phúc Đức Dương,Female,1980-04-03,Da Nang,Student,14251363.08,2024-10-17,Mass
C06014,Huy Đặng,Male,2003-08-25,Dong Nai,Government Employee,28273135.99,2019-07-27,Mass
C06015,Bà Yến Phạm,Male,2006-06-12,Dong Nai,Engineer,16729083.99,2022-06-17,Mass
C06016,Ông Tú Mai,Female,1986-08-03,Thanh Hoa,Accountant,7956242.33,2025-01-23,Mass
C06017,Thành Bùi,Female,1992-06-10,Binh Duong,Office Staff,11673754.76,2022-08-21,Mass
C06018,Anh Khoa Vũ,Male,1976-08-08,Can Tho,Bank Employee,9348798.52,2020-09-04,Mass
C06019,Nhật Quang Dương,Male,1993-06-28,Da Nang,Bank Employee,5297750.46,2018-09-28,Mass
C06020,Quý ông Phúc Hoàng,Male,1971-02-14,Hue,Business Owner,8250243.91,2020-09-25,Mass
C06021,Khoa Quang Vũ,Male,1986-12-13,Ho Chi Minh City,Engineer,33951251.37,2026-03-27,Affluent
C06022,Chị Ánh Bùi,Male,1992-07-03,Da Nang,Teacher,44625554.11,2023-12-26,Affluent
C06023,Bà Kim Bùi,Male,1971-11-17,Dong Nai,Accountant,37742854.1,2019-02-21,Affluent
C06024,Dũng Nguyễn,Male,1982-12-01,Bac Ninh,IT Specialist,13463989.64,2024-10-14,Mass
C06025,Yến Nguyễn,Female,1978-12-20,Da Nang,Teacher,83096587.35,2021-07-06,Premium
C06026,An Mai,Male,1978-11-26,Hue,Business Owner,17700300.25,2025-09-01,Mass
C06027,Châu Hải Hoàng,Female,1979-06-01,Dong Nai,Student,9524380.66,2026-08-07,Mass
C06028,Vân Phạm,Female,1991-12-30,Hue,Government Employee,13049112.14,2019-04-21,Mass
C06029,Phúc Đức Trần,Male,2006-06-08,Bac Ninh,Office Staff,20970752.37,2018-04-10,Mass
C06030,Hải Thế Vũ,Female,1991-01-10,Ha Noi,Sales,13253761.65,2023-05-16,Mass
C06031,Bà Kim Vũ,Male,1997-04-14,Da Nang,Student,7542091.3,2025-07-27,Mass
C06032,Trọng Hoàng,Female,1996-10-11,Ha Noi,Bank Employee,37379010.03,2025-11-01,Affluent
C06033,Bác Bảo Lê,Female,1983-02-01,Nghe An,IT Specialist,36740714.38,2018-08-02,Affluent
C06034,Châu Tấn Hoàng,Male,1987-04-05,Khanh Hoa,Engineer,10664787.41,2018-03-06,Mass
C06035,Minh Trí Mai,Female,1985-05-21,Hue,Doctor,20163986.22,2019-04-22,Mass
C06036,Khoa Nguyễn,Male,1983-03-16,Hue,Student,15930672.05,2019-08-21,Mass
C06037,Chị Hà Dương,Male,1987-01-17,Nam Dinh,Engineer,7090829.83,2018-01-28,Mass
C06038,Ông Hoàng Vũ,Male,2002-04-20,Da Nang,Bank Employee,14070961.14,2024-05-14,Mass
C06039,Quý cô Xuân Trần,Female,1991-02-06,Dong Nai,Doctor,39936908.74,2024-05-28,Affluent
C06040,Ông Dũng Hoàng,Male,1972-04-07,Thanh Hoa,Freelancer,15471803.67,2021-11-19,Mass
C06041,Anh Đặng,Male,1976-11-11,Binh Duong,Teacher,12404324.18,2023-01-24,Mass
C06042,Hạnh Phạm,Male,1999-08-19,Hai Phong,Engineer,11759406.74,2020-06-06,Mass
C06043,Nhật Xuân Mai,Female,1999-02-10,Ha Noi,Doctor,55859329.01,2022-10-10,Affluent
C06044,Phương Đức Trần,Male,1982-04-07,Hue,Bank Employee,14397952.71,2022-11-01,Mass
C06045,Chị Hải Nguyễn,Male,1977-07-16,Da Nang,Government Employee,5917339.3,2019-10-19,Mass
C06046,Bà Vi Bùi,Male,1984-09-19,Dong Nai,Office Staff,7585060.77,2022-01-20,Mass
C06047,Hà Hoàng,Male,1991-05-29,Ha Noi,Student,88277666.58,2025-11-04,Premium
C06048,Quý cô Ánh Mai,Male,1983-07-12,Ho Chi Minh City,Business Owner,109557015.32,2024-04-07,Premium
C06049,Hạnh Đặng,Male,1976-02-11,Bac Ninh,Teacher,29217823.39,2018-06-11,Affluent
C06050,Xuân Nguyễn,Female,1982-10-21,Can Tho,Government Employee,12701051.38,2018-12-07,Mass
C06051,Cô Nhật Dương,Male,2008-02-16,Bac Ninh,Student,8700590.43,2021-12-17,Mass
C06052,Linh Đặng,Female,1992-05-07,Nghe An,Sales,17711408.98,2018-01-11,Mass
C06053,Quý cô Kim Hoàng,Male,1985-10-01,Hai Phong,Freelancer,7974758.46,2018-04-03,Mass
C06054,Chị Ánh Đặng,Female,1992-07-24,Nghe An,IT Specialist,24316105.46,2025-07-21,Mass
C06055,Hải Đặng,Male,1988-10-19,Can Tho,Teacher,10701058.89,2025-10-30,Mass
C06056,Vi Dương,Male,1985-06-19,Ho Chi Minh City,Accountant,15675425.44,2019-10-06,Mass
C06057,Vi Đặng,Female,1996-04-17,Da Nang,Sales,14307842.6,2025-12-15,Mass
C06058,Chị Dương Bùi,Male,1994-03-30,Ba Ria - Vung Tau,Engineer,15435519.43,2019-04-16,Mass
C06059,Yến Trần,Female,1988-10-16,Nghe An,Business Owner,40444813.27,2019-06-12,Affluent
C06060,Khoa Phạm,Male,1999-07-05,Bac Ninh,Student,9002086.78,2020-05-09,Mass
C06061,An Phạm,Male,1980-02-17,Quang Ninh,Teacher,11671125.86,2018-06-06,Mass
C06062,Quý cô Hạnh Lê,Male,1986-11-04,Nghe An,Doctor,10779737.89,2020-02-19,Mass
C06063,Quang Đức Phạm,Female,1980-10-21,Quang Ninh,Bank Employee,9700458.54,2023-02-15,Mass
C06064,An Thị Mai,Male,1992-06-20,Khanh Hoa,Engineer,136943346.5,2026-08-10,Premium
C06065,Tùng Đức Mai,Female,1977-12-24,Ha Noi,Freelancer,9990062.99,2022-08-30,Mass
C06066,An Vũ,Female,1969-06-17,Hai Phong,Accountant,38448534.07,2022-10-13,Affluent
C06067,Hưng Trí Vũ,Female,2001-12-19,Thanh Hoa,Student,13654578.23,2018-02-07,Mass
C06068,Quý cô Mai Bùi,Male,1995-10-02,Nam Dinh,Sales,13968860.75,2020-11-01,Mass
C06069,Thành Mai,Male,1991-09-24,Hue,Engineer,12316039.55,2020-12-16,Mass
C06070,Anh Thành Bùi,Female,2001-09-28,Ha Noi,Bank Employee,16969677.59,2021-04-03,Mass
C06071,Quý cô Hà Phạm,Female,2003-04-14,Nghe An,Office Staff,8140396.89,2026-03-05,Mass
C06072,Minh Hữu Hoàng,Female,1986-01-27,Hue,Business Owner,21028993.67,2022-08-19,Mass
C06073,Chị Linh Phạm,Female,1994-07-07,Nghe An,Office Staff,15336674.14,2021-04-26,Mass
C06074,Yến Nguyễn,Male,1979-04-06,Ha Noi,Sales,44690162.21,2025-05-03,Affluent
C06075,Tùng Tấn Bùi,Female,1994-03-08,Khanh Hoa,Freelancer,64634705.22,2022-08-30,Premium
C06076,Thành Vũ,Male,2008-06-21,Hai Phong,Sales,32346179.39,2025-12-11,Affluent
C06077,Anh Vũ Đặng,Male,1978-07-17,Can Tho,Doctor,8096635.1,2019-06-30,Mass
C06078,Kim Hải Hoàng,Female,1982-12-27,Ba Ria - Vung Tau,Office Staff,8605084.63,2024-02-24,Mass
C06079,Anh Quang Đặng,Male,1989-02-12,Ho Chi Minh City,IT Specialist,15373322.7,2020-08-20,Mass
C06080,Hà Bùi,Male,1998-05-16,Can Tho,Office Staff,107057284.28,2025-12-30,Premium
C06081,Quang Bùi,Male,1995-03-09,Quang Ninh,Sales,43245477.4,2025-08-02,Affluent
C06082,Dương Lê,Male,1988-03-31,Ha Noi,Engineer,12239694.72,2021-09-12,Mass
C06083,Quý cô Chi Lê,Female,1973-04-24,Da Nang,Government Employee,15130518.54,2020-01-14,Mass
C06084,Ông Phúc Mai,Male,1997-10-06,Nghe An,Government Employee,11644736.61,2022-07-05,Mass
C06085,Hải Hữu Bùi,Male,1991-08-22,Thanh Hoa,Business Owner,12342128.61,2018-03-18,Mass
C06086,Linh Phạm,Female,1963-09-30,Nam Dinh,Sales,39118817.97,2023-12-26,Affluent
C06087,Phúc Mai,Female,2008-01-13,Ha Noi,Student,29740458.86,2023-04-13,Affluent
C06088,Kim Vũ,Male,2007-12-25,Hue,Engineer,31702913.47,2021-06-21,Affluent
C06089,Vũ Bùi,Female,2008-07-23,Quang Ninh,Freelancer,70564980.71,2020-06-20,Premium
C06090,An Trần,Male,2006-10-05,Da Nang,Student,39275311.48,2025-05-30,Affluent
C06091,Bác Trung Đặng,Female,1989-12-02,Ba Ria - Vung Tau,Teacher,13342353.61,2026-04-05,Mass
C06092,Huy Vũ,Female,1991-12-19,Hue,IT Specialist,7366203.45,2023-07-25,Mass
C06093,Linh Trần,Female,1985-08-20,Hai Phong,Bank Employee,23516098.89,2023-01-14,Mass
C06094,Mai Mai,Female,1985-12-28,Bac Ninh,Office Staff,30801724.59,2026-07-05,Affluent
C06095,Lan Dương,Male,2006-03-03,Quang Ninh,IT Specialist,26653699.8,2021-08-24,Affluent
C06096,Cô Thảo Lê,Female,1985-10-20,Hai Phong,Engineer,153610072.8,2018-01-03,Premium
C06097,Quý ông Trung Bùi,Female,1988-04-04,Nghe An,Freelancer,15876931.41,2018-06-09,Mass
C06098,Cô Hạnh Vũ,Female,1983-08-11,Ba Ria - Vung Tau,Sales,14327685.1,2019-11-19,Mass
C06099,Bảo Trần,Male,1998-06-18,Bac Ninh,Accountant,36874679.2,2024-09-03,Affluent
C06100,Bà Vi Phạm,Female,2000-08-30,Ha Noi,Government Employee,12073425.33,2023-02-22,Mass
C06101,Duyên Bùi,Male,1987-08-29,Quang Ninh,Bank Employee,21595414.11,2024-06-24,Mass
C06102,Hồng Dương,Female,2004-12-03,Khanh Hoa,Student,14202731.72,2025-09-14,Mass
C06103,Hạnh Văn Hoàng,Female,1974-01-27,Nam Dinh,Accountant,43947792.32,2026-04-21,Affluent
C06104,Chị Phương Mai,Male,1981-06-01,Can Tho,Freelancer,14740515.59,2025-03-02,Mass
C06105,Trọng Mai,Male,1975-12-07,Quang Ninh,IT Specialist,8201272.22,2021-09-06,Mass
C06106,Bác Dũng Đặng,Female,2006-09-05,Ba Ria - Vung Tau,Doctor,11973426.08,2025-08-04,Mass
C06107,Nhật Phạm,Male,2007-12-27,Ba Ria - Vung Tau,Government Employee,18460488.31,2019-08-20,Mass
C06108,Tùng Mai Lê,Female,1976-11-11,Nghe An,Freelancer,10311233.74,2023-10-01,Mass
C06109,Ông Bảo Vũ,Female,1994-12-27,Dong Nai,Business Owner,34248535.99,2024-06-14,Affluent
C06110,Cô Dương Bùi,Male,1989-10-12,Bac Ninh,Office Staff,36361126.01,2024-05-17,Affluent
C06111,Hà Bùi,Male,1984-10-02,Thanh Hoa,Doctor,11296437.68,2021-03-11,Mass
C06112,Hưng Phạm,Female,1979-11-27,Binh Duong,Student,14027060.71,2021-05-02,Mass
C06113,Trung Hoàng,Female,1997-04-24,Thanh Hoa,Bank Employee,52241743.64,2025-05-25,Affluent
C06114,Phương Dương,Male,2005-04-24,Nam Dinh,Engineer,34045515.42,2018-06-27,Affluent
C06115,Quý cô Chi Đặng,Male,1979-12-13,Ba Ria - Vung Tau,Teacher,28174748.4,2019-07-09,Affluent
C06116,Chị Mai Bùi,Male,1987-04-12,Nam Dinh,Bank Employee,14513445.69,2026-08-15,Mass
C06117,Châu Dương,Male,2000-04-02,Khanh Hoa,Engineer,11699422.11,2018-05-07,Mass
C06118,Ánh Vũ,Female,1992-05-23,Bac Ninh,Sales,9892712.76,2023-10-13,Mass
C06119,Lâm Nguyễn,Male,1964-12-01,Nghe An,Sales,73694461.32,2025-02-21,Premium
C06120,Duyên Trần,Female,1978-12-20,Can Tho,Office Staff,10458617.65,2024-10-18,Mass
C06121,Trung Bảo Nguyễn,Female,2001-12-11,Hue,Sales,12439683.38,2021-07-11,Mass
C06122,Chị Kim Lê,Male,1983-06-13,Ba Ria - Vung Tau,Bank Employee,16561570.83,2022-09-03,Mass
C06123,Anh Xuân Nguyễn,Female,1972-12-29,Hai Phong,Accountant,30000000.0,2021-06-21,Mass
C06124,Vũ Lê,Other,1988-06-14,Nam Dinh,Bank Employee,9514570.77,2025-10-11,Mass
C06125,Cô Duyên Nguyễn,Male,1986-02-20,Ho Chi Minh City,Bank Employee,10932413.77,2025-09-13,Mass
C06126,Bảo Mai Lê,Female,1980-02-10,Hue,Engineer,23717158.48,2025-09-11,Affluent
C06127,Thảo Vũ,Female,1964-07-03,Da Nang,Bank Employee,16192100.23,2025-01-09,Mass
C06128,An Nguyễn,Male,2008-01-12,Nghe An,Doctor,9362820.06,2019-10-04,Mass
C06129,Bác Tú Hoàng,Male,1982-06-26,Can Tho,Student,18112948.5,2021-03-03,Mass
C06130,Chị Thảo Đặng,Male,2004-06-25,Hue,Freelancer,15401512.17,2021-10-24,Mass
C06131,Cô Ngọc Hoàng,Male,2007-12-20,Da Nang,Bank Employee,34074431.78,2026-03-02,Affluent
C06132,Bác Tú Lê,Male,1978-08-23,Dong Nai,Teacher,29662788.34,2025-08-31,Affluent
C06133,Bà Phương Dương,Female,2007-04-21,Bac Ninh,Teacher,12630087.05,2021-07-08,Mass
C06134,Duyên Mai,Female,1996-10-03,Da Nang,Engineer,14958086.82,2023-01-20,Mass
C06135,Anh Thành Vũ,Male,1999-12-01,Can Tho,Office Staff,9156680.65,2019-06-09,Mass
C06136,Lâm Xuân Lê,Male,2008-01-26,Thanh Hoa,Engineer,12735422.68,2024-11-13,Mass
C06137,Vũ Mai Bảo Vũ,Male,1992-09-15,Khanh Hoa,Doctor,24503909.11,2021-07-09,Affluent
C06138,Chị Hạnh Nguyễn,Male,1987-10-14,Thanh Hoa,Office Staff,47630301.83,2019-09-02,Affluent
C06139,Trung Lê,Male,1993-03-06,Hai Phong,IT Specialist,13180850.84,2020-03-07,Mass
C06140,Hà Đức Mai,Male,1987-04-29,Nam Dinh,Sales,7872622.31,2023-04-10,Mass
C06141,Ngọc Phạm,Female,1968-08-13,Dong Nai,Teacher,10176785.64,2024-04-27,Mass
C06142,Thành Mai,Male,1982-10-31,Khanh Hoa,Engineer,136027394.67,2019-08-28,Premium
C06143,Hà Hữu Phạm,Male,1992-09-25,Binh Duong,Accountant,14839386.69,2022-11-28,Mass
C06144,Chi Nguyễn,Female,1988-08-12,Ba Ria - Vung Tau,Teacher,7306268.91,2019-09-05,Mass
C06145,Quý cô Nhật Lê,Female,1993-12-29,Ho Chi Minh City,Doctor,9684375.7,2025-02-02,Mass
C06146,Xuân Lê,Male,1996-03-18,Nam Dinh,Business Owner,7602715.89,2025-10-17,Mass
C06147,Ngọc Hoàng,Male,1977-10-28,Ha Noi,Business Owner,21022726.75,2021-08-19,Mass
C06148,Quang Hữu Bùi,Female,1980-04-14,Khanh Hoa,Sales,18719988.9,2022-07-29,Mass
C06149,Cô Khoa Đặng,Male,1994-04-15,Hue,Office Staff,9604356.12,2023-06-19,Mass
C06150,Quý cô Vân Hoàng,Female,1998-11-25,Dong Nai,Bank Employee,15034226.57,2020-06-05,Mass
C06151,Ngọc Đặng,Male,1988-07-25,Thanh Hoa,Accountant,34198491.95,2020-02-25,Affluent
C06152,Quý ông Trọng Đặng,Female,1975-12-04,Ha Noi,Business Owner,13827178.66,2022-08-11,Mass
C06153,Ngọc Trần,Male,2000-01-08,Quang Ninh,Student,28533402.33,2020-09-27,Affluent
C06154,Anh Hoàng Đặng,Male,1983-03-26,Can Tho,Bank Employee,151693695.58,2019-08-06,Premium
C06155,Ngọc Dương,Female,1984-03-01,Ba Ria - Vung Tau,Freelancer,23308490.92,2025-09-09,Mass
C06156,Quý cô Hương Phạm,Male,1973-09-06,Khanh Hoa,IT Specialist,14002966.39,2021-10-13,Mass
C06157,Dương Dương,Female,2000-03-09,Hai Phong,IT Specialist,23626094.68,2018-06-02,Affluent
C06158,Chị Hà Trần,Male,1995-02-08,Ha Noi,Student,15619675.29,2021-10-27,Mass
C06159,Quý cô Duyên Nguyễn,Female,1970-07-12,Ha Noi,Office Staff,13887832.7,2020-05-05,Mass
C06160,Ông Thành Dương,Male,1977-11-27,Ha Noi,IT Specialist,11012698.65,2023-05-03,Mass
C06161,Chị Hà Nguyễn,Female,1984-08-07,Hue,Teacher,44806584.78,2024-03-07,Affluent
C06162,Dũng Vũ,Female,2007-10-13,Bac Ninh,Bank Employee,30917316.17,2024-08-06,Affluent
C06163,Hà Mai Bảo Trần,Female,1980-08-29,Can Tho,Freelancer,13209953.09,2022-03-28,Mass
C06164,Cô Nhật Nguyễn,Female,2003-11-22,Quang Ninh,Engineer,5126195.77,2021-10-13,Mass
C06165,Bác Khoa Phạm,Male,1995-01-30,Hai Phong,Teacher,11703075.35,2022-09-08,Mass
C06166,An Trí Phạm,Male,2000-09-02,Ba Ria - Vung Tau,Government Employee,12616258.99,2019-08-19,Mass
C06167,Khoa Lê,Female,1984-11-04,Thanh Hoa,IT Specialist,42800689.52,2020-01-15,Affluent
C06168,Bà Bảo Trần,Male,2008-09-01,Da Nang,Business Owner,7575405.38,2021-08-20,Mass
C06169,An Trí Đặng,Female,1993-12-29,Nghe An,IT Specialist,41554258.24,2024-02-21,Affluent
C06170,Chị Khoa Vũ,Female,1985-09-03,Hue,Doctor,14154903.93,2025-10-09,Mass
C06171,Bảo Nguyễn,Female,1994-10-12,Can Tho,Student,10699905.9,2018-11-21,Mass
C06172,Khoa Dương,Female,1999-07-08,Hue,Freelancer,15701788.05,2021-04-07,Mass
C06173,Anh Thành Hoàng,Male,2000-10-05,Hue,Sales,16158066.33,2021-08-20,Mass
C06174,Mai Lê,Male,1988-05-18,Thanh Hoa,Accountant,11812296.7,2024-05-14,Mass
C06175,Hải Phú Đặng,Male,1997-10-12,Binh Duong,Office Staff,7466803.52,2020-12-22,Mass
C06176,Lâm Lê,Male,1997-10-11,Ho Chi Minh City,Business Owner,31700929.46,2021-11-04,Affluent
C06177,Quý ông Vũ Dương,Male,2008-02-05,Bac Ninh,IT Specialist,11199087.99,2025-10-17,Mass
C06178,Tùng Nguyễn,Male,1980-01-26,Nghe An,Government Employee,14635248.75,2022-12-14,Mass
C06179,Bà Thành Đặng,Male,1995-10-11,Can Tho,Freelancer,12198760.57,2021-07-26,Mass
C06180,Tú Hữu Nguyễn,Male,1997-02-09,Dong Nai,Office Staff,106131031.75,2018-12-20,Premium
C06181,Cô Hà Hoàng,Male,1973-11-27,Nghe An,Government Employee,16842092.03,2019-09-20,Mass
C06182,Thành Mai,Female,1985-07-17,Hue,Government Employee,10098601.31,2024-09-18,Mass
C06183,Bảo Bùi,Male,1982-07-22,Ba Ria - Vung Tau,Accountant,6649221.08,2018-10-19,Mass
C06184,Nhật Thế Hoàng,Female,1993-03-23,Nam Dinh,Engineer,14719978.41,2018-01-06,Mass
C06185,Hạnh Mai Bảo Mai,Male,1982-01-26,Hai Phong,Bank Employee,15170704.33,2022-10-04,Mass
C06186,Phương Bảo Lê,Male,1987-03-20,Can Tho,Student,11205479.58,2023-10-12,Mass
C06187,Quý cô Hồng Nguyễn,Male,1985-06-23,Hai Phong,Student,26297917.39,2025-03-11,Affluent
C06188,Vân Mai,Male,2000-04-27,Thanh Hoa,Freelancer,35654253.93,2025-02-17,Affluent
C06189,Khoa Dương,Male,1989-02-07,Khanh Hoa,Government Employee,6334059.47,2019-05-20,Mass
C06190,Nam Mai,Female,1985-05-23,Quang Ninh,Government Employee,15726726.38,2020-09-02,Mass
C06191,Quý cô Ánh Mai,Female,1990-10-24,Ho Chi Minh City,Business Owner,27549099.5,2022-06-22,Mass
C06192,Khoa Trần,Female,1998-08-19,Khanh Hoa,Freelancer,10575353.4,2024-12-01,Mass
C06193,Chi Vũ,Female,1995-05-22,Nghe An,Office Staff,11684240.71,2018-01-12,Mass
C06194,Cô Kim Vũ,Female,1994-08-03,Thanh Hoa,Office Staff,7334013.86,2026-02-13,Mass
C06195,Ngọc Bùi,Female,1997-01-26,Binh Duong,Engineer,11596918.38,2018-06-11,Mass
C06196,Quý cô Duyên Lê,Male,1976-11-08,Hai Phong,Student,241306400.01,2023-04-15,Premium
C06197,Bà Mai Vũ,Female,1976-09-07,Nam Dinh,Doctor,9147896.75,2024-02-23,Mass
C06198,Minh Bùi,Female,1998-02-17,Khanh Hoa,Accountant,11349136.34,2019-09-14,Mass
C06199,Bảo Nguyễn,Female,1971-05-11,Hue,Engineer,11324949.72,2021-09-03,Mass
C06200,Cô Lâm Hoàng,Female,2005-08-14,Ha Noi,Freelancer,30114142.76,2018-07-29,Affluent
C06201,Thành Đức Bùi,Female,1982-09-09,Binh Duong,Engineer,15277570.11,2026-04-07,Mass
C06202,Chị Nhật Nguyễn,Male,1993-07-04,Ha Noi,Sales,15242716.55,2021-11-26,Mass
C06203,Cô Bảo Phạm,Female,2007-12-14,Thanh Hoa,Teacher,12444103.32,2025-01-11,Mass
C06204,Anh Nam Đặng,Male,1980-10-21,Khanh Hoa,Teacher,8965684.92,2018-02-18,Mass
C06205,Nam Hoàng Phạm,Female,2000-07-04,Khanh Hoa,IT Specialist,6244179.79,2025-01-01,Mass
C06206,Ngọc Nguyễn,Female,1973-02-07,Nam Dinh,Bank Employee,9326434.22,2025-10-08,Mass
C06207,Vân Mai,Female,1988-04-16,Ho Chi Minh City,Doctor,41951876.93,2022-09-26,Affluent
C06208,Lâm Thế Bùi,Male,1974-02-18,Can Tho,Business Owner,11370729.08,2026-07-11,Mass
C06209,Anh Nhiên Trần,Male,1996-07-16,Hue,Bank Employee,12749350.47,2024-11-26,Mass
C06210,Ngọc Mai,Female,1976-05-27,Ho Chi Minh City,Bank Employee,11306143.65,2021-02-26,Mass
C06211,Hà Vũ,Male,2001-05-08,Hai Phong,Sales,22045769.39,2020-05-15,Affluent
C06212,Kim Nguyễn,Male,2004-09-09,Dong Nai,Bank Employee,45361580.88,2019-01-16,Affluent
C06213,Duyên Trần,Female,1994-06-28,Bac Ninh,IT Specialist,78426495.42,2024-11-14,Premium
C06214,Khoa Trí Phạm,Female,1998-02-16,Dong Nai,Accountant,35904470.69,2022-06-08,Affluent
C06215,Quý cô Lâm Dương,Female,1992-10-16,Khanh Hoa,IT Specialist,10905970.59,2019-04-17,Mass
C06216,Ông Thành Nguyễn,Female,1976-03-28,Dong Nai,Office Staff,55520534.65,2021-08-04,Affluent
C06217,Khoa Quang Mai,Male,2008-08-14,Dong Nai,IT Specialist,13457870.55,2025-05-16,Mass
C06218,Nhật Đức Bùi,Male,1999-03-30,Nghe An,Business Owner,11001358.44,2022-05-21,Mass
C06219,Cô Ngọc Nguyễn,Female,1987-08-25,Nam Dinh,Business Owner,11139024.67,2018-05-23,Mass
C06220,Quang Phạm,Female,1988-06-17,Binh Duong,Sales,15187097.55,2019-12-02,Mass
C06221,Hà Đức Phạm,Male,1987-09-11,Ho Chi Minh City,Sales,9568858.73,2020-12-23,Mass
C06222,Ông Tú Mai,Male,1996-12-16,Khanh Hoa,Freelancer,7250060.37,2020-05-06,Mass
C06223,Thành Trần,Male,2000-03-23,Dong Nai,Doctor,23846335.95,2022-12-13,Mass
C06224,Anh Tấn Mai,Female,1999-08-07,Hai Phong,Engineer,7902854.83,2018-08-21,Mass
C06225,Bà Bảo Nguyễn,Female,1987-01-12,Da Nang,Student,33860144.14,2023-12-29,Affluent
C06226,Bà Vi Nguyễn,Male,1992-10-21,Hue,Government Employee,19649909.6,2025-06-30,Mass
C06227,Thành Phạm,Other,1984-04-23,Khanh Hoa,Doctor,29854935.87,2018-11-09,Affluent
C06228,Quang Đức Bùi,Male,1994-12-11,Hue,Engineer,10064369.05,2020-05-08,Mass
C06229,An Mai Đặng,Male,1980-11-02,Thanh Hoa,Student,10773129.01,2025-04-19,Mass
C06230,Khoa Đức Vũ,Male,2007-12-31,Ha Noi,Office Staff,34496302.97,2019-08-29,Affluent
C06231,Thành Bùi,Female,2007-02-27,Nam Dinh,Teacher,25774544.57,2023-07-22,Mass
C06232,Anh Hưng Trần,Female,2001-07-24,Ha Noi,Sales,33341025.37,2021-04-29,Affluent
C06233,Vân Lê,Female,1988-07-12,Binh Duong,Freelancer,10846867.12,2023-06-07,Mass
C06234,Nam Lê,Female,1993-12-26,Binh Duong,Engineer,39721644.77,2019-08-01,Affluent
C06235,Nhật Mai,Female,1974-05-16,Thanh Hoa,Bank Employee,15698023.75,2026-03-05,Mass
C06236,Chị Hải Phạm,Female,1974-02-21,Nam Dinh,Accountant,8319398.54,2019-12-16,Mass
C06237,Bác Nam Lê,Female,1987-02-13,Hai Phong,IT Specialist,36668639.39,2020-10-29,Affluent
C06238,Bảo Thị Mai,Female,1987-07-04,Hai Phong,Business Owner,19425523.38,2023-02-20,Mass
C06239,Minh Quang Dương,Male,1993-04-13,Nghe An,Office Staff,30991006.56,2021-11-10,Affluent
C06240,Dũng Lê,Female,1984-11-20,Binh Duong,Teacher,6440046.08,2022-10-19,Mass
C06241,Anh Quang Phạm,Female,1993-01-18,Nghe An,Bank Employee,11449401.51,2024-08-12,Mass
C06242,Hạnh Xuân Phạm,Other,2001-01-05,Thanh Hoa,IT Specialist,17372305.56,2021-02-15,Mass
C06243,Bảo Văn Nguyễn,Male,2002-05-21,Ba Ria - Vung Tau,IT Specialist,33602018.75,2018-10-11,Affluent
C06244,Vũ Lê,Male,1987-10-02,Hai Phong,Freelancer,52529952.46,2019-07-12,Affluent
C06245,Phương Lê,Female,1990-12-10,Can Tho,Doctor,16652500.87,2018-01-14,Mass
C06246,Tú Đức Bùi,Female,1982-12-01,Hue,Teacher,12529887.55,2021-09-25,Mass
C06247,Hải Lê,Female,2002-08-29,Can Tho,Freelancer,7263075.4,2022-03-24,Mass
C06248,Quang Văn Vũ,Female,1989-01-12,Khanh Hoa,Office Staff,9924066.27,2021-02-15,Mass
C06249,Hà Thị Nguyễn,Female,1980-01-09,Nam Dinh,Business Owner,15579507.53,2020-09-19,Mass
C06250,Anh Quang Nguyễn,Male,1992-10-25,Da Nang,Accountant,8002124.96,2018-10-14,Mass
C06251,Huy Bùi,Female,1985-03-09,Nghe An,Accountant,8403298.81,2019-06-26,Mass
C06252,Ngọc Trần,Female,1999-06-01,Binh Duong,Office Staff,67586204.77,2023-03-22,Premium
C06253,Chị Phương Lê,Male,1992-03-02,Da Nang,Freelancer,18073991.42,2018-05-04,Mass
C06254,Ông Nam Trần,Female,1991-06-07,Hai Phong,Accountant,10275681.74,2025-12-04,Mass
C06255,Chị Bảo Hoàng,Male,2006-11-08,Ba Ria - Vung Tau,Business Owner,14558139.52,2018-08-05,Mass
C06256,Hà Phú Trần,Male,1999-02-18,Ho Chi Minh City,Teacher,36255944.25,2025-04-18,Affluent
C06257,Cô Hải Vũ,Female,1994-01-24,Hai Phong,Government Employee,16091137.85,2025-04-11,Mass
C06258,Nam Mai Bảo Bùi,Male,1992-05-03,Thanh Hoa,Sales,11755044.01,2018-09-14,Mass
C06259,Thành Hải Vũ,Female,1985-08-12,Quang Ninh,Bank Employee,25086647.03,2024-02-05,Mass
C06260,Thành Nguyễn,Female,1981-01-27,Nghe An,Teacher,11633565.68,2023-06-23,Mass
C06261,Phúc Lê,Female,1990-09-09,Ba Ria - Vung Tau,Accountant,9986216.96,2021-07-30,Mass
C06262,Quý ông Quang Vũ,Female,2001-05-01,Da Nang,Freelancer,29651799.81,2021-09-19,Affluent
C06263,An Đức Hoàng,Female,1999-03-23,Bac Ninh,Sales,15083260.97,2025-12-12,Mass
C06264,Thành Phạm,Female,2002-08-21,Nghe An,Office Staff,19135214.84,2024-03-06,Mass
C06265,Linh Dương,Female,1982-07-07,Da Nang,Teacher,12086416.94,2019-12-03,Mass
C06266,Bà Chi Lê,Female,1990-01-09,Can Tho,Government Employee,9873537.43,2024-07-20,Mass
C06267,Quang Đặng,Male,1988-04-25,Binh Duong,Freelancer,17562026.96,2024-08-10,Mass
C06268,Hà Mai Bảo Bùi,Female,1997-11-25,Nghe An,Business Owner,7016183.57,2023-08-17,Mass
C06269,Chị Thành Trần,Female,1982-10-16,Binh Duong,Government Employee,113853960.13,2023-01-14,Premium
C06270,Quý cô Hải Lê,Female,2003-04-15,Quang Ninh,Office Staff,9283323.98,2025-07-06,Mass
C06271,Nhật Văn Mai,Male,1999-10-21,Quang Ninh,Freelancer,9312153.32,2023-03-01,Mass
C06272,Kim Hữu Đặng,Male,1994-07-09,Bac Ninh,Student,10931134.5,2018-03-10,Mass
C06273,Bảo Trí Vũ,Male,1998-02-22,Hue,Government Employee,9203182.18,2021-04-15,Mass
C06274,Khoa Dương,Male,1993-02-18,Ba Ria - Vung Tau,Student,12725383.34,2022-05-14,Mass
C06275,Phương Mai Mai,Male,1993-12-29,Can Tho,Bank Employee,49548310.76,2020-02-02,Affluent
C06276,Trọng Vũ,Male,1985-01-07,Thanh Hoa,Student,6876505.49,2018-04-30,Mass
C06277,Quý ông Vũ Lê,Female,1985-07-20,Ha Noi,Government Employee,127407139.17,2023-06-02,Premium
C06278,Dương Phạm,Male,1995-06-09,Binh Duong,Business Owner,7110606.16,2018-11-24,Mass
C06279,Nam Thị Bùi,Female,1990-09-30,Hue,Teacher,11967667.3,2020-07-21,Mass
C06280,Phương Vũ,Female,2003-05-17,Ho Chi Minh City,Bank Employee,7220902.35,2026-06-17,Mass
C06281,Bác Hoàng Lê,Female,1990-11-12,Can Tho,Sales,11059940.68,2021-11-02,Mass
C06282,Bà Ánh Vũ,Female,1995-07-06,Bac Ninh,Bank Employee,11654739.17,2023-01-30,Mass
C06283,Bà Ngọc Vũ,Female,2003-09-12,Ha Noi,Business Owner,10305929.77,2021-10-23,Mass
C06284,Nhật Hữu Mai,Female,1984-10-08,Khanh Hoa,IT Specialist,10616582.03,2019-05-31,Mass
C06285,Cô Bảo Trần,Female,2008-06-08,Can Tho,Bank Employee,10170225.19,2019-06-03,Mass
C06286,Huy Đức Hoàng,Male,2002-04-07,Binh Duong,IT Specialist,37920389.56,2018-04-03,Affluent
C06287,Phúc Phú Vũ,Male,1987-07-13,Dong Nai,Business Owner,6714944.27,2026-02-25,Mass
C06288,Cô Kim Vũ,Female,1982-04-19,Da Nang,Sales,8130654.66,2022-08-09,Mass
C06289,Vũ Trần,Female,1972-10-14,Ho Chi Minh City,Doctor,98067859.23,2023-01-17,Premium
C06290,Hải Hoàng,Female,2004-02-08,Ho Chi Minh City,Office Staff,8046293.29,2019-03-02,Mass
C06291,Anh Tùng Mai,Male,1986-12-23,Nghe An,Engineer,10464113.99,2024-07-19,Mass
C06292,Phương Lê,Male,1992-05-09,Hue,Bank Employee,21102251.29,2023-12-02,Mass
C06293,Anh Nam Bùi,Male,1998-04-09,Hue,Freelancer,12254505.31,2021-02-14,Mass
C06294,Bà Mai Đặng,Female,1975-05-25,Can Tho,Bank Employee,13191680.51,2026-05-15,Mass
C06295,Minh Mai,Male,2008-06-25,Can Tho,Teacher,14321942.53,2018-10-16,Mass
C06296,Cô Phương Mai,Female,2003-07-09,Nam Dinh,Government Employee,19634520.85,2021-12-13,Mass
C06297,Nhiên Bùi,Female,1999-10-13,Thanh Hoa,Office Staff,30000000.0,2022-09-30,Mass
C06298,Hồng Bùi,Female,1974-06-07,Ho Chi Minh City,Freelancer,9080163.97,2021-07-05,Mass
C06299,Nam Đặng,Female,1989-12-04,Ho Chi Minh City,Business Owner,135182794.87,2022-09-24,Premium
C06300,Hà Nguyễn,Male,1982-01-29,Hue,Office Staff,14009341.27,2024-09-01,Mass
C06301,Cô Bảo Đặng,Male,1977-09-06,Hai Phong,Teacher,95200253.76,2018-07-13,Premium
C06302,Trung Vũ,Male,1995-05-30,Khanh Hoa,Government Employee,10628129.94,2019-04-26,Mass
C06303,Nhật Lê,Male,1981-01-20,Thanh Hoa,Engineer,39052323.44,2022-03-20,Affluent
C06304,Cô Hương Bùi,Male,1987-06-12,Bac Ninh,Sales,15851095.85,2025-01-02,Mass
C06305,Thảo Hoàng,Male,2007-12-23,Dong Nai,Engineer,13375581.09,2025-07-22,Mass
C06306,An Hải Dương,Male,1988-08-05,Da Nang,Doctor,21520145.11,2021-02-21,Mass
C06307,Cô Nhật Mai,Female,2007-06-20,Da Nang,Accountant,20695617.67,2019-06-14,Mass
C06308,An Thị Phạm,Female,1990-02-15,Thanh Hoa,Teacher,14239972.65,2023-03-03,Mass
C06309,Cô Nhật Phạm,Male,1972-04-27,Ba Ria - Vung Tau,Accountant,14602213.01,2022-11-03,Mass
C06310,Khoa Dương,Female,1986-03-30,Thanh Hoa,Student,37638799.4,2025-06-28,Affluent
C06311,Hương Trần,Female,1996-04-04,Thanh Hoa,Sales,11880940.25,2024-11-10,Mass
C06312,Hưng Nguyễn,Female,1998-03-27,Ha Noi,Sales,11814271.32,2025-04-10,Mass
C06313,Bà Xuân Dương,Male,2007-11-11,Hue,Teacher,13944295.48,2025-01-30,Mass
C06314,Lâm Trần,Male,1992-08-05,Nam Dinh,Government Employee,10667858.5,2021-03-18,Mass
C06315,Ông Nhiên Dương,Female,1987-12-22,Bac Ninh,Freelancer,7265661.0,2019-10-20,Mass
C06316,An Đức Bùi,Female,1969-08-02,Can Tho,Bank Employee,33937405.84,2019-08-11,Affluent
C06317,Bà Hải Hoàng,Female,1992-09-01,Thanh Hoa,Bank Employee,26199208.45,2025-03-27,Affluent
C06318,Yến Mai,Female,1990-07-12,Dong Nai,Engineer,19498598.89,2021-07-07,Mass
C06319,Tú Hoàng,Male,1979-09-02,Khanh Hoa,Bank Employee,45226327.62,2019-01-15,Affluent
C06320,Bảo Mai,Male,1984-03-27,Thanh Hoa,Business Owner,31430705.69,2021-08-02,Affluent
C06321,Quang Văn Trần,Male,2006-06-17,Ha Noi,Bank Employee,11184658.69,2025-01-27,Mass
C06322,Lâm Dương,Male,1992-11-18,Ba Ria - Vung Tau,Business Owner,17322127.04,2018-04-16,Mass
C06323,Quang Tấn Mai,Female,1986-12-28,Quang Ninh,Business Owner,190584334.45,2020-02-12,Premium
C06324,Cô An Dương,Female,1977-04-04,Ho Chi Minh City,Doctor,10228042.23,2019-01-11,Mass
C06325,Quý cô Phương Nguyễn,Female,2008-05-06,Ba Ria - Vung Tau,Business Owner,19489151.58,2025-11-16,Mass
C06326,Anh Bảo Hoàng,Male,1976-06-26,Dong Nai,Accountant,7438971.45,2025-03-22,Mass
C06327,Yến Phạm,Female,1974-09-26,Khanh Hoa,Business Owner,13717160.76,2026-01-13,Mass
C06328,Ông Huy Trần,Male,1988-12-25,Ba Ria - Vung Tau,Office Staff,21117050.37,2025-05-27,Mass
C06329,An Đức Hoàng,Male,1976-02-05,Khanh Hoa,Sales,15072508.92,2018-09-08,Mass
C06330,Anh Hoàng Phạm,Female,1985-05-13,Ba Ria - Vung Tau,IT Specialist,14889327.06,2020-11-01,Mass
C06331,Hạnh Mai Bảo Dương,Male,1994-11-01,Bac Ninh,Teacher,11770791.22,2022-07-24,Mass
C06332,Phương Phạm,Male,1999-12-22,Ba Ria - Vung Tau,Freelancer,10679678.48,2019-04-12,Mass
C06333,Bác Quang Nguyễn,Male,1995-05-01,Can Tho,Student,77559705.87,2020-12-09,Premium
C06334,Quý ông Tùng Trần,Female,1988-10-05,Da Nang,IT Specialist,10713593.46,2020-05-27,Mass
C06335,Lan Vũ,Female,1984-10-18,Khanh Hoa,Accountant,6801168.5,2023-03-07,Mass
C06336,Dương Mai,Male,1992-03-04,Hai Phong,Teacher,12565434.16,2021-04-04,Mass
C06337,Quang Mai Mai,Female,1994-08-04,Dong Nai,Engineer,11297361.52,2019-11-09,Mass
C06338,Ngọc Lê,Female,2007-10-08,Can Tho,Doctor,13594613.34,2020-07-05,Mass
C06339,Khoa Phạm,Male,1983-05-10,Khanh Hoa,Business Owner,14262656.71,2019-10-29,Mass
C06340,Chị Kim Lê,Female,1978-12-02,Ha Noi,Government Employee,12876990.18,2023-12-04,Mass
C06341,Cô Kim Hoàng,Female,1984-12-12,Hue,Bank Employee,12673819.49,2022-01-16,Mass
C06342,Vi Bùi,Male,1983-08-07,Binh Duong,Freelancer,6909354.91,2024-06-16,Mass
C06343,Phương Phú Dương,Female,2000-09-12,Nghe An,Teacher,20911965.97,2020-06-07,Mass
C06344,Thành Dương,Male,2008-03-12,Nghe An,Student,33558650.95,2020-04-27,Affluent
C06345,Hồng Dương,Male,1978-07-21,Bac Ninh,Accountant,34034334.79,2025-01-08,Affluent
C06346,Vũ Bảo Hoàng,Male,1995-09-05,Nam Dinh,Student,36385653.58,2018-10-11,Affluent
C06347,Lâm Hoàng,Female,1994-08-20,Ha Noi,Bank Employee,12130269.89,2024-02-23,Mass
C06348,Hoàng Quang Đặng,Female,1998-08-15,Khanh Hoa,Engineer,48810740.82,2026-07-22,Affluent
C06349,Yến Trần,Male,1975-09-19,Da Nang,Office Staff,11452637.32,2026-02-06,Mass
C06350,Hạnh Trí Bùi,Male,2006-07-10,Ha Noi,Doctor,9989769.71,2020-12-15,Mass
C06351,An Dương,Female,1993-02-24,Ha Noi,IT Specialist,14322693.78,2023-10-28,Mass
C06352,Mai Phạm,Male,2002-03-14,Da Nang,Office Staff,27787863.65,2023-07-25,Affluent
C06353,Hưng Đức Lê,Male,1984-10-09,Quang Ninh,Sales,46387067.89,2025-04-28,Affluent
C06354,Trung Trần,Male,1997-06-08,Hai Phong,Accountant,23462020.04,2020-05-05,Affluent
C06355,Chị Thảo Mai,Male,1956-09-28,Binh Duong,Doctor,15785047.52,2025-03-16,Mass
C06356,Minh Trần,Female,1993-08-24,Hai Phong,Bank Employee,141568358.05,2025-07-14,Premium
C06357,Cô Ngọc Vũ,Female,1992-09-04,Da Nang,Student,45399229.26,2018-05-07,Affluent
C06358,Nhật Bùi,Female,1988-12-14,Khanh Hoa,Accountant,35971596.14,2020-04-22,Affluent
C06359,An Đặng,Male,1992-03-12,Binh Duong,IT Specialist,7230608.41,2021-11-15,Mass
C06360,Cô Lan Trần,Female,1969-05-18,Hue,Freelancer,26387433.3,2022-06-14,Affluent
C06361,Vũ Hữu Dương,Male,2004-11-24,Bac Ninh,Student,11138479.01,2026-08-03,Mass
C06362,Tùng Hữu Vũ,Male,2000-10-12,Thanh Hoa,Office Staff,11784760.02,2019-03-19,Mass
C06363,Nhật Hải Phạm,Female,1983-04-26,Nghe An,Office Staff,47178530.73,2024-07-03,Affluent
C06364,Quang Thế Mai,Female,1982-09-02,Nam Dinh,Bank Employee,10782618.4,2022-09-20,Mass
C06365,Hà Nguyễn,Male,1990-07-02,Bac Ninh,Business Owner,13841403.0,2018-05-06,Mass
C06366,Nam Đức Vũ,Female,2008-03-05,Da Nang,Government Employee,41534461.14,2021-04-15,Affluent
C06367,Quý ông Anh Lê,Male,2006-10-08,Nghe An,Student,24508695.17,2020-02-29,Mass
C06368,Quý ông Tú Đặng,Female,1994-11-03,Quang Ninh,Doctor,11248112.51,2024-09-22,Mass
C06369,Anh Tùng Đặng,Female,1998-12-10,Thanh Hoa,Teacher,9625512.63,2021-08-24,Mass
C06370,Tú Trí Mai,Female,1964-10-20,Quang Ninh,Bank Employee,16677091.99,2021-10-15,Mass
C06371,Nhật Dương,Female,2008-03-30,Da Nang,Engineer,20315439.53,2026-08-18,Mass
C06372,Tú Trí Phạm,Male,1976-12-16,Hue,Office Staff,89361076.46,2021-06-27,Premium
C06373,Nhiên Mai Bảo Mai,Female,1987-07-12,Dong Nai,Doctor,11937398.72,2024-02-01,Mass
C06374,Thành Đặng,Female,1969-06-25,Nghe An,Student,9081188.57,2022-06-12,Mass
C06375,Hoàng Bùi,Female,1988-11-12,Bac Ninh,Teacher,84260404.2,2023-12-19,Premium
C06376,Vi Hoàng,Male,2006-05-20,Can Tho,Doctor,25841456.39,2022-12-04,Mass
C06377,Anh Quang Bùi,Male,2003-04-24,Hue,Accountant,37389384.14,2021-01-25,Affluent
C06378,Lan Vũ,Female,2008-01-27,Can Tho,Business Owner,10435693.12,2020-08-03,Mass
C06379,Huy Đặng,Female,1986-08-20,Quang Ninh,Office Staff,8991230.89,2019-03-09,Mass
C06380,Huy Dương,Male,1984-04-11,Ba Ria - Vung Tau,Teacher,10921597.68,2023-05-24,Mass
C06381,Anh Hưng Đặng,Male,1978-08-05,Nam Dinh,Sales,19327384.37,2018-01-20,Mass
C06382,Nhật Trần,Female,1997-08-06,Can Tho,Business Owner,12326644.64,2018-11-22,Mass
C06383,Chi Phạm,Male,1988-07-04,Nghe An,Engineer,42146550.82,2025-12-23,Affluent
C06384,Ánh Mai,Male,1990-03-23,Ba Ria - Vung Tau,Engineer,12826078.56,2024-01-17,Mass
C06385,Ông Quang Bùi,Male,1993-08-11,Nam Dinh,Accountant,36231178.1,2020-03-23,Affluent
C06386,Châu Mai,Female,1976-08-29,Hai Phong,Government Employee,15044850.67,2022-06-26,Mass
C06387,Quý cô Dương Nguyễn,Female,1983-09-24,Dong Nai,Sales,15455752.49,2025-12-15,Mass
C06388,Cô Chi Đặng,Female,1992-03-22,Da Nang,Business Owner,13416645.2,2022-06-20,Mass
C06389,Quang Mai,Female,2002-05-27,Hue,Government Employee,51212843.92,2020-08-06,Affluent
C06390,Vi Lê,Female,2008-08-14,Nam Dinh,Office Staff,11639502.64,2025-08-03,Mass
C06391,Bác Vũ Vũ,Male,1977-10-20,Da Nang,Business Owner,60000000.0,2024-05-09,Premium
C06392,Bảo Xuân Bùi,Male,1986-03-08,Dong Nai,Accountant,9455895.35,2020-08-03,Mass
C06393,Lan Hoàng,Other,1995-08-19,Hai Phong,Freelancer,145991232.75,2025-03-20,Premium
C06394,Bà Hạnh Bùi,Female,1988-07-18,Thanh Hoa,Teacher,60000000.0,2023-11-11,Premium
C06395,Bảo Mai Lê,Male,2000-12-04,Thanh Hoa,Business Owner,16882442.17,2025-09-29,Mass
C06396,Hưng Dương,Male,1986-02-19,Can Tho,Doctor,22126015.77,2023-12-13,Mass
C06397,Kim Đức Lê,Male,1972-04-02,Ho Chi Minh City,Office Staff,87205912.62,2021-08-23,Premium
C06398,Chi Bùi,Female,1962-11-21,Thanh Hoa,Office Staff,100983996.51,2024-07-26,Premium
C06399,Chị Chi Trần,Male,2001-09-15,Dong Nai,Student,9613157.15,2018-12-15,Mass
C06400,Bà Mai Mai,Male,2008-03-28,Ha Noi,Government Employee,21059742.98,2020-02-14,Mass
C06401,Nhật Bảo Lê,Male,1972-10-18,Dong Nai,Business Owner,25808291.85,2026-06-14,Affluent
C06402,Trọng Trí Phạm,Female,1993-09-23,Bac Ninh,Business Owner,36018414.61,2025-01-17,Affluent
C06403,Nhật Mai Bảo Hoàng,Male,2001-05-14,Bac Ninh,Student,60000000.0,2023-03-14,Premium
C06404,Hồng Nguyễn,Male,1992-10-14,Hue,Teacher,31785945.69,2024-05-25,Affluent
C06405,Minh Mai,Male,1994-10-29,Khanh Hoa,Sales,37418411.91,2019-05-24,Affluent
C06406,Khoa Hải Lê,Male,1975-07-07,Khanh Hoa,Sales,10792205.9,2024-11-16,Mass
C06407,Yến Đặng,Female,1989-02-26,Khanh Hoa,Sales,15476323.39,2018-12-13,Mass
C06408,Quang Đức Nguyễn,Female,1983-10-14,Thanh Hoa,Student,9678030.47,2021-12-19,Mass
C06409,Nam Trí Dương,Female,1989-07-29,Thanh Hoa,Sales,14534797.28,2018-02-01,Mass
C06410,Quý cô Yến Trần,Female,2003-08-04,Hue,Student,51131961.16,2026-01-21,Affluent
C06411,Trọng Mai Bùi,Female,1974-11-10,Thanh Hoa,Doctor,9317865.33,2023-03-04,Mass
C06412,Nam Đặng,Female,1988-05-11,Can Tho,Sales,15024828.1,2020-08-17,Mass
C06413,Bà Hồng Dương,Male,1997-08-02,Binh Duong,Accountant,40440518.49,2024-03-06,Affluent
C06414,Yến Dương,Male,1989-07-12,Hue,Business Owner,22532813.13,2023-10-08,Affluent
C06415,Quý ông Dũng Đặng,Female,1985-08-19,Ho Chi Minh City,Bank Employee,25161255.64,2018-08-06,Affluent
C06416,Phúc Bùi,Male,1980-09-29,Thanh Hoa,Government Employee,76453732.65,2019-02-28,Premium
C06417,Khoa Nguyễn,Male,1991-10-04,Khanh Hoa,Business Owner,19398665.39,2021-10-15,Mass
C06418,Bà Lan Lê,Male,1985-08-27,Can Tho,Student,8224280.19,2021-01-13,Mass
C06419,Anh Thành Lê,Female,2001-12-15,Nam Dinh,Government Employee,9729384.87,2025-11-02,Mass
C06420,Anh Phúc Nguyễn,Female,1986-05-10,Quang Ninh,Bank Employee,38971788.24,2025-02-22,Affluent
C06421,Chị Hải Lê,Female,2000-05-28,Da Nang,Student,7975571.68,2019-09-06,Mass
C06422,Ông Tú Trần,Female,1986-12-31,Bac Ninh,Bank Employee,11259988.79,2019-11-24,Mass
C06423,Bác Châu Bùi,Female,1967-02-10,Can Tho,Sales,35386456.37,2025-05-20,Affluent
C06424,Nhật Trần,Female,1970-12-28,Hai Phong,Bank Employee,7966716.22,2019-07-22,Mass
C06425,Bảo Thị Vũ,Male,2008-04-15,Hue,Business Owner,8108207.77,2025-12-22,Mass
C06426,Bà Hà Vũ,Male,1977-08-25,Da Nang,Government Employee,22187791.52,2026-03-05,Mass
C06427,Tùng Bùi,Female,1999-08-29,Binh Duong,Government Employee,30483277.44,2023-04-04,Affluent
C06428,Cô Linh Lê,Female,2002-10-20,Ba Ria - Vung Tau,Government Employee,20325090.49,2021-02-11,Affluent
C06429,Kim Hoàng,Male,1983-10-04,Thanh Hoa,Student,12974212.79,2019-04-21,Mass
C06430,Mai Hoàng,Female,1990-08-03,Hai Phong,Business Owner,60000000.0,2020-11-21,Premium
C06431,Chị An Lê,Male,1971-10-09,Ho Chi Minh City,Engineer,81763218.49,2024-07-14,Premium
C06432,Khoa Văn Trần,Female,1985-06-03,Ha Noi,Freelancer,7212460.52,2021-05-27,Mass
C06433,Phúc Bùi,Male,1993-05-01,Binh Duong,IT Specialist,13288349.97,2026-03-16,Mass
C06434,Châu Trần,Female,1986-10-26,Nghe An,Government Employee,36662067.02,2026-08-02,Affluent
C06435,Hồng Mai,Male,1984-10-06,Quang Ninh,Doctor,8078647.66,2026-02-03,Mass
C06436,Ánh Trần,Female,1988-05-07,Nghe An,Bank Employee,36215071.3,2026-03-01,Affluent
C06437,Quý ông Nam Phạm,Female,1988-10-01,Ha Noi,IT Specialist,12307729.45,2019-05-11,Mass
C06438,Kim Phạm,Female,2005-04-08,Bac Ninh,Teacher,7566092.38,2019-01-24,Mass
C06439,Ông Dũng Nguyễn,Male,2007-11-01,Can Tho,Government Employee,44728389.61,2024-03-05,Affluent
C06440,Thảo Hoàng,Female,1981-07-13,Hue,IT Specialist,16121426.92,2024-07-26,Mass
C06441,Chị Lan Bùi,Male,1987-03-09,Ho Chi Minh City,Accountant,5687751.05,2018-03-21,Mass
C06442,Anh Anh Vũ,Male,2002-02-22,Da Nang,Student,36835891.66,2024-02-28,Affluent
C06443,Khoa Hải Trần,Other,1988-12-15,Ho Chi Minh City,Sales,11099996.3,2022-08-06,Mass
C06444,Anh Nhiên Vũ,Male,1985-10-27,Nghe An,Teacher,100467156.1,2026-08-14,Premium
C06445,Quý ông Quang Mai,Female,1989-09-26,Bac Ninh,Bank Employee,77443144.89,2023-04-19,Premium
C06446,Vân Phạm,Male,1979-12-07,Binh Duong,Office Staff,10320545.19,2020-10-04,Mass
C06447,Yến Bùi,Male,2005-08-29,Nghe An,Bank Employee,9161931.28,2026-03-23,Mass
C06448,Anh Thị Lê,Male,1993-10-07,Dong Nai,Accountant,47160133.1,2024-07-03,Affluent
C06449,Trọng Tấn Trần,Male,1991-09-15,Thanh Hoa,Student,11243101.87,2023-10-10,Mass
C06450,Chị Lan Dương,Male,2004-01-15,Nam Dinh,Freelancer,15797087.0,2025-10-18,Mass
C06451,Quý cô Bảo Mai,Female,1998-01-23,Can Tho,Business Owner,11587152.01,2022-08-04,Mass
C06452,Bảo Hoàng,Female,1974-07-09,Khanh Hoa,Accountant,14338866.9,2023-04-29,Mass
C06453,Kim Phạm,Female,2007-10-20,Binh Duong,Business Owner,20583607.17,2022-06-06,Affluent
C06454,Hưng Thế Hoàng,Male,1991-07-27,Hue,IT Specialist,7849481.15,2025-08-04,Mass
C06455,An Trí Bùi,Male,1982-12-03,Nghe An,Teacher,12178824.2,2023-01-04,Mass
C06456,Nhật Hữu Đặng,Other,1989-05-18,Thanh Hoa,IT Specialist,9370313.34,2018-01-15,Mass
C06457,Quý cô Bảo Mai,Female,1971-09-18,Bac Ninh,Business Owner,30000000.0,2019-06-27,Mass
C06458,Quang Phạm,Female,1994-09-01,Quang Ninh,Accountant,115167303.63,2022-06-15,Premium
C06459,Bác Trọng Hoàng,Female,1989-06-10,Ha Noi,Doctor,10957413.37,2026-05-03,Mass
C06460,Nam Mai Nguyễn,Male,2000-05-23,Da Nang,Teacher,64792055.21,2022-03-01,Premium
C06461,Hạnh Văn Bùi,Female,2003-06-08,Bac Ninh,Office Staff,13828624.16,2026-01-10,Mass
C06462,Bác Huy Nguyễn,Female,1996-02-08,Dong Nai,Business Owner,20000000.0,2018-06-10,Affluent
C06463,Cô Phương Nguyễn,Female,1986-06-10,Da Nang,Engineer,11840373.81,2021-11-05,Mass
C06464,Khoa Lê,Male,1976-07-22,Nam Dinh,IT Specialist,13674044.7,2023-05-15,Mass
C06465,Lan Lê,Male,2007-07-27,Da Nang,Student,5498744.68,2023-05-30,Mass
C06466,Thành Vũ,Female,1997-12-11,Khanh Hoa,Office Staff,9641908.37,2022-01-07,Mass
C06467,Cô Thảo Vũ,Female,1980-06-20,Hue,Student,34906979.04,2022-07-30,Affluent
C06468,Duyên Phạm,Female,1978-06-22,Bac Ninh,Teacher,7547490.17,2020-08-02,Mass
C06469,Chị Thành Phạm,Male,1980-05-26,Quang Ninh,Teacher,15444498.46,2021-12-24,Mass
C06470,Chị Lan Nguyễn,Female,2008-07-09,Dong Nai,Government Employee,19064403.29,2019-07-27,Mass
C06471,Chị Thành Trần,Female,1989-06-13,Thanh Hoa,Bank Employee,13764904.85,2021-10-12,Mass
C06472,Lan Đặng,Female,2000-06-16,Hai Phong,Office Staff,18750925.37,2020-07-28,Mass
C06473,Quang Thị Trần,Female,2003-10-08,Can Tho,Office Staff,16056903.09,2025-10-09,Mass
C06474,Bà Thảo Đặng,Female,1981-07-25,Ho Chi Minh City,Doctor,8533060.16,2018-05-20,Mass
C06475,Mai Bùi,Male,1969-02-22,Ha Noi,Business Owner,13012905.79,2020-08-13,Mass
C06476,Trung Hoàng,Female,1983-06-27,Ho Chi Minh City,Engineer,7031600.67,2024-01-11,Mass
C06477,Chị Mai Lê,Female,1967-01-19,Bac Ninh,Government Employee,7817084.98,2022-06-21,Mass
C06478,Quang Bùi,Female,1979-08-25,Quang Ninh,Sales,8471745.34,2024-02-21,Mass
C06479,Quý cô Bảo Nguyễn,Female,1997-09-25,Nam Dinh,IT Specialist,15815185.17,2019-02-18,Mass
C06480,Linh Hoàng,Female,1978-10-08,Ho Chi Minh City,Bank Employee,7690279.76,2025-09-15,Mass
C06481,Cô Lan Vũ,Female,1979-02-04,Hue,Freelancer,17299019.49,2024-01-23,Mass
C06482,Vũ Lê,Male,2000-10-31,Ho Chi Minh City,Accountant,20998128.35,2025-12-01,Mass
C06483,Chi Đặng,Male,2007-04-28,Can Tho,Student,9643038.4,2022-02-14,Mass
C06484,Thành Trí Nguyễn,Male,1984-10-13,Nghe An,Doctor,8900953.89,2025-07-02,Mass
C06485,Bảo Phạm,Male,1988-05-08,Ha Noi,Sales,13056463.22,2019-08-19,Mass
C06486,Quý ông Trung Trần,Female,1993-02-14,Bac Ninh,Bank Employee,139509179.42,2024-10-03,Premium
C06487,Quý ông Khoa Hoàng,Male,1993-01-04,Da Nang,Freelancer,13012963.12,2026-02-20,Mass
C06488,Anh Xuân Trần,Female,1978-01-10,Nghe An,Doctor,15825883.93,2024-06-01,Mass
C06489,Hồng Lê,Male,1981-12-01,Thanh Hoa,Freelancer,24793813.86,2023-04-04,Affluent
C06490,Vũ Hoàng,Female,1984-10-23,Ho Chi Minh City,Government Employee,26891181.95,2025-08-07,Affluent
C06491,Quý cô Linh Hoàng,Male,2004-10-09,Da Nang,Office Staff,11702581.15,2019-01-23,Mass
C06492,Khoa Lê,Female,2000-03-23,Dong Nai,Freelancer,44368660.57,2022-09-19,Affluent
C06493,Quý cô Nhật Trần,Female,1982-04-03,Dong Nai,Engineer,6165612.4,2026-02-27,Mass
C06494,Cô Chi Đặng,Male,2000-04-14,Ha Noi,Accountant,7199282.11,2026-04-05,Mass
C06495,Quý cô Lan Bùi,Female,1996-03-08,Ho Chi Minh City,Bank Employee,40121035.08,2022-07-10,Affluent
C06496,Châu Đặng,Female,1993-06-10,Nam Dinh,IT Specialist,9761937.7,2019-01-19,Mass
C06497,Quý cô Hạnh Bùi,Female,1975-12-21,Khanh Hoa,Bank Employee,5355942.22,2020-10-07,Mass
C06498,Bảo Nguyễn,Male,1976-12-12,Da Nang,Student,9918540.14,2026-03-13,Mass
C06499,Hà Mai Phạm,Male,1991-01-06,Da Nang,Teacher,9977469.31,2023-04-08,Mass
C06500,Ngọc Hoàng,Male,1974-07-21,Hai Phong,Sales,7799535.46,2026-07-08,Mass
C06501,Bà Thành Lê,Male,1989-10-22,Thanh Hoa,Business Owner,14432897.91,2025-08-03,Mass
C06502,Hưng Phạm,Female,2008-06-04,Khanh Hoa,Freelancer,8696688.23,2021-10-11,Mass
C06503,Cô Hà Đặng,Female,1992-05-08,Ha Noi,Doctor,8798435.2,2021-11-25,Mass
C06504,Bà Linh Nguyễn,Male,1999-05-08,Hue,Sales,10616981.18,2025-06-06,Mass
C06505,Tú Đức Phạm,Female,1983-06-26,Hai Phong,IT Specialist,10643564.4,2023-07-03,Mass
C06506,Cô Khoa Trần,Male,1979-09-09,Quang Ninh,Student,25946084.88,2018-03-06,Affluent
C06507,Quang Nguyễn,Female,2004-02-03,Bac Ninh,Accountant,23550040.54,2020-06-26,Mass
C06508,Quý ông Nhiên Dương,Female,1998-07-08,Da Nang,Student,7584354.05,2023-03-05,Mass
C06509,Bà Nhật Hoàng,Male,2007-10-04,Binh Duong,Teacher,17482368.5,2026-03-08,Mass
C06510,Bà Nhật Vũ,Male,1994-01-17,Thanh Hoa,Business Owner,10980360.22,2024-09-17,Mass
C06511,Chị Hà Mai,Female,1992-02-27,Ho Chi Minh City,Accountant,17106126.25,2019-01-29,Mass
C06512,Bà Dương Đặng,Female,1992-09-15,Khanh Hoa,Office Staff,27257411.68,2023-10-29,Mass
C06513,Khoa Lê,Male,1989-09-22,Can Tho,IT Specialist,17401063.38,2026-05-14,Mass
C06514,Thảo Mai,Male,1982-04-30,Nam Dinh,IT Specialist,34619387.77,2024-04-03,Affluent
C06515,Quý ông Hưng Bùi,Female,1996-11-14,Can Tho,Doctor,13478475.76,2023-10-07,Mass
C06516,Quý ông Nhiên Phạm,Male,1985-04-02,Ho Chi Minh City,Business Owner,9820789.66,2022-10-31,Mass
C06517,Chị Vi Lê,Female,1988-11-22,Ho Chi Minh City,Office Staff,18496442.05,2023-07-24,Mass
C06518,Thành Đức Đặng,Male,1968-03-10,Nam Dinh,Student,16182589.01,2022-02-07,Mass
C06519,Lan Đặng,Female,1969-12-26,Hai Phong,Office Staff,9627520.11,2026-06-05,Mass
C06520,Bác Huy Vũ,Female,1983-06-01,Can Tho,Business Owner,19170803.64,2024-06-11,Mass
C06521,Xuân Mai,Female,2000-05-23,Ba Ria - Vung Tau,IT Specialist,30255289.48,2025-09-21,Affluent
C06522,Minh Phú Mai,Female,1971-06-11,Nghe An,IT Specialist,26123058.84,2018-08-22,Affluent
C06523,Chị Vi Đặng,Female,2004-09-30,Da Nang,Teacher,20485149.33,2024-06-03,Mass
C06524,Nhật Mai Bảo Lê,Male,1977-04-20,Hue,Accountant,13959338.84,2018-12-26,Mass
C06525,Bảo Văn Mai,Female,1991-02-19,Nghe An,Business Owner,30685514.71,2022-12-18,Affluent
C06526,Thành Dương,Male,1987-01-07,Ba Ria - Vung Tau,Government Employee,20860117.55,2022-12-28,Mass
C06527,Chị Thành Vũ,Male,1988-05-21,Da Nang,Office Staff,25619208.27,2022-07-10,Mass
C06528,Bà Yến Đặng,Female,1999-11-19,Bac Ninh,Government Employee,11917624.87,2019-10-09,Mass
C06529,Khoa Bùi,Female,1995-09-03,Quang Ninh,Doctor,8207982.12,2024-05-26,Mass
C06530,Chị Bảo Lê,Female,1991-10-24,Hue,Business Owner,13887260.45,2024-10-27,Mass
C06531,Nam Đức Mai,Female,1985-07-12,Nam Dinh,Doctor,25650547.4,2020-08-09,Mass
C06532,Bà Nhật Bùi,Male,1985-01-07,Hue,Freelancer,17947566.43,2019-04-05,Mass
C06533,Bà Nhật Lê,Male,1990-08-12,Ho Chi Minh City,Sales,21589910.73,2020-08-21,Mass
C06534,Lâm Đức Lê,Female,1964-09-07,Ha Noi,Government Employee,14451329.91,2020-05-08,Mass
C06535,Hương Lê,Male,2001-04-25,Hue,Freelancer,9902872.75,2022-10-16,Mass
C06536,Chị Hạnh Trần,Male,1987-05-04,Khanh Hoa,Office Staff,14078952.65,2022-07-07,Mass
C06537,Nhiên Hoàng,Male,1983-05-17,Thanh Hoa,Accountant,40181527.13,2024-07-15,Affluent
C06538,Cô An Hoàng,Male,1990-08-23,Hue,Engineer,9604552.41,2019-04-20,Mass
C06539,Kim Xuân Dương,Female,1986-09-12,Dong Nai,Doctor,61059223.41,2025-08-19,Affluent
C06540,Lan Bùi,Male,1979-04-29,Da Nang,Government Employee,41089772.51,2025-12-18,Affluent
C06541,An Đức Đặng,Female,1978-10-12,Hai Phong,Bank Employee,10538489.69,2025-03-01,Mass
C06542,Duyên Đặng,Male,1996-04-30,Hai Phong,Sales,9236673.99,2020-06-26,Mass
C06543,Lâm Xuân Trần,Male,1992-03-26,Quang Ninh,Government Employee,10352257.23,2026-01-08,Mass
C06544,Bác Hưng Nguyễn,Female,1977-10-06,Hai Phong,Doctor,10160863.75,2021-07-16,Mass
C06545,Cô Ngọc Trần,Female,1999-09-18,Quang Ninh,Freelancer,23684211.92,2023-05-28,Mass
C06546,Chị Linh Phạm,Male,1995-01-10,Ha Noi,Engineer,106333626.26,2018-05-08,Premium
C06547,Chị Bảo Vũ,Male,1986-05-07,Dong Nai,Sales,24886864.29,2019-01-23,Affluent
C06548,Ông Vũ Hoàng,Female,1977-08-20,Ba Ria - Vung Tau,Sales,14997721.87,2022-04-26,Mass
C06549,Quý cô Ánh Nguyễn,Female,1972-11-07,Dong Nai,Engineer,9461008.38,2024-10-24,Mass
C06550,Hồng Nguyễn,Female,1988-12-11,Hai Phong,Doctor,35415684.54,2025-01-05,Affluent
C06551,Quý cô Nhật Nguyễn,Female,1988-03-26,Ha Noi,Sales,7212325.86,2024-06-15,Mass
C06552,Thành Đức Bùi,Male,1988-12-04,Bac Ninh,Freelancer,7283738.65,2022-11-30,Mass
C06553,Hải Bùi,Male,1987-02-25,Dong Nai,Bank Employee,5696656.68,2023-06-02,Mass
C06554,Chi Bùi,Male,2008-09-23,Ho Chi Minh City,Business Owner,15980970.98,2019-08-28,Mass
C06555,Quý cô Hạnh Phạm,Female,1997-06-19,Can Tho,Teacher,26023257.03,2024-04-06,Affluent
C06556,Nam Văn Hoàng,Female,1977-04-02,Ha Noi,IT Specialist,38614811.74,2025-11-15,Affluent
C06557,Quang Mai Lê,Male,1981-03-03,Hai Phong,Teacher,93566588.29,2020-06-20,Premium
C06558,Bà Hồng Trần,Male,1961-07-31,Hai Phong,Doctor,9711655.85,2021-12-16,Mass
C06559,Quý ông Hoàng Phạm,Male,1971-07-31,Ha Noi,Freelancer,34361551.47,2026-08-27,Affluent
C06560,Lâm Phạm,Female,2008-09-07,Ho Chi Minh City,Office Staff,121305200.04,2020-05-23,Premium
C06561,Hà Văn Hoàng,Male,1986-10-23,Hai Phong,IT Specialist,8305716.52,2023-11-09,Mass
C06562,Khoa Trần,Female,2001-03-17,Quang Ninh,Student,11896716.94,2024-01-25,Mass
C06563,Hạnh Trí Phạm,Male,1987-03-14,Hai Phong,Engineer,5053972.16,2020-01-13,Mass
C06564,Kim Đặng,Female,1979-07-31,Can Tho,Office Staff,10092901.54,2018-09-01,Mass
C06565,Khoa Trần,Other,2004-11-30,Binh Duong,Sales,145706861.67,2022-10-25,Premium
C06566,Quý cô Lan Dương,Male,1990-10-24,Hai Phong,Teacher,18367167.06,2024-03-20,Mass
C06567,Quý ông Minh Đặng,Male,1985-11-09,Hai Phong,Government Employee,11993640.77,2019-05-13,Mass
C06568,Quý ông Hưng Bùi,Female,1992-07-27,Binh Duong,Bank Employee,40453852.89,2020-07-31,Affluent
C06569,Bà Duyên Vũ,Female,1994-11-22,Binh Duong,Freelancer,27101153.32,2020-03-12,Affluent
C06570,Cô Hạnh Bùi,Male,1984-04-21,Da Nang,Freelancer,33515288.54,2023-09-12,Affluent
C06571,Nhật Đặng,Female,1989-12-10,Can Tho,Teacher,17569941.85,2019-09-10,Mass
C06572,Tú Mai Nguyễn,Male,1992-05-10,Binh Duong,Bank Employee,12063308.9,2022-10-30,Mass
C06573,Nhật Hoàng,Female,1996-10-14,Nghe An,Student,13952596.59,2019-03-08,Mass
C06574,Chị Thảo Lê,Female,1986-12-10,Can Tho,Accountant,16447573.29,2024-05-26,Mass
C06575,Xuân Lê,Female,1996-12-25,Ha Noi,Business Owner,10223313.1,2021-11-09,Mass
C06576,Tùng Phạm,Male,1982-09-02,Quang Ninh,Office Staff,37750999.89,2022-09-26,Affluent
C06577,Bác Anh Vũ,Male,2000-07-30,Hue,Business Owner,51796070.21,2025-09-23,Affluent
C06578,Nhật Lê,Female,2008-09-22,Nam Dinh,Business Owner,44284445.03,2022-07-26,Affluent
C06579,Bà Linh Bùi,Female,2003-12-27,Can Tho,Engineer,23218111.23,2023-08-09,Mass
C06580,Trung Hữu Hoàng,Female,2007-05-21,Ha Noi,Government Employee,49453026.38,2021-01-23,Affluent
C06581,Bảo Hoàng,Male,1991-04-20,Nam Dinh,Business Owner,10554958.51,2021-12-14,Mass
C06582,Lan Đặng,Male,1988-03-11,Ha Noi,Freelancer,14970352.85,2026-04-20,Mass
C06583,Tùng Đặng,Male,2000-01-18,Ha Noi,Accountant,27401883.28,2025-10-06,Affluent
C06584,Quý cô Ánh Lê,Female,1983-05-24,Da Nang,Accountant,6601762.22,2024-04-02,Mass
C06585,Phương Thị Vũ,Male,1996-11-19,Ho Chi Minh City,Government Employee,80000000.0,2021-11-27,Affluent
C06586,Anh Trung Mai,Female,2001-09-10,Thanh Hoa,Business Owner,17932910.98,2021-01-28,Mass
C06587,Nhật Đức Trần,Male,1997-07-20,Ho Chi Minh City,Freelancer,14340281.29,2021-04-04,Mass
C06588,Ngọc Hoàng,Female,1983-02-15,Ba Ria - Vung Tau,Bank Employee,17815012.61,2022-11-01,Mass
C06589,Quang Tấn Đặng,Male,1993-06-27,Ho Chi Minh City,Bank Employee,24071204.05,2023-02-04,Mass
C06590,Bác Phúc Trần,Male,1997-03-16,Khanh Hoa,Engineer,37547777.38,2021-11-15,Affluent
C06591,Nhật Đức Phạm,Male,1988-08-15,Hue,Business Owner,8102865.85,2023-11-19,Mass
C06592,Nhiên Văn Nguyễn,Female,1994-03-11,Hai Phong,IT Specialist,106673800.62,2025-07-16,Premium
C06593,Quý cô Vân Trần,Female,1995-01-10,Da Nang,Freelancer,72793397.04,2019-07-06,Affluent
C06594,Huy Nguyễn,Female,1999-10-15,Hue,Teacher,18132487.4,2023-01-01,Mass
C06595,Châu Bùi,Female,1981-08-23,Hai Phong,Accountant,11941920.04,2026-08-15,Mass
C06596,Hạnh Phạm,Female,2000-03-10,Hue,Office Staff,27795425.74,2021-06-17,Affluent
C06597,Bác Anh Phạm,Female,1996-07-28,Nam Dinh,Accountant,20483622.76,2024-09-01,Affluent
C06598,Ông Thành Bùi,Female,2001-10-20,Hue,IT Specialist,7142335.83,2019-05-27,Mass
C06599,Phương Dương,Male,1976-03-27,Quang Ninh,IT Specialist,42135338.34,2025-09-01,Affluent
C06600,Huy Đức Bùi,Male,1982-07-17,Hai Phong,Sales,41762451.53,2023-07-30,Affluent
C06601,Anh Thành Phạm,Female,1989-06-20,Hai Phong,Student,179368494.6,2021-08-13,Premium
C06602,Phương Quang Đặng,Male,1997-07-02,Bac Ninh,Sales,12456480.74,2026-05-01,Mass
C06603,Vũ Mai,Male,1982-09-18,Ha Noi,Government Employee,7557069.02,2023-11-11,Mass
C06604,Minh Thị Nguyễn,Female,1956-05-06,Khanh Hoa,Accountant,35301229.39,2023-01-28,Affluent
C06605,Quý cô Nhật Lê,Male,1989-04-01,Binh Duong,Office Staff,18630759.68,2019-09-08,Mass
C06606,An Mai,Male,1980-04-04,Ba Ria - Vung Tau,Student,35402111.57,2021-09-15,Affluent
C06607,Dũng Nguyễn,Male,1989-08-20,Bac Ninh,Student,7088364.69,2021-01-19,Mass
C06608,Quý ông Nam Vũ,Male,1997-03-04,Ha Noi,Sales,14381321.2,2024-12-29,Mass
C06609,Bà Hồng Bùi,Male,1985-10-30,Quang Ninh,Doctor,18399337.57,2026-02-20,Mass
C06610,Linh Nguyễn,Female,1992-07-31,Ha Noi,Freelancer,7384301.81,2019-08-25,Mass
C06611,Chị Chi Vũ,Female,1978-12-14,Nam Dinh,Business Owner,53848517.09,2020-07-15,Affluent
C06612,Khoa Hải Phạm,Female,1981-05-17,Ba Ria - Vung Tau,Student,11332048.54,2018-11-04,Mass
C06613,Hồng Dương,Male,1979-09-21,Dong Nai,Government Employee,80000000.0,2023-06-12,Affluent
C06614,Anh Nam Bùi,Female,1989-05-21,Can Tho,Doctor,7582165.22,2025-02-14,Mass
C06615,Ông Tùng Lê,Male,1997-01-28,Khanh Hoa,Government Employee,14936729.55,2021-05-29,Mass
C06616,Chị Kim Bùi,Male,2008-07-14,Hai Phong,Engineer,12733008.63,2023-12-15,Mass
C06617,Bác Vũ Hoàng,Male,1986-08-18,Bac Ninh,IT Specialist,20536406.93,2024-05-06,Mass
C06618,Vi Mai,Female,1976-01-16,Hai Phong,Government Employee,16240552.04,2018-03-05,Mass
C06619,Quý ông Dũng Phạm,Female,2007-10-16,Khanh Hoa,Accountant,16564721.86,2021-06-26,Mass
C06620,Trọng Thị Bùi,Male,1983-03-10,Da Nang,IT Specialist,13124584.91,2024-11-30,Mass
C06621,Anh Nhiên Bùi,Female,2008-02-19,Dong Nai,Doctor,9143431.76,2022-01-21,Mass
C06622,Bà Dương Lê,Female,2003-02-11,Nam Dinh,Sales,20000000.0,2022-09-05,Affluent
C06623,Quý ông Nam Đặng,Male,1990-10-09,Nam Dinh,Government Employee,9076320.75,2023-12-24,Mass
C06624,Nam Thế Hoàng,Male,1962-01-31,Binh Duong,Bank Employee,11311687.36,2021-06-27,Mass
C06625,Chị Hà Dương,Male,1976-07-03,Quang Ninh,Bank Employee,6929044.96,2021-09-01,Mass
C06626,Thảo Mai,Male,1996-02-06,Nghe An,Bank Employee,12413950.82,2020-02-04,Mass
C06627,Nhật Quang Mai,Female,2000-04-14,Ha Noi,Doctor,10351551.48,2022-02-06,Mass
C06628,Hải Mai Nguyễn,Male,1993-01-06,Quang Ninh,Government Employee,91068046.59,2019-10-13,Premium
C06629,Kim Hoàng Lê,Male,1970-05-27,Thanh Hoa,Accountant,13698493.31,2022-04-05,Mass
C06630,Vi Trần,Female,1984-10-07,Ha Noi,Government Employee,14494739.94,2024-02-15,Mass
C06631,Bảo Văn Dương,Female,1984-05-04,Da Nang,Student,11656875.82,2023-08-13,Mass
C06632,Chị Vi Mai,Male,1993-10-27,Quang Ninh,Office Staff,12721484.67,2021-07-07,Mass
C06633,Hải Hoàng,Male,1977-10-21,Binh Duong,Doctor,49068609.76,2022-05-17,Affluent
C06634,Quý cô Hà Mai,Female,1992-11-27,Bac Ninh,Engineer,15699862.32,2026-05-31,Mass
C06635,Quý cô Nhật Đặng,Female,1993-03-14,Quang Ninh,Engineer,12143102.85,2018-05-22,Mass
C06636,Chị Chi Trần,Male,1996-05-03,Can Tho,Engineer,11260835.84,2020-12-14,Mass
C06637,Ông Tùng Bùi,Male,1975-11-16,Binh Duong,Engineer,12394515.19,2022-05-07,Mass
C06638,Trọng Vũ,Male,1989-05-10,Da Nang,Teacher,7231022.33,2024-09-13,Mass
C06639,Quý cô Khoa Vũ,Male,1994-04-29,Da Nang,Student,11028098.59,2021-01-15,Mass
C06640,Cô Lâm Hoàng,Female,2000-06-13,Hai Phong,Freelancer,35228227.72,2023-05-16,Affluent
C06641,Cô Dương Phạm,Male,1995-08-01,Ho Chi Minh City,Sales,12340730.31,2020-09-22,Mass
C06642,Khoa Văn Trần,Female,1988-12-10,Ba Ria - Vung Tau,IT Specialist,8588229.69,2022-11-06,Mass
C06643,Quang Hoàng,Female,1995-02-05,Ha Noi,Engineer,12329412.26,2018-07-07,Mass
C06644,Nhật Văn Bùi,Female,1976-11-16,Nam Dinh,Doctor,13128144.49,2024-09-22,Mass
C06645,Cô Khoa Đặng,Female,1998-03-29,Can Tho,Student,13798478.27,2021-12-28,Mass
C06646,Anh Nam Đặng,Female,1972-03-10,Ho Chi Minh City,Engineer,46079123.88,2023-11-15,Affluent
C06647,Trọng Mai,Female,1984-02-04,Nghe An,Accountant,15469389.67,2025-12-20,Mass
C06648,Bà Lâm Mai,Other,1975-08-02,Hai Phong,Sales,17485571.02,2019-09-21,Mass
C06649,Quang Nguyễn,Female,1984-05-27,Bac Ninh,IT Specialist,17442877.98,2020-06-18,Mass
C06650,Cô Nhật Mai,Female,2002-01-22,Ba Ria - Vung Tau,Business Owner,7093038.51,2018-07-04,Mass
C06651,Kim Dương,Female,1989-06-18,Bac Ninh,Engineer,12291953.95,2020-02-02,Mass
C06652,Hồng Bùi,Male,1995-11-28,Da Nang,Business Owner,16021876.73,2022-12-04,Mass
C06653,Quang Trần,Male,2008-02-11,Bac Ninh,Bank Employee,9951630.03,2021-07-02,Mass
C06654,Minh Thị Trần,Female,1996-01-07,Bac Ninh,Accountant,6767968.89,2021-06-22,Mass
C06655,Hải Đức Hoàng,Male,1974-01-26,Nam Dinh,Office Staff,7457246.21,2020-06-24,Mass
C06656,Cô Thành Nguyễn,Male,1997-03-05,Binh Duong,Sales,16489100.14,2018-01-16,Mass
C06657,Quý cô Vi Nguyễn,Female,1983-02-17,Hue,Student,8142078.62,2024-03-01,Mass
C06658,Nhật Nguyễn,Female,1983-08-05,Binh Duong,Teacher,38178915.2,2025-03-26,Affluent
C06659,Quý cô Hải Vũ,Female,1965-08-09,Khanh Hoa,Doctor,39509066.86,2023-08-25,Affluent
C06660,Chi Nguyễn,Male,1992-01-01,Quang Ninh,IT Specialist,8891812.99,2020-12-07,Mass
C06661,Cô Vân Mai,Female,1999-07-25,Hue,Business Owner,27319953.51,2020-06-01,Affluent
C06662,Vân Trần,Female,1975-06-28,Binh Duong,Office Staff,35189193.62,2026-02-04,Affluent
C06663,Anh Thành Lê,Female,1983-11-10,Khanh Hoa,Accountant,20386915.74,2025-06-05,Mass
C06664,Quý cô Phương Lê,Female,2008-03-07,Hue,Bank Employee,166787357.36,2018-05-13,Premium
C06665,Khoa Mai,Female,1989-12-29,Da Nang,Doctor,13973652.33,2020-04-08,Mass
C06666,Nam Văn Dương,Male,2000-05-18,Bac Ninh,Sales,9212977.71,2026-02-25,Mass
C06667,Bà Khoa Lê,Male,1984-12-21,Hai Phong,Engineer,259565558.89,2025-05-18,Premium
C06668,Bác Vũ Trần,Male,1979-02-27,Da Nang,Engineer,18687216.35,2020-12-06,Mass
C06669,Phương Văn Bùi,Male,1993-09-18,Binh Duong,Accountant,29232666.34,2023-03-31,Affluent
C06670,Nhật Hoàng,Female,1999-08-17,Thanh Hoa,Student,10114912.76,2024-04-09,Mass
C06671,Hà Xuân Dương,Female,2008-06-05,Dong Nai,Accountant,9310891.83,2023-12-07,Mass
C06672,Kim Trí Nguyễn,Male,1996-10-14,Hue,Student,11285641.89,2021-12-03,Mass
C06673,Vân Lê,Female,1988-12-25,Dong Nai,Bank Employee,39020350.67,2024-06-03,Affluent
C06674,Mai Hoàng,Female,1991-07-10,Hai Phong,Freelancer,9790392.71,2024-06-08,Mass
C06675,Nhật Nguyễn,Female,2008-08-06,Bac Ninh,Accountant,9811435.93,2025-09-24,Mass
C06676,Quý cô Lâm Vũ,Male,2000-12-09,Thanh Hoa,Teacher,14126182.8,2023-03-05,Mass
C06677,Anh Phạm,Male,1980-01-27,Thanh Hoa,IT Specialist,16666596.78,2020-05-08,Mass
C06678,Trọng Hữu Lê,Male,1981-12-23,Hue,Engineer,11452094.54,2021-06-18,Mass
C06679,Dũng Mai,Male,1996-05-23,Khanh Hoa,Engineer,9238880.18,2020-06-20,Mass
C06680,Ông Vũ Lê,Female,2006-12-19,Ha Noi,Government Employee,16980327.11,2021-05-04,Mass
C06681,Yến Vũ,Male,1992-01-25,Binh Duong,Teacher,7757712.79,2024-10-25,Mass
C06682,Bà Bảo Đặng,Female,1999-10-19,Dong Nai,IT Specialist,26984321.83,2019-04-16,Affluent
C06683,Quý cô Duyên Nguyễn,Male,1990-09-19,Ha Noi,Engineer,17435709.92,2020-07-06,Mass
C06684,Bảo Phạm,Female,1994-04-14,Nam Dinh,Government Employee,60000000.0,2021-06-14,Premium
C06685,Bác Quang Nguyễn,Male,1993-06-23,Hue,Business Owner,11361594.73,2019-10-03,Mass
C06686,Bà Khoa Dương,Female,1993-05-22,Khanh Hoa,Freelancer,9633968.53,2018-01-11,Mass
C06687,Nhật Thị Phạm,Female,1988-01-09,Hue,Engineer,35701417.58,2022-04-24,Affluent
C06688,Hải Mai Nguyễn,Female,1991-05-28,Binh Duong,IT Specialist,39612331.45,2018-03-17,Affluent
C06689,Bà Lâm Bùi,Male,1994-11-15,Dong Nai,Bank Employee,10120890.61,2019-01-02,Mass
C06690,Hoàng Thế Nguyễn,Male,1975-02-03,Bac Ninh,Government Employee,14595029.76,2018-04-20,Mass
C06691,Quang Hải Bùi,Male,1980-11-26,Khanh Hoa,Accountant,18431170.03,2020-08-04,Mass
C06692,Minh Trần,Male,1985-07-04,Ha Noi,Freelancer,16607305.48,2019-04-30,Mass
C06693,Bác Anh Nguyễn,Male,2008-06-28,Dong Nai,Doctor,12888823.04,2022-11-06,Mass
C06694,Quý cô Ánh Vũ,Male,1992-10-22,Quang Ninh,Office Staff,21587103.62,2022-05-04,Mass
C06695,Cô Thành Hoàng,Female,1980-02-24,Quang Ninh,Business Owner,28968658.5,2024-12-16,Affluent
C06696,Quý ông Quang Mai,Female,1986-08-12,Ho Chi Minh City,Bank Employee,12725337.9,2025-08-25,Mass
C06697,Anh Hữu Bùi,Male,1986-06-26,Quang Ninh,IT Specialist,8400672.7,2019-05-01,Mass
C06698,Chị Bảo Phạm,Male,1987-04-16,Nam Dinh,Bank Employee,11079024.96,2023-03-26,Mass
C06699,An Hữu Bùi,Female,1987-06-21,Ho Chi Minh City,Teacher,28163660.49,2022-08-22,Affluent
C06700,Quý ông Khoa Hoàng,Male,1996-12-05,Hue,Government Employee,18097093.71,2023-09-14,Mass
C06701,Bảo Đặng,Female,2001-12-30,Binh Duong,Bank Employee,8522354.13,2022-09-17,Mass
C06702,Nhiên Dương,Female,1991-09-16,Ba Ria - Vung Tau,Government Employee,9159073.42,2024-10-13,Mass
C06703,Chị Nhật Nguyễn,Male,2000-04-06,Nghe An,Accountant,104292617.12,2023-05-16,Premium
C06704,Phúc Hoàng,Female,2006-12-01,Nam Dinh,Doctor,66818854.39,2020-03-07,Premium
C06705,Bảo Xuân Bùi,Other,1968-03-12,Nam Dinh,Business Owner,40172817.25,2018-07-29,Affluent
C06706,Cô Kim Bùi,Male,1999-06-21,Quang Ninh,IT Specialist,13891566.47,2023-07-12,Mass
C06707,Hà Mai Hoàng,Female,1984-04-08,Khanh Hoa,Accountant,47165957.24,2020-12-16,Affluent
C06708,Bảo Hoàng Đặng,Female,1992-01-11,Thanh Hoa,Bank Employee,46913119.62,2022-04-27,Affluent
C06709,Khoa Trí Hoàng,Female,2007-12-05,Ho Chi Minh City,Business Owner,65539101.49,2026-05-08,Premium
C06710,Chị Linh Mai,Male,1989-04-05,Binh Duong,Bank Employee,38638072.38,2020-09-04,Affluent
C06711,Quý ông Tùng Mai,Male,2001-02-16,Ba Ria - Vung Tau,Business Owner,37832709.49,2025-04-07,Affluent
C06712,Quý ông Bảo Hoàng,Male,1996-11-09,Quang Ninh,Business Owner,10891372.55,2022-02-02,Mass
C06713,Bà Kim Nguyễn,Male,1979-01-26,Quang Ninh,Freelancer,16494628.36,2024-04-09,Mass
C06714,Tú Phạm,Female,2000-10-18,Binh Duong,Student,8288496.9,2022-06-20,Mass
C06715,Minh Lê,Male,1995-06-08,Ho Chi Minh City,Freelancer,11888189.69,2018-04-21,Mass
C06716,Vân Vũ,Male,1998-04-06,Nam Dinh,Government Employee,47824630.74,2018-05-14,Affluent
C06717,Cô Linh Phạm,Female,1987-01-31,Nghe An,Office Staff,13832714.99,2023-12-20,Mass
C06718,Cô Lan Lê,Male,2003-12-31,Da Nang,Accountant,18055645.41,2020-02-04,Mass
C06719,An Văn Nguyễn,Female,2008-07-29,Bac Ninh,Accountant,16067941.21,2021-05-25,Mass
C06720,Hạnh Vũ,Female,1980-01-11,Ha Noi,Student,30741935.67,2018-04-30,Affluent
C06721,Dương Dương,Male,1976-02-15,Bac Ninh,Office Staff,97507682.02,2021-01-30,Premium
C06722,Bảo Quang Vũ,Male,1990-10-03,Can Tho,Accountant,13514210.01,2025-12-03,Mass
C06723,Cô Ánh Vũ,Male,1956-09-26,Da Nang,Engineer,19210529.07,2026-04-12,Mass
C06724,Lâm Vũ,Female,1983-03-11,Da Nang,Government Employee,8718307.1,2023-12-24,Mass
C06725,An Phạm,Male,1988-12-10,Hue,Doctor,9027840.73,2021-04-08,Mass
C06726,Bác Hoàng Mai,Female,1981-02-08,Nam Dinh,Bank Employee,12604704.17,2025-10-04,Mass
C06727,Anh Hưng Hoàng,Female,2003-03-13,Binh Duong,Accountant,35862258.12,2020-10-11,Affluent
C06728,Hải Tấn Bùi,Male,2000-07-23,Ba Ria - Vung Tau,IT Specialist,12652215.36,2024-05-25,Mass
C06729,Phúc Lê,Female,2000-05-18,Hai Phong,Sales,12116005.19,2018-08-08,Mass
C06730,Nam Đặng,Female,1981-12-15,Nam Dinh,Engineer,11779237.56,2018-12-30,Mass
C06731,Cô Phương Lê,Male,1994-11-15,Thanh Hoa,Accountant,12884864.49,2023-12-25,Mass
C06732,Bà Ánh Phạm,Male,1982-12-04,Da Nang,Engineer,8144904.4,2023-10-22,Mass
C06733,Duyên Dương,Male,1988-02-10,Thanh Hoa,Freelancer,19030556.73,2020-04-08,Mass
C06734,Kim Đức Hoàng,Female,1984-06-06,Binh Duong,Office Staff,12245035.64,2020-12-15,Mass
C06735,Tùng Hoàng,Male,1983-04-24,Thanh Hoa,Bank Employee,14059248.13,2025-12-01,Mass
C06736,Bảo Thị Đặng,Female,1982-01-08,Khanh Hoa,Doctor,20000000.0,2018-04-04,Affluent
C06737,Phương Trí Nguyễn,Female,2008-04-05,Ho Chi Minh City,Bank Employee,17057617.06,2022-08-06,Mass
C06738,Nhật Đặng,Male,2007-02-02,Ha Noi,Student,13810720.97,2023-12-03,Mass
C06739,Cô Chi Hoàng,Male,1994-02-23,Dong Nai,IT Specialist,8467543.25,2018-12-15,Mass
C06740,Kim Đức Mai,Female,1986-10-11,Nghe An,Bank Employee,108373499.27,2019-10-18,Premium
C06741,Khoa Tấn Dương,Female,1967-06-09,Ba Ria - Vung Tau,Student,9642908.05,2019-01-24,Mass
C06742,Bà An Vũ,Female,1974-12-20,Hai Phong,Teacher,13575336.72,2023-03-07,Mass
C06743,Bà Chi Vũ,Male,1997-11-29,Ho Chi Minh City,Freelancer,15873370.76,2021-05-03,Mass
C06744,Nhật Lê,Female,1984-08-13,Can Tho,Student,101444059.02,2020-10-14,Premium
C06745,Quang Quang Phạm,Female,1988-01-21,Thanh Hoa,Office Staff,9737273.88,2025-10-11,Mass
C06746,Bác Thành Trần,Female,2000-09-25,Thanh Hoa,Freelancer,15653764.18,2018-07-03,Mass
C06747,Ngọc Dương,Female,1993-03-09,Binh Duong,Bank Employee,11668321.44,2018-05-03,Mass
C06748,Quý ông Trung Lê,Female,1987-05-21,Ha Noi,IT Specialist,13167577.66,2023-02-07,Mass
C06749,Nhật Đặng,Female,2005-12-28,Ho Chi Minh City,Bank Employee,18823289.01,2023-12-15,Mass
C06750,Mai Bùi,Female,1989-01-14,Bac Ninh,Office Staff,11178340.34,2023-10-21,Mass
C06751,Khoa Lê,Female,1986-04-08,Thanh Hoa,Doctor,13035760.88,2021-09-07,Mass
C06752,Lan Đặng,Female,1981-10-17,Ho Chi Minh City,Office Staff,41130221.32,2020-12-10,Affluent
C06753,Khoa Phạm,Female,1983-02-02,Quang Ninh,Government Employee,19254687.1,2018-02-10,Mass
C06754,Anh Trung Dương,Male,1981-02-16,Nghe An,Government Employee,11344538.89,2025-06-09,Mass
C06755,Mai Vũ,Female,2003-05-22,Bac Ninh,Student,194861560.29,2022-10-20,Premium
C06756,Bà Hạnh Vũ,Female,1993-01-10,Da Nang,Student,10168747.59,2020-12-29,Mass
C06757,Bác Tùng Hoàng,Female,2008-05-15,Ba Ria - Vung Tau,Office Staff,13509217.59,2025-05-23,Mass
C06758,Vi Vũ,Female,1989-04-25,Can Tho,Freelancer,7061209.98,2020-03-29,Mass
C06759,Quý ông Nam Dương,Other,1985-11-18,Ha Noi,IT Specialist,10079861.05,2022-03-03,Mass
C06760,Bảo Hải Đặng,Male,1961-04-18,Quang Ninh,Accountant,9831880.64,2018-08-10,Mass
C06761,An Dương,Male,1995-03-31,Quang Ninh,Doctor,26921229.99,2025-04-12,Affluent
C06762,Thành Quang Hoàng,Male,1976-08-01,Khanh Hoa,Freelancer,10532177.78,2022-07-06,Mass
C06763,Nhật Nguyễn,Male,1998-06-11,Ha Noi,Freelancer,43268918.71,2019-11-08,Affluent
C06764,Vũ Mai Bảo Phạm,Female,2006-03-30,Binh Duong,Accountant,14934819.13,2018-01-14,Mass
C06765,Bà Hà Vũ,Female,1971-09-23,Thanh Hoa,Freelancer,14632124.08,2019-04-26,Mass
C06766,Thành Hoàng Vũ,Female,1983-05-18,Dong Nai,Office Staff,45438789.14,2025-08-28,Affluent
C06767,Duyên Trần,Male,1972-07-16,Ha Noi,Engineer,18326892.85,2025-01-16,Mass
C06768,Minh Văn Đặng,Female,1986-06-16,Hai Phong,Government Employee,143556221.55,2021-08-29,Premium
C06769,Tùng Quang Trần,Male,2000-05-04,Quang Ninh,Doctor,15746362.82,2023-12-18,Mass
C06770,Bảo Đức Vũ,Male,2002-09-11,Dong Nai,Student,31350848.62,2023-10-20,Affluent
C06771,Hải Phú Phạm,Male,2008-08-31,Nam Dinh,Government Employee,39479318.77,2025-10-10,Affluent
C06772,Kim Nguyễn,Male,1998-06-02,Ba Ria - Vung Tau,Office Staff,48846934.64,2021-11-20,Affluent
C06773,Quý ông Nam Nguyễn,Male,1986-05-10,Can Tho,IT Specialist,17784729.8,2023-10-16,Mass
C06774,Nam Hoàng,Male,2002-01-25,Khanh Hoa,IT Specialist,47792268.17,2024-07-31,Affluent
C06775,Cô Yến Vũ,Female,1967-07-25,Nam Dinh,Student,15679624.31,2025-08-16,Mass
C06776,Khoa Đức Mai,Male,1982-01-09,Binh Duong,Engineer,12733875.91,2018-12-13,Mass
C06777,Nam Phạm,Female,1996-01-27,Quang Ninh,Bank Employee,15663356.14,2023-10-12,Mass
C06778,Chị Hà Mai,Female,2007-02-18,Ba Ria - Vung Tau,Business Owner,30877307.35,2024-07-31,Affluent
C06779,Dương Phạm,Male,2008-08-09,Nghe An,Sales,9380442.32,2022-01-24,Mass
C06780,Kim Xuân Nguyễn,Male,1983-02-08,Ho Chi Minh City,Accountant,40730046.95,2023-11-25,Affluent
C06781,Bà Xuân Mai,Female,1990-08-24,Da Nang,Sales,12737456.68,2020-09-25,Mass
C06782,Hải Đức Nguyễn,Male,2008-01-10,Hai Phong,Freelancer,10532964.88,2026-02-24,Mass
C06783,Ông Hoàng Bùi,Female,1997-11-18,Da Nang,Business Owner,9528008.82,2023-08-18,Mass
C06784,Phúc Tấn Trần,Male,1984-08-13,Ho Chi Minh City,Sales,8879356.48,2025-12-12,Mass
C06785,Hạnh Bảo Hoàng,Female,1997-01-12,Nghe An,Business Owner,5780166.07,2019-04-17,Mass
C06786,Chị Yến Phạm,Female,1994-04-19,Can Tho,Office Staff,8200240.7,2019-07-12,Mass
C06787,Huy Trí Phạm,Female,1990-05-09,Hue,Student,8602207.3,2020-08-30,Mass
C06788,Xuân Phạm,Female,1989-09-20,Thanh Hoa,Accountant,11407449.8,2022-01-19,Mass
C06789,Bác Anh Nguyễn,Male,1972-04-10,Khanh Hoa,Student,40630274.08,2020-05-11,Affluent
C06790,Vi Bùi,Male,2008-04-11,Nghe An,Government Employee,7707512.9,2018-09-11,Mass
C06791,Ông Minh Hoàng,Female,1989-10-04,Quang Ninh,Bank Employee,8666455.36,2022-12-02,Mass
C06792,Ông Trọng Lê,Female,2008-04-28,Thanh Hoa,IT Specialist,19244934.05,2023-07-13,Mass
C06793,Dương Trần,Male,1982-12-15,Binh Duong,Teacher,14400293.03,2025-12-10,Mass
C06794,Phương Vũ,Male,1997-06-12,Nghe An,IT Specialist,13937645.93,2021-03-27,Mass
C06795,Cô Hương Phạm,Female,1998-05-27,Thanh Hoa,Freelancer,12891996.66,2018-06-07,Mass
C06796,Quý cô Kim Trần,Male,2001-08-30,Can Tho,Business Owner,55159809.35,2022-01-31,Affluent
C06797,Thành Mai,Female,2008-05-06,Nghe An,Business Owner,18471074.91,2026-04-08,Mass
C06798,Tùng Đặng,Male,1990-05-21,Ba Ria - Vung Tau,Student,30220121.06,2019-03-09,Affluent
C06799,Linh Lê,Male,1989-07-28,Bac Ninh,Bank Employee,15511449.87,2022-09-24,Mass
C06800,Lâm Xuân Trần,Female,1975-01-30,Hai Phong,Teacher,13389980.56,2024-07-28,Mass
C06801,Khoa Bùi,Male,2000-09-15,Ba Ria - Vung Tau,Teacher,35589017.7,2022-11-01,Affluent
C06802,Thảo Dương,Male,1970-11-23,Can Tho,Office Staff,19232354.28,2019-05-23,Mass
C06803,Chị An Đặng,Female,1981-07-19,Thanh Hoa,Teacher,15853607.97,2022-06-16,Mass
C06804,Quý cô Dương Nguyễn,Male,1983-09-03,Nam Dinh,Sales,158963103.18,2025-10-11,Premium
C06805,Quý ông Anh Đặng,Female,1996-05-13,Hai Phong,IT Specialist,23308596.52,2025-02-22,Affluent
C06806,Khoa Dương,Female,1990-09-05,Da Nang,Business Owner,72106021.11,2021-10-09,Premium
C06807,Ánh Mai,Female,2002-05-05,Da Nang,Sales,9326027.51,2021-10-09,Mass
C06808,Chị Hà Dương,Female,1963-04-07,Ba Ria - Vung Tau,Accountant,36458894.64,2019-05-19,Affluent
C06809,Hạnh Bùi,Male,1986-12-23,Ho Chi Minh City,Doctor,7823090.39,2025-05-19,Mass
C06810,Khoa Hoàng,Male,2008-02-29,Hue,Government Employee,9009127.45,2024-11-14,Mass
C06811,Quang Đức Bùi,Male,1975-10-04,Nam Dinh,Student,13489384.77,2018-05-03,Mass
C06812,Quý ông Huy Lê,Female,1984-09-08,Nam Dinh,Doctor,15539804.49,2018-12-30,Mass
C06813,Bảo Hải Đặng,Male,1997-04-16,Ho Chi Minh City,IT Specialist,19505463.47,2026-08-04,Mass
C06814,An Phú Phạm,Male,1996-11-15,Can Tho,Freelancer,19630568.64,2020-08-06,Mass
C06815,Lan Bùi,Male,1985-12-24,Hue,Office Staff,20463330.23,2024-11-28,Affluent
C06816,Nhật Mai,Female,1999-05-30,Binh Duong,Engineer,6424881.35,2022-09-18,Mass
C06817,Nam Lê,Male,1977-12-16,Ba Ria - Vung Tau,Government Employee,99015461.79,2024-02-16,Premium
C06818,Châu Mai Nguyễn,Male,2007-10-17,Ha Noi,Engineer,13686611.04,2022-03-03,Mass
C06819,Quý cô Vân Bùi,Female,1995-12-24,Bac Ninh,Freelancer,7139013.49,2019-03-19,Mass
C06820,Linh Nguyễn,Male,1972-06-25,Quang Ninh,Office Staff,12459167.57,2021-03-13,Mass
C06821,Lâm Thị Bùi,Male,1993-11-24,Can Tho,Doctor,10434399.34,2026-03-24,Mass
C06822,Lâm Bảo Nguyễn,Male,2007-06-10,Khanh Hoa,Accountant,7601263.89,2024-08-03,Mass
C06823,Hưng Trí Mai,Male,1976-10-05,Ho Chi Minh City,Bank Employee,30361738.1,2024-02-04,Affluent
C06824,Hải Bùi,Female,1990-02-16,Nghe An,Teacher,60000000.0,2018-09-15,Premium
C06825,Nam Hoàng,Female,2004-11-19,Bac Ninh,Government Employee,14855067.19,2023-01-17,Mass
C06826,An Phạm,Female,1986-03-07,Dong Nai,IT Specialist,22166629.21,2020-10-14,Mass
C06827,Duyên Trần,Female,1976-05-20,Ba Ria - Vung Tau,Teacher,32659467.07,2024-02-05,Affluent
C06828,Cô Nhật Phạm,Male,1985-01-15,Can Tho,Engineer,10741292.7,2020-02-03,Mass
C06829,Lan Đặng,Female,1968-03-15,Hue,Business Owner,17940519.13,2019-09-02,Mass
C06830,Cô Khoa Vũ,Female,1989-03-06,Nam Dinh,Business Owner,37168680.96,2020-11-21,Affluent
C06831,Phúc Hoàng Dương,Male,1974-12-25,Bac Ninh,Bank Employee,41646670.09,2026-07-17,Affluent
C06832,Nhiên Mai Hoàng,Female,1973-02-27,Hue,Doctor,5568523.15,2025-04-21,Mass
C06833,Quang Đức Hoàng,Male,1985-08-18,Ho Chi Minh City,Student,10019211.97,2022-12-23,Mass
C06834,Quý cô An Nguyễn,Female,1971-05-07,Nam Dinh,Freelancer,20617622.89,2021-06-28,Mass
C06835,An Trí Dương,Male,1990-02-17,Ho Chi Minh City,Engineer,20540067.53,2020-11-19,Mass
C06836,Châu Thế Đặng,Male,1970-11-30,Bac Ninh,Freelancer,12316612.8,2021-10-03,Mass
C06837,Anh Hoàng,Male,1963-04-26,Da Nang,Accountant,11869086.49,2025-05-01,Mass
C06838,Cô Thành Vũ,Male,1992-11-22,Nam Dinh,Office Staff,141389602.95,2025-01-10,Premium
C06839,Khoa Đặng,Male,1993-12-08,Dong Nai,Office Staff,35907636.7,2024-05-04,Affluent
C06840,Cô Hương Mai,Female,1975-05-23,Dong Nai,Freelancer,12080991.27,2022-09-10,Mass
C06841,Dương Mai,Female,2008-01-07,Hai Phong,Engineer,13646300.18,2024-01-12,Mass
C06842,Nhật Mai,Male,1998-07-22,Khanh Hoa,Teacher,16244453.95,2026-08-29,Mass
C06843,Thành Phú Mai,Female,1982-11-09,Quang Ninh,Business Owner,20083463.63,2023-07-03,Mass
C06844,Bà Xuân Vũ,Male,1981-09-09,Bac Ninh,IT Specialist,17575258.55,2023-06-14,Mass
C06845,Thành Hữu Lê,Female,1998-05-16,Ha Noi,Accountant,15899726.75,2018-09-21,Mass
C06846,Bà Bảo Trần,Male,1969-03-11,Thanh Hoa,Business Owner,28467215.42,2023-11-04,Affluent
C06847,Quý ông Hưng Đặng,Female,1971-01-28,Nghe An,Doctor,9900983.72,2020-12-23,Mass
C06848,Kim Văn Phạm,Female,2000-04-16,Khanh Hoa,Accountant,13310814.23,2021-08-26,Mass
C06849,Hà Bảo Lê,Female,1983-02-17,Ho Chi Minh City,Accountant,16510873.98,2025-06-21,Mass
C06850,Tùng Bùi,Female,2001-03-24,Binh Duong,IT Specialist,13971166.69,2024-04-19,Mass
C06851,Chi Nguyễn,Female,1998-09-04,Ba Ria - Vung Tau,Sales,7126240.81,2026-03-29,Mass
C06852,Bảo Lê,Male,2001-03-12,Ho Chi Minh City,Student,9226608.35,2022-10-05,Mass
C06853,Kim Văn Lê,Male,1985-05-27,Khanh Hoa,Business Owner,17960617.28,2022-08-24,Mass
C06854,Bà Vi Trần,Female,2007-07-07,Thanh Hoa,Office Staff,13573142.52,2019-03-16,Mass
C06855,Minh Phú Nguyễn,Male,2003-02-20,Da Nang,Doctor,42269833.86,2020-11-03,Affluent
C06856,Thành Phạm,Male,1997-08-31,Nam Dinh,Teacher,8305695.58,2025-09-06,Mass
C06857,Hương Dương,Female,1982-02-21,Nam Dinh,IT Specialist,29349375.84,2022-02-19,Affluent
C06858,Cô Hồng Dương,Male,1994-05-28,Da Nang,Engineer,5517420.6,2019-01-15,Mass
C06859,Thành Bùi,Female,1980-01-09,Da Nang,Bank Employee,138869354.36,2018-03-30,Premium
C06860,Linh Mai,Female,1990-03-08,Da Nang,Bank Employee,7030468.32,2020-07-05,Mass
C06861,Ông Quang Lê,Male,1976-12-30,Da Nang,Office Staff,9504016.18,2025-01-07,Mass
C06862,Bà Hạnh Trần,Male,1995-06-28,Ba Ria - Vung Tau,Teacher,70032630.15,2025-12-16,Affluent
C06863,Chị Duyên Đặng,Female,1998-01-31,Ba Ria - Vung Tau,Accountant,15559636.18,2020-04-18,Mass
C06864,Bảo Hoàng,Male,1984-01-28,Ho Chi Minh City,Freelancer,13755887.54,2018-07-15,Mass
C06865,Hưng Bùi,Female,1987-07-31,Bac Ninh,Doctor,13689685.23,2018-01-07,Mass
C06866,Quang Phạm,Male,1988-01-19,Khanh Hoa,Engineer,34459080.71,2023-07-05,Affluent
C06867,Hải Đặng,Male,1974-04-04,Quang Ninh,Teacher,7579713.89,2023-12-06,Mass
C06868,Ông Dũng Dương,Male,1979-02-13,Ba Ria - Vung Tau,Bank Employee,44792949.56,2021-04-25,Affluent
C06869,Khoa Trần,Female,1983-03-11,Da Nang,Freelancer,17740487.37,2021-09-29,Mass
C06870,Kim Thế Bùi,Female,1992-02-03,Ha Noi,Student,6238661.92,2024-11-29,Mass
C06871,Quý cô Linh Bùi,Female,1991-08-16,Hai Phong,Business Owner,8482359.67,2023-08-26,Mass
C06872,Phương Phạm,Female,1999-09-09,Nam Dinh,Office Staff,7768365.36,2023-05-17,Mass
C06873,Bà Yến Hoàng,Female,1996-03-28,Hai Phong,Doctor,9738512.22,2018-11-11,Mass
C06874,Bác Tùng Dương,Male,2008-07-12,Ba Ria - Vung Tau,Teacher,15332646.58,2024-03-01,Mass
C06875,Phương Văn Đặng,Female,1966-05-15,Da Nang,Doctor,41981087.51,2019-03-28,Affluent
C06876,Ông Phúc Phạm,Male,1993-02-16,Bac Ninh,Teacher,11772254.05,2020-10-03,Mass
C06877,Quý ông Vũ Mai,Male,1995-07-30,Thanh Hoa,Business Owner,12384196.75,2018-12-23,Mass
C06878,Quang Nguyễn,Male,1991-02-28,Hue,Sales,8940036.74,2018-06-27,Mass
C06879,Khoa Lê,Male,1972-06-26,Hue,Engineer,22403154.86,2021-12-28,Affluent
C06880,Cô Khoa Đặng,Male,1983-09-24,Hue,Teacher,11582408.98,2021-08-27,Mass
C06881,Nhật Hải Phạm,Male,1970-07-24,Hue,IT Specialist,114607818.44,2018-08-10,Premium
C06882,Chị Yến Hoàng,Female,1994-03-09,Ho Chi Minh City,IT Specialist,32493364.59,2019-08-13,Affluent
C06883,Anh Hoàng Phạm,Male,1990-04-26,Hai Phong,Office Staff,8044027.63,2021-12-30,Mass
C06884,Hạnh Đức Nguyễn,Female,1998-10-16,Ba Ria - Vung Tau,Accountant,6424869.12,2018-06-20,Mass
C06885,Chị Thành Phạm,Male,2001-09-29,Da Nang,IT Specialist,103827698.36,2026-08-31,Premium
C06886,Quý cô Nhật Bùi,Male,1987-07-05,Hai Phong,Student,6002291.16,2022-04-19,Mass
C06887,Bà Bảo Dương,Male,1991-10-16,Khanh Hoa,Doctor,41445157.48,2020-09-13,Affluent
C06888,Anh Trọng Lê,Male,1992-06-28,Khanh Hoa,Doctor,28939616.45,2020-08-05,Affluent
C06889,Bà Dương Lê,Male,1995-03-27,Nam Dinh,Government Employee,9930784.48,2024-07-14,Mass
C06890,Lan Phạm,Female,1998-08-21,Binh Duong,Accountant,12752723.84,2018-08-18,Mass
C06891,Cô Khoa Trần,Female,1964-12-16,Nam Dinh,Doctor,9249890.18,2019-03-20,Mass
C06892,Nam Trần,Female,1994-06-08,Ha Noi,Teacher,11784821.28,2022-06-10,Mass
C06893,Khoa Hoàng Phạm,Female,1998-03-04,Can Tho,Government Employee,48658124.93,2025-01-16,Affluent
C06894,Bà Hạnh Lê,Female,2008-04-12,Can Tho,Engineer,9964571.38,2019-08-08,Mass
C06895,Bà Chi Trần,Female,1981-05-03,Hai Phong,Bank Employee,32044314.37,2021-08-15,Affluent
C06896,Cô Hải Dương,Female,1999-12-27,Nghe An,Office Staff,39947859.36,2019-02-08,Affluent
C06897,Dũng Quang Đặng,Male,1981-06-14,Bac Ninh,Business Owner,12918095.18,2022-02-04,Mass
C06898,Dũng Lê,Female,1999-06-09,Hue,Doctor,40133406.1,2018-01-27,Affluent
C06899,An Mai Đặng,Male,1994-10-05,Dong Nai,Sales,15575856.55,2020-03-03,Mass
C06900,Khoa Quang Phạm,Male,1974-09-10,Ha Noi,Freelancer,20000000.0,2021-02-28,Affluent
C06901,Cô Ngọc Nguyễn,Male,1989-05-22,Bac Ninh,IT Specialist,20793238.89,2018-05-16,Affluent
C06902,Hạnh Hải Phạm,Female,1964-07-26,Hai Phong,IT Specialist,10186497.44,2026-05-17,Mass
C06903,Chị Kim Lê,Male,1982-09-04,Hai Phong,Teacher,11852582.18,2025-11-07,Mass
C06904,Quý cô Nhật Dương,Female,1999-07-07,Nghe An,Bank Employee,26542099.89,2020-07-06,Affluent
C06905,Anh Trung Trần,Female,1972-11-20,Binh Duong,Freelancer,46624655.05,2019-01-15,Affluent
C06906,Nhật Thị Bùi,Male,1969-01-05,Da Nang,Accountant,12235178.88,2023-02-03,Mass
C06907,Hạnh Mai Bảo Nguyễn,Male,1987-02-19,Da Nang,Office Staff,10928669.9,2019-01-22,Mass
C06908,Ông Trung Mai,Female,1994-06-03,Can Tho,Freelancer,8333189.06,2026-07-25,Mass
C06909,Hưng Hải Bùi,Female,1990-09-04,Ho Chi Minh City,Sales,27620937.3,2024-08-12,Affluent
C06910,Linh Hoàng,Male,1986-03-25,Khanh Hoa,Government Employee,12735714.68,2026-01-17,Mass
C06911,Phúc Thế Lê,Female,1987-01-28,Khanh Hoa,Doctor,195433889.65,2022-03-20,Premium
C06912,Vũ Nguyễn,Male,1991-01-21,Ha Noi,Government Employee,15638895.32,2020-11-21,Mass
C06913,Bác Hưng Lê,Female,1968-09-16,Hue,Sales,51797049.19,2025-01-22,Affluent
C06914,Bác Nam Bùi,Male,1978-04-08,Binh Duong,Teacher,88455084.18,2021-09-30,Premium
C06915,Bác Minh Lê,Female,1988-03-29,Thanh Hoa,Office Staff,7564830.55,2022-04-15,Mass
C06916,Nhật Bảo Lê,Female,1985-10-01,Khanh Hoa,Business Owner,13209915.37,2018-02-20,Mass
C06917,Nhiên Văn Bùi,Male,1989-11-06,Da Nang,Accountant,17191667.62,2026-02-02,Mass
C06918,Cô An Phạm,Male,2004-08-04,Khanh Hoa,Bank Employee,57157288.61,2022-08-10,Affluent
C06919,Lâm Phú Bùi,Male,1981-08-01,Ba Ria - Vung Tau,Bank Employee,11706974.28,2026-04-18,Mass
C06920,Huy Trần,Female,1992-08-30,Hai Phong,Government Employee,14198276.37,2018-03-23,Mass
C06921,Nhiên Dương,Female,1974-09-24,Khanh Hoa,Doctor,12434431.41,2018-01-14,Mass
C06922,Dũng Hoàng,Female,1989-08-30,Khanh Hoa,Business Owner,35190761.99,2018-01-15,Affluent
C06923,Anh Tú Mai,Female,1971-09-04,Ho Chi Minh City,IT Specialist,10546537.04,2020-03-15,Mass
C06924,Quý cô Yến Hoàng,Other,1991-01-21,Can Tho,Accountant,20027556.07,2023-12-01,Mass
C06925,Trọng Trần,Male,1988-10-26,Ho Chi Minh City,Student,17865603.12,2023-03-20,Mass
C06926,Trọng Mai,Female,2001-01-20,Dong Nai,Office Staff,11168019.22,2025-07-11,Mass
C06927,An Tấn Đặng,Female,1974-07-31,Can Tho,Accountant,9470557.25,2019-02-16,Mass
C06928,Ánh Vũ,Male,1992-04-14,Hue,Bank Employee,13127988.54,2026-03-31,Mass
C06929,Chị Ánh Bùi,Female,2001-03-09,Nam Dinh,Accountant,10381995.54,2023-07-04,Mass
C06930,Hạnh Hoàng Lê,Male,1988-11-12,Da Nang,Freelancer,12197673.74,2025-10-19,Mass
C06931,Chị Khoa Vũ,Female,1975-10-21,Hai Phong,Freelancer,55577876.64,2019-09-04,Affluent
C06932,Hà Trí Trần,Male,2000-07-31,Bac Ninh,Sales,12476546.87,2026-03-07,Mass
C06933,Cô Hải Trần,Female,1982-10-31,Thanh Hoa,Business Owner,55160785.94,2025-07-08,Affluent
C06934,Trọng Thế Mai,Female,1983-04-08,Ha Noi,Office Staff,13286205.82,2019-03-10,Mass
C06935,Quang Đức Nguyễn,Male,1983-05-22,Ba Ria - Vung Tau,Student,15191343.24,2025-03-02,Mass
C06936,Yến Trần,Male,2001-03-29,Nghe An,Engineer,12837700.93,2026-03-13,Mass
C06937,Quý cô Kim Lê,Male,1974-01-26,Nam Dinh,Government Employee,11159953.39,2021-03-01,Mass
C06938,Chị Khoa Mai,Female,1988-11-27,Bac Ninh,Sales,32544003.47,2024-11-20,Affluent
C06939,Châu Vũ,Female,2007-10-23,Ho Chi Minh City,Sales,12086791.1,2021-06-11,Mass
C06940,Chị Thành Bùi,Male,1987-06-06,Da Nang,Accountant,10029532.22,2024-08-14,Mass
C06941,Quý ông Vũ Mai,Male,2003-07-29,Quang Ninh,Sales,8817112.09,2018-05-28,Mass
C06942,Chị Lâm Dương,Female,1981-11-26,Bac Ninh,Office Staff,23933767.32,2020-11-07,Mass
C06943,Ông Dũng Mai,Male,1974-12-16,Hai Phong,Teacher,7496119.96,2023-07-04,Mass
C06944,Vũ Bùi,Male,1981-08-21,Khanh Hoa,Accountant,76700270.54,2024-06-14,Premium
C06945,Hồng Trần,Male,1997-03-26,Bac Ninh,Bank Employee,10208443.69,2025-01-12,Mass
C06946,Bà Duyên Đặng,Male,1982-12-25,Thanh Hoa,Government Employee,16787680.8,2021-08-07,Mass
C06947,Hạnh Mai Hoàng,Female,1992-01-05,Quang Ninh,Government Employee,34159025.44,2026-02-12,Affluent
C06948,Thành Nguyễn,Female,1985-03-27,Bac Ninh,Doctor,14639227.47,2021-09-19,Mass
C06949,Minh Bảo Dương,Male,1977-10-18,Quang Ninh,Office Staff,7655133.42,2025-07-29,Mass
C06950,Nhiên Bùi,Male,1989-12-26,Thanh Hoa,Business Owner,8257303.8,2019-05-23,Mass
C06951,Chị Ngọc Hoàng,Male,1990-12-22,Quang Ninh,Accountant,11086690.1,2025-06-14,Mass
C06952,Anh Trung Bùi,Female,1991-05-08,Can Tho,Sales,9070221.08,2020-08-03,Mass
C06953,An Mai,Female,2007-07-07,Dong Nai,Teacher,5765278.81,2020-06-24,Mass
C06954,Duyên Lê,Male,1991-11-07,Thanh Hoa,Government Employee,10319716.23,2018-02-03,Mass
C06955,Hà Hữu Bùi,Female,1997-12-15,Ho Chi Minh City,Business Owner,19063940.37,2022-12-05,Mass
C06956,Cô Hà Bùi,Male,1999-11-06,Ho Chi Minh City,Office Staff,19703545.19,2023-05-30,Mass
C06957,Quang Tấn Dương,Female,1973-01-27,Can Tho,IT Specialist,20000000.0,2024-04-23,Affluent
C06958,Hạnh Tấn Dương,Male,1989-05-03,Bac Ninh,Engineer,31045041.89,2025-07-04,Affluent
C06959,Thành Tấn Đặng,Male,2008-04-27,Ho Chi Minh City,Sales,7237546.09,2020-10-11,Mass
C06960,Bác Tú Lê,Female,1981-10-14,Hai Phong,Engineer,24327962.0,2023-07-21,Mass
C06961,Châu Bùi,Male,1980-12-09,Quang Ninh,IT Specialist,13439229.64,2024-12-10,Mass
C06962,Nam Nguyễn,Male,1991-09-16,Can Tho,Doctor,21624753.85,2025-11-14,Mass
C06963,Hồng Mai,Female,1967-02-21,Ho Chi Minh City,Sales,79077874.03,2020-02-03,Premium
C06964,Bác Minh Bùi,Female,2008-05-20,Bac Ninh,Doctor,5757716.98,2022-07-25,Mass
C06965,Bà Hải Nguyễn,Female,1976-02-14,Ha Noi,Government Employee,11803972.89,2021-08-22,Mass
C06966,Vũ Bảo Bùi,Male,1987-12-15,Dong Nai,Business Owner,6412048.52,2024-06-30,Mass
C06967,Anh Tấn Trần,Female,1999-05-15,Nam Dinh,Engineer,10820996.48,2026-01-15,Mass
C06968,Chị Hạnh Vũ,Male,1988-05-03,Quang Ninh,IT Specialist,31055329.92,2024-08-25,Affluent
C06969,Vũ Mai,Male,2001-11-16,Bac Ninh,Sales,9118526.31,2024-07-22,Mass
C06970,Bác Nam Lê,Male,1977-10-06,Hai Phong,Government Employee,37666964.89,2023-08-31,Affluent
C06971,Chị Vân Bùi,Female,1983-11-12,Khanh Hoa,Accountant,8760919.07,2024-12-24,Mass
C06972,An Hải Đặng,Female,2008-06-11,Quang Ninh,Bank Employee,9992353.42,2022-02-23,Mass
C06973,Ông Vũ Dương,Male,2000-04-19,Bac Ninh,Government Employee,13559141.15,2023-08-22,Mass
C06974,Mai Bùi,Female,1956-09-02,Hai Phong,Engineer,15305538.49,2023-08-08,Mass
C06975,Cô Xuân Hoàng,Male,1960-07-06,Nam Dinh,IT Specialist,14643199.7,2018-08-06,Mass
C06976,Anh Lê,Female,1997-03-05,Nam Dinh,Bank Employee,13553939.96,2020-02-07,Mass
C06977,Quý cô Ngọc Lê,Male,1971-04-20,Ba Ria - Vung Tau,Sales,22765666.79,2019-10-29,Mass
C06978,Vi Đặng,Male,1997-07-02,Hai Phong,Doctor,13111909.55,2020-10-23,Mass
C06979,Vân Hoàng,Female,2005-11-15,Can Tho,Student,16015238.39,2025-06-11,Mass
C06980,Cô Duyên Vũ,Male,1973-05-15,Ha Noi,IT Specialist,35420399.02,2018-12-08,Affluent
C06981,Lâm Vũ,Female,1998-05-28,Ho Chi Minh City,Business Owner,13612009.88,2022-04-26,Mass
C06982,Duyên Bùi,Male,1986-09-03,Ba Ria - Vung Tau,Freelancer,35862465.2,2020-11-27,Affluent
C06983,Khoa Dương,Male,1989-09-08,Can Tho,Bank Employee,11291739.63,2018-07-27,Mass
C06984,Quý ông Hoàng Vũ,Female,1980-05-31,Ba Ria - Vung Tau,Freelancer,15527090.24,2018-11-12,Mass
C06985,Hoàng Đức Trần,Male,2000-12-09,Dong Nai,Sales,8424970.2,2020-02-17,Mass
C06986,Bà Hồng Hoàng,Male,1993-08-25,Nam Dinh,Bank Employee,43658552.59,2018-12-16,Affluent
C06987,Minh Nguyễn,Female,1989-10-03,Ba Ria - Vung Tau,Teacher,9581211.13,2025-02-06,Mass
C06988,Dũng Nguyễn,Male,1988-04-13,Hue,Engineer,10688014.44,2018-06-20,Mass
C06989,Anh Quang Bùi,Female,1981-04-16,Hue,Business Owner,13483640.05,2018-12-18,Mass
C06990,Bác Minh Nguyễn,Female,1994-04-14,Nam Dinh,Engineer,13012861.57,2025-07-24,Mass
C06991,Châu Hải Hoàng,Male,1976-03-20,Da Nang,Student,29502028.94,2019-07-30,Affluent
C06992,Nam Đặng,Female,1985-12-03,Dong Nai,Engineer,11707685.78,2022-11-01,Mass
C06993,Lan Bùi,Female,1986-04-24,Nghe An,Engineer,9543009.72,2024-11-14,Mass
C06994,Lan Hoàng,Male,1989-03-26,Can Tho,IT Specialist,17683726.3,2024-05-06,Mass
C06995,Anh Lê,Male,2001-04-15,Quang Ninh,Student,23488866.21,2024-08-24,Affluent
C06996,Vi Phạm,Male,2005-08-17,Binh Duong,Freelancer,24634534.56,2025-03-19,Affluent
C06997,Thành Mai,Female,1983-11-06,Nam Dinh,Teacher,7336455.03,2024-10-24,Mass
C06998,Bà Phương Vũ,Male,1994-08-06,Nam Dinh,Engineer,14899205.75,2026-06-04,Mass
C06999,Chi Phạm,Male,1986-01-15,Da Nang,Student,31176991.4,2024-06-22,Affluent
C07000,Hoàng Nguyễn,Female,1987-12-11,Hai Phong,Business Owner,36143302.45,2022-08-16,Affluent
C07001,Cô Duyên Dương,Male,1993-09-30,Ba Ria - Vung Tau,Engineer,32854793.2,2025-12-20,Affluent
C07002,Quý ông Khoa Mai,Male,1966-02-21,Nam Dinh,Office Staff,15929384.19,2024-12-11,Mass
C07003,Nhật Phú Hoàng,Female,1962-11-13,Nam Dinh,Student,10084197.08,2024-12-07,Mass
C07004,Tú Thế Trần,Female,1991-01-14,Nghe An,Accountant,7528250.16,2024-12-31,Mass
C07005,Nhật Đức Mai,Male,1999-08-25,Can Tho,Government Employee,23349515.91,2020-02-04,Mass
C07006,Chị An Mai,Female,1995-11-29,Hai Phong,Doctor,23491886.47,2023-02-16,Mass
C07007,Bà Hải Mai,Female,2004-04-15,Khanh Hoa,Engineer,25516041.97,2021-07-02,Affluent
C07008,Nhật Đức Trần,Female,1993-10-12,Ho Chi Minh City,Freelancer,11735215.31,2021-07-07,Mass
C07009,Bảo Hải Phạm,Male,1980-07-21,Can Tho,Engineer,14050757.32,2018-04-15,Mass
C07010,Quý cô An Đặng,Female,1995-08-13,Bac Ninh,Office Staff,11452936.01,2019-07-17,Mass
C07011,Nhật Đức Lê,Male,1994-04-02,Hue,Government Employee,26601083.31,2020-08-23,Affluent
C07012,Quý ông Châu Vũ,Male,1999-12-27,Nam Dinh,Student,150855698.76,2026-02-26,Premium
C07013,Cô Ánh Dương,Male,2008-05-23,Hue,Teacher,190969487.69,2023-05-07,Premium
C07014,Cô Hồng Bùi,Female,1993-11-14,Bac Ninh,Teacher,9157091.78,2019-07-26,Mass
C07015,Chị Hải Trần,Male,1982-05-29,Quang Ninh,Doctor,20180816.08,2022-12-12,Mass
C07016,Vũ Quang Dương,Female,1978-02-19,Thanh Hoa,Accountant,14304223.84,2019-07-06,Mass
C07017,Bà Bảo Bùi,Female,1979-06-27,Ho Chi Minh City,Bank Employee,60000000.0,2025-05-30,Premium
C07018,Dũng Thế Bùi,Female,1996-01-01,Thanh Hoa,Bank Employee,26628898.7,2022-10-14,Affluent
C07019,Xuân Bùi,Female,1977-02-08,Nam Dinh,Office Staff,85779408.06,2025-11-10,Premium
C07020,Chị Bảo Dương,Female,1981-01-23,Thanh Hoa,Teacher,14475485.73,2023-01-13,Mass
C07021,Chị Hải Dương,Female,2000-07-01,Dong Nai,Business Owner,29349062.35,2018-08-01,Affluent
C07022,Nhật Hoàng,Male,1976-06-17,Can Tho,Office Staff,27735225.03,2022-02-26,Affluent
C07023,Lan Lê,Female,1989-09-24,Can Tho,Bank Employee,27676555.3,2026-06-17,Affluent
C07024,Quý cô Dương Hoàng,Female,1994-01-23,Ba Ria - Vung Tau,Teacher,11807677.66,2023-03-08,Mass
C07025,Ngọc Bùi,Female,1999-07-23,Da Nang,Business Owner,8574135.88,2021-11-19,Mass
C07026,Anh Mai Nguyễn,Male,1987-09-01,Hue,Student,27164930.97,2023-12-19,Affluent
C07027,Bảo Dương,Female,1999-06-17,Khanh Hoa,Teacher,8638578.55,2022-11-15,Mass
C07028,Anh Quang Dương,Female,1990-10-05,Can Tho,Doctor,16696551.85,2021-07-30,Mass
C07029,Nhật Tấn Đặng,Female,1974-06-17,Nghe An,Bank Employee,9307637.69,2024-03-08,Mass
C07030,Cô Ánh Mai,Male,1967-01-21,Khanh Hoa,Doctor,25892066.35,2025-04-08,Affluent
C07031,Ánh Dương,Male,1978-10-28,Ho Chi Minh City,Teacher,28186386.84,2023-02-25,Affluent
C07032,Quý cô Vân Trần,Female,2000-02-25,Nghe An,Office Staff,9246471.27,2026-04-10,Mass
C07033,Nhiên Quang Đặng,Female,1991-05-16,Quang Ninh,Bank Employee,41651597.07,2021-12-13,Affluent
C07034,Ông Tùng Hoàng,Female,1983-02-14,Dong Nai,Bank Employee,8623679.89,2023-11-05,Mass
C07035,Quang Mai,Female,2001-03-26,Khanh Hoa,Doctor,8706615.22,2018-11-27,Mass
C07036,Bảo Hữu Mai,Female,1991-10-19,Khanh Hoa,Freelancer,11149026.54,2018-11-28,Mass
C07037,Bà Vân Mai,Female,2001-04-20,Bac Ninh,Business Owner,37948469.35,2026-01-27,Affluent
C07038,Quý ông Trung Mai,Male,1966-10-06,Binh Duong,IT Specialist,81718793.11,2025-05-08,Premium
C07039,Ánh Lê,Male,1995-01-30,Da Nang,Office Staff,41398578.01,2024-03-09,Affluent
C07040,Dương Dương,Female,1997-05-02,Khanh Hoa,Business Owner,15165820.1,2024-11-01,Mass
C07041,Hà Trí Phạm,Female,1998-03-11,Bac Ninh,Sales,22786050.13,2023-08-29,Mass
C07042,Hải Đức Lê,Male,1987-03-06,Quang Ninh,Engineer,9659082.05,2018-02-17,Mass
C07043,Hải Hoàng,Female,1996-12-09,Da Nang,Engineer,10024947.5,2020-11-19,Mass
C07044,Dương Đặng,Female,1975-04-07,Nam Dinh,Student,7697101.25,2022-02-27,Mass
C07045,Phương Mai,Female,1998-04-12,Hai Phong,Doctor,29572648.42,2020-02-13,Affluent
C07046,Bảo Hoàng,Female,1991-04-19,Khanh Hoa,Engineer,10913693.2,2019-01-30,Mass
C07047,Hải Đức Mai,Female,2007-06-15,Ho Chi Minh City,Student,10432946.28,2026-05-21,Mass
C07048,Cô Hải Dương,Female,1992-08-13,Ha Noi,Freelancer,9631821.99,2021-06-18,Mass
C07049,Xuân Bùi,Male,1982-10-26,Bac Ninh,Accountant,16555189.21,2026-06-25,Mass
C07050,Nhật Thị Trần,Male,1990-11-28,Ha Noi,Sales,37506360.71,2020-10-28,Affluent
C07051,Chi Hoàng,Male,2008-05-30,Thanh Hoa,Teacher,10355530.03,2020-12-04,Mass
C07052,Chị Nhật Lê,Male,1978-10-12,Thanh Hoa,Government Employee,30824723.73,2023-03-25,Affluent
C07053,Quý cô Phương Hoàng,Female,1999-09-11,Can Tho,Doctor,69314542.96,2025-08-10,Affluent
C07054,Chị Thảo Mai,Male,1969-11-18,Binh Duong,Government Employee,14133641.38,2023-10-15,Mass
C07055,Hải Thế Hoàng,Male,1978-09-04,Ba Ria - Vung Tau,Government Employee,20000000.0,2025-05-02,Affluent
C07056,Ông Quang Đặng,Female,1999-06-06,Da Nang,Business Owner,10179963.18,2026-04-27,Mass
C07057,Hồng Dương,Female,1993-04-22,Ba Ria - Vung Tau,Teacher,82203064.11,2019-05-07,Premium
C07058,Bảo Bảo Mai,Male,2008-07-08,Thanh Hoa,Student,13735933.28,2024-07-09,Mass
C07059,Chị Linh Đặng,Male,1985-01-23,Ba Ria - Vung Tau,Doctor,21022036.13,2021-06-06,Mass
C07060,Ông Châu Dương,Female,1999-06-18,Bac Ninh,Engineer,26958512.61,2024-01-01,Affluent
C07061,Cô Vi Lê,Female,2008-07-08,Bac Ninh,Office Staff,32049385.52,2026-03-18,Affluent
C07062,Cô Linh Đặng,Female,1980-12-12,Ba Ria - Vung Tau,Business Owner,9687030.2,2018-04-18,Mass
C07063,Hưng Tấn Dương,Male,1967-01-10,Hai Phong,Government Employee,32406843.21,2020-09-24,Affluent
C07064,Linh Lê,Female,1989-05-04,Nghe An,Sales,23252604.27,2025-08-07,Affluent
C07065,Phương Dương,Male,1987-09-12,Quang Ninh,Engineer,6002311.96,2021-06-01,Mass
C07066,Bà Yến Vũ,Male,1983-05-29,Ha Noi,Government Employee,15463099.55,2018-07-06,Mass
C07067,Hưng Vũ,Male,1976-05-25,Hue,Engineer,8397361.91,2024-03-03,Mass
C07068,Minh Hoàng Trần,Male,1989-02-17,Ho Chi Minh City,Bank Employee,14617836.27,2026-07-08,Mass
C07069,Hạnh Trần,Male,1985-12-18,Khanh Hoa,Freelancer,8864476.66,2018-02-14,Mass
C07070,Châu Nguyễn,Male,2008-07-25,Ha Noi,Business Owner,13549406.61,2021-06-29,Mass
C07071,Bảo Phạm,Female,1992-05-25,Bac Ninh,Student,9841143.78,2021-06-05,Mass
C07072,Hưng Hoàng Bùi,Male,1982-09-13,Hue,Sales,11812813.26,2018-07-04,Mass
C07073,Ông Dũng Bùi,Female,2005-05-02,Binh Duong,Accountant,6103719.56,2018-02-19,Mass
C07074,Nhật Nguyễn,Female,2003-08-05,Bac Ninh,Engineer,27728505.21,2022-02-09,Mass
C07075,Quý ông Trọng Dương,Male,1983-02-14,Khanh Hoa,Business Owner,12818904.17,2026-01-31,Mass
C07076,Ánh Lê,Male,1992-07-19,Ho Chi Minh City,Bank Employee,11004663.32,2020-08-08,Mass
C07077,Bà Vi Vũ,Female,1978-04-07,Hue,Student,10106695.65,2025-05-14,Mass
C07078,Huy Thế Vũ,Male,1984-03-25,Dong Nai,Engineer,31526223.02,2026-07-28,Affluent
C07079,Nhật Thế Nguyễn,Female,1968-12-26,Khanh Hoa,Government Employee,15560063.93,2024-03-18,Mass
C07080,Quý cô Yến Bùi,Female,1977-02-16,Thanh Hoa,Accountant,9780232.22,2022-11-29,Mass
C07081,Nam Trần,Female,1979-09-04,Bac Ninh,Government Employee,10756438.99,2025-05-12,Mass
C07082,Lâm Trí Hoàng,Male,1989-06-16,Khanh Hoa,Government Employee,21267356.42,2024-06-08,Mass
C07083,Châu Hoàng Dương,Male,2002-02-09,Ho Chi Minh City,Bank Employee,37200506.65,2018-06-20,Affluent
C07084,Cô Linh Hoàng,Male,1986-02-03,Bac Ninh,Office Staff,14395392.4,2019-04-24,Mass
C07085,Bác Bảo Lê,Female,1995-04-22,Da Nang,Student,24905759.58,2023-09-20,Mass
C07086,Quý cô Lâm Trần,Female,2005-08-17,Ho Chi Minh City,Student,54218039.12,2026-02-14,Affluent
C07087,Phương Hoàng Nguyễn,Male,1977-08-09,Nghe An,Government Employee,61905850.98,2018-05-06,Affluent
C07088,Cô Thành Mai,Female,2007-12-07,Ho Chi Minh City,Accountant,26969284.71,2026-03-01,Affluent
C07089,Khoa Xuân Phạm,Female,1974-06-03,Ho Chi Minh City,Bank Employee,20000000.0,2021-11-25,Affluent
C07090,Chị Thảo Trần,Female,2008-04-18,Nghe An,Sales,10114792.18,2024-05-18,Mass
C07091,Nhật Phú Trần,Male,1988-01-01,Ho Chi Minh City,Sales,20950980.05,2022-05-22,Mass
C07092,Anh Hải Hoàng,Female,1993-09-16,Da Nang,Business Owner,29162286.52,2024-09-27,Affluent
C07093,Kim Văn Dương,Male,1987-06-06,Khanh Hoa,Teacher,14143645.17,2025-07-24,Mass
C07094,Bà Thảo Bùi,Female,1986-05-29,Ha Noi,Accountant,11275266.0,2021-07-10,Mass
C07095,Bác Thành Lê,Female,2008-02-08,Ha Noi,Teacher,69277750.24,2026-04-15,Premium
C07096,Thành Hoàng,Male,1974-11-16,Hai Phong,Sales,12811981.38,2024-04-08,Mass
C07097,Tùng Thế Trần,Female,1994-06-29,Ha Noi,Bank Employee,48949963.63,2022-01-10,Affluent
C07098,Bác Trọng Trần,Female,2003-04-05,Can Tho,Sales,32712053.59,2025-07-22,Affluent
C07099,Hà Mai Nguyễn,Male,1989-05-12,Ba Ria - Vung Tau,Office Staff,10282305.69,2023-10-16,Mass
C07100,Nam Xuân Lê,Female,1988-10-22,Hue,IT Specialist,11237021.0,2023-08-24,Mass
C07101,Phương Trần,Female,2005-12-28,Dong Nai,Freelancer,36958343.46,2019-11-06,Affluent
C07102,Khoa Quang Vũ,Female,2005-07-22,Dong Nai,Engineer,36782882.92,2018-05-09,Affluent
C07103,Lâm Vũ,Female,1975-02-16,Dong Nai,Teacher,10875891.28,2018-02-07,Mass
C07104,Châu Bùi,Female,2003-09-19,Dong Nai,Freelancer,11478330.06,2026-07-10,Mass
C07105,Yến Hoàng,Female,2000-07-29,Dong Nai,Teacher,14775712.73,2019-03-09,Mass
C07106,Tùng Phạm,Female,1992-03-29,Ho Chi Minh City,IT Specialist,21830843.03,2018-03-05,Mass
C07107,Quý ông Khoa Nguyễn,Female,1978-05-16,Hai Phong,Office Staff,94060480.43,2021-06-26,Premium
C07108,Chị Phương Bùi,Female,1983-03-10,Thanh Hoa,Engineer,10457024.01,2020-11-19,Mass
C07109,Quang Phạm,Female,1990-07-19,Hue,Teacher,31403451.35,2021-05-16,Affluent
C07110,Vi Lê,Female,1982-01-24,Ha Noi,Student,19815263.94,2024-02-26,Mass
C07111,Hải Phú Nguyễn,Male,1982-08-24,Hai Phong,Office Staff,144596170.58,2023-08-19,Premium
C07112,Nhật Xuân Trần,Male,1980-09-28,Bac Ninh,Doctor,14553714.06,2023-03-13,Mass
C07113,Quý cô Hồng Dương,Female,2002-10-11,Nam Dinh,Bank Employee,21763770.46,2026-06-19,Mass
C07114,Ông Trọng Bùi,Male,1971-06-05,Quang Ninh,Business Owner,32628436.08,2025-05-24,Affluent
C07115,Kim Bảo Trần,Male,1995-01-04,Khanh Hoa,Freelancer,42058922.73,2025-05-16,Affluent
C07116,Lan Đặng,Female,1983-12-02,Dong Nai,Bank Employee,11181107.52,2020-05-25,Mass
C07117,Lâm Đức Lê,Female,2004-08-31,Nam Dinh,Doctor,13355149.84,2019-02-19,Mass
C07118,Lan Lê,Female,1984-02-21,Khanh Hoa,Freelancer,43514508.27,2023-08-11,Affluent
C07119,Chị Hạnh Hoàng,Female,1986-12-15,Quang Ninh,Business Owner,10913672.36,2024-06-07,Mass
C07120,Hương Phạm,Male,1980-02-09,Ha Noi,Business Owner,35698283.66,2019-05-12,Affluent
C07121,Quý ông Tùng Phạm,Male,1995-10-19,Bac Ninh,Office Staff,11264745.33,2022-10-11,Mass
C07122,Nhật Phú Hoàng,Female,2008-05-04,Bac Ninh,Teacher,11258484.38,2020-12-18,Mass
C07123,Hương Dương,Female,1982-10-18,Hue,Sales,13515412.59,2019-05-26,Mass
C07124,Ông Dũng Lê,Male,1974-04-02,Khanh Hoa,Engineer,32344875.08,2023-04-29,Affluent
C07125,Anh Bùi,Male,1985-06-01,Nam Dinh,Doctor,44396920.74,2023-03-01,Affluent
C07126,Hạnh Vũ,Male,1965-07-22,Da Nang,Accountant,36553528.07,2023-04-06,Affluent
C07127,Duyên Lê,Male,2001-10-13,Da Nang,Doctor,16146151.33,2021-07-15,Mass
C07128,Chị Vi Đặng,Male,1969-11-10,Ho Chi Minh City,Teacher,10718964.99,2018-10-27,Mass
C07129,Nhật Vũ,Female,1981-05-26,Hai Phong,Bank Employee,18448101.57,2024-08-21,Mass
C07130,Thành Bảo Vũ,Female,1979-09-23,Ho Chi Minh City,Teacher,12539104.64,2018-02-17,Mass
C07131,Quý cô An Trần,Male,1998-05-28,Can Tho,Accountant,11663435.86,2020-04-15,Mass
C07132,Lâm Mai Bảo Lê,Male,1985-09-18,Da Nang,Teacher,16490501.25,2025-07-27,Mass
C07133,Lâm Quang Hoàng,Male,1987-07-13,Ho Chi Minh City,Accountant,31229890.7,2022-11-28,Affluent
C07134,Thành Tấn Đặng,Female,1984-06-01,Can Tho,Sales,45303014.78,2024-04-14,Affluent
C07135,Chị Nhật Dương,Male,1986-07-27,Da Nang,Accountant,8955260.81,2022-08-04,Mass
C07136,Hạnh Quang Vũ,Male,1991-10-18,Da Nang,Bank Employee,46511253.52,2024-05-27,Affluent
C07137,Ngọc Phạm,Female,2006-04-23,Nam Dinh,Student,5767820.86,2025-11-14,Mass
C07138,Nam Xuân Đặng,Male,1974-05-20,Binh Duong,Sales,14352182.04,2022-12-02,Mass
C07139,Vũ Hoàng Vũ,Female,1984-04-25,Nghe An,Teacher,8231931.76,2019-06-06,Mass
C07140,Anh Mai,Female,1981-11-20,Da Nang,Office Staff,13213561.52,2021-01-09,Mass
C07141,Nhật Trí Lê,Female,2007-12-06,Binh Duong,Bank Employee,19754984.61,2018-05-09,Mass
C07142,Cô Thảo Dương,Male,1989-06-27,Quang Ninh,Doctor,10446607.26,2022-02-26,Mass
C07143,Chị Hương Vũ,Female,1995-04-07,Nghe An,Office Staff,5927360.37,2025-07-05,Mass
C07144,Anh Hữu Trần,Female,1983-11-18,Da Nang,Bank Employee,13151774.23,2023-10-23,Mass
C07145,Châu Thế Hoàng,Male,1993-09-18,Ba Ria - Vung Tau,IT Specialist,18772189.12,2023-07-30,Mass
C07146,Chị Linh Trần,Female,2006-01-12,Hai Phong,Freelancer,9738005.12,2025-01-26,Mass
C07147,Hạnh Hoàng,Female,2000-06-14,Da Nang,Business Owner,32191729.37,2021-04-22,Affluent
C07148,Quý ông Nhiên Đặng,Female,1990-04-03,Quang Ninh,Business Owner,39819315.9,2023-04-23,Affluent
C07149,Cô Lan Nguyễn,Female,1994-01-28,Nam Dinh,Business Owner,26900404.96,2021-01-25,Affluent
C07150,Nam Hoàng,Female,1972-05-25,Dong Nai,Freelancer,27909879.13,2021-06-07,Mass
C07151,Khoa Hải Dương,Male,1989-09-06,Ha Noi,Accountant,9207639.51,2024-05-16,Mass
C07152,Quý ông Huy Trần,Female,1974-01-19,Ba Ria - Vung Tau,Teacher,7232188.32,2024-02-16,Mass
C07153,Cô Yến Mai,Male,1993-10-24,Thanh Hoa,Sales,28403516.16,2020-05-01,Affluent
C07154,Minh Thị Nguyễn,Female,2002-12-01,Bac Ninh,Government Employee,10879694.57,2025-04-22,Mass
C07155,Nhật Mai,Female,1999-11-01,Dong Nai,Accountant,12053266.62,2019-02-17,Mass
C07156,Anh Vũ Vũ,Male,1990-09-22,Ba Ria - Vung Tau,Business Owner,9654658.52,2019-10-06,Mass
C07157,Cô Linh Trần,Female,1995-05-26,Dong Nai,Sales,32658115.04,2024-10-06,Affluent
C07158,Hạnh Phạm,Male,1982-08-19,Dong Nai,Accountant,11392512.71,2024-11-21,Mass
C07159,Nhật Bảo Lê,Female,1981-06-14,Quang Ninh,Bank Employee,41724644.8,2023-04-04,Affluent
C07160,An Dương,Male,1983-12-21,Quang Ninh,Accountant,174218206.54,2022-01-16,Premium
C07161,Phương Dương,Female,2003-08-08,Can Tho,IT Specialist,10168478.2,2019-05-25,Mass
C07162,An Hoàng,Female,1971-09-09,Bac Ninh,Teacher,10966507.71,2025-04-12,Mass
C07163,Hải Tấn Bùi,Female,2007-10-16,Can Tho,Freelancer,11177107.68,2025-07-23,Mass
C07164,Hoàng Đặng,Female,1989-01-16,Ba Ria - Vung Tau,Government Employee,4801445.69,2020-12-31,Mass
C07165,Ông Huy Mai,Female,1976-02-14,Nghe An,Freelancer,9347484.67,2025-09-09,Mass
C07166,Lan Bùi,Female,1987-02-28,Hai Phong,IT Specialist,11087441.92,2020-12-19,Mass
C07167,Chị Xuân Trần,Female,2005-05-18,Da Nang,Business Owner,8250128.72,2026-05-24,Mass
C07168,Anh Xuân Phạm,Female,2000-10-01,Khanh Hoa,Sales,48475069.47,2026-03-22,Affluent
C07169,Hồng Nguyễn,Female,1992-08-04,Quang Ninh,IT Specialist,29927817.72,2026-02-20,Affluent
C07170,Lan Phạm,Male,2000-10-02,Binh Duong,Business Owner,18238946.54,2025-05-22,Mass
C07171,Lan Mai,Female,1974-02-25,Can Tho,Engineer,18166277.93,2019-06-28,Mass
C07172,Thành Tấn Nguyễn,Female,1984-10-20,Nam Dinh,Office Staff,13281168.96,2024-09-22,Mass
C07173,Hoàng Xuân Vũ,Female,2004-03-12,Binh Duong,Bank Employee,32511774.74,2023-05-03,Affluent
C07174,Hà Vũ,Male,1998-02-07,Hue,Business Owner,20240679.76,2026-08-06,Affluent
C07175,Cô Kim Bùi,Female,1979-09-16,Nam Dinh,Student,28405962.71,2021-10-09,Affluent
C07176,Ông Tú Đặng,Female,1977-08-17,Hai Phong,Teacher,16338395.5,2020-08-05,Mass
C07177,Hạnh Đặng,Female,1984-08-03,Ha Noi,Sales,14871045.61,2019-07-11,Mass
C07178,Cô Hà Bùi,Female,1997-07-26,Nghe An,Student,22992181.03,2018-06-05,Mass
C07179,Lâm Hoàng Mai,Male,1989-11-05,Nam Dinh,Bank Employee,13337541.65,2024-08-04,Mass
C07180,Chị Bảo Lê,Male,1998-01-05,Can Tho,Teacher,8662460.53,2022-09-17,Mass
C07181,Hưng Nguyễn,Female,1985-05-18,Quang Ninh,Doctor,12949230.6,2021-07-27,Mass
C07182,Quang Trí Lê,Female,1999-06-12,Ba Ria - Vung Tau,Doctor,22733055.3,2023-02-15,Affluent
C07183,Cô Thành Bùi,Male,2004-07-23,Can Tho,IT Specialist,18238841.18,2020-06-03,Mass
C07184,Cô Hà Hoàng,Female,1996-12-09,Quang Ninh,Engineer,31616384.97,2021-11-12,Affluent
C07185,Ánh Trần,Male,1975-10-01,Quang Ninh,Accountant,8102348.46,2022-12-12,Mass
C07186,Lâm Vũ,Female,1998-08-28,Nam Dinh,Doctor,27791160.79,2025-01-10,Affluent
C07187,Trung Phạm,Male,1972-10-16,Nghe An,Accountant,221965859.99,2024-05-20,Premium
C07188,Lâm Phạm,Female,1982-03-24,Dong Nai,Sales,15785492.2,2023-07-28,Mass
C07189,Bà Bảo Mai,Male,1997-04-02,Thanh Hoa,Doctor,23723630.53,2018-04-18,Mass
C07190,Hà Hoàng Lê,Male,1988-10-01,Nghe An,Freelancer,16175459.41,2018-09-26,Mass
C07191,Bà Linh Bùi,Female,1992-06-11,Ha Noi,Bank Employee,32295835.35,2022-01-20,Affluent
C07192,Dũng Lê,Male,1971-11-24,Bac Ninh,Doctor,14495089.51,2020-07-21,Mass
C07193,Bà Lan Mai,Male,1975-08-02,Khanh Hoa,IT Specialist,110752884.61,2021-02-01,Premium
C07194,Hạnh Thế Hoàng,Female,2000-04-24,Nghe An,Sales,9783884.79,2026-08-09,Mass
C07195,Quý ông Nam Lê,Male,1988-10-15,Thanh Hoa,Bank Employee,29002962.99,2022-03-09,Affluent
C07196,Nhiên Mai,Female,2002-10-09,Ha Noi,Government Employee,18272598.92,2024-02-07,Mass
C07197,Kim Hoàng Vũ,Female,1996-10-01,Khanh Hoa,Office Staff,12594675.07,2019-12-09,Mass
C07198,Cô Nhật Hoàng,Male,1986-11-03,Ho Chi Minh City,IT Specialist,9767426.82,2019-10-04,Mass
C07199,Quang Bảo Dương,Female,1975-08-06,Nghe An,Freelancer,25033264.82,2021-02-17,Affluent
C07200,Anh Anh Hoàng,Male,1988-05-31,Khanh Hoa,Bank Employee,13079522.6,2024-05-24,Mass
C07201,Phúc Mai Bảo Phạm,Male,1991-09-14,Quang Ninh,Doctor,7621606.96,2021-09-04,Mass
C07202,Thành Quang Đặng,Female,1980-11-20,Nghe An,Student,15566721.28,2021-12-07,Mass
C07203,Quý cô Kim Đặng,Male,1998-03-31,Thanh Hoa,Freelancer,15371684.87,2019-11-17,Mass
C07204,Nhiên Quang Vũ,Male,1985-12-26,Nghe An,Government Employee,7665213.75,2022-11-13,Mass
C07205,Quý ông Phúc Đặng,Female,1999-11-26,Nam Dinh,Engineer,17873249.53,2018-02-18,Mass
C07206,Cô Duyên Bùi,Male,1987-05-14,Hai Phong,Doctor,79794055.38,2018-07-12,Premium
C07207,Hạnh Đức Vũ,Male,1999-11-15,Nghe An,Accountant,10019355.98,2021-12-02,Mass
C07208,Bác Quang Phạm,Female,1995-01-27,Da Nang,Sales,8924672.11,2021-10-16,Mass
C07209,Khoa Phú Lê,Female,2008-09-26,Khanh Hoa,Sales,17884086.59,2019-02-02,Mass
C07210,Bảo Vũ,Male,1980-09-13,Nam Dinh,Freelancer,23887884.98,2022-11-28,Affluent
C07211,Kim Tấn Phạm,Male,1989-05-29,Hue,Accountant,8750608.83,2025-08-05,Mass
C07212,Trung Bảo Lê,Male,1993-02-16,Quang Ninh,Government Employee,10635934.84,2021-10-21,Mass
C07213,Quang Trí Vũ,Male,1995-07-31,Nam Dinh,Student,24189971.08,2021-06-17,Mass
C07214,Quý cô Chi Hoàng,Female,1995-06-09,Ho Chi Minh City,Government Employee,9043211.01,2025-06-05,Mass
C07215,Bà Hà Đặng,Male,1999-09-08,Ho Chi Minh City,Student,17291734.01,2022-07-02,Mass
C07216,Ông Phúc Dương,Male,2008-01-23,Ba Ria - Vung Tau,Accountant,9188830.12,2020-03-03,Mass
C07217,Lâm Hải Đặng,Female,1974-12-02,Binh Duong,Doctor,37657943.62,2021-03-19,Affluent
C07218,Trung Vũ,Male,1988-03-24,Thanh Hoa,Business Owner,234634449.74,2022-12-14,Premium
C07219,Phương Tấn Mai,Female,1987-10-22,Nghe An,Bank Employee,28300860.57,2022-09-15,Affluent
C07220,Lâm Văn Bùi,Female,1993-10-11,Ba Ria - Vung Tau,Sales,8064771.2,2023-01-03,Mass
C07221,Kim Mai,Male,1977-08-29,Dong Nai,Engineer,14672914.61,2025-03-29,Mass
C07222,Bà Khoa Dương,Female,1978-02-25,Thanh Hoa,Bank Employee,18346723.91,2022-10-23,Mass
C07223,Cô Hồng Trần,Male,1995-08-17,Nghe An,IT Specialist,8621362.64,2025-04-29,Mass
C07224,Quang Quang Trần,Female,1991-01-01,Khanh Hoa,Sales,8841356.15,2023-04-21,Mass
C07225,Phương Hoàng Dương,Male,1989-07-14,Nam Dinh,Freelancer,17834602.98,2019-03-25,Mass
C07226,An Phạm,Male,1992-05-19,Da Nang,Bank Employee,12646809.01,2023-11-07,Mass
C07227,Chi Phạm,Other,1992-05-23,Bac Ninh,IT Specialist,15892722.5,2021-01-12,Mass
C07228,Anh Thành Nguyễn,Male,1998-05-05,Ha Noi,IT Specialist,5563071.91,2020-04-02,Mass
C07229,Anh Nam Trần,Male,1985-08-31,Dong Nai,Government Employee,47072943.5,2022-03-09,Affluent
C07230,Tùng Hoàng,Male,1985-12-12,Quang Ninh,Accountant,28883743.06,2024-08-11,Affluent
C07231,Nhật Văn Mai,Male,2003-09-05,Binh Duong,Doctor,14267450.96,2026-02-18,Mass
C07232,Quý cô Nhật Vũ,Male,1989-06-19,Da Nang,IT Specialist,11483132.62,2022-01-31,Mass
C07233,Cô Lan Trần,Male,1970-02-03,Quang Ninh,Engineer,8615187.35,2020-10-17,Mass
C07234,Thành Phạm,Male,1970-12-30,Dong Nai,Sales,12134237.67,2023-09-04,Mass
C07235,Bảo Bùi,Female,2008-04-03,Dong Nai,Freelancer,11270466.51,2020-08-16,Mass
C07236,Bà Hải Vũ,Male,1980-05-02,Quang Ninh,Sales,31369357.85,2022-04-09,Affluent
C07237,Chị Kim Vũ,Male,2006-12-06,Nghe An,Student,33314532.13,2021-09-28,Affluent
C07238,Thành Hoàng Phạm,Female,1999-12-30,Bac Ninh,Accountant,14254058.74,2018-07-09,Mass
C07239,Nhật Lê,Female,1982-06-22,Ha Noi,Doctor,25494606.99,2021-01-05,Affluent
C07240,Nam Phạm,Male,1998-05-29,Binh Duong,Bank Employee,15638432.6,2025-05-03,Mass
C07241,Khoa Đức Mai,Male,1999-12-04,Nghe An,Sales,8216557.31,2024-01-05,Mass
C07242,Hải Trần,Male,2002-10-18,Khanh Hoa,IT Specialist,38898653.88,2022-12-13,Affluent
C07243,Quý cô Nhật Bùi,Female,1987-09-20,Can Tho,IT Specialist,28506560.46,2022-10-12,Affluent
C07244,Nhiên Dương,Male,1990-01-21,Nam Dinh,Accountant,20479061.71,2021-02-12,Mass
C07245,Khoa Bùi,Female,2001-05-27,Binh Duong,IT Specialist,6060526.86,2018-07-28,Mass
C07246,Ông Huy Mai,Female,1984-12-06,Hai Phong,Student,33859774.34,2023-06-23,Affluent
C07247,Chị Linh Phạm,Other,1998-05-09,Bac Ninh,Accountant,15076462.2,2018-12-04,Mass
C07248,An Trần,Female,1980-11-13,Binh Duong,Accountant,5540082.23,2025-11-17,Mass
C07249,Hà Xuân Đặng,Male,1998-06-28,Binh Duong,Engineer,70147693.81,2023-05-12,Affluent
C07250,Hương Bùi,Female,1984-05-03,Binh Duong,Office Staff,42870294.62,2020-11-10,Affluent
C07251,Bà Yến Hoàng,Female,1978-01-23,Hue,Accountant,12071903.63,2019-09-04,Mass
C07252,Vi Trần,Male,1982-01-02,Can Tho,IT Specialist,15428683.86,2021-01-27,Mass
C07253,Chị Mai Vũ,Male,1985-01-18,Da Nang,Doctor,10720978.83,2020-10-23,Mass
C07254,Trung Dương,Male,1988-11-28,Nghe An,Government Employee,9766714.28,2022-09-10,Mass
C07255,Nhật Hoàng Vũ,Male,1990-05-24,Ho Chi Minh City,Freelancer,7971995.5,2025-02-05,Mass
C07256,Hạnh Nguyễn,Male,1999-06-19,Can Tho,Doctor,10870986.32,2024-07-25,Mass
C07257,Vũ Nguyễn,Female,2001-01-05,Ba Ria - Vung Tau,Teacher,10055810.28,2024-04-25,Mass
C07258,Kim Dương,Female,1992-09-25,Thanh Hoa,Student,39489182.15,2020-05-16,Affluent
C07259,Cô Hương Vũ,Female,1980-07-27,Ho Chi Minh City,Student,10201983.07,2026-01-21,Mass
C07260,Hà Bùi,Male,1976-01-19,Nam Dinh,Sales,16666830.18,2023-06-02,Mass
C07261,Thảo Hoàng,Male,1984-10-28,Nam Dinh,Engineer,36651076.5,2023-03-19,Affluent
C07262,An Nguyễn,Female,1987-03-24,Hue,Office Staff,18180953.82,2022-09-07,Mass
C07263,Phúc Nguyễn,Female,1977-06-10,Khanh Hoa,Engineer,52239143.01,2022-07-05,Affluent
C07264,Quý cô Kim Trần,Female,1990-04-28,Da Nang,IT Specialist,14572630.67,2023-07-07,Mass
C07265,Phương Thị Trần,Female,1975-10-31,Thanh Hoa,Accountant,77920086.7,2023-04-25,Premium
C07266,Mai Vũ,Female,1994-03-19,Hue,Business Owner,12067543.36,2022-06-03,Mass
C07267,Cô Lâm Vũ,Male,1981-04-08,Quang Ninh,Office Staff,16530661.06,2026-04-09,Mass
C07268,Khoa Đức Lê,Female,1992-11-08,Quang Ninh,Freelancer,7077306.1,2021-09-11,Mass
C07269,Mai Đặng,Female,1988-07-01,Hai Phong,IT Specialist,8701505.02,2021-03-23,Mass
C07270,Cô Hồng Nguyễn,Female,2006-12-28,Nghe An,IT Specialist,7710257.64,2024-08-27,Mass
C07271,Ông Châu Hoàng,Female,1987-01-28,Quang Ninh,IT Specialist,19322490.46,2026-04-21,Mass
C07272,Lâm Mai,Male,1990-07-10,Ha Noi,Accountant,12921464.96,2025-11-06,Mass
C07273,An Quang Đặng,Female,1976-10-17,Ha Noi,Accountant,22021331.31,2019-11-29,Affluent
C07274,Ông Vũ Dương,Female,1985-01-03,Thanh Hoa,Bank Employee,11951421.5,2023-11-26,Mass
C07275,Lâm Lê,Male,1983-10-19,Nam Dinh,Office Staff,10131883.99,2023-05-16,Mass
C07276,Khoa Vũ,Male,1999-03-03,Binh Duong,Accountant,12604889.15,2018-06-03,Mass
C07277,Lan Vũ,Male,1972-08-24,Nam Dinh,Doctor,16219677.84,2018-12-31,Mass
C07278,Ông Phúc Mai,Female,1996-06-26,Khanh Hoa,Doctor,7504977.28,2018-03-23,Mass
C07279,Hạnh Trần,Female,2008-08-04,Ba Ria - Vung Tau,Engineer,51944606.8,2023-09-14,Affluent
C07280,Bảo Mai,Male,2001-09-20,Hue,Sales,10707848.26,2023-12-19,Mass
C07281,Bác Dũng Lê,Male,1976-01-13,Thanh Hoa,Sales,6821239.09,2025-10-23,Mass
C07282,Ông Trọng Phạm,Male,1974-07-21,Khanh Hoa,Accountant,10980626.48,2018-11-03,Mass
C07283,Nhật Phú Dương,Male,2003-03-04,Khanh Hoa,IT Specialist,90579671.83,2021-11-20,Premium
C07284,Hạnh Bảo Phạm,Male,1998-01-07,Bac Ninh,Sales,14001907.63,2023-01-30,Mass
C07285,Lâm Mai,Female,1997-12-26,Bac Ninh,Bank Employee,6146186.92,2025-12-28,Mass
C07286,An Dương,Female,1992-10-31,Bac Ninh,Sales,7464182.26,2022-06-16,Mass
C07287,Trọng Trần,Female,1987-11-22,Hue,Doctor,7920157.04,2020-04-12,Mass
C07288,Hà Thế Lê,Female,1995-12-29,Can Tho,Freelancer,12791902.85,2026-05-08,Mass
C07289,Chị Hương Đặng,Female,1992-10-27,Nam Dinh,Engineer,13099279.76,2023-12-27,Mass
C07290,Hưng Trần,Female,1983-04-21,Ho Chi Minh City,Accountant,24728785.05,2025-10-07,Affluent
C07291,Cô Xuân Đặng,Male,1990-11-23,Can Tho,Freelancer,60000000.0,2026-03-30,Premium
C07292,Bà Ngọc Bùi,Male,1988-05-21,Binh Duong,Accountant,88663165.62,2021-06-09,Premium
C07293,Hải Xuân Bùi,Female,2001-02-27,Can Tho,Teacher,13402060.28,2022-05-31,Mass
C07294,Kim Mai,Female,1977-10-21,Ba Ria - Vung Tau,Government Employee,10158394.81,2022-11-03,Mass
C07295,Quang Đặng,Female,2001-03-29,Binh Duong,Engineer,12713513.61,2024-08-13,Mass
C07296,Bà Bảo Dương,Male,2005-02-19,Thanh Hoa,Freelancer,28709659.97,2024-10-19,Affluent
C07297,Vũ Nguyễn,Female,1977-09-12,Hai Phong,Office Staff,12264015.19,2023-07-19,Mass
C07298,Bà Hạnh Dương,Female,2007-11-23,Dong Nai,Office Staff,6397834.5,2024-12-15,Mass
C07299,Nhật Dương,Male,1988-10-22,Binh Duong,Teacher,45334359.56,2020-02-09,Affluent
C07300,Minh Mai,Female,2007-10-26,Thanh Hoa,Teacher,14045556.22,2019-06-11,Mass
C07301,Huy Hữu Hoàng,Male,1976-04-02,Ho Chi Minh City,Engineer,23234942.68,2025-02-09,Mass
C07302,Minh Hoàng,Male,1987-04-07,Can Tho,Accountant,14329030.12,2021-06-02,Mass
C07303,Cô Ngọc Đặng,Female,2008-05-13,Hue,Student,25023616.57,2018-05-27,Mass
C07304,Khoa Đặng,Male,1997-04-12,Hue,Accountant,8655472.19,2020-08-23,Mass
C07305,Nhật Phú Bùi,Female,1992-10-20,Da Nang,Office Staff,20368556.11,2021-03-25,Mass
C07306,Bà Linh Mai,Male,1966-08-03,Hue,Teacher,12538447.05,2025-07-22,Mass
C07307,Hoàng Lê,Female,1980-05-17,Ha Noi,Doctor,12182835.89,2023-07-19,Mass
C07308,Ông Bảo Lê,Male,2001-11-30,Dong Nai,Government Employee,54509290.92,2018-09-26,Affluent
C07309,Kim Trí Đặng,Female,1997-07-12,Ha Noi,Teacher,55479151.05,2023-12-08,Affluent
C07310,Thành Văn Vũ,Male,1976-04-12,Ha Noi,IT Specialist,14877043.83,2018-03-01,Mass
C07311,An Mai Bảo Nguyễn,Female,1969-12-05,Bac Ninh,Student,68378050.32,2020-01-25,Affluent
C07312,Hương Vũ,Female,1991-12-08,Ho Chi Minh City,Freelancer,9041532.72,2023-03-23,Mass
C07313,Tú Phạm,Male,2008-05-16,Nam Dinh,Office Staff,26325694.49,2020-04-08,Mass
C07314,Ánh Bùi,Male,1994-11-19,Ha Noi,IT Specialist,17852964.09,2025-07-04,Mass
C07315,Bảo Đức Nguyễn,Female,1999-06-03,Ho Chi Minh City,Sales,55524688.17,2020-09-16,Affluent
C07316,Ông Nam Nguyễn,Female,1998-07-27,Dong Nai,IT Specialist,7907446.84,2025-03-19,Mass
C07317,Kim Thị Vũ,Male,1993-02-21,Da Nang,Sales,9962072.72,2022-06-18,Mass
C07318,Nhật Lê,Male,1984-07-31,Thanh Hoa,Sales,11786071.17,2020-07-11,Mass
C07319,Cô Nhật Bùi,Male,1984-04-29,Nghe An,Engineer,10837898.74,2019-02-03,Mass
C07320,Chị Phương Trần,Male,1998-03-16,Hue,Accountant,9783139.63,2025-08-30,Mass
C07321,Thành Lê,Male,1968-06-19,Dong Nai,Freelancer,37445979.25,2019-06-07,Affluent
C07322,Chị Bảo Mai,Female,2008-06-29,Thanh Hoa,Student,10002484.33,2019-07-23,Mass
C07323,Chị Bảo Mai,Female,1989-04-09,Ha Noi,Bank Employee,22892206.8,2020-11-09,Mass
C07324,Bà An Mai,Female,1979-06-15,Ho Chi Minh City,Doctor,8691151.22,2022-11-24,Mass
C07325,Châu Đặng,Male,1963-11-28,Binh Duong,Student,11869837.54,2024-11-15,Mass
C07326,Chị Thành Hoàng,Female,1977-04-20,Nghe An,Teacher,24750495.58,2023-01-03,Affluent
C07327,Hưng Nguyễn,Male,2008-06-10,Can Tho,Freelancer,7329854.22,2019-06-24,Mass
C07328,Vũ Nguyễn,Female,2007-11-24,Binh Duong,Office Staff,25131898.96,2019-04-04,Mass
C07329,Bảo Hoàng,Female,1988-08-08,Quang Ninh,IT Specialist,8682254.62,2020-09-19,Mass
C07330,Lâm Đặng,Female,1986-04-02,Da Nang,IT Specialist,12822142.54,2018-12-25,Mass
C07331,Nhật Trần,Female,1984-07-04,Hai Phong,Student,18324567.4,2025-07-21,Mass
C07332,Bà Dương Nguyễn,Male,1994-07-04,Ha Noi,Student,8819479.83,2025-04-30,Mass
C07333,Trung Tấn Dương,Female,1981-04-22,Khanh Hoa,Engineer,15890526.63,2026-01-16,Mass
C07334,Chị Hải Mai,Male,1989-05-28,Bac Ninh,Accountant,25714386.36,2020-06-02,Mass
C07335,Cô Kim Vũ,Male,1995-05-07,Nam Dinh,Doctor,26719420.75,2026-05-25,Affluent
C07336,Hải Đặng,Female,1986-03-04,Khanh Hoa,Engineer,9475205.13,2019-10-03,Mass
C07337,Ông Trọng Dương,Female,1984-10-07,Ha Noi,Bank Employee,8965229.98,2025-01-21,Mass
C07338,Cô Lan Mai,Male,1995-02-18,Hue,Student,23259201.03,2021-07-31,Mass
C07339,Ánh Trần,Male,1995-01-15,Ha Noi,Bank Employee,9073051.16,2023-01-01,Mass
C07340,Xuân Vũ,Female,1978-04-26,Ho Chi Minh City,IT Specialist,8306530.12,2024-09-30,Mass
C07341,Khoa Vũ,Female,1998-06-27,Nghe An,Sales,14683186.18,2018-02-28,Mass
C07342,Quang Thế Trần,Male,1980-09-13,Ba Ria - Vung Tau,Office Staff,18394898.79,2020-05-17,Mass
C07343,Hoàng Đức Vũ,Female,1999-07-22,Da Nang,Government Employee,41852463.63,2022-10-04,Affluent
C07344,Châu Mai,Female,1996-02-01,Ba Ria - Vung Tau,IT Specialist,29184897.64,2021-03-07,Affluent
C07345,Nhật Thế Lê,Male,1976-12-28,Hue,Engineer,9900275.76,2024-03-14,Mass
C07346,Lan Trần,Female,1987-02-10,Ho Chi Minh City,Office Staff,12671551.79,2021-01-28,Mass
C07347,Cô Hồng Phạm,Female,2001-11-08,Bac Ninh,Doctor,16827915.58,2021-03-21,Mass
C07348,Châu Văn Phạm,Female,1984-04-06,Ho Chi Minh City,Bank Employee,5987685.45,2023-12-05,Mass
C07349,Ông Hoàng Trần,Male,1987-09-01,Da Nang,Business Owner,27756110.97,2026-03-29,Affluent
C07350,Quý cô Thảo Phạm,Male,1978-08-06,Thanh Hoa,Sales,7235624.75,2021-07-08,Mass
C07351,Khoa Văn Đặng,Female,1994-08-29,Binh Duong,Government Employee,13621034.37,2026-03-06,Mass
C07352,Tùng Tấn Đặng,Female,1990-01-21,Hue,Freelancer,15673040.01,2022-01-10,Mass
C07353,Bác Nhiên Hoàng,Female,2006-12-14,Da Nang,Freelancer,21393276.01,2022-08-14,Mass
C07354,Nam Mai,Male,1984-11-11,Ba Ria - Vung Tau,Doctor,52628801.42,2023-01-08,Affluent
C07355,Phúc Hoàng,Female,1981-07-19,Quang Ninh,Freelancer,34878305.85,2026-04-06,Affluent
C07356,Ánh Bùi,Male,2005-05-21,Ho Chi Minh City,Teacher,9851887.26,2024-04-28,Mass
C07357,Khoa Thị Vũ,Male,1973-08-03,Da Nang,Engineer,53036449.1,2021-10-18,Affluent
C07358,Hoàng Bảo Nguyễn,Male,1996-12-05,Ho Chi Minh City,Sales,20000000.0,2020-03-21,Affluent
C07359,Hà Thị Bùi,Male,1993-07-28,Bac Ninh,IT Specialist,10850494.33,2018-07-04,Mass
C07360,Huy Mai Phạm,Male,1993-05-10,Quang Ninh,Accountant,14438458.42,2018-08-24,Mass
C07361,Quý cô Vi Vũ,Male,1981-02-06,Ha Noi,Government Employee,16971093.11,2023-06-17,Mass
C07362,Bảo Thị Trần,Male,1985-12-06,Nghe An,Teacher,6389377.87,2024-12-14,Mass
C07363,Thành Trí Dương,Female,1994-03-31,Ho Chi Minh City,Teacher,26878805.44,2025-07-12,Mass
C07364,Hà Hải Bùi,Male,1986-07-18,Quang Ninh,Freelancer,13648689.35,2018-05-15,Mass
C07365,Hạnh Hoàng,Male,1986-10-25,Ho Chi Minh City,Business Owner,13877787.19,2019-06-30,Mass
C07366,Lan Đặng,Female,2008-09-15,Thanh Hoa,Accountant,11035012.13,2025-06-27,Mass
C07367,Cô Vân Vũ,Female,1991-04-18,Bac Ninh,Freelancer,18791977.3,2024-02-14,Mass
C07368,Quý cô Yến Bùi,Male,1990-06-17,Ho Chi Minh City,Bank Employee,6743827.65,2023-08-06,Mass
C07369,Quý cô Hạnh Vũ,Male,1985-10-18,Khanh Hoa,Office Staff,9057272.47,2022-12-01,Mass
C07370,Bảo Dương,Female,2004-04-23,Nam Dinh,Accountant,8961619.72,2022-05-26,Mass
C07371,Bà An Mai,Male,1985-04-29,Can Tho,Government Employee,18643043.68,2025-09-03,Mass
C07372,Phúc Phạm,Female,1984-10-21,Khanh Hoa,Bank Employee,14970996.73,2023-10-23,Mass
C07373,Bà Bảo Phạm,Male,1985-07-15,Ba Ria - Vung Tau,Bank Employee,36080271.3,2026-03-05,Affluent
C07374,Minh Nguyễn,Male,1983-04-21,Da Nang,Freelancer,5146594.51,2025-02-06,Mass
C07375,Thảo Trần,Male,1988-12-15,Thanh Hoa,Teacher,8324332.79,2024-05-05,Mass
C07376,Anh Khoa Trần,Female,1978-07-24,Bac Ninh,Teacher,11397594.14,2026-03-28,Mass
C07377,Dũng Hải Bùi,Female,1990-01-27,Bac Ninh,Bank Employee,60000000.0,2026-01-19,Premium
C07378,Thành Mai,Female,1979-03-09,Ba Ria - Vung Tau,Government Employee,42247555.64,2024-10-17,Affluent
C07379,Dũng Mai Vũ,Female,1984-02-05,Ha Noi,Student,9028160.63,2023-03-30,Mass
C07380,Hồng Lê,Male,1998-10-22,Ho Chi Minh City,Doctor,12976842.97,2020-10-26,Mass
C07381,Quý ông Nam Lê,Female,1998-02-23,Hue,Accountant,13972892.28,2021-12-18,Mass
C07382,Phúc Đặng,Male,2008-04-29,Khanh Hoa,Student,30237554.99,2018-12-23,Affluent
C07383,Ông Quang Phạm,Female,1971-03-29,Binh Duong,Government Employee,13995371.8,2023-08-19,Mass
C07384,Chị Duyên Đặng,Female,1989-03-20,Dong Nai,Student,63492133.87,2025-10-19,Affluent
C07385,Quang Lê,Female,2008-01-31,Khanh Hoa,Teacher,9020932.95,2020-10-23,Mass
C07386,Cô Linh Mai,Female,1995-05-25,Ba Ria - Vung Tau,Office Staff,45279456.53,2025-08-18,Affluent
C07387,Quý cô Lâm Nguyễn,Female,1980-11-07,Ho Chi Minh City,Freelancer,8862282.07,2023-11-01,Mass
C07388,Nam Lê,Female,1979-11-22,Can Tho,Sales,10420202.62,2018-12-22,Mass
C07389,Kim Xuân Hoàng,Male,1977-05-06,Nam Dinh,Office Staff,25675962.73,2024-01-22,Affluent
C07390,Nhật Lê,Male,1991-11-02,Bac Ninh,Engineer,10108211.26,2024-02-09,Mass
C07391,Nhật Vũ,Male,1979-03-18,Khanh Hoa,Student,9993483.43,2023-04-05,Mass
C07392,Chị Bảo Nguyễn,Male,1991-08-30,Dong Nai,Teacher,14329074.27,2020-04-13,Mass
C07393,Vũ Bùi,Female,1985-01-25,Khanh Hoa,Doctor,16368194.01,2024-11-03,Mass
C07394,Anh Tú Đặng,Female,1988-10-02,Hai Phong,Bank Employee,30872733.61,2019-10-18,Affluent
C07395,Chị Xuân Bùi,Female,1994-09-18,Hai Phong,Accountant,12108309.59,2023-08-15,Mass
C07396,Khoa Hoàng Dương,Female,1988-07-03,Ha Noi,Office Staff,11397528.95,2020-09-11,Mass
C07397,Hồng Phạm,Female,1990-03-31,Quang Ninh,Doctor,7055925.77,2020-03-09,Mass
C07398,Bà An Phạm,Male,1983-03-17,Ho Chi Minh City,Bank Employee,12785298.43,2018-09-30,Mass
C07399,Lâm Hoàng,Male,1979-10-04,Khanh Hoa,Government Employee,12000674.15,2019-11-19,Mass
C07400,Cô Hạnh Mai,Male,2008-06-27,Bac Ninh,Engineer,10585133.15,2022-10-13,Mass
C07401,Nam Xuân Lê,Male,1993-09-15,Binh Duong,Engineer,15563412.49,2021-11-25,Mass
C07402,Hồng Trần,Female,2008-05-26,Hai Phong,Bank Employee,35435066.77,2023-06-14,Affluent
C07403,Hương Hoàng,Female,1985-03-14,Ba Ria - Vung Tau,Freelancer,9519914.71,2018-02-26,Mass
C07404,Chị Mai Đặng,Male,1990-10-01,Can Tho,Engineer,9635400.53,2025-03-01,Mass
C07405,Quý cô Duyên Dương,Other,1999-08-22,Thanh Hoa,Accountant,30963902.99,2020-05-20,Affluent
C07406,Khoa Nguyễn,Female,1998-07-04,Nam Dinh,Business Owner,15243802.99,2020-11-19,Mass
C07407,Ngọc Nguyễn,Other,1999-01-13,Ba Ria - Vung Tau,IT Specialist,8748551.53,2018-10-25,Mass
C07408,Bà Kim Trần,Male,1971-01-29,Nam Dinh,Accountant,16796418.08,2019-04-11,Mass
C07409,Bảo Xuân Đặng,Male,2007-11-13,Ha Noi,Student,9181932.99,2023-01-27,Mass
C07410,Nhật Đức Dương,Male,1988-01-30,Quang Ninh,Government Employee,113826141.86,2018-05-16,Premium
C07411,Phương Đặng,Female,2007-09-02,Ha Noi,Freelancer,18000590.67,2026-03-21,Mass
C07412,Trọng Thế Nguyễn,Female,1981-10-01,Binh Duong,Government Employee,121259252.82,2020-04-07,Premium
C07413,Anh Quang Nguyễn,Male,1975-12-21,Ho Chi Minh City,Engineer,14058232.22,2020-04-19,Mass
C07414,Quang Phạm,Male,1986-03-24,Ho Chi Minh City,Bank Employee,20699186.4,2022-03-15,Mass
C07415,Chị Hà Bùi,Female,1977-10-08,Bac Ninh,Teacher,8938600.55,2018-11-08,Mass
C07416,Quý ông Tùng Trần,Female,1984-07-25,Ho Chi Minh City,Student,28676205.49,2020-02-05,Affluent
C07417,Dũng Bùi,Female,1985-03-22,Quang Ninh,Sales,14178424.07,2018-06-25,Mass
C07418,Bảo Vũ,Female,2006-08-15,Bac Ninh,Engineer,11499007.02,2023-03-30,Mass
C07419,Quý cô Ngọc Trần,Female,1988-05-08,Quang Ninh,Government Employee,83986335.21,2026-05-10,Premium
C07420,Quang Phạm,Male,1987-03-21,Thanh Hoa,Bank Employee,15910366.4,2026-05-28,Mass
C07421,Hà Dương,Female,1991-03-12,Thanh Hoa,Government Employee,12981385.76,2022-11-09,Mass
C07422,Quý ông Huy Bùi,Female,1975-02-10,Dong Nai,Student,14161477.89,2026-04-07,Mass
C07423,Hưng Phú Lê,Male,1987-12-02,Ha Noi,Teacher,8581243.79,2021-09-26,Mass
C07424,Quý ông Vũ Lê,Male,1983-03-16,Binh Duong,Business Owner,38644058.84,2022-11-06,Affluent
C07425,Vi Hoàng,Male,1976-09-28,Quang Ninh,Teacher,12198513.99,2024-06-06,Mass
C07426,Cô Nhật Đặng,Male,2008-01-25,Ho Chi Minh City,Sales,6618470.8,2018-04-05,Mass
C07427,Ông Huy Trần,Male,1981-10-26,Ha Noi,Sales,29497041.85,2018-11-14,Affluent
C07428,Lan Lê,Female,1986-05-14,Dong Nai,Engineer,12489497.3,2021-11-04,Mass
C07429,Cô Dương Trần,Male,1992-04-20,Dong Nai,Sales,11602031.36,2020-11-28,Mass
C07430,Nhật Mai Nguyễn,Female,2000-07-09,Nghe An,Business Owner,11933916.34,2023-06-28,Mass
C07431,Hải Mai Bảo Bùi,Male,1997-06-04,Dong Nai,IT Specialist,10534092.14,2022-11-22,Mass
C07432,Bà Mai Lê,Male,1994-01-24,Ha Noi,Student,11084680.34,2025-05-07,Mass
C07433,Chị Hải Dương,Female,1980-09-23,Ho Chi Minh City,IT Specialist,11467074.7,2025-05-26,Mass
C07434,Phương Đặng,Male,1979-09-16,Da Nang,Government Employee,20556061.95,2021-09-04,Mass
C07435,Cô Bảo Bùi,Female,1981-10-02,Hai Phong,IT Specialist,41086870.67,2022-12-15,Affluent
C07436,Minh Đặng,Male,1986-11-10,Khanh Hoa,IT Specialist,16244951.73,2026-02-17,Mass
C07437,Lâm Mai Bảo Trần,Male,1990-06-30,Khanh Hoa,Office Staff,16937093.46,2025-09-25,Mass
C07438,Hạnh Lê,Female,1984-06-06,Quang Ninh,Office Staff,10579968.92,2019-01-04,Mass
C07439,Trung Nguyễn,Female,1981-09-03,Binh Duong,Doctor,12390433.12,2022-10-16,Mass
C07440,Ngọc Phạm,Female,1992-03-20,Nghe An,Office Staff,10157749.82,2024-12-06,Mass
C07441,Bác Quang Hoàng,Female,1989-03-31,Ha Noi,Teacher,17007740.52,2022-07-02,Mass
C07442,Chị Nhật Trần,Male,1981-09-02,Ho Chi Minh City,IT Specialist,13579950.53,2021-01-23,Mass
C07443,Chị Thảo Bùi,Female,1984-02-04,Dong Nai,Engineer,51257251.41,2023-03-03,Affluent
C07444,Trọng Hữu Bùi,Male,1992-03-15,Nam Dinh,Government Employee,8121457.63,2022-12-07,Mass
C07445,Chị Chi Mai,Female,1976-01-19,Nghe An,Accountant,80903645.53,2025-01-27,Premium
C07446,Tú Dương,Female,1998-07-10,Ba Ria - Vung Tau,Business Owner,20419467.5,2023-01-09,Affluent
C07447,Quý cô Hồng Đặng,Female,1983-11-30,Ha Noi,Business Owner,6803234.98,2024-02-03,Mass
C07448,Thành Phạm,Female,1999-05-28,Nghe An,Bank Employee,14743311.58,2024-06-23,Mass
C07449,Cô Hà Trần,Male,1983-08-03,Hai Phong,Business Owner,28784493.36,2021-10-05,Affluent
C07450,Nam Bùi,Female,1992-01-21,Dong Nai,Student,8841871.53,2022-12-04,Mass
C07451,Phúc Bảo Bùi,Male,1997-08-26,Khanh Hoa,Sales,13171850.19,2024-05-01,Mass
C07452,Phúc Bùi,Male,1996-09-17,Hai Phong,IT Specialist,11016910.23,2019-09-20,Mass
C07453,Anh Quang Trần,Female,2007-02-11,Hue,Business Owner,17839967.54,2023-06-03,Mass
C07454,Quý cô Bảo Vũ,Female,1985-02-08,Dong Nai,Office Staff,15838180.78,2019-09-17,Mass
C07455,Quang Hải Phạm,Female,1975-12-27,Ha Noi,Business Owner,27324512.66,2021-12-04,Affluent
C07456,Bác Thành Đặng,Female,1994-04-29,Thanh Hoa,Government Employee,20000000.0,2022-12-09,Affluent
C07457,Khoa Mai Bảo Bùi,Male,1956-08-03,Da Nang,Doctor,33464074.72,2018-08-31,Affluent
C07458,Minh Dương,Female,1979-04-09,Ho Chi Minh City,Freelancer,7779952.63,2020-01-18,Mass
C07459,Nhiên Bùi,Female,1980-01-11,Khanh Hoa,Government Employee,22990094.67,2020-08-23,Mass
C07460,Chị Hạnh Hoàng,Male,1991-01-19,Thanh Hoa,Teacher,66740875.24,2019-12-04,Premium
C07461,Quang Trần,Female,1992-06-27,Bac Ninh,Bank Employee,20000000.0,2025-11-09,Affluent
C07462,Thảo Bùi,Male,1990-10-18,Ho Chi Minh City,Office Staff,15994503.77,2020-11-10,Mass
C07463,Bà An Bùi,Male,1990-11-24,Bac Ninh,Freelancer,10864035.14,2025-06-20,Mass
C07464,Quý cô Thành Bùi,Male,1984-11-28,Dong Nai,Government Employee,14825005.95,2022-04-23,Mass
C07465,Tú Trí Nguyễn,Male,2008-05-05,Nam Dinh,Teacher,12378915.8,2020-10-14,Mass
C07466,Bảo Mai Bùi,Female,1964-06-12,Da Nang,Student,23449359.66,2025-08-05,Affluent
C07467,Anh Trọng Phạm,Male,1990-10-05,Bac Ninh,Freelancer,23677323.9,2026-03-22,Mass
C07468,Nam Mai Hoàng,Female,1977-11-02,Thanh Hoa,Accountant,10026361.87,2019-09-30,Mass
C07469,Bà Dương Vũ,Male,1988-04-16,Binh Duong,Doctor,34977834.38,2021-06-30,Affluent
C07470,Cô Bảo Hoàng,Female,1999-03-16,Ho Chi Minh City,Teacher,11692158.6,2019-03-04,Mass
C07471,Hạnh Bùi,Male,1994-06-25,Bac Ninh,Business Owner,36204113.43,2019-04-23,Affluent
C07472,Nam Xuân Lê,Male,1999-07-25,Hai Phong,Sales,7675936.3,2020-03-14,Mass
C07473,Bà Xuân Dương,Male,1990-10-16,Da Nang,Teacher,198585050.28,2022-08-30,Premium
C07474,Ông Khoa Đặng,Male,1990-07-08,Dong Nai,Government Employee,10685084.82,2020-01-16,Mass
C07475,Quý ông Hoàng Đặng,Female,1982-06-28,Da Nang,IT Specialist,11353144.86,2021-02-04,Mass
C07476,Phương Vũ,Male,1970-04-06,Dong Nai,Student,11983578.71,2025-04-26,Mass
C07477,Chi Nguyễn,Female,1983-06-23,Nam Dinh,Business Owner,73945507.22,2018-12-11,Premium
C07478,Chị Dương Hoàng,Male,1985-02-07,Da Nang,Business Owner,38011019.5,2020-12-21,Affluent
C07479,Cô Hạnh Dương,Male,1990-12-17,Da Nang,IT Specialist,10067288.78,2019-11-14,Mass
C07480,Chị Lâm Dương,Female,1998-08-21,Ho Chi Minh City,Government Employee,13246456.49,2021-05-10,Mass
C07481,Cô Khoa Vũ,Male,1983-11-19,Dong Nai,Business Owner,11477627.1,2023-09-03,Mass
C07482,Vũ Hữu Dương,Male,1987-03-31,Hai Phong,Teacher,11841810.27,2019-05-19,Mass
C07483,Nhật Mai Nguyễn,Female,1989-03-09,Nam Dinh,IT Specialist,11186983.4,2019-12-13,Mass
C07484,Lâm Bảo Phạm,Female,1989-10-30,Hue,Business Owner,30000000.0,2024-09-08,Mass
C07485,Quý cô Lâm Nguyễn,Female,1987-02-20,Quang Ninh,Business Owner,15040710.91,2020-04-16,Mass
C07486,Hà Lê,Male,1985-11-05,Ba Ria - Vung Tau,Freelancer,10945416.25,2023-07-24,Mass
C07487,Cô An Mai,Male,1975-11-11,Khanh Hoa,Engineer,10837358.98,2018-01-09,Mass
C07488,Minh Vũ,Male,1979-04-28,Dong Nai,Engineer,10675316.43,2025-04-20,Mass
C07489,Quý cô Hạnh Mai,Male,2001-01-03,Bac Ninh,Business Owner,13637117.77,2024-05-18,Mass
C07490,Chị Vi Phạm,Male,2002-10-14,Ba Ria - Vung Tau,Doctor,14474387.79,2023-03-22,Mass
C07491,Nhật Hữu Nguyễn,Female,2003-12-19,Quang Ninh,Business Owner,10732256.57,2020-03-16,Mass
C07492,Quý cô Nhật Trần,Other,2006-09-16,Can Tho,Government Employee,30000000.0,2020-10-25,Mass
C07493,Quý cô Ngọc Đặng,Male,2008-04-28,Ba Ria - Vung Tau,Doctor,35103196.11,2024-01-01,Affluent
C07494,Trọng Vũ,Female,1978-03-24,Quang Ninh,Business Owner,17247060.41,2018-07-14,Mass
C07495,Khoa Trí Nguyễn,Female,1980-11-14,Hai Phong,Business Owner,10738943.5,2018-02-24,Mass
C07496,Huy Đức Hoàng,Male,1975-12-09,Hue,Engineer,46033315.7,2022-03-27,Affluent
C07497,Hương Phạm,Female,1987-12-04,Ho Chi Minh City,Accountant,13054199.92,2023-01-01,Mass
C07498,Bà Khoa Đặng,Female,1993-11-26,Hai Phong,Teacher,26641028.54,2018-09-19,Affluent
C07499,Khoa Phạm,Female,1977-01-28,Khanh Hoa,Student,18995069.54,2022-04-30,Mass
C07500,Hưng Văn Trần,Male,2000-02-26,Hai Phong,Business Owner,11371177.25,2021-12-04,Mass
C07501,Thành Vũ,Female,1992-08-11,Hai Phong,Teacher,11863626.04,2019-07-23,Mass
C07502,Hà Mai Bảo Đặng,Female,1990-06-28,Hai Phong,Accountant,16715027.44,2020-11-07,Mass
C07503,Vân Nguyễn,Female,1999-06-28,Ba Ria - Vung Tau,IT Specialist,8923472.84,2024-12-18,Mass
C07504,Cô Thảo Vũ,Female,1977-01-18,Bac Ninh,Bank Employee,10206053.15,2019-12-09,Mass
C07505,An Vũ,Male,2004-03-13,Ba Ria - Vung Tau,Engineer,10126048.57,2025-11-15,Mass
C07506,Thảo Phạm,Female,1994-05-04,Quang Ninh,Sales,20679515.16,2023-03-08,Mass
C07507,Thành Bùi,Female,1980-03-25,Khanh Hoa,Freelancer,49382901.78,2026-06-10,Affluent
C07508,Phương Tấn Trần,Female,1981-01-20,Ba Ria - Vung Tau,Business Owner,16711413.6,2018-09-10,Mass
C07509,Bà Mai Mai,Female,1998-05-08,Hai Phong,Business Owner,32975584.2,2019-07-13,Affluent
C07510,Hạnh Mai,Male,2001-09-23,Ho Chi Minh City,IT Specialist,11147729.44,2023-06-24,Mass
C07511,Quý cô Thảo Dương,Male,1982-10-09,Binh Duong,Government Employee,36442039.77,2018-10-05,Affluent
C07512,Quang Thị Phạm,Female,1976-04-08,Khanh Hoa,Sales,8047899.47,2025-11-26,Mass
C07513,Duyên Nguyễn,Female,1985-04-23,Can Tho,Freelancer,24067375.77,2024-09-22,Affluent
C07514,Kim Mai,Male,1989-04-21,Ho Chi Minh City,IT Specialist,15549420.14,2020-05-23,Mass
C07515,Thành Thế Dương,Female,1993-01-25,Can Tho,Freelancer,14553055.35,2024-08-26,Mass
C07516,Nhật Dương,Male,2001-04-09,Da Nang,IT Specialist,6703401.99,2023-04-06,Mass
C07517,Hưng Trần,Female,1983-12-02,Ho Chi Minh City,Government Employee,59059837.9,2020-05-05,Affluent
C07518,Lan Dương,Male,2001-02-20,Ha Noi,IT Specialist,18405961.61,2025-01-07,Mass
C07519,Kim Hoàng,Male,1990-03-29,Khanh Hoa,Doctor,7518860.65,2026-03-09,Mass
C07520,Quý cô Yến Trần,Female,2003-08-09,Da Nang,Office Staff,35166133.17,2020-07-30,Affluent
C07521,Hà Đức Đặng,Female,1995-06-03,Da Nang,Accountant,23605368.58,2019-07-01,Affluent
C07522,Kim Bảo Trần,Female,2007-12-21,Ho Chi Minh City,Accountant,8922310.03,2022-04-19,Mass
C07523,Khoa Hoàng,Male,1988-09-26,Binh Duong,Freelancer,11973146.93,2022-01-03,Mass
C07524,Quý ông Bảo Đặng,Male,1996-02-05,Ba Ria - Vung Tau,Accountant,12878601.91,2023-06-15,Mass
C07525,Chị Lan Bùi,Male,1979-08-26,Dong Nai,Teacher,13774939.02,2018-12-29,Mass
C07526,Nhật Nguyễn,Female,1992-07-28,Hue,Teacher,16605464.9,2022-04-05,Mass
C07527,Nam Tấn Mai,Male,2000-10-30,Nam Dinh,Engineer,11091563.91,2019-06-20,Mass
C07528,Bà Mai Vũ,Female,1993-04-09,Khanh Hoa,Business Owner,7783242.38,2021-11-30,Mass
C07529,Tùng Quang Hoàng,Female,1994-11-26,Ho Chi Minh City,Doctor,5804716.41,2022-03-10,Mass
C07530,Huy Tấn Dương,Male,1969-07-20,Dong Nai,Business Owner,8643536.57,2023-04-12,Mass
C07531,Bà Lâm Đặng,Female,1972-12-09,Da Nang,Office Staff,35402180.46,2026-02-08,Affluent
C07532,Chị Duyên Hoàng,Female,1983-10-21,Ba Ria - Vung Tau,Sales,30226170.5,2021-08-14,Affluent
C07533,Bà Bảo Bùi,Male,1988-06-11,Thanh Hoa,Business Owner,15068071.33,2026-05-28,Mass
C07534,Hải Trí Trần,Female,1983-04-08,Can Tho,Student,15737986.88,2018-11-08,Mass
C07535,Quý ông Dũng Mai,Male,1995-04-16,Binh Duong,Student,10142969.08,2021-04-04,Mass
C07536,Hương Đặng,Male,2007-11-30,Binh Duong,Bank Employee,14411598.07,2025-05-26,Mass
C07537,Huy Bùi,Female,1979-04-23,Dong Nai,Teacher,56834444.86,2023-05-22,Affluent
C07538,Anh Nam Phạm,Female,1986-11-14,Ba Ria - Vung Tau,Teacher,9176434.49,2024-04-23,Mass
C07539,Lan Mai,Female,2008-02-22,Da Nang,Teacher,17278967.43,2024-12-31,Mass
C07540,Trung Xuân Dương,Male,2008-05-21,Ho Chi Minh City,Freelancer,87263175.2,2024-04-28,Premium
C07541,Quý cô Kim Bùi,Female,1993-07-22,Ha Noi,Doctor,11711805.52,2021-10-22,Mass
C07542,Bà Linh Trần,Male,1990-02-21,Ha Noi,Office Staff,12594475.87,2026-07-09,Mass
C07543,Hưng Xuân Đặng,Male,2007-12-11,Can Tho,Engineer,100587958.12,2021-03-04,Premium
C07544,Bà Hạnh Bùi,Male,2007-12-15,Can Tho,Sales,15505316.66,2021-08-04,Mass
C07545,Lâm Nguyễn,Male,1996-10-11,Nghe An,Sales,5640336.89,2020-04-06,Mass
C07546,Anh Nam Mai,Female,1998-11-24,Binh Duong,IT Specialist,9829423.46,2020-10-11,Mass
C07547,Anh Nam Dương,Male,1976-11-26,Nam Dinh,Accountant,12854961.68,2019-06-20,Mass
C07548,Chị Chi Dương,Female,1987-07-11,Ha Noi,Business Owner,18143896.47,2021-12-21,Mass
C07549,Quý ông Tú Trần,Male,1992-03-13,Dong Nai,Doctor,15625003.76,2022-07-28,Mass
C07550,Hoàng Đặng,Male,1983-01-09,Khanh Hoa,IT Specialist,7649515.61,2020-02-13,Mass
C07551,Quý cô Hải Mai,Male,1974-01-14,Quang Ninh,Bank Employee,7299464.77,2021-12-01,Mass
C07552,Lâm Văn Hoàng,Other,1980-07-01,Ho Chi Minh City,Doctor,7056372.34,2018-06-18,Mass
C07553,Ngọc Dương,Male,1983-10-06,Khanh Hoa,Engineer,23024914.23,2022-04-25,Mass
C07554,Bảo Trần,Male,1993-05-30,Bac Ninh,Student,32409168.74,2020-08-05,Affluent
C07555,Ánh Lê,Male,1984-03-27,Nam Dinh,Business Owner,10693305.49,2025-04-16,Mass
C07556,Hoàng Phạm,Male,1970-03-08,Ho Chi Minh City,Accountant,12834975.91,2020-01-11,Mass
C07557,Khoa Dương,Female,1993-11-14,Khanh Hoa,Doctor,9932445.43,2023-04-15,Mass
C07558,Cô Linh Dương,Female,2000-12-28,Ha Noi,Student,9632977.85,2018-10-01,Mass
C07559,Quý ông Tú Hoàng,Male,1994-06-01,Ba Ria - Vung Tau,Accountant,10117159.82,2026-02-10,Mass
C07560,Hà Mai Bảo Trần,Female,1998-01-19,Thanh Hoa,IT Specialist,25015636.28,2022-09-01,Mass
C07561,Thành Bảo Đặng,Male,2002-02-09,Hue,Business Owner,12631934.04,2021-05-08,Mass
C07562,Kim Mai Bùi,Male,1984-09-05,Bac Ninh,Business Owner,42282803.22,2023-08-28,Affluent
C07563,Hưng Hoàng,Male,1991-04-17,Dong Nai,Student,11030462.35,2022-01-07,Mass
C07564,Phương Hải Phạm,Female,1986-08-09,Hai Phong,Office Staff,13173262.76,2024-12-31,Mass
C07565,Anh Nguyễn,Male,1993-04-24,Da Nang,Doctor,6946577.9,2018-07-21,Mass
C07566,Duyên Đặng,Female,1996-07-24,Bac Ninh,Student,8033450.14,2025-04-27,Mass
C07567,Chị Hạnh Lê,Female,1998-08-20,Bac Ninh,Sales,12140352.04,2018-10-14,Mass
C07568,Hải Phú Phạm,Male,1986-11-03,Nghe An,Sales,22377704.15,2018-04-27,Mass
C07569,Anh Phúc Lê,Male,1996-07-20,Hue,Business Owner,15737173.02,2019-07-22,Mass
C07570,Khoa Trần,Female,1987-03-02,Ha Noi,Accountant,18887604.01,2026-01-17,Mass
C07571,Quang Hoàng,Male,1983-11-16,Hai Phong,Student,25862748.03,2021-06-06,Affluent
C07572,Chi Nguyễn,Female,2008-01-28,Hue,Teacher,13381166.65,2022-09-17,Mass
C07573,Khoa Mai Bảo Phạm,Female,1995-12-19,Bac Ninh,Student,67561931.95,2025-05-31,Premium
C07574,An Đức Đặng,Male,2003-10-09,Ba Ria - Vung Tau,Freelancer,12695506.02,2018-08-12,Mass
C07575,Ông Vũ Đặng,Male,1974-05-16,Ha Noi,Accountant,10400681.46,2023-05-12,Mass
C07576,Yến Trần,Female,1984-04-11,Quang Ninh,Bank Employee,11578077.36,2020-07-26,Mass
C07577,Hương Bùi,Female,2005-03-29,Nghe An,Freelancer,15519396.37,2023-03-08,Mass
C07578,Quý cô An Nguyễn,Female,2003-07-10,Da Nang,Government Employee,12091176.49,2020-12-19,Mass
C07579,Lan Bùi,Female,1993-12-20,Khanh Hoa,Engineer,16403319.98,2026-01-21,Mass
C07580,Tùng Hoàng Vũ,Female,2002-04-30,Binh Duong,Freelancer,13759247.14,2018-12-05,Mass
C07581,Bác Trọng Dương,Male,2000-04-13,Khanh Hoa,Freelancer,10034406.38,2025-12-05,Mass
C07582,Chị Linh Vũ,Female,2008-05-10,Da Nang,Accountant,24956670.72,2021-04-15,Mass
C07583,Bà Chi Trần,Other,1984-02-26,Nam Dinh,Sales,9173648.03,2024-07-20,Mass
C07584,Cô Hạnh Hoàng,Male,2003-05-21,Hai Phong,Sales,10088837.21,2019-10-02,Mass
C07585,Nhật Quang Vũ,Female,1983-01-09,Hue,IT Specialist,6188402.19,2021-09-14,Mass
C07586,Lâm Bảo Bùi,Male,1992-09-28,Dong Nai,Engineer,22300995.2,2023-04-09,Mass
C07587,Quang Lê,Female,2002-11-28,Ho Chi Minh City,Sales,35854302.48,2019-05-27,Affluent
C07588,Xuân Phạm,Female,1966-05-08,Hue,IT Specialist,128770382.52,2026-05-25,Premium
C07589,Nhật Lê,Female,1988-10-21,Dong Nai,Doctor,14328196.93,2019-08-10,Mass
C07590,Kim Phú Lê,Female,1995-04-10,Ba Ria - Vung Tau,Office Staff,51688609.96,2023-08-25,Affluent
C07591,Bà Kim Mai,Female,1995-09-03,Dong Nai,Student,6044767.89,2018-11-11,Mass
C07592,Anh Xuân Dương,Male,1994-10-03,Ha Noi,Bank Employee,8555287.94,2021-01-10,Mass
C07593,Bà An Nguyễn,Female,1994-02-28,Ha Noi,Bank Employee,10959725.43,2022-08-22,Mass
C07594,Yến Lê,Male,1976-11-01,Nam Dinh,Office Staff,43117798.9,2024-08-03,Affluent
C07595,Vân Bùi,Female,1987-10-19,Can Tho,Engineer,11987635.65,2021-01-03,Mass
C07596,Hương Vũ,Male,2002-04-18,Binh Duong,Teacher,5592885.35,2021-03-28,Mass
C07597,An Tấn Trần,Female,1989-01-19,Can Tho,Bank Employee,44422247.89,2019-05-30,Affluent
C07598,Vân Đặng,Female,1992-03-12,Thanh Hoa,Bank Employee,29811426.65,2021-10-18,Affluent
C07599,Trung Lê,Female,1985-04-06,Ho Chi Minh City,Office Staff,11655059.52,2022-05-22,Mass
C07600,Ông Thành Phạm,Female,1972-01-21,Hai Phong,Sales,18473948.85,2023-04-02,Mass
C07601,Xuân Phạm,Male,1980-04-22,Da Nang,Accountant,15644408.83,2018-11-28,Mass
C07602,Bà Xuân Bùi,Female,2005-03-01,Nghe An,Freelancer,42702017.7,2018-06-26,Affluent
C07603,Quý cô Duyên Phạm,Female,1986-03-03,Ba Ria - Vung Tau,Student,14837463.57,2020-10-24,Mass
C07604,Hương Nguyễn,Male,1985-09-27,Da Nang,Freelancer,40092000.99,2021-07-08,Affluent
C07605,Yến Nguyễn,Male,1961-03-13,Hai Phong,Engineer,11684248.65,2024-08-01,Mass
C07606,Vân Hoàng,Male,1980-07-01,Quang Ninh,Teacher,10176287.06,2022-03-02,Mass
C07607,Cô Vân Dương,Female,1982-01-17,Quang Ninh,Sales,16670965.46,2022-07-14,Mass
C07608,Nhật Nguyễn,Male,1986-07-31,Hai Phong,Teacher,21523450.89,2022-10-26,Mass
C07609,Tùng Nguyễn,Female,2000-02-13,Binh Duong,Student,30240490.73,2024-04-04,Affluent
C07610,Chị Thành Vũ,Female,1987-10-11,Ba Ria - Vung Tau,Accountant,16333023.64,2024-03-16,Mass
C07611,Thành Mai,Male,1989-01-30,Khanh Hoa,Government Employee,18820041.0,2022-07-31,Mass
C07612,Cô Khoa Phạm,Female,1998-08-19,Khanh Hoa,Accountant,24857872.79,2018-08-28,Affluent
C07613,Xuân Vũ,Male,1987-01-24,Ho Chi Minh City,Office Staff,11680181.93,2020-04-19,Mass
C07614,Quý cô Hồng Bùi,Male,1985-07-03,Quang Ninh,Sales,34713455.36,2026-03-17,Affluent
C07615,Lâm Bùi,Male,1994-05-27,Quang Ninh,Doctor,11689353.84,2019-05-09,Mass
C07616,Bảo Văn Mai,Male,1990-05-12,Hue,Freelancer,31939825.25,2026-08-05,Affluent
C07617,Bảo Lê,Male,1993-01-26,Hue,Doctor,85091985.29,2026-06-12,Premium
C07618,Phương Quang Đặng,Female,1980-12-17,Binh Duong,Government Employee,37097677.36,2020-09-25,Affluent
C07619,Bảo Vũ,Male,1965-10-25,Ho Chi Minh City,Office Staff,36728735.3,2022-01-26,Affluent
C07620,Ông Quang Phạm,Female,1997-06-08,Dong Nai,Accountant,30000000.0,2019-09-07,Mass
C07621,Hà Nguyễn,Male,1986-09-28,Hue,Doctor,16970055.08,2023-04-11,Mass
C07622,Tùng Hoàng Phạm,Male,1984-04-07,Thanh Hoa,IT Specialist,14923848.59,2024-12-15,Mass
C07623,Ánh Hoàng,Female,1985-07-11,Dong Nai,Freelancer,8159452.34,2018-09-23,Mass
C07624,Nhật Hoàng Hoàng,Male,1986-05-05,Ba Ria - Vung Tau,Office Staff,23520906.65,2025-12-17,Affluent
C07625,Bác Hoàng Trần,Male,1992-07-13,Thanh Hoa,Doctor,9308617.09,2026-06-09,Mass
C07626,Nhật Vũ,Male,1987-01-09,Quang Ninh,Student,13488680.29,2025-10-16,Mass
C07627,Quý cô Khoa Phạm,Female,1985-06-21,Can Tho,Sales,13269397.58,2026-02-16,Mass
C07628,Quý ông Quang Nguyễn,Male,1997-04-10,Binh Duong,Accountant,10952365.15,2024-03-30,Mass
C07629,Kim Dương,Female,1980-07-20,Ha Noi,Doctor,48216682.19,2024-01-22,Affluent
C07630,Nhật Đức Mai,Male,2003-02-23,Binh Duong,Bank Employee,22110879.48,2024-07-14,Affluent
C07631,Quý ông Thành Lê,Male,1997-10-25,Hue,Teacher,17300394.48,2024-04-21,Mass
C07632,Quý cô Xuân Phạm,Male,1976-11-08,Ho Chi Minh City,Engineer,26520937.02,2019-01-20,Affluent
C07633,Phương Phú Nguyễn,Female,1987-07-13,Nghe An,Engineer,22804493.88,2024-10-05,Mass
C07634,Nhật Bùi,Male,1986-06-19,Ho Chi Minh City,Accountant,19735771.47,2022-05-30,Mass
C07635,Quý cô Kim Lê,Male,1979-11-07,Can Tho,Freelancer,8726262.03,2019-12-19,Mass
C07636,Chị Kim Bùi,Female,1992-11-04,Bac Ninh,Teacher,12146860.21,2021-08-29,Mass
C07637,Nhật Văn Hoàng,Female,1989-05-13,Da Nang,Office Staff,16537355.36,2025-09-02,Mass
C07638,Quý cô Dương Bùi,Female,1986-09-09,Can Tho,Teacher,4294075.66,2024-09-28,Mass
C07639,Kim Đặng,Male,2005-09-14,Binh Duong,Doctor,5580750.86,2020-06-14,Mass
C07640,Chị Phương Hoàng,Male,1988-10-16,Bac Ninh,Bank Employee,37618440.02,2025-05-27,Affluent
C07641,Chi Vũ,Male,1986-10-06,Nam Dinh,Student,8578694.59,2025-09-24,Mass
C07642,Bà Duyên Mai,Male,1982-10-18,Da Nang,Accountant,15418969.29,2019-02-06,Mass
C07643,Bảo Đặng,Female,2004-04-07,Ha Noi,Student,7183547.05,2022-02-21,Mass
C07644,Trọng Mai Bảo Dương,Male,1991-02-13,Nghe An,Office Staff,22466615.36,2018-10-02,Mass
C07645,Anh Huy Đặng,Male,1972-03-18,Da Nang,Teacher,14615727.51,2024-12-25,Mass
C07646,Quý ông Khoa Nguyễn,Male,1998-12-28,Khanh Hoa,Engineer,16367564.15,2019-10-18,Mass
C07647,Bà Yến Mai,Female,1994-11-30,Nghe An,Doctor,9173135.77,2019-11-25,Mass
C07648,Linh Nguyễn,Female,2008-08-22,Da Nang,Engineer,12437802.44,2023-03-28,Mass
C07649,Nhật Vũ,Male,1997-03-04,Nam Dinh,Freelancer,12411919.77,2022-06-27,Mass
C07650,Nhật Trần,Female,2008-03-03,Binh Duong,Sales,12734896.55,2021-11-19,Mass
C07651,Thành Mai Bảo Mai,Male,2008-07-05,Quang Ninh,Student,154523515.29,2026-06-03,Premium
C07652,Cô Ánh Lê,Male,1984-12-18,Ho Chi Minh City,Sales,10884872.48,2025-12-11,Mass
C07653,Thành Phú Trần,Female,1983-10-29,Binh Duong,Office Staff,26099751.23,2019-06-21,Affluent
C07654,Ông Tú Vũ,Female,1989-12-20,Binh Duong,Business Owner,15848542.86,2021-04-29,Mass
C07655,An Thị Đặng,Male,2008-05-20,Can Tho,Sales,10261285.5,2022-08-04,Mass
C07656,Ngọc Hoàng,Female,1991-08-25,Can Tho,Doctor,32998429.72,2024-01-05,Affluent
C07657,Bà Hạnh Hoàng,Female,1974-04-15,Ho Chi Minh City,Sales,8097385.7,2026-04-06,Mass
C07658,Quý cô Phương Dương,Female,1997-09-14,Can Tho,Freelancer,20000000.0,2025-10-27,Affluent
C07659,Bảo Thị Phạm,Male,1974-04-13,Can Tho,Accountant,32507181.0,2023-10-13,Affluent
C07660,Vi Lê,Male,1995-06-18,Khanh Hoa,Student,11781584.9,2026-04-25,Mass
C07661,Cô Hương Trần,Female,1984-04-01,Ba Ria - Vung Tau,Freelancer,38844134.32,2022-04-21,Affluent
C07662,Bà Hải Nguyễn,Female,1961-08-12,Khanh Hoa,Business Owner,14066332.99,2025-02-22,Mass
C07663,Hải Mai,Male,1996-03-03,Hue,Engineer,9859463.86,2021-09-02,Mass
C07664,Hải Thị Dương,Female,1995-03-07,Ha Noi,Student,7094101.94,2023-12-31,Mass
C07665,Phúc Hoàng,Male,1990-02-21,Quang Ninh,Office Staff,15785952.89,2018-04-30,Mass
C07666,Hồng Hoàng,Female,1997-06-09,Ba Ria - Vung Tau,Bank Employee,27471086.31,2024-03-05,Affluent
C07667,Hoàng Xuân Lê,Female,1974-08-17,Hai Phong,Teacher,7283689.59,2024-06-24,Mass
C07668,Chị Hồng Hoàng,Female,2008-03-10,Binh Duong,IT Specialist,8015610.63,2020-06-19,Mass
C07669,Cô Dương Mai,Male,2007-09-21,Bac Ninh,Bank Employee,13736901.78,2021-04-24,Mass
C07670,Hồng Lê,Female,1994-01-18,Bac Ninh,Accountant,11111895.31,2023-06-02,Mass
C07671,Ngọc Dương,Male,1977-11-13,Hai Phong,Freelancer,9420983.12,2018-01-11,Mass
C07672,Cô Lan Vũ,Male,1981-11-02,Binh Duong,Sales,20366056.73,2021-03-21,Mass
C07673,Quý cô Hải Bùi,Female,1996-06-24,Khanh Hoa,Accountant,15531413.48,2018-05-20,Mass
C07674,Bà Nhật Hoàng,Male,1993-03-16,Binh Duong,IT Specialist,16582385.12,2020-09-26,Mass
C07675,Bác Quang Dương,Male,2008-05-23,Can Tho,Freelancer,6746186.38,2026-05-01,Mass
C07676,Nam Đặng,Other,1995-05-17,Hue,Government Employee,8791479.09,2023-07-22,Mass
C07677,Ông Anh Vũ,Female,1996-05-31,Can Tho,Bank Employee,11112519.39,2021-12-20,Mass
C07678,Hải Phú Bùi,Female,1983-01-21,Hue,Government Employee,10404365.18,2019-10-21,Mass
C07679,Bác Hưng Bùi,Male,2000-08-13,Quang Ninh,Freelancer,31497054.97,2022-09-27,Affluent
C07680,Anh Quang Vũ,Female,1999-03-01,Quang Ninh,Sales,8653853.6,2023-07-22,Mass
C07681,Quang Phạm,Female,2008-09-04,Ho Chi Minh City,Office Staff,12295385.02,2023-10-14,Mass
C07682,Dũng Trần,Male,1997-09-24,Binh Duong,Engineer,46769518.81,2022-05-01,Affluent
C07683,Thành Bùi,Male,2006-04-21,Khanh Hoa,IT Specialist,29746842.59,2018-02-23,Affluent
C07684,Thành Hoàng Vũ,Male,1971-09-02,Ba Ria - Vung Tau,Freelancer,8636896.52,2018-05-24,Mass
C07685,Bà Vân Phạm,Male,1993-01-10,Nghe An,Sales,7840959.84,2022-12-12,Mass
C07686,Tùng Bảo Lê,Female,2004-10-01,Bac Ninh,Bank Employee,20624207.22,2023-07-26,Mass
C07687,Nhật Hoàng Bùi,Male,1989-03-12,Dong Nai,Freelancer,12574792.86,2024-06-08,Mass
C07688,Hạnh Tấn Phạm,Female,2008-09-12,Nghe An,Freelancer,13605391.33,2020-05-12,Mass
C07689,Cô Hải Dương,Male,1978-01-08,Da Nang,Freelancer,17943422.64,2018-10-05,Mass
C07690,Bác Minh Dương,Female,1983-07-24,Hai Phong,Doctor,63648512.51,2021-12-05,Premium
C07691,Xuân Mai,Male,1986-10-31,Nghe An,Bank Employee,15158499.32,2025-12-17,Mass
C07692,Quang Lê,Male,2007-11-11,Hai Phong,Engineer,8104818.75,2024-07-15,Mass
C07693,Khoa Hoàng Vũ,Female,1981-06-27,Dong Nai,Sales,16305829.33,2026-05-22,Mass
C07694,Quang Bùi,Male,2008-05-01,Quang Ninh,Bank Employee,15849915.36,2018-09-16,Mass
C07695,Tùng Thị Đặng,Female,1989-04-26,Khanh Hoa,IT Specialist,15772371.72,2026-04-13,Mass
C07696,Vi Vũ,Female,1997-09-13,Can Tho,Bank Employee,15040113.63,2026-08-27,Mass
C07697,Hưng Phú Nguyễn,Male,1980-12-24,Nghe An,Student,10611511.71,2022-09-12,Mass
C07698,Bà Kim Dương,Female,1990-03-18,Binh Duong,Accountant,9563216.07,2025-02-04,Mass
C07699,Cô An Dương,Male,1972-07-15,Binh Duong,Student,11505342.25,2021-08-04,Mass
C07700,Bà Lan Hoàng,Female,2001-08-25,Ba Ria - Vung Tau,Doctor,28236071.37,2021-06-22,Affluent
C07701,Cô Yến Dương,Male,1989-06-17,Khanh Hoa,Freelancer,43875119.83,2023-04-11,Affluent
C07702,Anh Châu Lê,Female,2004-12-30,Thanh Hoa,Business Owner,22910324.28,2025-11-06,Mass
C07703,Anh Phú Nguyễn,Female,1987-09-24,Nghe An,Engineer,14128107.32,2022-07-27,Mass
C07704,Cô Hương Bùi,Male,1991-10-15,Dong Nai,Freelancer,12081160.89,2025-02-08,Mass
C07705,Bà Phương Đặng,Female,1991-10-18,Binh Duong,IT Specialist,47497964.25,2020-01-09,Affluent
C07706,Thành Nguyễn,Male,1991-03-22,Bac Ninh,Government Employee,15695502.81,2018-01-19,Mass
C07707,Cô Hạnh Đặng,Male,1995-04-07,Ba Ria - Vung Tau,Business Owner,12850475.76,2024-03-06,Mass
C07708,Dương Lê,Male,1999-06-10,Bac Ninh,Engineer,18369497.26,2023-04-09,Mass
C07709,Hạnh Phạm,Female,2000-09-02,Da Nang,IT Specialist,31748777.74,2022-07-21,Affluent
C07710,Quang Quang Lê,Female,1994-01-23,Hai Phong,Freelancer,10601798.58,2025-11-24,Mass
C07711,Bác Quang Phạm,Female,1982-10-30,Nghe An,Government Employee,10741088.48,2026-07-24,Mass
C07712,Bác Trung Trần,Male,1975-06-13,Ha Noi,Teacher,9010948.79,2022-12-24,Mass
C07713,Hà Lê,Male,1989-02-21,Nam Dinh,Office Staff,9146593.85,2024-12-31,Mass
C07714,Bà Duyên Nguyễn,Female,1986-07-01,Bac Ninh,Bank Employee,34832927.9,2020-05-06,Affluent
C07715,Phúc Bùi,Male,1992-03-23,Thanh Hoa,IT Specialist,18190016.29,2019-03-30,Mass
C07716,Phúc Mai Vũ,Female,1997-11-06,Quang Ninh,Business Owner,41733435.11,2023-04-18,Affluent
C07717,Quý cô Hải Bùi,Female,1999-07-04,Hue,Sales,12482734.75,2023-03-22,Mass
C07718,Bà Hà Nguyễn,Male,2004-03-06,Nam Dinh,Freelancer,28691270.64,2023-05-07,Affluent
C07719,Châu Hải Mai,Female,1990-10-11,Da Nang,Engineer,22647146.43,2021-06-20,Mass
C07720,Bà Linh Vũ,Male,1989-02-14,Da Nang,Teacher,21413906.78,2026-01-24,Mass
C07721,Vũ Đức Bùi,Male,1988-05-04,Ho Chi Minh City,Government Employee,10479564.94,2021-08-16,Mass
C07722,Vi Hoàng,Male,1974-03-07,Ho Chi Minh City,Freelancer,13983286.81,2018-07-18,Mass
C07723,Khoa Phạm,Female,1998-01-08,Da Nang,Engineer,40306772.19,2019-02-26,Affluent
C07724,Tú Quang Dương,Female,1994-04-24,Can Tho,Accountant,5981938.51,2020-10-19,Mass
C07725,Quang Đặng,Female,1980-01-01,Binh Duong,Sales,17604130.63,2023-02-27,Mass
C07726,Quang Mai Nguyễn,Male,1970-03-07,Thanh Hoa,Office Staff,13910680.72,2018-09-04,Mass
C07727,Bảo Mai Bảo Lê,Female,1993-01-03,Ha Noi,Freelancer,16073194.55,2023-08-27,Mass
C07728,Kim Dương,Female,1981-09-01,Binh Duong,Freelancer,21291438.93,2022-11-13,Mass
C07729,Chị Chi Vũ,Male,1991-09-03,Quang Ninh,IT Specialist,11324335.67,2022-10-21,Mass
C07730,Hà Trí Trần,Male,1997-11-15,Nam Dinh,Student,41123785.94,2021-11-10,Affluent
C07731,Châu Phú Bùi,Male,2007-10-12,Bac Ninh,Doctor,44175673.9,2024-06-25,Affluent
C07732,Quý cô Hạnh Trần,Male,1984-05-04,Khanh Hoa,Sales,14726980.51,2026-08-18,Mass
C07733,Quý cô An Mai,Male,1989-09-06,Da Nang,Engineer,20521005.84,2021-10-13,Mass
C07734,Minh Trần,Female,1981-01-07,Ho Chi Minh City,Teacher,9702946.8,2024-01-03,Mass
C07735,Quý ông Phúc Nguyễn,Female,1996-11-08,Bac Ninh,Teacher,70337188.82,2025-08-05,Premium
C07736,Hồng Hoàng,Female,1984-07-22,Thanh Hoa,Engineer,8455845.92,2025-06-17,Mass
C07737,Cô Duyên Bùi,Female,1978-10-28,Hue,Teacher,52051835.26,2025-09-19,Affluent
C07738,Cô Vi Phạm,Female,1999-11-12,Hue,Freelancer,92846795.28,2026-04-02,Premium
C07739,Vũ Bảo Dương,Male,1990-03-04,Can Tho,Teacher,142417580.54,2020-06-02,Premium
C07740,Thảo Đặng,Female,1973-09-25,Bac Ninh,Bank Employee,6652444.04,2025-04-22,Mass
C07741,Yến Đặng,Other,1994-02-04,Nghe An,IT Specialist,32315372.73,2025-10-17,Affluent
C07742,Chị Hải Bùi,Male,2006-01-03,Hai Phong,Freelancer,82362165.78,2020-02-15,Premium
C07743,Anh Tú Lê,Female,1985-11-26,Quang Ninh,Teacher,32192850.4,2021-02-23,Affluent
C07744,Bà Vi Phạm,Male,2006-09-30,Quang Ninh,Student,30000000.0,2023-09-22,Mass
C07745,Thảo Mai,Female,1988-10-03,Binh Duong,Accountant,12478405.56,2020-09-12,Mass
C07746,Vũ Thế Lê,Female,2003-05-25,Binh Duong,Student,13146476.9,2023-08-18,Mass
C07747,Lan Đặng,Male,1992-04-11,Da Nang,Business Owner,6196121.03,2024-01-18,Mass
C07748,Quý cô Thảo Đặng,Female,2002-04-21,Nghe An,Government Employee,44426043.68,2020-09-06,Affluent
C07749,Ánh Lê,Male,1969-10-07,Ha Noi,Doctor,13645564.74,2020-07-09,Mass
C07750,Chị Hà Phạm,Male,1978-07-17,Nghe An,Teacher,11363338.95,2020-02-21,Mass
C07751,Hoàng Dương,Male,1991-05-01,Binh Duong,Freelancer,17579778.8,2023-01-04,Mass
C07752,Quang Mai Bùi,Female,1972-01-02,Hue,Sales,18921342.02,2022-10-14,Mass
C07753,Anh Trọng Hoàng,Female,2002-01-16,Khanh Hoa,Student,11722042.44,2019-07-25,Mass
C07754,Hà Đặng,Male,1987-07-21,Dong Nai,Student,32376882.74,2018-09-02,Affluent
C07755,Nhiên Nguyễn,Female,1986-07-08,Binh Duong,Government Employee,15992318.83,2024-01-06,Mass
C07756,Anh Phạm,Male,1979-05-10,Ho Chi Minh City,Doctor,21649041.98,2022-05-03,Mass
C07757,Phương Phạm,Male,1993-10-19,Nghe An,Government Employee,7444645.45,2018-03-25,Mass
C07758,Quang Bùi,Female,1987-04-02,Nghe An,IT Specialist,23202047.07,2024-09-15,Mass
C07759,Quang Quang Nguyễn,Female,1995-11-09,Nam Dinh,Accountant,15261038.72,2025-06-14,Mass
C07760,Quý cô Nhật Trần,Male,1983-06-20,Hai Phong,Accountant,12831606.26,2018-03-09,Mass
C07761,Thành Nguyễn,Female,1990-05-06,Hue,Office Staff,8685946.96,2019-10-08,Mass
C07762,Bảo Đức Dương,Female,2008-07-13,Nghe An,Office Staff,8131609.73,2020-04-29,Mass
C07763,Quý cô Thành Trần,Female,1995-03-09,Nam Dinh,Freelancer,17619470.88,2021-03-09,Mass
C07764,Anh Phúc Mai,Female,1991-10-27,Thanh Hoa,Business Owner,10006627.75,2025-01-31,Mass
C07765,Kim Lê,Male,2000-05-31,Nam Dinh,Bank Employee,42622820.83,2025-08-16,Affluent
C07766,Nhật Nguyễn,Male,1976-08-19,Ha Noi,Student,153016303.53,2019-02-06,Premium
C07767,Anh Trọng Lê,Male,1984-06-06,Dong Nai,Accountant,7159514.62,2026-06-07,Mass
C07768,Cô Khoa Mai,Female,1994-01-07,Nam Dinh,Sales,62773896.75,2021-06-07,Affluent
C07769,Quý cô Duyên Trần,Male,1978-10-05,Nghe An,Bank Employee,7006095.27,2024-11-25,Mass
C07770,Bảo Hoàng Dương,Female,1991-03-24,Quang Ninh,Teacher,39027931.86,2021-12-12,Affluent
C07771,Nhật Đức Nguyễn,Male,1999-08-09,Ho Chi Minh City,Office Staff,5347799.9,2023-11-29,Mass
C07772,Hoàng Mai Dương,Male,1989-09-15,Hue,Student,72971348.87,2022-08-26,Premium
C07773,Chi Vũ,Female,1998-10-29,Dong Nai,Office Staff,10599093.98,2022-05-15,Mass
C07774,Trọng Quang Đặng,Female,1992-05-04,Hue,Freelancer,11961912.84,2019-03-02,Mass
C07775,Cô Thảo Vũ,Male,1999-11-22,Ho Chi Minh City,Sales,11109863.47,2025-02-10,Mass
C07776,Hưng Văn Lê,Female,2008-03-18,Ba Ria - Vung Tau,Teacher,38423136.11,2021-02-10,Affluent
C07777,Lan Bùi,Male,2008-09-16,Hue,Accountant,10843709.28,2024-02-14,Mass
C07778,Quý cô Vân Hoàng,Female,1980-04-25,Thanh Hoa,Doctor,25471135.13,2019-08-28,Affluent
C07779,Xuân Phạm,Female,1983-02-27,Da Nang,Office Staff,49504712.9,2025-08-30,Affluent
C07780,Quang Nguyễn,Male,2008-06-12,Dong Nai,Government Employee,11380821.72,2021-11-20,Mass
C07781,Bà Phương Bùi,Male,2008-05-21,Binh Duong,Office Staff,11513654.67,2018-10-05,Mass
C07782,Quý ông Hưng Phạm,Female,1991-09-26,Ho Chi Minh City,IT Specialist,20000000.0,2024-11-30,Affluent
C07783,Thảo Nguyễn,Female,1969-09-26,Quang Ninh,Doctor,13263450.67,2018-04-15,Mass
C07784,Bà Hồng Dương,Other,1999-11-08,Ba Ria - Vung Tau,Student,20041185.87,2022-10-10,Mass
C07785,Khoa Quang Mai,Male,2008-08-11,Nam Dinh,Government Employee,7804471.1,2020-06-29,Mass
C07786,Chị Kim Mai,Female,2008-07-28,Thanh Hoa,Engineer,22539570.84,2024-06-12,Mass
C07787,An Trần,Female,1987-04-05,Nam Dinh,Student,42656027.92,2019-12-01,Affluent
C07788,Chị Chi Lê,Female,1986-12-26,Can Tho,Teacher,14668837.8,2026-07-04,Mass
C07789,An Đặng,Female,1990-07-15,Ha Noi,Teacher,13193563.8,2025-07-13,Mass
C07790,Lâm Phạm,Female,1989-08-28,Da Nang,Bank Employee,9697804.48,2023-09-16,Mass
C07791,Thành Nguyễn,Female,1990-10-20,Da Nang,Teacher,13205913.88,2022-12-10,Mass
C07792,Phương Vũ,Female,1988-12-27,Ha Noi,Engineer,60000000.0,2019-10-09,Premium
C07793,Chị An Trần,Male,2005-02-21,Quang Ninh,Sales,154208681.46,2021-09-03,Premium
C07794,Chị Linh Phạm,Female,1994-01-31,Can Tho,Doctor,126350567.44,2019-07-11,Premium
C07795,Cô Phương Phạm,Male,2002-11-27,Hai Phong,Doctor,22497502.4,2021-04-24,Affluent
C07796,Hải Bùi,Male,2000-05-27,Binh Duong,Student,32739376.91,2022-02-05,Affluent
C07797,Nhật Bùi,Male,1998-07-07,Thanh Hoa,Business Owner,18873963.56,2019-09-15,Mass
C07798,Quý cô Ánh Nguyễn,Female,1989-06-03,Nghe An,Doctor,22920579.3,2021-02-27,Mass
C07799,Cô Dương Dương,Male,1985-10-22,Binh Duong,Doctor,5157819.25,2022-05-29,Mass
C07800,Quý cô Duyên Nguyễn,Male,1979-06-21,Khanh Hoa,Freelancer,7074972.68,2019-09-25,Mass
C07801,Bác Châu Bùi,Female,1987-12-21,Dong Nai,Sales,27741870.55,2018-03-20,Affluent
C07802,Anh Hưng Nguyễn,Male,1967-09-26,Nghe An,Accountant,19861157.19,2019-01-29,Mass
C07803,Linh Lê,Male,1999-03-05,Ho Chi Minh City,Doctor,33687968.68,2024-08-16,Affluent
C07804,Hạnh Trần,Female,1988-01-14,Da Nang,Office Staff,16233898.81,2018-08-23,Mass
C07805,Chi Nguyễn,Female,1990-05-17,Ba Ria - Vung Tau,Bank Employee,8382895.96,2023-07-23,Mass
C07806,Ông Huy Phạm,Female,1998-04-13,Khanh Hoa,Office Staff,34952972.76,2019-04-28,Affluent
C07807,Tùng Đặng,Female,1977-06-20,Thanh Hoa,IT Specialist,13938431.78,2018-09-01,Mass
C07808,Vi Mai,Female,1999-01-27,Nam Dinh,Business Owner,15056911.5,2024-06-02,Mass
C07809,Tú Xuân Phạm,Female,1994-12-16,Hai Phong,Student,16388001.51,2019-05-27,Mass
C07810,Ông Minh Đặng,Male,1963-06-04,Binh Duong,Student,10583724.75,2020-03-31,Mass
C07811,Hà Hoàng,Female,1982-04-06,Hue,Government Employee,9244409.44,2023-08-27,Mass
C07812,Khoa Vũ,Female,1992-01-05,Hue,Sales,12124806.16,2023-06-17,Mass
C07813,Quang Vũ,Female,1993-01-30,Nam Dinh,Business Owner,28416257.85,2022-07-17,Mass
C07814,Huy Mai Bảo Lê,Male,1994-09-30,Thanh Hoa,Teacher,14736165.17,2022-03-31,Mass
C07815,Thành Tấn Bùi,Female,2008-05-02,Binh Duong,IT Specialist,13958734.58,2019-08-30,Mass
C07816,Khoa Lê,Male,1978-08-13,Nghe An,Office Staff,9976652.17,2023-10-18,Mass
C07817,Quý ông Châu Trần,Female,2008-01-16,Ho Chi Minh City,Teacher,11838755.7,2019-06-28,Mass
C07818,Quý cô Chi Trần,Female,1989-10-21,Khanh Hoa,Bank Employee,15461188.52,2021-06-07,Mass
C07819,Bảo Bảo Phạm,Male,1968-06-04,Dong Nai,Sales,10505383.84,2018-03-16,Mass
C07820,Thành Đức Lê,Male,1999-11-24,Dong Nai,Student,7976385.94,2022-12-12,Mass
C07821,Kim Mai Mai,Male,1987-10-16,Ba Ria - Vung Tau,Accountant,14192031.43,2021-04-01,Mass
C07822,Cô Linh Đặng,Female,1997-09-05,Bac Ninh,Bank Employee,44210083.0,2022-10-17,Affluent
C07823,Anh Bảo Trần,Male,1985-02-06,Nghe An,Engineer,12182953.75,2019-09-05,Mass
C07824,Quý cô Yến Vũ,Male,1999-11-04,Nghe An,Engineer,10137628.95,2020-09-26,Mass
C07825,Lan Lê,Male,2008-05-14,Quang Ninh,Freelancer,37565428.8,2023-10-12,Affluent
C07826,Bà Dương Bùi,Male,1989-11-24,Bac Ninh,Office Staff,12818305.89,2024-12-31,Mass
C07827,Hạnh Vũ,Female,1985-04-04,Bac Ninh,Freelancer,13734956.74,2026-04-22,Mass
C07828,Kim Xuân Dương,Female,1992-03-13,Ha Noi,Government Employee,12206156.61,2021-11-17,Mass
C07829,Lâm Hoàng Nguyễn,Male,2005-11-26,Dong Nai,Government Employee,29377582.04,2020-08-27,Affluent
C07830,Tú Trần,Male,1990-09-18,Hai Phong,Engineer,9275327.32,2024-10-03,Mass
C07831,Quý ông Tú Vũ,Male,1981-05-03,Thanh Hoa,Sales,9529434.92,2023-06-28,Mass
C07832,Cô Thành Lê,Male,1987-11-04,Thanh Hoa,IT Specialist,12499699.82,2026-07-14,Mass
C07833,Minh Phạm,Female,1981-11-24,Ha Noi,Freelancer,143378309.15,2023-02-23,Premium
C07834,Khoa Bùi,Female,1982-12-01,Nam Dinh,Sales,20000000.0,2022-05-14,Affluent
C07835,Lâm Bảo Vũ,Female,1977-04-17,Khanh Hoa,IT Specialist,184213143.48,2020-08-12,Premium
C07836,Ông Anh Bùi,Female,1996-08-14,Dong Nai,Office Staff,13036238.67,2025-09-15,Mass
C07837,Thành Hữu Hoàng,Male,2000-04-08,Thanh Hoa,Doctor,20000000.0,2022-07-03,Affluent
C07838,Ông Trung Bùi,Female,1998-12-08,Hai Phong,Office Staff,9932954.69,2026-05-13,Mass
C07839,Cô Ngọc Vũ,Male,1994-08-07,Can Tho,Bank Employee,8578737.16,2021-07-09,Mass
C07840,Quý cô Dương Hoàng,Male,1998-11-08,Nam Dinh,Doctor,11953862.37,2026-01-01,Mass
C07841,Quý cô Yến Phạm,Female,1999-08-09,Ba Ria - Vung Tau,Bank Employee,14514384.12,2023-09-05,Mass
C07842,Thành Hoàng,Male,1983-02-15,Dong Nai,Engineer,27606254.54,2022-10-05,Mass
C07843,Chị Nhật Hoàng,Female,1977-12-15,Khanh Hoa,Engineer,13065729.32,2023-09-05,Mass
C07844,Hải Lê,Male,1997-06-05,Hue,Doctor,13299390.71,2018-10-15,Mass
C07845,Ông Thành Đặng,Male,1987-05-22,Nghe An,Sales,10026655.22,2024-03-27,Mass
C07846,Bà Hương Nguyễn,Female,1982-03-05,Thanh Hoa,Engineer,60000000.0,2022-04-27,Premium
C07847,Hưng Bùi,Male,1993-01-31,Can Tho,Teacher,14577177.35,2018-10-01,Mass
C07848,Cô Hà Mai,Female,1994-07-21,Binh Duong,Freelancer,32895035.2,2019-11-12,Affluent
C07849,Anh Hoàng Mai,Female,1991-12-20,Khanh Hoa,Bank Employee,27239488.11,2023-09-16,Affluent
C07850,Bà Nhật Trần,Male,1977-11-08,Quang Ninh,Business Owner,8403039.32,2025-07-22,Mass
C07851,Cô Hương Mai,Female,1986-11-19,Ba Ria - Vung Tau,Accountant,13869378.36,2023-12-11,Mass
C07852,Nhật Hoàng,Male,2000-10-09,Da Nang,Bank Employee,102967343.83,2021-10-03,Premium
C07853,Hải Thị Dương,Female,2001-06-24,Thanh Hoa,Student,19526480.45,2025-12-02,Mass
C07854,Bảo Đức Hoàng,Female,2003-06-13,Thanh Hoa,Accountant,9545240.63,2023-12-10,Mass
C07855,Bác Nhiên Hoàng,Male,2003-12-15,Hue,IT Specialist,7461168.93,2019-05-20,Mass
C07856,Ông Dũng Lê,Male,1972-11-23,Binh Duong,Business Owner,14510576.33,2025-12-18,Mass
C07857,Cô Nhật Trần,Female,1989-08-16,Nam Dinh,Student,9536291.83,2018-01-20,Mass
C07858,Hạnh Mai,Male,1981-05-19,Ha Noi,IT Specialist,8992840.82,2018-07-04,Mass
C07859,Thành Bảo Đặng,Male,1982-08-04,Ha Noi,Student,8842129.16,2018-06-15,Mass
C07860,Phương Hoàng,Male,1997-11-25,Thanh Hoa,Teacher,15647411.2,2023-11-17,Mass
C07861,An Bùi,Female,1981-07-07,Can Tho,Government Employee,14791048.65,2021-09-14,Mass
C07862,Nhật Phạm,Female,2002-04-27,Quang Ninh,IT Specialist,30610099.45,2026-04-30,Affluent
C07863,Huy Hải Trần,Male,1988-12-06,Can Tho,IT Specialist,8914314.12,2026-04-23,Mass
C07864,Lâm Đức Lê,Female,1975-03-30,Hai Phong,Bank Employee,20000000.0,2023-05-22,Affluent
C07865,Bác Quang Dương,Female,1999-03-05,Hue,Bank Employee,30038446.48,2021-08-10,Affluent
C07866,Quý cô Hà Bùi,Other,2008-02-13,Can Tho,Sales,7361225.7,2023-03-06,Mass
C07867,Trọng Bùi,Female,1983-10-11,Ho Chi Minh City,Student,12127867.73,2025-06-24,Mass
C07868,Quý cô Xuân Mai,Male,1973-09-03,Ba Ria - Vung Tau,Office Staff,55640758.28,2021-08-14,Affluent
C07869,Hà Hoàng,Male,1985-12-08,Can Tho,Student,13390426.84,2025-04-06,Mass
C07870,Cô Hồng Mai,Female,1990-09-05,Dong Nai,Accountant,4738060.83,2023-07-23,Mass
C07871,Cô Hà Phạm,Male,2005-12-18,Da Nang,Doctor,36073218.22,2018-01-09,Affluent
C07872,Chi Trần,Female,1984-08-11,Thanh Hoa,Business Owner,38177601.87,2025-11-09,Affluent
C07873,Nhật Phú Phạm,Male,2000-08-30,Ba Ria - Vung Tau,Teacher,16659803.61,2018-08-30,Mass
C07874,Cô Kim Phạm,Male,1974-08-07,Bac Ninh,Engineer,16663205.24,2022-06-14,Mass
C07875,Quý cô Xuân Trần,Female,1980-02-10,Da Nang,Teacher,9866820.07,2018-01-03,Mass
C07876,Cô Chi Hoàng,Male,1979-07-19,Ba Ria - Vung Tau,IT Specialist,12628070.75,2025-12-04,Mass
C07877,Anh Thị Nguyễn,Female,1985-02-07,Hai Phong,IT Specialist,13637287.85,2026-04-25,Mass
C07878,Trọng Nguyễn,Female,1992-09-28,Hue,Business Owner,8880925.58,2025-10-23,Mass
C07879,Quý cô Dương Lê,Male,1990-12-16,Can Tho,Freelancer,47057795.92,2025-09-17,Affluent
C07880,Khoa Phú Mai,Male,1995-01-13,Nghe An,Bank Employee,16404869.18,2026-01-25,Mass
C07881,Minh Hải Đặng,Male,1982-03-16,Quang Ninh,Teacher,31997790.14,2022-12-01,Affluent
C07882,Lâm Đức Lê,Male,1975-04-12,Nam Dinh,Doctor,86743155.58,2022-06-12,Premium
C07883,Bác Trung Hoàng,Female,1974-06-11,Khanh Hoa,Engineer,13969146.74,2021-06-19,Mass
C07884,Chị Thành Đặng,Other,1991-05-17,Ba Ria - Vung Tau,IT Specialist,8794936.57,2022-09-11,Mass
C07885,Nhật Vũ,Male,1991-05-12,Hue,IT Specialist,92172920.23,2023-09-30,Premium
C07886,Khoa Lê,Male,2003-10-31,Ha Noi,Bank Employee,11119955.11,2024-12-15,Mass
C07887,Tùng Quang Vũ,Male,1998-10-11,Ba Ria - Vung Tau,Engineer,14731731.44,2025-11-19,Mass
C07888,Quý ông Phúc Trần,Male,1975-11-02,Binh Duong,Teacher,7810634.19,2018-09-22,Mass
C07889,Chị Kim Nguyễn,Male,1972-09-22,Can Tho,Freelancer,33675910.21,2023-04-15,Affluent
C07890,Nhật Mai,Male,2001-07-23,Quang Ninh,Bank Employee,15644521.99,2025-12-27,Mass
C07891,Lâm Đức Đặng,Male,1995-02-20,Hue,Accountant,96783402.28,2021-03-19,Premium
C07892,Tú Phạm,Female,1995-04-19,Bac Ninh,Student,9016429.14,2021-02-11,Mass
C07893,Dũng Phạm,Male,1982-11-06,Hai Phong,Student,32119317.51,2024-05-04,Affluent
C07894,Thành Bùi,Male,2006-04-11,Bac Ninh,Student,14552716.73,2023-08-13,Mass
C07895,Cô Duyên Phạm,Female,2004-08-23,Thanh Hoa,Government Employee,8014605.7,2022-02-06,Mass
C07896,Xuân Dương,Female,1977-09-02,Bac Ninh,Government Employee,7894668.71,2021-09-25,Mass
C07897,Phương Tấn Hoàng,Male,2008-06-25,Hai Phong,Doctor,14923067.49,2022-12-22,Mass
C07898,Dương Hoàng,Female,1993-11-02,Nghe An,Accountant,11119800.6,2021-09-22,Mass
C07899,Nhật Thế Đặng,Female,1994-07-26,Hue,Engineer,13013550.08,2018-05-04,Mass
C07900,Anh Anh Nguyễn,Male,1999-04-06,Ho Chi Minh City,Sales,180479308.31,2018-02-04,Premium
C07901,Cô Nhật Dương,Male,2007-07-11,Khanh Hoa,Sales,14021794.52,2022-06-21,Mass
C07902,Bà Dương Trần,Female,1983-05-22,Nam Dinh,Engineer,9198390.6,2020-02-22,Mass
C07903,Kim Quang Trần,Male,2001-10-21,Khanh Hoa,Freelancer,47489105.45,2025-11-01,Affluent
C07904,Chị Duyên Dương,Female,2001-02-20,Ho Chi Minh City,Teacher,78453383.66,2021-07-26,Premium
C07905,Quý cô Chi Nguyễn,Female,1980-12-04,Quang Ninh,Accountant,12146803.9,2022-10-31,Mass
C07906,Anh Tú Dương,Male,2008-03-16,Ho Chi Minh City,Teacher,22117681.36,2021-11-17,Mass
C07907,Bà Ngọc Lê,Male,1996-08-18,Thanh Hoa,Freelancer,31016548.19,2023-01-04,Affluent
C07908,Hoàng Lê,Female,1988-04-01,Hai Phong,Freelancer,14934642.72,2023-11-04,Mass
C07909,Bà Hà Hoàng,Male,1969-04-20,Bac Ninh,Engineer,21270637.84,2019-12-09,Affluent
C07910,Cô Hồng Phạm,Male,1981-06-26,Nam Dinh,Business Owner,43739473.13,2021-10-01,Affluent
C07911,Chị Kim Đặng,Female,1992-09-22,Ho Chi Minh City,Engineer,15806993.09,2023-07-11,Mass
C07912,Nam Trần,Male,1980-07-16,Hai Phong,Doctor,60000000.0,2022-09-04,Premium
C07913,Hải Vũ,Female,1971-03-19,Nam Dinh,Bank Employee,6954158.74,2021-08-03,Mass
C07914,Anh Lê,Male,2002-10-07,Dong Nai,Accountant,32356397.47,2020-10-13,Affluent
C07915,Tùng Vũ,Male,1969-07-28,Quang Ninh,Bank Employee,31908456.62,2023-01-16,Affluent
C07916,Cô Bảo Vũ,Male,1990-10-22,Nghe An,Engineer,177328089.11,2018-01-10,Premium
C07917,Bà Ngọc Hoàng,Male,1994-01-05,Can Tho,Engineer,7944292.93,2026-01-30,Mass
C07918,Bảo Bùi,Male,1994-11-21,Nghe An,Government Employee,19388571.44,2024-03-25,Mass
C07919,Vũ Đức Mai,Female,1989-10-31,Nam Dinh,Doctor,23585616.14,2021-05-22,Mass
C07920,Hải Quang Đặng,Female,1981-11-08,Can Tho,Student,28844097.54,2019-07-11,Affluent
C07921,Hạnh Văn Hoàng,Female,1990-01-13,Hai Phong,IT Specialist,27095905.45,2024-09-29,Affluent
C07922,Tú Vũ,Male,1998-09-24,Nghe An,Office Staff,30000000.0,2024-01-29,Mass
C07923,Bác Trung Hoàng,Female,1978-11-29,Binh Duong,Office Staff,16220744.47,2025-05-04,Mass
C07924,Lâm Dương,Female,1997-01-14,Ha Noi,Government Employee,20785613.17,2018-03-07,Mass
C07925,Linh Vũ,Male,1978-05-15,Can Tho,Office Staff,23184271.61,2018-05-17,Mass
C07926,Bà Thành Trần,Female,1970-08-12,Can Tho,Student,22457424.56,2021-10-20,Affluent
C07927,Vân Lê,Male,2002-10-02,Bac Ninh,Sales,66930519.56,2023-10-24,Premium
C07928,Hà Quang Nguyễn,Female,2000-10-29,Hue,Freelancer,13438382.49,2025-02-12,Mass
C07929,Bà Hồng Đặng,Male,1997-08-08,Dong Nai,Doctor,229111687.34,2019-02-03,Premium
C07930,Phúc Hoàng,Male,1970-03-10,Khanh Hoa,Business Owner,11972891.97,2019-07-16,Mass
C07931,Cô Hải Lê,Female,1969-08-31,Quang Ninh,Business Owner,54695883.45,2023-01-10,Affluent
C07932,Quý cô Hồng Bùi,Female,1995-05-23,Quang Ninh,Government Employee,5939834.55,2025-11-30,Mass
C07933,Khoa Bảo Hoàng,Female,1993-04-08,Khanh Hoa,Government Employee,28845714.05,2022-06-13,Affluent
C07934,Chị Khoa Đặng,Female,1988-09-07,Thanh Hoa,Business Owner,12380672.04,2024-04-12,Mass
C07935,Chị Vân Bùi,Female,1990-05-22,Khanh Hoa,Student,40954163.75,2024-09-18,Affluent
C07936,Khoa Vũ,Male,2004-07-03,Hue,Office Staff,39597110.35,2019-09-01,Affluent
C07937,Hà Mai,Male,1995-06-10,Hai Phong,Student,37164080.67,2026-05-10,Affluent
C07938,Cô Ánh Hoàng,Male,1980-03-06,Ho Chi Minh City,Sales,7817515.0,2019-05-07,Mass
C07939,Bà Lan Vũ,Female,1994-03-16,Da Nang,IT Specialist,33777259.87,2023-09-30,Affluent
C07940,Bà An Bùi,Female,1996-06-15,Ha Noi,Business Owner,143323166.26,2024-12-29,Premium
C07941,Hải Xuân Mai,Male,1998-09-02,Nam Dinh,Doctor,29628239.44,2024-05-22,Affluent
C07942,Bà Hồng Phạm,Female,1998-03-13,Nam Dinh,Bank Employee,17586402.95,2021-01-13,Mass
C07943,Bà Dương Mai,Male,1996-01-05,Hue,Teacher,40179691.39,2025-12-03,Affluent
C07944,Chị Thảo Phạm,Female,1969-04-26,Bac Ninh,Teacher,34223157.52,2020-07-15,Affluent
C07945,Bác Tú Mai,Male,1978-07-23,Nam Dinh,Student,195138940.38,2024-03-13,Premium
C07946,Kim Đức Nguyễn,Female,1979-03-23,Nam Dinh,Engineer,34824030.03,2022-08-20,Affluent
C07947,Thành Thế Lê,Male,1983-06-16,Ho Chi Minh City,Freelancer,7647082.04,2022-01-27,Mass
C07948,Quang Mai,Female,1999-04-20,Nghe An,Accountant,9711107.53,2026-05-14,Mass
C07949,Quý cô Khoa Lê,Male,1966-04-27,Binh Duong,Government Employee,9029545.82,2020-10-02,Mass
C07950,Dũng Văn Dương,Male,2000-09-12,Nghe An,Doctor,8327258.64,2025-02-07,Mass
C07951,Trung Đặng,Female,1984-05-15,Binh Duong,Teacher,12614212.28,2023-04-25,Mass
C07952,Duyên Đặng,Female,1979-04-09,Khanh Hoa,Government Employee,42808041.11,2019-05-27,Affluent
C07953,Bà Khoa Vũ,Female,2006-09-22,Hue,Freelancer,9046332.53,2022-04-10,Mass
C07954,Ông Quang Hoàng,Female,1975-07-08,Da Nang,Bank Employee,32929160.02,2022-08-26,Affluent
C07955,Khoa Bảo Vũ,Female,1977-02-14,Hue,Student,11387523.41,2020-09-10,Mass
C07956,Trung Tấn Hoàng,Male,2001-06-02,Hai Phong,Teacher,10791571.12,2020-08-02,Mass
C07957,Nhật Bùi,Female,2001-07-30,Nghe An,Doctor,9844994.79,2024-10-23,Mass
C07958,Hưng Đức Dương,Female,1988-04-10,Da Nang,Bank Employee,122708573.4,2024-04-16,Premium
C07959,Phương Mai,Female,2008-09-12,Quang Ninh,Teacher,34818110.19,2018-03-14,Affluent
C07960,Cô Ngọc Hoàng,Male,1997-02-11,Thanh Hoa,Engineer,9563573.62,2018-04-20,Mass
C07961,Anh Trí Mai,Male,1988-12-19,Nam Dinh,Sales,29672256.95,2018-03-14,Affluent
C07962,Anh Anh Vũ,Male,1975-03-24,Ho Chi Minh City,Freelancer,18187386.54,2023-02-06,Mass
C07963,Hải Hữu Mai,Male,1977-04-03,Ho Chi Minh City,Doctor,10091445.47,2025-03-16,Mass
C07964,Kim Mai Hoàng,Male,2001-05-27,Khanh Hoa,Engineer,12349519.13,2020-06-07,Mass
C07965,Bảo Nguyễn,Male,1992-06-02,Can Tho,Student,9697019.24,2023-12-06,Mass
C07966,Nhật Đức Dương,Male,2002-10-26,Can Tho,Accountant,98352995.14,2024-06-05,Premium
C07967,Ánh Bùi,Female,1995-02-27,Hue,Bank Employee,15269053.19,2026-05-09,Mass
C07968,Hương Vũ,Male,1983-02-01,Ho Chi Minh City,Bank Employee,17640309.25,2018-07-31,Mass
C07969,Ông Vũ Nguyễn,Female,2004-08-11,Hai Phong,Bank Employee,39474920.8,2021-04-24,Affluent
C07970,Bà Vi Dương,Male,1999-06-06,Nghe An,Business Owner,7828427.63,2023-04-03,Mass
C07971,Thành Bùi,Female,1995-07-06,Hue,Office Staff,48228954.45,2025-03-16,Affluent
C07972,Bác Huy Bùi,Female,1995-02-04,Can Tho,IT Specialist,55979438.83,2026-06-12,Affluent
C07973,Nam Tấn Trần,Male,1984-06-13,Bac Ninh,Student,85416047.62,2019-08-07,Premium
C07974,An Đức Bùi,Male,1978-06-20,Khanh Hoa,Doctor,119501496.56,2019-06-16,Premium
C07975,Bác Anh Hoàng,Male,2001-07-27,Da Nang,IT Specialist,22999847.2,2026-08-20,Mass
C07976,Chị Hạnh Phạm,Male,1988-02-13,Nam Dinh,Sales,12079204.25,2021-10-20,Mass
C07977,Trọng Bảo Hoàng,Male,2000-08-07,Ho Chi Minh City,Government Employee,18133209.63,2021-11-11,Mass
C07978,Nam Đức Đặng,Male,1985-08-14,Ba Ria - Vung Tau,Business Owner,14956410.63,2022-11-05,Mass
C07979,Dương Đặng,Other,1996-06-07,Can Tho,Accountant,16068194.96,2020-08-01,Mass
C07980,Kim Hải Dương,Female,1980-03-17,Can Tho,Government Employee,9495654.44,2023-09-02,Mass
C07981,Khoa Thị Lê,Female,2006-07-01,Dong Nai,Office Staff,41669105.52,2025-06-25,Affluent
C07982,Phúc Mai,Male,2008-04-12,Ba Ria - Vung Tau,Student,12655756.51,2024-08-04,Mass
C07983,Hà Mai Bảo Mai,Female,1995-05-29,Da Nang,Bank Employee,18383241.72,2024-08-30,Mass
C07984,Bà Nhật Trần,Male,1995-02-01,Ha Noi,Accountant,17680320.59,2026-02-06,Mass
C07985,Hưng Lê,Female,1995-10-18,Khanh Hoa,Teacher,17028756.97,2020-09-15,Mass
C07986,Hưng Hải Mai,Male,1967-11-16,Ha Noi,Teacher,65232077.27,2021-07-23,Premium
C07987,Châu Bảo Lê,Male,1987-08-24,Binh Duong,Accountant,79836659.11,2025-11-23,Affluent
C07988,Hạnh Quang Bùi,Female,1989-12-04,Nam Dinh,Accountant,35654827.18,2022-12-29,Affluent
C07989,Bà Duyên Phạm,Female,1982-01-10,Ho Chi Minh City,Engineer,12173786.01,2026-07-17,Mass
C07990,Phương Thị Bùi,Female,2008-02-19,Bac Ninh,Student,17835792.11,2018-11-18,Mass
C07991,Bà Vân Đặng,Female,2007-12-10,Da Nang,Freelancer,30886233.48,2025-02-23,Affluent
C07992,Cô Yến Trần,Male,1976-12-11,Quang Ninh,Student,86708612.4,2019-04-16,Premium
C07993,Vi Trần,Female,1998-04-13,Can Tho,IT Specialist,16324205.67,2025-02-03,Mass
C07994,Quý cô Phương Hoàng,Male,1999-11-13,Ha Noi,Engineer,7823465.76,2023-03-02,Mass
C07995,Khoa Tấn Trần,Male,1987-01-28,Khanh Hoa,Accountant,11255799.37,2025-07-26,Mass
C07996,Cô Vi Vũ,Male,2003-12-06,Hue,Sales,14996847.9,2024-04-23,Mass
C07997,Hoàng Mai Bảo Dương,Female,1985-01-25,Ho Chi Minh City,IT Specialist,10580285.32,2025-12-09,Mass
C07998,Minh Hữu Dương,Male,1993-11-15,Ho Chi Minh City,Teacher,40304611.19,2019-07-08,Affluent
C07999,Xuân Phạm,Male,1976-12-29,Can Tho,Bank Employee,10869155.71,2018-05-04,Mass
C08000,Thành Bảo Lê,Male,1983-05-28,Quang Ninh,Government Employee,41467422.82,2025-06-28,Affluent
C08001,Mai Bùi,Male,1981-09-06,Hue,Teacher,12166239.59,2021-08-11,Mass
C08002,Bà Thảo Vũ,Male,2000-12-04,Da Nang,Engineer,10206573.22,2024-07-14,Mass
C08003,Bà Hồng Mai,Female,1987-09-13,Khanh Hoa,Student,22677407.9,2019-02-07,Mass
C08004,Nhật Hải Phạm,Female,1995-10-24,Dong Nai,Office Staff,15904184.57,2018-02-02,Mass
C08005,Phương Trần,Male,1994-05-20,Ho Chi Minh City,Sales,12473054.96,2023-06-05,Mass
C08006,Chị Lâm Đặng,Female,1974-05-21,Quang Ninh,Bank Employee,15680361.25,2025-07-21,Mass
C08007,Quý ông Vũ Dương,Female,2004-05-02,Ba Ria - Vung Tau,Student,9821171.29,2022-06-03,Mass
C08008,Chi Phạm,Male,1976-10-11,Ho Chi Minh City,Teacher,12610930.84,2023-10-16,Mass
C08009,Nhật Vũ,Male,2003-09-08,Da Nang,Engineer,9009443.4,2024-07-29,Mass
C08010,Quang Dương,Male,1983-04-19,Hai Phong,Teacher,16995527.96,2020-11-14,Mass
C08011,Quý ông Phúc Bùi,Male,1990-06-05,Da Nang,Doctor,269157229.83,2023-03-13,Premium
C08012,Quý cô Lâm Bùi,Male,1981-02-18,Ho Chi Minh City,IT Specialist,11019740.72,2020-05-21,Mass
C08013,Bác Hưng Mai,Male,1999-07-27,Hue,Sales,8530919.43,2023-05-29,Mass
C08014,Quý ông Anh Dương,Male,1987-06-21,Ho Chi Minh City,Engineer,10113131.06,2025-12-13,Mass
C08015,Trọng Đức Vũ,Female,1972-02-26,Khanh Hoa,Engineer,20047727.0,2023-04-11,Mass
C08016,Bà Ánh Mai,Female,1984-08-27,Ho Chi Minh City,Bank Employee,7942737.5,2023-09-20,Mass
C08017,Hoàng Phú Phạm,Male,1998-03-04,Hai Phong,Bank Employee,165246978.85,2024-09-08,Premium
C08018,Quý ông Anh Nguyễn,Male,1997-05-19,Hue,Accountant,49008344.6,2022-08-16,Affluent
C08019,Quý cô Hồng Dương,Female,1985-01-23,Binh Duong,Bank Employee,12219192.97,2019-09-13,Mass
C08020,Phương Mai Bảo Vũ,Female,1998-08-16,Thanh Hoa,Engineer,34024297.73,2019-11-29,Affluent
C08021,Thảo Lê,Male,1988-06-08,Da Nang,Accountant,17223853.67,2025-05-12,Mass
C08022,Ánh Dương,Female,2000-09-05,Bac Ninh,Teacher,10945416.18,2020-03-18,Mass
C08023,Nhật Phú Trần,Male,1989-12-14,Da Nang,Student,15132489.8,2022-01-24,Mass
C08024,Trọng Dương,Male,2000-02-15,Can Tho,Student,23579486.63,2023-06-29,Affluent
C08025,Trung Thế Trần,Male,1983-09-30,Thanh Hoa,Government Employee,22197137.23,2026-05-15,Affluent
C08026,Thành Dương,Male,1976-01-25,Quang Ninh,Government Employee,11362659.71,2025-04-26,Mass
C08027,Chị Ngọc Hoàng,Female,2008-02-05,Binh Duong,Accountant,10142754.14,2026-02-21,Mass
C08028,Vi Nguyễn,Male,1985-10-22,Hai Phong,Teacher,9958846.67,2018-12-28,Mass
C08029,Duyên Vũ,Male,1989-10-11,Ho Chi Minh City,Freelancer,15548032.1,2022-07-17,Mass
C08030,Vi Bùi,Female,1993-06-03,Hai Phong,Freelancer,8644613.96,2022-12-13,Mass
C08031,Thành Phú Mai,Male,1993-10-10,Nam Dinh,Business Owner,19689799.26,2026-07-19,Mass
C08032,Chị Nhật Vũ,Male,1972-04-27,Hai Phong,Bank Employee,5917609.04,2021-10-11,Mass
C08033,Dũng Phạm,Male,1978-03-15,Bac Ninh,Office Staff,13097984.33,2022-06-02,Mass
C08034,Huy Phú Phạm,Male,1980-07-23,Can Tho,Engineer,29671933.04,2018-08-09,Affluent
C08035,Phúc Hoàng Lê,Male,2008-08-20,Hue,Business Owner,14723983.96,2023-09-22,Mass
C08036,Kim Thị Nguyễn,Male,2000-10-01,Binh Duong,Bank Employee,7381702.47,2021-05-15,Mass
C08037,Thảo Dương,Female,2005-01-16,Hai Phong,Engineer,14808872.19,2025-05-02,Mass
C08038,Ánh Hoàng,Male,1989-06-25,Binh Duong,Student,44260289.17,2026-05-25,Affluent
C08039,Hà Nguyễn,Female,1982-10-27,Ho Chi Minh City,Doctor,10356143.33,2022-02-03,Mass
C08040,Bà Duyên Đặng,Female,1991-01-29,Ba Ria - Vung Tau,Bank Employee,30021590.4,2026-08-02,Affluent
C08041,Hà Quang Hoàng,Female,1993-04-23,Khanh Hoa,Student,8553730.4,2022-12-10,Mass
C08042,Thành Quang Trần,Male,1985-10-13,Ha Noi,Sales,17482474.32,2023-10-18,Mass
C08043,Hải Đặng,Female,1999-09-13,Thanh Hoa,Engineer,166947275.02,2025-10-11,Premium
C08044,Quý cô Vi Vũ,Female,1988-11-28,Hue,Freelancer,37625114.05,2019-01-29,Affluent
C08045,Kim Quang Vũ,Male,2007-10-04,Nghe An,Teacher,60000000.0,2023-05-13,Premium
C08046,Châu Dương,Male,1988-11-01,Quang Ninh,Freelancer,15820600.08,2025-10-19,Mass
C08047,Hà Bảo Mai,Female,1998-06-15,Quang Ninh,Accountant,21529832.14,2020-03-09,Mass
C08048,Ông Anh Dương,Male,1982-05-24,Hue,Office Staff,8731936.89,2020-10-19,Mass
C08049,Kim Hữu Mai,Male,1989-12-28,Binh Duong,Government Employee,28554994.13,2022-01-13,Mass
C08050,Cô Nhật Đặng,Female,2004-08-18,Can Tho,Teacher,41010537.39,2018-10-04,Affluent
C08051,Bà Kim Đặng,Female,1994-07-06,Can Tho,Bank Employee,15368506.02,2018-09-16,Mass
C08052,Nam Quang Vũ,Female,1977-04-09,Dong Nai,Accountant,31170649.62,2023-04-22,Affluent
C08053,Chị Nhật Phạm,Male,1978-04-03,Da Nang,Government Employee,26110246.87,2019-09-28,Mass
C08054,Yến Lê,Male,1990-03-29,Da Nang,Teacher,15793803.67,2021-08-16,Mass
C08055,Quý cô Kim Vũ,Female,1996-10-24,Ha Noi,Accountant,12081162.34,2025-06-24,Mass
C08056,Linh Vũ,Male,1992-07-19,Nghe An,Student,15860539.37,2020-07-01,Mass
C08057,Anh Trọng Mai,Female,1977-04-07,Quang Ninh,Government Employee,33867356.21,2023-11-30,Affluent
C08058,Bảo Trí Trần,Female,1974-08-15,Da Nang,Student,55387962.9,2021-12-07,Affluent
C08059,Hưng Đặng,Female,1980-12-03,Ho Chi Minh City,Accountant,10017137.37,2019-10-04,Mass
C08060,Lâm Trần,Male,1996-10-26,Nam Dinh,Student,9030187.9,2022-08-17,Mass
C08061,Kim Thị Vũ,Male,1980-04-04,Da Nang,Office Staff,7852153.12,2019-09-11,Mass
C08062,Bác Bảo Phạm,Female,1983-06-02,Hai Phong,Office Staff,25305335.36,2019-05-19,Affluent
C08063,Cô Thảo Dương,Other,1981-04-08,Can Tho,Bank Employee,12072540.62,2024-02-16,Mass
C08064,Phúc Đức Dương,Male,1976-01-04,Thanh Hoa,Sales,17893110.53,2021-06-25,Mass
C08065,Khoa Lê,Female,1975-04-11,Dong Nai,Office Staff,54249494.64,2021-10-18,Affluent
C08066,Mai Đặng,Female,1988-11-04,Ha Noi,Sales,7999100.33,2019-03-22,Mass
C08067,Khoa Trần,Male,2001-11-06,Nghe An,Bank Employee,20000000.0,2023-06-16,Affluent
C08068,Xuân Lê,Female,2002-05-20,Nam Dinh,IT Specialist,12292568.96,2024-08-06,Mass
C08069,Quý cô Dương Phạm,Male,1997-01-02,Dong Nai,Student,11266786.93,2022-10-15,Mass
C08070,Vũ Bảo Bùi,Male,1985-03-22,Dong Nai,Bank Employee,10788532.99,2026-07-22,Mass
C08071,Châu Dương,Male,2003-06-10,Bac Ninh,Business Owner,34445486.1,2022-12-19,Affluent
C08072,Tú Phạm,Male,1999-12-12,Hue,Doctor,10914927.81,2023-05-19,Mass
C08073,Lâm Đặng,Female,1976-07-23,Quang Ninh,Student,10916002.08,2019-11-29,Mass
C08074,Phương Phạm,Female,1970-11-27,Ba Ria - Vung Tau,Engineer,19805887.56,2020-01-13,Mass
C08075,Lan Đặng,Male,1997-05-06,Bac Ninh,Government Employee,25078500.66,2023-08-05,Affluent
C08076,Trung Đức Bùi,Male,1991-04-26,Ha Noi,Sales,158618395.84,2019-04-18,Premium
C08077,Tùng Quang Đặng,Female,1996-09-27,Da Nang,Bank Employee,16489738.1,2023-04-23,Mass
C08078,Bà Dương Lê,Male,1977-03-07,Ha Noi,Freelancer,9152230.98,2025-03-12,Mass
C08079,Nhật Mai,Female,1998-07-10,Khanh Hoa,Engineer,15399551.12,2024-08-03,Mass
C08080,Dũng Thị Hoàng,Male,1989-06-05,Hue,Accountant,9438387.18,2023-12-22,Mass
C08081,Vũ Lê,Female,1994-04-23,Khanh Hoa,Engineer,11707443.15,2019-01-17,Mass
C08082,Thành Phú Mai,Male,2008-04-29,Thanh Hoa,Student,15687774.85,2022-11-21,Mass
C08083,Kim Dương,Male,1995-11-22,Thanh Hoa,Bank Employee,4529474.7,2021-12-04,Mass
C08084,Trọng Xuân Phạm,Female,1991-05-03,Nghe An,Student,9256784.19,2025-08-17,Mass
C08085,Cô Duyên Phạm,Male,1971-11-07,Binh Duong,Sales,9776689.13,2020-09-29,Mass
C08086,Tùng Hoàng,Male,2002-11-11,Khanh Hoa,Government Employee,14334698.75,2020-12-10,Mass
C08087,Phương Nguyễn,Male,1997-11-28,Ba Ria - Vung Tau,Accountant,9134851.92,2022-11-18,Mass
C08088,Mai Mai,Male,1984-12-19,Da Nang,Teacher,8337330.59,2020-10-24,Mass
C08089,Hạnh Bùi,Male,2007-01-25,Nam Dinh,Doctor,21955242.53,2019-10-09,Mass
C08090,Bà Lan Hoàng,Male,1984-06-13,Nghe An,Business Owner,10940083.18,2022-12-26,Mass
C08091,Bà Bảo Trần,Male,1991-08-27,Dong Nai,Freelancer,14324325.49,2024-02-24,Mass
C08092,Nhiên Mai Phạm,Female,1980-01-14,Thanh Hoa,Sales,9210234.38,2024-08-24,Mass
C08093,Ánh Hoàng,Female,1986-01-02,Binh Duong,Doctor,10049874.91,2020-02-07,Mass
C08094,Bảo Trần,Female,1993-09-12,Ho Chi Minh City,Office Staff,36728606.56,2021-08-18,Affluent
C08095,Hoàng Mai Bảo Phạm,Female,1991-04-23,Nam Dinh,Sales,43641918.89,2022-11-30,Affluent
C08096,Vũ Trần,Male,1985-04-23,Nghe An,Sales,7078396.69,2021-08-14,Mass
C08097,Thành Trần,Female,2005-08-26,Khanh Hoa,Doctor,10543460.5,2020-01-28,Mass
C08098,Chị Hương Đặng,Male,1970-08-05,Binh Duong,Bank Employee,27109128.38,2023-04-07,Affluent
C08099,Quang Hoàng Nguyễn,Male,1993-07-26,Bac Ninh,Freelancer,9946149.99,2018-08-15,Mass
C08100,Thành Phạm,Female,1997-03-07,Da Nang,Doctor,12772450.67,2020-03-08,Mass
C08101,Mai Nguyễn,Female,1975-04-02,Khanh Hoa,IT Specialist,14076343.04,2024-07-25,Mass
C08102,Khoa Nguyễn,Female,1999-09-21,Khanh Hoa,Accountant,300804932.63,2019-10-03,Premium
C08103,Quý ông Tùng Trần,Female,1989-10-08,Hai Phong,Freelancer,9804871.12,2018-01-01,Mass
C08104,An Hoàng,Female,1974-12-25,Thanh Hoa,Bank Employee,10183124.95,2023-04-12,Mass
C08105,Thành Thế Đặng,Female,1971-12-30,Quang Ninh,Student,26954633.83,2020-02-19,Affluent
C08106,Bảo Bảo Bùi,Male,1975-03-04,Bac Ninh,Office Staff,12874818.28,2023-04-05,Mass
C08107,Bà Linh Vũ,Male,1975-12-14,Ho Chi Minh City,Government Employee,61922139.05,2022-11-27,Affluent
C08108,Phương Lê,Female,2003-03-04,Ha Noi,Freelancer,18754369.91,2024-05-21,Mass
C08109,Bảo Bùi,Other,2006-01-15,Dong Nai,Sales,25564195.39,2018-02-15,Affluent
C08110,Dũng Lê,Female,1999-09-03,Ho Chi Minh City,Bank Employee,14313161.13,2022-01-30,Mass
C08111,Hồng Vũ,Female,1990-02-18,Can Tho,Teacher,11318165.71,2019-10-06,Mass
C08112,Khoa Trần,Female,1989-09-20,Ho Chi Minh City,Engineer,14759072.91,2022-12-14,Mass
C08113,Hồng Trần,Female,1982-10-07,Quang Ninh,Student,154908856.32,2022-07-16,Premium
C08114,Hải Hữu Hoàng,Male,1970-02-21,Nghe An,Teacher,11910612.62,2022-04-30,Mass
C08115,An Nguyễn,Male,1996-04-14,Khanh Hoa,Business Owner,14874439.87,2026-04-11,Mass
C08116,Chị Hải Vũ,Male,2003-01-18,Hai Phong,Engineer,9462723.17,2021-08-01,Mass
C08117,Cô Kim Mai,Male,1979-12-28,Binh Duong,Student,95156112.85,2022-12-17,Premium
C08118,Quý cô Phương Lê,Male,2003-11-08,Da Nang,Government Employee,7124044.25,2024-08-14,Mass
C08119,Cô Hải Dương,Female,1989-12-24,Thanh Hoa,Bank Employee,17895878.55,2023-09-04,Mass
C08120,Thành Xuân Bùi,Female,1978-05-04,Ha Noi,IT Specialist,12474852.6,2021-07-15,Mass
C08121,Bảo Văn Mai,Female,1967-10-21,Nghe An,Office Staff,11567732.28,2026-04-26,Mass
C08122,Bà Chi Hoàng,Male,1991-11-21,Ho Chi Minh City,IT Specialist,4885658.52,2023-11-07,Mass
C08123,Nhật Nguyễn,Male,1994-11-19,Da Nang,Office Staff,45193468.4,2026-04-23,Affluent
C08124,Linh Hoàng,Female,1973-09-25,Da Nang,Engineer,27283378.52,2018-07-06,Affluent
C08125,Chị Dương Đặng,Male,1985-03-06,Thanh Hoa,Teacher,17310518.3,2019-06-11,Mass
C08126,Anh Hoàng Mai,Female,1990-04-24,Hue,Government Employee,5396542.6,2023-01-17,Mass
C08127,Ông Trung Lê,Female,1988-07-02,Thanh Hoa,Government Employee,135604483.02,2020-07-08,Premium
C08128,Cô An Dương,Male,2000-12-19,Dong Nai,Teacher,10978650.95,2026-02-17,Mass
C08129,Tùng Đặng,Female,2003-04-25,Hai Phong,Doctor,4881023.87,2023-05-18,Mass
C08130,Anh Anh Phạm,Male,1979-03-02,Can Tho,Doctor,11984266.48,2023-12-08,Mass
C08131,Ông Hoàng Hoàng,Male,1973-06-19,Ha Noi,Accountant,16199322.44,2025-08-31,Mass
C08132,Vũ Thế Đặng,Female,1994-06-20,Binh Duong,Accountant,34137410.45,2026-07-23,Affluent
C08133,Cô Thành Mai,Female,1984-08-02,Hue,IT Specialist,16832572.45,2024-01-04,Mass
C08134,Yến Lê,Male,1987-04-15,Ho Chi Minh City,Accountant,17669928.69,2022-06-23,Mass
C08135,An Hữu Nguyễn,Male,1994-03-26,Ba Ria - Vung Tau,Sales,8464715.52,2023-01-13,Mass
C08136,Tùng Nguyễn,Female,1991-04-19,Nam Dinh,Engineer,37222131.93,2021-07-28,Affluent
C08137,Chị Hạnh Nguyễn,Female,2003-11-07,Ho Chi Minh City,IT Specialist,7516149.11,2025-05-23,Mass
C08138,Thành Thế Dương,Male,1986-09-28,Nam Dinh,Office Staff,10409113.83,2025-09-20,Mass
C08139,Bảo Bùi,Female,1992-01-04,Ho Chi Minh City,Freelancer,31419862.66,2024-02-24,Affluent
C08140,Hưng Văn Vũ,Male,1973-11-20,Nghe An,Sales,51104696.94,2023-12-06,Affluent
C08141,Hải Mai,Male,2004-06-13,Da Nang,IT Specialist,9958525.57,2026-06-24,Mass
C08142,Huy Hữu Vũ,Male,1981-02-06,Ho Chi Minh City,Teacher,14814172.63,2018-03-29,Mass
C08143,Cô Hương Bùi,Male,1991-08-06,Ha Noi,Business Owner,8058654.27,2018-08-31,Mass
C08144,Quang Bảo Lê,Female,1998-04-29,Khanh Hoa,Doctor,10014539.64,2022-04-02,Mass
C08145,Quý cô Vân Mai,Male,1986-10-26,Hai Phong,Accountant,58350399.65,2019-04-15,Affluent
C08146,Quý ông Quang Bùi,Male,1997-11-10,Da Nang,Bank Employee,8379550.83,2022-11-24,Mass
C08147,Cô Mai Bùi,Male,1991-11-06,Nam Dinh,Office Staff,47697059.76,2022-12-10,Affluent
C08148,Hồng Lê,Female,2006-03-31,Ha Noi,Office Staff,19958968.73,2021-07-01,Mass
C08149,Cô Hà Trần,Male,1992-05-01,Ha Noi,Bank Employee,9280307.19,2019-07-19,Mass
C08150,Quý cô Ngọc Vũ,Male,2008-01-28,Ha Noi,Accountant,43263282.39,2024-05-26,Affluent
C08151,Bác Bảo Trần,Female,1992-09-13,Ba Ria - Vung Tau,Bank Employee,12738814.2,2024-10-22,Mass
C08152,Mai Mai,Female,1999-11-16,Bac Ninh,Sales,10731926.01,2021-11-27,Mass
C08153,Mai Đặng,Female,1995-11-04,Binh Duong,Government Employee,96056152.64,2025-08-08,Premium
C08154,Nhật Vũ,Male,1997-10-31,Hue,Doctor,7014246.63,2022-07-11,Mass
C08155,Quang Xuân Hoàng,Male,1960-07-31,Binh Duong,Teacher,7446284.35,2021-08-25,Mass
C08156,Khoa Trần,Female,1989-08-15,Thanh Hoa,Office Staff,6453979.45,2020-06-23,Mass
C08157,Hạnh Dương,Male,2008-08-26,Dong Nai,Business Owner,36042399.49,2025-06-28,Affluent
C08158,Linh Phạm,Male,1989-05-17,Ho Chi Minh City,Bank Employee,51100677.67,2024-11-14,Affluent
C08159,Bảo Lê,Female,1985-10-06,Hue,Accountant,33461811.92,2025-07-12,Affluent
C08160,Bà Xuân Trần,Female,2001-09-10,Can Tho,Office Staff,20278493.15,2020-05-17,Mass
C08161,Nhật Hoàng Nguyễn,Female,1979-10-08,Nghe An,Office Staff,7757742.16,2026-02-14,Mass
C08162,Quang Trí Bùi,Female,1989-12-29,Dong Nai,Student,12620530.98,2025-02-01,Mass
C08163,Ông Tùng Vũ,Male,1994-04-24,Hai Phong,Business Owner,15721894.89,2024-06-14,Mass
C08164,Hải Bảo Đặng,Male,1981-02-23,Ha Noi,Freelancer,11226046.46,2023-01-09,Mass
C08165,Nhật Trí Hoàng,Male,1994-01-21,Binh Duong,Office Staff,182135983.66,2023-08-15,Premium
C08166,Bà Hải Mai,Female,1980-03-16,Hue,Government Employee,35768090.83,2019-02-25,Affluent
C08167,Chị Phương Lê,Male,2008-09-19,Bac Ninh,Bank Employee,13535375.79,2022-04-05,Mass
C08168,Vi Trần,Female,1982-10-23,Quang Ninh,Government Employee,4575994.63,2018-08-12,Mass
C08169,Chị Mai Đặng,Male,1988-05-27,Da Nang,Business Owner,30887156.97,2022-04-27,Affluent
C08170,Cô Hồng Mai,Other,1993-03-27,Thanh Hoa,Doctor,8734872.23,2021-12-01,Mass
C08171,Huy Thế Bùi,Male,1992-08-08,Quang Ninh,IT Specialist,19532967.94,2023-08-13,Mass
C08172,Quý ông Châu Mai,Male,1995-07-06,Dong Nai,Teacher,46759625.57,2024-07-20,Affluent
C08173,Duyên Bùi,Male,1999-01-19,Dong Nai,Student,15650006.26,2021-06-19,Mass
C08174,Dũng Mai,Male,1990-03-31,Ha Noi,Government Employee,13573445.4,2024-04-29,Mass
C08175,Quý cô Thảo Vũ,Female,1989-11-22,Dong Nai,IT Specialist,15021394.44,2020-08-06,Mass
C08176,Nhiên Mai Bảo Đặng,Female,2008-08-14,Dong Nai,Sales,22860269.96,2019-01-21,Affluent
C08177,Cô Lâm Đặng,Female,1986-09-16,Ba Ria - Vung Tau,Business Owner,5868905.89,2018-12-04,Mass
C08178,Cô Chi Đặng,Male,1996-05-25,Thanh Hoa,Engineer,34434046.86,2021-09-25,Affluent
C08179,Dũng Xuân Mai,Male,2000-05-18,Nam Dinh,Engineer,9420236.16,2022-10-28,Mass
C08180,Bác Tùng Dương,Male,1988-04-10,Ho Chi Minh City,Bank Employee,17084299.51,2025-02-05,Mass
C08181,Vũ Trần,Male,2001-03-02,Can Tho,Freelancer,9812295.88,2022-02-20,Mass
C08182,Minh Bùi,Male,1998-10-29,Ho Chi Minh City,Freelancer,20000000.0,2019-04-15,Affluent
C08183,Quý cô Nhật Đặng,Female,1989-02-08,Nghe An,Office Staff,16644134.31,2023-09-04,Mass
C08184,Nhật Trần,Male,1979-03-01,Quang Ninh,Office Staff,8847530.83,2024-02-21,Mass
C08185,Quý ông Anh Đặng,Female,2004-02-15,Bac Ninh,Freelancer,12091087.26,2021-08-25,Mass
C08186,Bà Duyên Bùi,Female,1981-04-29,Ba Ria - Vung Tau,Teacher,36664287.77,2025-07-07,Affluent
C08187,Dũng Quang Đặng,Male,1986-10-09,Dong Nai,IT Specialist,17895467.61,2025-07-31,Mass
C08188,Hạnh Đức Hoàng,Male,1999-02-20,Nam Dinh,Business Owner,11110794.57,2019-11-29,Mass
C08189,Nhật Bảo Phạm,Male,1973-08-05,Bac Ninh,Sales,11201220.62,2019-09-27,Mass
C08190,Xuân Nguyễn,Male,2004-04-08,Hue,Engineer,9493734.13,2019-08-11,Mass
C08191,Bà Yến Mai,Female,2001-02-22,Can Tho,Teacher,38958494.55,2020-05-01,Affluent
C08192,Cô Hà Bùi,Female,2000-07-30,Binh Duong,Student,13194085.2,2018-10-24,Mass
C08193,Cô Hương Đặng,Female,1998-12-11,Ho Chi Minh City,Sales,5707175.04,2019-06-27,Mass
C08194,Anh Phúc Vũ,Female,1986-11-17,Da Nang,Teacher,36594105.15,2021-10-21,Affluent
C08195,Chị Phương Vũ,Male,1985-03-13,Ba Ria - Vung Tau,Government Employee,9481676.28,2018-09-10,Mass
C08196,Bà Vi Hoàng,Female,1999-05-14,Ho Chi Minh City,Government Employee,39479759.35,2025-10-26,Affluent
C08197,Quý cô Kim Bùi,Male,1974-07-19,Thanh Hoa,Engineer,12046997.43,2020-02-10,Mass
C08198,Duyên Mai,Male,1986-09-18,Can Tho,Bank Employee,10722571.01,2024-12-07,Mass
C08199,Huy Nguyễn,Male,2007-01-01,Ba Ria - Vung Tau,Engineer,46785666.62,2020-10-13,Affluent
C08200,Hải Mai,Male,1981-02-07,Quang Ninh,IT Specialist,15389378.42,2019-09-26,Mass
C08201,Thảo Nguyễn,Female,1993-07-30,Thanh Hoa,IT Specialist,41865616.92,2022-10-26,Affluent
C08202,Chị Xuân Vũ,Male,1981-02-25,Ba Ria - Vung Tau,Freelancer,21156817.41,2023-09-07,Mass
C08203,Hương Đặng,Female,1980-08-03,Khanh Hoa,Bank Employee,35676579.21,2026-07-20,Affluent
C08204,Quý cô Yến Phạm,Male,2005-02-13,Ho Chi Minh City,Student,12671901.4,2021-04-20,Mass
C08205,Minh Hữu Bùi,Female,1988-07-18,Khanh Hoa,Business Owner,15379986.27,2024-11-05,Mass
C08206,Ông Quang Đặng,Male,1976-08-30,Bac Ninh,Accountant,11606949.0,2025-02-22,Mass
C08207,Anh Bùi,Female,1967-07-21,Binh Duong,Student,20646833.28,2022-07-10,Affluent
C08208,Linh Phạm,Male,1986-05-24,Can Tho,Freelancer,72657893.06,2018-01-19,Premium
C08209,Quý cô An Hoàng,Female,2008-04-12,Bac Ninh,Accountant,11181779.44,2022-12-04,Mass
C08210,Nhật Đức Bùi,Female,2007-06-14,Dong Nai,Teacher,11340800.49,2018-11-06,Mass
C08211,Quý cô Bảo Nguyễn,Male,1989-10-04,Dong Nai,Doctor,48955439.4,2023-06-05,Affluent
C08212,Trung Hữu Vũ,Male,2007-09-22,Da Nang,Doctor,16491786.31,2020-04-29,Mass
C08213,Hà Hoàng,Female,1989-01-03,Bac Ninh,Doctor,17201624.96,2025-05-03,Mass
C08214,Bà Kim Dương,Male,1994-10-27,Ba Ria - Vung Tau,Student,7527937.08,2018-03-06,Mass
C08215,Bà Nhật Nguyễn,Male,2004-03-07,Nam Dinh,Government Employee,23755303.85,2019-10-08,Affluent
C08216,Cô Thành Đặng,Male,1985-07-27,Nghe An,Office Staff,54512207.54,2024-09-11,Affluent
C08217,Chị Ánh Nguyễn,Male,1997-01-04,Binh Duong,Student,42270466.51,2024-11-22,Affluent
C08218,Quý ông Dũng Đặng,Female,2007-03-26,Bac Ninh,Engineer,12781759.14,2021-02-04,Mass
C08219,Cô Bảo Bùi,Female,1982-10-28,Ba Ria - Vung Tau,Doctor,7228727.21,2024-02-07,Mass
C08220,Quý cô Hạnh Phạm,Female,1993-04-01,Thanh Hoa,Doctor,15417105.64,2018-12-21,Mass
C08221,Thành Mai Bảo Mai,Female,2007-12-07,Dong Nai,Engineer,19150239.49,2022-03-27,Mass
C08222,Khoa Bùi,Female,1987-09-28,Nghe An,Accountant,43395960.29,2020-08-23,Affluent
C08223,Chi Mai,Female,1995-04-05,Ha Noi,Business Owner,6566321.49,2019-08-02,Mass
C08224,Ánh Dương,Male,1984-11-04,Quang Ninh,Teacher,11658086.23,2023-07-19,Mass
C08225,Vũ Đức Hoàng,Female,1989-11-28,Quang Ninh,Teacher,154502917.56,2021-10-11,Premium
C08226,Nhật Dương,Male,1981-12-28,Can Tho,Teacher,62284916.56,2022-10-12,Affluent
C08227,Quang Quang Lê,Female,1989-08-14,Dong Nai,Doctor,9421386.8,2022-08-31,Mass
C08228,Khoa Trần,Male,1993-09-02,Nghe An,Business Owner,13879165.49,2021-08-16,Mass
C08229,Trọng Lê,Female,1978-11-26,Ba Ria - Vung Tau,Freelancer,7181043.93,2025-04-22,Mass
C08230,Trung Đức Bùi,Male,1990-07-26,Can Tho,Freelancer,56724746.32,2018-09-21,Affluent
C08231,Trọng Mai,Male,1992-11-23,Thanh Hoa,Bank Employee,16622559.84,2022-09-28,Mass
C08232,Chị Phương Đặng,Female,1985-03-04,Ba Ria - Vung Tau,Sales,16767757.77,2023-12-25,Mass
C08233,Bác Bảo Dương,Male,1998-12-23,Hai Phong,Accountant,9052274.62,2025-07-22,Mass
C08234,Thành Hữu Đặng,Female,1990-08-06,Nam Dinh,Office Staff,7019058.02,2020-07-14,Mass
C08235,Chi Nguyễn,Male,1993-06-24,Ha Noi,Government Employee,13110500.58,2023-02-01,Mass
C08236,Dũng Thế Hoàng,Male,1971-05-18,Dong Nai,Doctor,13816423.81,2020-03-09,Mass
C08237,Trung Vũ,Female,1983-12-01,Ba Ria - Vung Tau,Teacher,18037865.66,2018-08-02,Mass
C08238,Quý cô Vân Dương,Male,2000-10-25,Hue,Teacher,11326302.98,2018-06-12,Mass
C08239,Ông Dũng Bùi,Male,1963-11-21,Quang Ninh,Bank Employee,96884669.51,2023-07-11,Premium
C08240,Chị Nhật Nguyễn,Male,1978-04-22,Ba Ria - Vung Tau,Bank Employee,16814051.02,2023-11-14,Mass
C08241,Trọng Nguyễn,Female,2007-01-01,Khanh Hoa,Teacher,13377502.75,2019-11-21,Mass
C08242,Quý ông Quang Vũ,Male,1989-01-04,Hai Phong,Sales,114108950.84,2019-09-18,Premium
C08243,Thành Phạm,Female,1999-06-17,Quang Ninh,Teacher,8117196.38,2025-07-09,Mass
C08244,Nhiên Mai Dương,Female,1996-04-17,Nam Dinh,Office Staff,11596210.93,2024-08-24,Mass
C08245,An Nguyễn,Female,1976-10-25,Bac Ninh,Government Employee,22668253.85,2021-04-26,Mass
C08246,Hà Đặng,Male,1975-04-02,Nam Dinh,Doctor,16215563.22,2023-09-04,Mass
C08247,Bảo Dương,Female,2002-04-24,Da Nang,Freelancer,10399866.7,2024-02-15,Mass
C08248,Bà Duyên Vũ,Male,1988-02-03,Binh Duong,Bank Employee,28951335.96,2024-06-09,Affluent
C08249,Cô Ánh Vũ,Male,1984-05-19,Dong Nai,Accountant,15441779.46,2022-08-11,Mass
C08250,Anh Phúc Đặng,Female,1985-01-10,Bac Ninh,IT Specialist,47602650.52,2022-01-12,Affluent
C08251,Bảo Tấn Bùi,Female,1999-11-03,Da Nang,Bank Employee,16633133.44,2021-10-09,Mass
C08252,Tú Phạm,Female,1997-12-29,Thanh Hoa,Sales,8632887.75,2026-04-26,Mass
C08253,Anh Mai Bảo Vũ,Female,1985-02-09,Ha Noi,Freelancer,18365288.65,2026-03-17,Mass
C08254,Kim Mai,Male,1985-02-19,Dong Nai,Teacher,12087695.79,2018-11-15,Mass
C08255,Quang Mai Phạm,Female,1987-04-02,Khanh Hoa,Student,12586893.46,2021-03-04,Mass
C08256,Hoàng Hải Lê,Male,2003-06-01,Hai Phong,Sales,7767820.31,2024-07-06,Mass
C08257,Quang Phú Mai,Male,1991-09-24,Hai Phong,Office Staff,12340129.86,2022-07-20,Mass
C08258,Ánh Hoàng,Male,1989-11-21,Ho Chi Minh City,Doctor,131054180.78,2020-05-05,Premium
C08259,Châu Thế Dương,Male,1993-09-29,Binh Duong,Accountant,14613552.67,2019-12-15,Mass
C08260,Minh Đức Bùi,Female,1992-03-20,Ha Noi,Bank Employee,22716289.96,2018-11-13,Mass
C08261,An Trí Mai,Female,1990-05-15,Quang Ninh,Accountant,27225650.55,2020-07-17,Mass
C08262,Tú Phạm,Male,1987-03-24,Hai Phong,Business Owner,11135293.29,2024-03-01,Mass
C08263,Bảo Hải Phạm,Female,2000-06-25,Hai Phong,Office Staff,7241987.24,2018-12-18,Mass
C08264,Bảo Nguyễn,Female,2001-07-31,Khanh Hoa,Freelancer,8820199.08,2023-03-21,Mass
C08265,Nam Dương,Female,1986-05-29,Ha Noi,Sales,29889237.03,2024-10-08,Affluent
C08266,Hạnh Bùi,Female,1987-12-15,Da Nang,Office Staff,18795154.11,2024-09-15,Mass
C08267,Ông Anh Dương,Female,1991-09-28,Ha Noi,Sales,24843881.23,2022-12-12,Mass
C08268,Anh Khoa Trần,Female,2003-06-03,Ho Chi Minh City,Sales,11383926.54,2022-09-05,Mass
C08269,Dũng Tấn Nguyễn,Other,1996-03-29,Khanh Hoa,Sales,16654558.49,2022-11-06,Mass
C08270,Quý cô Thảo Đặng,Male,2008-06-27,Nam Dinh,Engineer,7241412.61,2018-04-26,Mass
C08271,An Đức Dương,Male,1992-06-29,Dong Nai,Government Employee,55743531.56,2022-03-22,Affluent
C08272,Mai Hoàng,Male,1988-08-14,Ha Noi,Accountant,7477249.73,2026-04-30,Mass
C08273,Hà Văn Trần,Male,2004-07-05,Nam Dinh,Freelancer,21551664.35,2020-03-02,Mass
C08274,Bác Trọng Nguyễn,Male,1997-02-15,Thanh Hoa,IT Specialist,8626764.05,2025-06-13,Mass
C08275,Vi Trần,Male,1974-09-15,Da Nang,IT Specialist,17095078.27,2021-10-12,Mass
C08276,Ông Thành Dương,Male,1976-08-02,Can Tho,IT Specialist,26320168.21,2024-12-31,Affluent
C08277,Nhiên Nguyễn,Female,2007-01-20,Can Tho,Bank Employee,36426553.79,2019-10-31,Affluent
C08278,Quý ông Trọng Lê,Male,1987-08-03,Da Nang,Government Employee,13633326.61,2023-11-11,Mass
C08279,Dũng Đức Bùi,Female,1974-01-12,Khanh Hoa,Student,6540987.63,2026-03-04,Mass
C08280,Cô Nhật Đặng,Female,1981-05-31,Hai Phong,IT Specialist,64490644.6,2021-07-23,Premium
C08281,Quý cô Chi Bùi,Female,1981-08-08,Hai Phong,Engineer,10162167.98,2026-02-10,Mass
C08282,Bà Mai Bùi,Male,1999-07-13,Nam Dinh,Student,29147736.2,2021-06-30,Affluent
C08283,Anh Quang Đặng,Other,2006-04-26,Hue,IT Specialist,12171008.59,2025-07-18,Mass
C08284,An Mai Bảo Nguyễn,Female,1999-02-16,Hai Phong,Student,15801597.31,2026-01-03,Mass
C08285,Anh Hoàng Mai,Male,1982-12-16,Ba Ria - Vung Tau,Office Staff,21666377.14,2022-07-06,Mass
C08286,Bà Vi Trần,Female,1986-04-29,Ba Ria - Vung Tau,Sales,14398785.58,2024-02-02,Mass
C08287,Chị Vi Đặng,Male,1975-10-05,Bac Ninh,Business Owner,9633289.02,2019-05-16,Mass
C08288,Lâm Hoàng,Female,2007-08-14,Ba Ria - Vung Tau,IT Specialist,12870521.87,2019-01-01,Mass
C08289,Hương Vũ,Male,2006-03-15,Hai Phong,Doctor,28326143.74,2018-05-31,Mass
C08290,Cô Duyên Dương,Male,1973-10-28,Quang Ninh,IT Specialist,25592475.09,2020-06-26,Mass
C08291,Phúc Dương,Female,1989-10-28,Nghe An,Bank Employee,41285862.94,2018-12-26,Affluent
C08292,Trọng Phạm,Male,1996-09-16,Bac Ninh,Sales,16345135.53,2022-04-09,Mass
C08293,Kim Hải Đặng,Male,2004-02-26,Nam Dinh,Office Staff,4927461.93,2024-05-22,Mass
C08294,Quý ông Bảo Trần,Male,1998-11-03,Ba Ria - Vung Tau,Student,22617094.6,2021-04-05,Affluent
C08295,Minh Nguyễn,Female,1974-03-17,Can Tho,Office Staff,60343383.01,2022-11-28,Affluent
C08296,Cô Dương Nguyễn,Female,2006-07-15,Binh Duong,Business Owner,18859317.94,2022-09-22,Mass
C08297,Anh Quang Bùi,Female,1980-06-22,Nam Dinh,Student,6927401.72,2025-05-30,Mass
C08298,Tùng Trí Bùi,Female,1995-08-28,Binh Duong,Engineer,9794777.61,2023-04-22,Mass
C08299,Vân Lê,Male,1982-05-09,Ho Chi Minh City,Accountant,61170096.18,2019-08-15,Premium
C08300,Phúc Bảo Phạm,Male,1992-01-06,Quang Ninh,Teacher,9438806.8,2018-09-13,Mass
C08301,Bác Vũ Lê,Female,1985-05-07,Quang Ninh,Student,11123160.2,2018-11-21,Mass
C08302,Kim Đức Trần,Male,1996-01-14,Nam Dinh,Accountant,11136776.7,2023-10-25,Mass
C08303,Chị Lâm Lê,Female,1967-12-08,Dong Nai,Sales,10370775.24,2025-11-14,Mass
C08304,Hạnh Lê,Male,2002-07-16,Bac Ninh,Business Owner,41694871.36,2022-09-27,Affluent
C08305,Phúc Hữu Trần,Male,1992-07-19,Hai Phong,IT Specialist,7312423.67,2020-11-19,Mass
C08306,Khoa Dương,Male,1966-06-12,Hai Phong,Accountant,31487932.52,2021-01-12,Affluent
C08307,Bà Khoa Vũ,Female,1995-04-24,Ha Noi,Accountant,12690440.87,2021-08-18,Mass
C08308,Thành Mai Vũ,Female,1971-05-14,Hai Phong,Engineer,6665838.72,2020-05-23,Mass
C08309,Thành Đặng,Male,1986-11-04,Hai Phong,Doctor,24914548.41,2021-04-05,Mass
C08310,Chị Linh Đặng,Female,1989-06-02,Ho Chi Minh City,Engineer,24161195.82,2018-02-18,Affluent
C08311,Khoa Trần,Female,1996-12-27,Khanh Hoa,Bank Employee,12901138.14,2023-06-04,Mass
C08312,Phương Trần,Female,1975-12-16,Binh Duong,Bank Employee,31612332.33,2023-01-29,Affluent
C08313,Vũ Hoàng Bùi,Female,1981-09-08,Hai Phong,Government Employee,22753919.43,2023-11-29,Affluent
C08314,Anh Minh Nguyễn,Male,2006-09-22,Nam Dinh,Engineer,10134307.08,2021-08-14,Mass
C08315,Hoàng Thị Phạm,Female,1975-05-18,Ho Chi Minh City,Business Owner,12292788.3,2023-08-04,Mass
C08316,Nhật Hoàng,Male,1987-05-21,Can Tho,Doctor,13226660.24,2025-05-04,Mass
C08317,Quý cô Ánh Bùi,Female,1977-11-29,Thanh Hoa,Doctor,9692277.24,2024-10-05,Mass
C08318,Tú Mai,Male,1983-08-18,Ho Chi Minh City,Accountant,8971902.21,2022-01-15,Mass
C08319,Châu Trần,Male,1969-04-06,Binh Duong,Doctor,9068163.5,2025-11-16,Mass
C08320,Thành Lê,Male,2000-04-20,Ha Noi,Business Owner,124591216.64,2024-04-27,Premium
C08321,Cô Hà Vũ,Male,1990-09-24,Hai Phong,Student,13454383.88,2021-09-03,Mass
C08322,Chị Mai Đặng,Female,1987-12-23,Khanh Hoa,Student,8192911.92,2025-03-23,Mass
C08323,Hưng Trần,Male,1972-11-24,Da Nang,Teacher,16405988.52,2021-09-03,Mass
C08324,Bảo Dương,Female,1975-11-05,Da Nang,Office Staff,9974091.08,2023-06-02,Mass
C08325,Chị Kim Nguyễn,Female,1986-07-18,Nghe An,Engineer,12858249.78,2023-01-05,Mass
C08326,Cô Vân Dương,Female,1978-03-21,Hue,Government Employee,18011194.76,2020-04-21,Mass
C08327,Hạnh Mai Dương,Female,1987-11-28,Khanh Hoa,Bank Employee,22197123.8,2021-03-25,Affluent
C08328,Yến Hoàng,Male,1970-11-17,Hai Phong,Engineer,14577835.4,2021-01-08,Mass
C08329,Hồng Dương,Male,1996-10-13,Can Tho,Student,39539916.38,2025-02-19,Affluent
C08330,Hà Hải Dương,Female,2007-03-18,Quang Ninh,Student,17361935.99,2025-03-31,Mass
C08331,Bảo Phú Nguyễn,Female,2006-11-20,Ha Noi,Government Employee,91545524.97,2026-04-02,Premium
C08332,Quý ông Châu Trần,Female,1988-09-06,Hue,Government Employee,47798773.26,2018-12-31,Affluent
C08333,Bảo Đức Dương,Female,1989-07-19,Ho Chi Minh City,Engineer,14986407.98,2024-07-14,Mass
C08334,Cô Hạnh Mai,Male,1991-07-24,Ba Ria - Vung Tau,Government Employee,11865577.57,2019-10-19,Mass
C08335,Phương Thị Vũ,Male,1990-08-23,Quang Ninh,Sales,11231657.77,2023-08-04,Mass
C08336,Phương Bùi,Male,2008-09-27,Binh Duong,Student,27794857.27,2020-05-27,Affluent
C08337,Cô Mai Lê,Female,1988-04-10,Dong Nai,Accountant,10998009.46,2019-12-18,Mass
C08338,Hạnh Tấn Bùi,Female,1991-10-10,Hai Phong,Business Owner,10715945.5,2021-02-17,Mass
C08339,Trọng Bùi,Female,2000-01-20,Ho Chi Minh City,Student,10097843.02,2019-08-13,Mass
C08340,Bác Tú Hoàng,Male,1993-11-03,Thanh Hoa,Doctor,12021620.64,2020-11-07,Mass
C08341,Kim Nguyễn,Male,1986-08-14,Ho Chi Minh City,Business Owner,33154649.87,2018-02-18,Affluent
C08342,Quang Văn Bùi,Female,2002-06-28,Ha Noi,IT Specialist,7356453.36,2023-05-25,Mass
C08343,Nhiên Nguyễn,Male,1962-04-04,Ho Chi Minh City,Government Employee,8080642.52,2024-12-04,Mass
C08344,Ông Quang Vũ,Female,1996-05-07,Quang Ninh,Sales,14380264.64,2025-06-06,Mass
C08345,Bà Hải Trần,Male,1986-12-18,Quang Ninh,Bank Employee,123163958.42,2021-09-13,Premium
C08346,Ông Tú Mai,Male,1994-11-08,Dong Nai,Office Staff,37596670.0,2024-06-11,Affluent
C08347,Nhật Đặng,Male,1989-10-16,Binh Duong,Student,10758118.42,2023-07-07,Mass
C08348,Lâm Bùi,Female,1987-10-08,Khanh Hoa,Doctor,17362011.83,2025-07-13,Mass
C08349,Quý cô Nhật Nguyễn,Female,1991-01-26,Bac Ninh,IT Specialist,11934879.29,2023-02-02,Mass
C08350,Bác Phúc Trần,Male,1979-01-13,Can Tho,Bank Employee,16800065.34,2025-08-21,Mass
C08351,Quang Quang Hoàng,Female,1973-09-01,Quang Ninh,Freelancer,6489763.36,2020-09-07,Mass
C08352,Quý cô Yến Lê,Male,1981-08-14,Ho Chi Minh City,Bank Employee,14812325.91,2025-05-09,Mass
C08353,Phúc Hữu Nguyễn,Male,2000-08-07,Ha Noi,IT Specialist,13104588.3,2022-03-08,Mass
C08354,Chị Hà Bùi,Female,1978-10-25,Ha Noi,Teacher,27292184.65,2022-07-17,Affluent
C08355,Vân Mai,Female,1986-05-15,Nghe An,Business Owner,45456424.52,2019-03-01,Affluent
C08356,Bác Anh Mai,Male,2002-07-21,Binh Duong,Student,11417036.36,2020-07-23,Mass
C08357,Lan Hoàng,Female,1987-09-17,Nghe An,IT Specialist,27563945.87,2023-11-16,Affluent
C08358,Chị Vi Đặng,Female,1999-10-06,Binh Duong,IT Specialist,11446008.19,2026-08-13,Mass
C08359,Bà Mai Hoàng,Female,1981-12-15,Nam Dinh,Doctor,15032485.36,2019-03-06,Mass
C08360,An Bùi,Male,2000-09-24,Nghe An,Sales,15076924.7,2022-12-06,Mass
C08361,Bảo Hải Đặng,Female,2000-06-17,Thanh Hoa,Freelancer,6830154.0,2020-07-11,Mass
C08362,Nhật Vũ,Female,1995-08-06,Hue,Student,17777718.97,2019-07-30,Mass
C08363,Anh Hữu Hoàng,Male,1983-09-08,Nghe An,Office Staff,11993400.22,2024-09-07,Mass
C08364,Bà Hương Nguyễn,Male,1995-08-29,Da Nang,Engineer,10469747.44,2018-11-02,Mass
C08365,Cô Hạnh Nguyễn,Female,1988-12-29,Nam Dinh,Business Owner,25401718.16,2024-02-09,Affluent
C08366,Bảo Mai,Female,1994-05-29,Nghe An,Office Staff,11127920.81,2025-02-26,Mass
C08367,Chị Hương Hoàng,Male,2004-11-01,Thanh Hoa,Student,27216232.71,2024-02-06,Affluent
C08368,Quang Mai Bảo Hoàng,Male,1986-06-12,Dong Nai,Doctor,12040016.3,2025-07-12,Mass
C08369,Xuân Phạm,Male,1994-05-19,Hue,Teacher,8722510.05,2022-02-09,Mass
C08370,Trọng Mai Trần,Male,1973-09-22,Thanh Hoa,IT Specialist,27220062.6,2018-03-04,Affluent
C08371,Quý ông Vũ Dương,Male,1988-06-06,Ba Ria - Vung Tau,Sales,10116345.37,2023-09-11,Mass
C08372,Mai Nguyễn,Female,1990-06-21,Ba Ria - Vung Tau,Business Owner,14084431.8,2019-02-19,Mass
C08373,Huy Mai Nguyễn,Female,2006-01-11,Ha Noi,Bank Employee,11972243.92,2020-01-04,Mass
C08374,Vũ Lê,Female,1977-06-10,Nghe An,Sales,22229768.47,2019-07-13,Mass
C08375,Thành Nguyễn,Female,1992-01-03,Nam Dinh,IT Specialist,12176344.23,2024-03-16,Mass
C08376,Vũ Hữu Vũ,Female,1966-04-18,Nghe An,IT Specialist,49196640.86,2020-06-16,Affluent
C08377,Bà Mai Phạm,Male,1997-03-25,Hue,Business Owner,9662596.9,2020-08-19,Mass
C08378,Quý ông Tùng Vũ,Male,1980-09-18,Thanh Hoa,Office Staff,8423653.61,2022-09-01,Mass
C08379,Phương Dương,Female,1979-01-27,Ha Noi,Bank Employee,38692200.82,2025-10-30,Affluent
C08380,Nhật Mai Bùi,Male,1985-06-07,Hai Phong,Engineer,10968744.49,2018-10-10,Mass
C08381,Ngọc Bùi,Female,1996-10-10,Hai Phong,Engineer,179462687.7,2024-08-14,Premium
C08382,Quang Vũ,Male,1993-06-12,Ha Noi,Freelancer,10392447.84,2020-04-21,Mass
C08383,Nhiên Mai Phạm,Female,1991-06-28,Nam Dinh,Bank Employee,12838704.48,2023-06-21,Mass
C08384,Hải Dương,Female,2002-08-22,Thanh Hoa,Office Staff,29544175.36,2020-05-30,Affluent
C08385,Cô Mai Phạm,Male,1996-11-12,Ho Chi Minh City,Doctor,16131191.47,2019-02-04,Mass
C08386,Bà Khoa Bùi,Female,1999-12-08,Quang Ninh,Office Staff,20668642.66,2021-03-20,Affluent
C08387,Bác Châu Vũ,Female,2008-03-23,Nghe An,Teacher,7172638.67,2019-08-13,Mass
C08388,Tú Văn Vũ,Female,1976-03-20,Quang Ninh,Business Owner,12068261.13,2025-10-08,Mass
C08389,Tùng Nguyễn,Male,1985-05-05,Hue,Government Employee,14478681.91,2023-05-13,Mass
C08390,Bảo Phạm,Male,1990-04-02,Ba Ria - Vung Tau,Sales,11689993.23,2022-10-06,Mass
C08391,Phương Trần,Female,1979-07-30,Khanh Hoa,Bank Employee,12629119.51,2021-10-05,Mass
C08392,Thành Văn Đặng,Female,1975-06-17,Hue,IT Specialist,14912460.38,2019-05-06,Mass
C08393,Phúc Dương,Male,1997-02-13,Quang Ninh,Student,30150691.38,2024-12-20,Affluent
C08394,Chi Hoàng,Male,1998-12-25,Binh Duong,Bank Employee,162745787.06,2018-04-03,Premium
C08395,Nhiên Thế Dương,Female,1995-04-25,Can Tho,Student,9074253.98,2024-01-10,Mass
C08396,Hà Đức Trần,Male,1986-11-29,Dong Nai,Accountant,11598759.61,2026-05-20,Mass
C08397,Chi Hoàng,Male,1987-04-23,Hue,Sales,212958167.04,2023-01-04,Premium
C08398,Quý ông Khoa Dương,Other,1979-10-15,Can Tho,Government Employee,35284763.0,2026-03-06,Affluent
C08399,Khoa Phú Bùi,Male,2006-05-02,Quang Ninh,Office Staff,81874303.5,2020-12-02,Premium
C08400,Bảo Trí Mai,Male,1982-11-14,Da Nang,Engineer,62599279.6,2022-02-24,Premium
C08401,Anh Phúc Bùi,Female,1966-11-03,Da Nang,Accountant,12060702.58,2021-02-23,Mass
C08402,Bà Vân Đặng,Male,1990-07-06,Ha Noi,Engineer,28655760.96,2025-03-30,Affluent
C08403,Nam Phạm,Female,1985-04-26,Khanh Hoa,Student,8001315.91,2020-09-21,Mass
C08404,Duyên Mai,Male,1967-09-27,Hai Phong,Doctor,51964118.57,2025-01-14,Affluent
C08405,Thành Mai,Male,1980-09-18,Da Nang,Student,7376184.49,2018-08-02,Mass
C08406,Huy Văn Bùi,Male,1988-02-01,Ha Noi,Freelancer,18321713.55,2020-11-09,Mass
C08407,Nhật Xuân Bùi,Female,1984-05-18,Hue,Sales,8450017.08,2020-11-20,Mass
C08408,Lâm Mai,Male,1998-09-06,Ha Noi,Office Staff,30562299.9,2018-06-03,Affluent
C08409,Quý cô Phương Dương,Male,1997-03-04,Nam Dinh,Sales,20490866.34,2023-03-08,Mass
C08410,Duyên Dương,Male,2008-06-12,Nam Dinh,Student,130000440.88,2022-12-11,Premium
C08411,Quý ông Bảo Hoàng,Male,2005-03-29,Hue,Office Staff,8571721.86,2024-03-09,Mass
C08412,Bảo Thị Phạm,Female,2008-07-18,Binh Duong,Business Owner,9902008.34,2019-07-06,Mass
C08413,Bảo Hữu Phạm,Male,1974-03-05,Ha Noi,Engineer,111174371.48,2023-12-13,Premium
C08414,Quý ông Nhiên Lê,Male,2004-02-02,Khanh Hoa,Sales,47488727.34,2019-01-01,Affluent
C08415,Ông Vũ Nguyễn,Female,1977-08-10,Quang Ninh,Bank Employee,36109717.28,2022-04-23,Affluent
C08416,Anh Quang Trần,Male,1967-10-26,Ho Chi Minh City,Sales,15997846.08,2025-07-27,Mass
C08417,Quý cô Bảo Lê,Male,1982-12-20,Da Nang,Freelancer,9058686.23,2020-09-11,Mass
C08418,Hồng Mai,Male,1984-09-23,Thanh Hoa,Engineer,37351962.17,2020-11-17,Affluent
C08419,Bà Lâm Lê,Male,1985-02-25,Ho Chi Minh City,Business Owner,9443264.0,2023-06-07,Mass
C08420,Chị Dương Phạm,Female,1988-10-30,Hue,Doctor,27393057.67,2019-02-20,Affluent
C08421,Vi Lê,Female,2007-10-11,Ba Ria - Vung Tau,Doctor,47221034.15,2019-10-03,Affluent
C08422,Chị Thảo Vũ,Female,2007-07-29,Khanh Hoa,IT Specialist,12458734.12,2018-08-26,Mass
C08423,An Hữu Nguyễn,Male,1987-04-30,Hue,Engineer,13453021.2,2020-11-06,Mass
C08424,Khoa Đức Phạm,Female,1994-05-13,Hue,Freelancer,13194903.63,2022-02-05,Mass
C08425,Hồng Hoàng,Female,1984-11-09,Nghe An,Freelancer,43634036.79,2020-01-08,Affluent
C08426,Hoàng Hoàng Đặng,Male,1971-05-04,Hai Phong,Bank Employee,13025052.3,2020-01-29,Mass
C08427,Quý ông Dũng Lê,Female,1990-08-30,Binh Duong,Engineer,26664400.79,2020-09-18,Affluent
C08428,Vũ Lê,Female,1985-11-15,Quang Ninh,Business Owner,130597937.89,2025-08-28,Premium
C08429,Quang Mai Bảo Nguyễn,Female,1993-01-23,Ba Ria - Vung Tau,Student,14519913.13,2025-12-19,Mass
C08430,Vi Bùi,Male,1993-12-10,Thanh Hoa,Student,42804612.14,2024-06-11,Affluent
C08431,Anh Mai,Male,1980-05-22,Ba Ria - Vung Tau,Business Owner,143254294.28,2024-06-14,Premium
C08432,Khoa Mai Bảo Đặng,Other,1989-09-23,Ba Ria - Vung Tau,Office Staff,8338787.29,2021-06-21,Mass
C08433,Cô Hương Hoàng,Male,1996-12-27,Nam Dinh,Accountant,14779065.9,2024-07-03,Mass
C08434,Thảo Lê,Male,1964-05-14,Nghe An,Student,31599200.83,2023-08-23,Affluent
C08435,Quang Thế Lê,Female,1985-09-25,Ho Chi Minh City,IT Specialist,29622443.32,2023-05-14,Affluent
C08436,Linh Phạm,Male,2000-11-08,Ho Chi Minh City,IT Specialist,9470636.31,2020-11-09,Mass
C08437,Quý ông Khoa Lê,Female,2008-02-01,Ba Ria - Vung Tau,Doctor,19271145.43,2018-07-05,Mass
C08438,Dũng Văn Dương,Male,2008-05-11,Binh Duong,Teacher,10941542.34,2024-04-24,Mass
C08439,Phương Mai Mai,Male,2002-12-29,Thanh Hoa,Engineer,8805474.01,2024-01-14,Mass
C08440,An Xuân Nguyễn,Female,1975-05-04,Thanh Hoa,Accountant,37176177.21,2022-11-07,Affluent
C08441,Chị Lan Trần,Male,2001-03-10,Dong Nai,Office Staff,9762764.94,2018-12-01,Mass
C08442,Cô Xuân Dương,Female,1998-11-28,Bac Ninh,Sales,11818494.85,2020-11-02,Mass
C08443,Xuân Trần,Male,1988-12-12,Ho Chi Minh City,Bank Employee,23297774.02,2019-04-09,Mass
C08444,Tùng Hữu Bùi,Male,2007-12-07,Thanh Hoa,Office Staff,11854675.42,2021-12-25,Mass
C08445,Chị Vân Dương,Male,1994-02-15,Da Nang,Freelancer,16713196.79,2025-01-17,Mass
C08446,Anh Minh Dương,Male,1986-11-04,Hue,Student,41781628.11,2026-03-25,Affluent
C08447,Cô Thảo Lê,Female,1986-10-26,Binh Duong,Accountant,8659956.99,2025-06-02,Mass
C08448,Nhiên Đặng,Male,1977-05-17,Dong Nai,IT Specialist,15869251.46,2023-05-26,Mass
C08449,Bảo Đức Dương,Female,1980-08-10,Nam Dinh,Office Staff,18677586.26,2023-01-19,Mass
C08450,Hạnh Thế Trần,Female,1986-02-07,Ba Ria - Vung Tau,Office Staff,20151001.54,2022-02-04,Mass
C08451,An Hải Phạm,Other,1986-09-25,Can Tho,Engineer,11114339.75,2021-03-01,Mass
C08452,Cô Nhật Nguyễn,Male,1991-05-12,Ha Noi,Bank Employee,34750533.73,2024-12-18,Affluent
C08453,Linh Trần,Female,1995-12-31,Da Nang,IT Specialist,57106315.57,2019-06-26,Affluent
C08454,Lan Mai,Male,1986-11-16,Bac Ninh,IT Specialist,12404572.02,2020-12-30,Mass
C08455,Bác Dũng Trần,Female,1985-12-27,Nam Dinh,Sales,30000000.0,2021-10-11,Mass
C08456,Cô Bảo Lê,Female,2002-10-30,Thanh Hoa,Accountant,71318430.14,2026-06-11,Premium
C08457,Hương Dương,Female,2006-06-14,Bac Ninh,Sales,11061790.98,2020-01-23,Mass
C08458,Khoa Phú Vũ,Male,1988-04-16,Ha Noi,Freelancer,30439810.45,2020-06-02,Affluent
C08459,Kim Vũ,Female,1995-10-16,Thanh Hoa,Teacher,12613256.36,2026-03-25,Mass
C08460,Anh Vũ Nguyễn,Male,1996-01-05,Ho Chi Minh City,Student,13376082.03,2019-08-09,Mass
C08461,Thành Bùi,Male,1977-12-18,Da Nang,Bank Employee,15208695.16,2024-03-28,Mass
C08462,Quý cô Thành Nguyễn,Female,1980-12-25,Khanh Hoa,Business Owner,48478654.37,2019-10-08,Affluent
C08463,Thành Lê,Female,1986-11-08,Hue,Accountant,11351867.76,2022-08-06,Mass
C08464,Hải Mai Vũ,Female,1998-11-23,Nghe An,Office Staff,31124478.9,2020-02-07,Affluent
C08465,Phúc Nguyễn,Female,1996-02-22,Ho Chi Minh City,Business Owner,15502355.25,2019-12-08,Mass
C08466,Quý cô Ngọc Dương,Female,1986-12-01,Binh Duong,Business Owner,15314068.29,2022-01-16,Mass
C08467,Khoa Hoàng Phạm,Male,2003-01-27,Khanh Hoa,Accountant,53778454.17,2022-11-06,Affluent
C08468,Duyên Đặng,Male,1995-01-31,Thanh Hoa,IT Specialist,8165360.07,2020-11-14,Mass
C08469,Anh Quang Mai,Male,1995-01-24,Hai Phong,Accountant,270068757.24,2024-04-30,Premium
C08470,Quý cô Vân Nguyễn,Other,1994-12-06,Hai Phong,Accountant,10709410.97,2025-08-18,Mass
C08471,An Quang Vũ,Male,1993-04-15,Ha Noi,Bank Employee,11391751.21,2019-12-13,Mass
C08472,Bảo Trí Phạm,Male,1999-07-03,Da Nang,Office Staff,12616824.85,2024-10-19,Mass
C08473,Quý cô Nhật Trần,Male,1979-03-02,Khanh Hoa,IT Specialist,13395353.73,2023-05-22,Mass
C08474,Tùng Đặng,Female,2003-07-20,Bac Ninh,Office Staff,10637500.95,2018-07-08,Mass
C08475,Khoa Dương,Male,1997-08-30,Bac Ninh,Doctor,35560301.95,2026-05-29,Affluent
C08476,Hương Đặng,Male,1975-12-15,Ha Noi,Teacher,11390704.99,2026-08-24,Mass
C08477,Yến Trần,Male,1991-06-07,Quang Ninh,Accountant,22355722.67,2026-01-12,Mass
C08478,Nhật Mai Bảo Lê,Male,1981-05-16,Khanh Hoa,Business Owner,14670447.54,2018-01-16,Mass
C08479,Duyên Lê,Male,1969-03-28,Ho Chi Minh City,Freelancer,14244068.71,2024-11-06,Mass
C08480,Vũ Trí Nguyễn,Female,2008-07-30,Ho Chi Minh City,Student,16060127.78,2021-05-15,Mass
C08481,Phương Lê,Male,2008-05-17,Ha Noi,Doctor,14056831.83,2019-03-15,Mass
C08482,Hoàng Hải Phạm,Female,2007-12-20,Thanh Hoa,Freelancer,30425815.39,2020-12-13,Affluent
C08483,Quý cô An Vũ,Male,1995-04-03,Khanh Hoa,Sales,9164753.29,2018-12-03,Mass
C08484,Quý cô Duyên Đặng,Female,1994-09-18,Dong Nai,Doctor,47708833.89,2024-04-24,Affluent
C08485,Cô Thành Mai,Female,1998-09-01,Da Nang,Freelancer,124365714.8,2022-11-06,Premium
C08486,Dũng Đức Trần,Female,2000-11-04,Khanh Hoa,Business Owner,11229921.72,2024-06-08,Mass
C08487,Lâm Mai Trần,Female,1987-05-09,Binh Duong,Doctor,8466538.13,2020-05-01,Mass
C08488,Trọng Lê,Female,2005-03-31,Ba Ria - Vung Tau,Bank Employee,40565238.56,2021-03-21,Affluent
C08489,Xuân Dương,Female,1978-01-08,Nghe An,Business Owner,11672479.52,2023-04-26,Mass
C08490,Bảo Thế Trần,Female,1996-05-31,Nam Dinh,Bank Employee,12671977.2,2021-08-22,Mass
C08491,Phúc Vũ,Male,1990-06-01,Ha Noi,Student,13064812.39,2023-01-12,Mass
C08492,Anh Nhiên Bùi,Male,2008-07-21,Ho Chi Minh City,Engineer,65204498.99,2024-06-15,Premium
C08493,Quý cô Bảo Đặng,Male,2000-08-23,Hue,Teacher,12650671.79,2021-09-13,Mass
C08494,Phương Mai,Male,1988-07-15,Hue,IT Specialist,14992796.03,2019-08-20,Mass
C08495,Cô Lan Vũ,Male,1987-11-03,Ho Chi Minh City,Business Owner,7611417.14,2025-11-19,Mass
C08496,Quý ông Quang Bùi,Female,1974-10-19,Thanh Hoa,Teacher,18729092.36,2024-04-06,Mass
C08497,Quý ông Phúc Vũ,Female,2003-10-03,Thanh Hoa,Freelancer,38673694.87,2026-03-25,Affluent
C08498,Trung Vũ,Female,1996-10-26,Nghe An,Freelancer,36488869.11,2024-09-01,Affluent
C08499,Bà Ánh Vũ,Male,1979-07-11,Binh Duong,Government Employee,234442860.4,2022-12-18,Premium
C08500,Quý ông Phúc Hoàng,Male,1982-01-29,Thanh Hoa,Business Owner,13304918.87,2024-01-15,Mass
C08501,Thành Mai Bảo Trần,Male,1993-11-21,Hai Phong,Office Staff,12789875.16,2022-12-20,Mass
C08502,Thành Thế Phạm,Male,1976-07-14,Khanh Hoa,Accountant,34533692.25,2022-04-10,Affluent
C08503,Ánh Lê,Male,2000-05-09,Hai Phong,Student,6807433.64,2020-06-21,Mass
C08504,Vi Phạm,Male,1985-01-14,Ha Noi,Teacher,13084881.68,2018-03-24,Mass
C08505,Tùng Nguyễn,Male,1997-10-06,Ba Ria - Vung Tau,Office Staff,17184564.94,2019-02-23,Mass
C08506,Hoàng Vũ,Female,1995-07-26,Khanh Hoa,Business Owner,11447612.78,2025-09-20,Mass
C08507,Quý ông Hưng Nguyễn,Male,1991-09-05,Ba Ria - Vung Tau,Teacher,10612931.28,2022-11-29,Mass
C08508,Duyên Vũ,Female,1988-08-13,Nam Dinh,Freelancer,17956226.78,2022-01-04,Mass
C08509,Duyên Trần,Male,2003-08-21,Khanh Hoa,Doctor,14237633.4,2018-09-16,Mass
C08510,Nhật Phú Dương,Female,1989-09-18,Ba Ria - Vung Tau,Engineer,36652337.69,2023-09-25,Affluent
C08511,Quý cô Hồng Lê,Male,1981-03-17,Thanh Hoa,Doctor,101991467.32,2019-01-11,Premium
C08512,Phúc Bùi,Female,1985-02-02,Ha Noi,Student,15416822.3,2025-10-27,Mass
C08513,Nhật Trí Lê,Female,1995-10-27,Can Tho,IT Specialist,13324718.73,2020-02-20,Mass
C08514,Anh Trí Nguyễn,Male,1993-02-14,Da Nang,Accountant,94831105.65,2023-08-09,Premium
C08515,Quý cô Vi Hoàng,Other,1994-09-29,Quang Ninh,Engineer,40312926.84,2025-11-08,Affluent
C08516,Cô Duyên Trần,Other,1990-02-18,Bac Ninh,IT Specialist,13776952.15,2024-09-05,Mass
C08517,Hưng Trần,Male,1990-11-13,Ho Chi Minh City,Office Staff,6844629.26,2018-01-24,Mass
C08518,Hoàng Mai Phạm,Male,1990-05-08,Khanh Hoa,Teacher,12269848.78,2018-11-11,Mass
C08519,Nhật Trần,Female,1987-12-26,Khanh Hoa,Teacher,29289506.25,2019-10-15,Affluent
C08520,Anh Phúc Bùi,Female,2003-10-19,Ba Ria - Vung Tau,Business Owner,14932185.37,2018-01-01,Mass
C08521,Vũ Vũ,Male,1994-06-18,Nghe An,Accountant,12741215.66,2025-10-07,Mass
C08522,Bác Huy Hoàng,Female,1994-03-10,Ha Noi,Teacher,34936408.67,2021-07-06,Affluent
C08523,Xuân Nguyễn,Female,1995-05-17,Bac Ninh,Sales,8551249.34,2018-06-19,Mass
C08524,Phương Vũ,Female,1985-02-05,Hai Phong,Engineer,29207105.98,2025-12-23,Affluent
C08525,Chị Lâm Đặng,Female,1989-09-17,Nam Dinh,Sales,13853913.11,2021-07-17,Mass
C08526,Bảo Vũ,Female,1997-08-27,Can Tho,Engineer,7873846.34,2021-09-05,Mass
C08527,Chị Khoa Mai,Female,1963-11-23,Hue,Office Staff,29874835.34,2019-09-11,Affluent
C08528,Bà Duyên Bùi,Male,1983-12-02,Dong Nai,Doctor,62626413.27,2025-11-18,Affluent
C08529,Nhật Mai Bảo Dương,Female,1982-01-25,Thanh Hoa,Freelancer,10802219.98,2018-07-23,Mass
C08530,Thành Phạm,Female,1991-05-25,Ba Ria - Vung Tau,Government Employee,27263965.78,2021-09-23,Affluent
C08531,Vi Lê,Male,1981-04-26,Thanh Hoa,Sales,14630397.69,2021-01-24,Mass
C08532,Quý cô Bảo Vũ,Male,1996-04-26,Hue,Business Owner,25602643.79,2022-05-04,Affluent
C08533,Anh Thành Đặng,Female,2005-05-18,Ho Chi Minh City,Student,16948622.31,2022-08-27,Mass
C08534,Ngọc Phạm,Female,1989-01-25,Da Nang,Business Owner,37331722.05,2026-04-14,Affluent
C08535,Cô Khoa Nguyễn,Female,2000-01-19,Dong Nai,IT Specialist,7189923.73,2019-04-20,Mass
C08536,Hồng Vũ,Male,1979-12-25,Binh Duong,Engineer,12177869.3,2022-02-20,Mass
C08537,Quý ông Vũ Vũ,Female,1981-09-25,Hai Phong,Freelancer,10483787.91,2021-09-14,Mass
C08538,Hoàng Dương,Male,1993-01-25,Ha Noi,Government Employee,15402980.22,2023-07-08,Mass
C08539,Anh Dũng Đặng,Female,1982-03-24,Binh Duong,Sales,44461237.77,2020-12-11,Affluent
C08540,Hưng Vũ,Male,1994-05-07,Hai Phong,Business Owner,42085877.49,2021-02-16,Affluent
C08541,Chị Hà Bùi,Female,1977-11-21,Ba Ria - Vung Tau,Business Owner,33917003.2,2026-05-25,Affluent
C08542,Anh Hưng Bùi,Male,1995-11-14,Ha Noi,Government Employee,19199194.23,2025-11-07,Mass
C08543,Bác Anh Hoàng,Male,1998-09-09,Hai Phong,Sales,42274793.52,2020-07-20,Affluent
C08544,Chị Thảo Phạm,Male,1991-01-14,Ho Chi Minh City,Accountant,60000000.0,2019-12-26,Premium
C08545,Khoa Văn Vũ,Male,1978-05-30,Ba Ria - Vung Tau,Freelancer,60000000.0,2022-12-25,Premium
C08546,Trung Xuân Đặng,Male,2008-07-17,Nam Dinh,Engineer,14432349.46,2024-04-26,Mass
C08547,Quý cô Phương Phạm,Female,1985-08-06,Nam Dinh,Teacher,28906720.29,2018-01-23,Affluent
C08548,Bảo Hoàng Phạm,Male,1989-03-22,Ho Chi Minh City,Government Employee,4947617.43,2025-04-30,Mass
C08549,Lâm Phạm,Male,1983-02-28,Nghe An,Engineer,37722838.53,2020-06-19,Affluent
C08550,Xuân Dương,Male,1990-12-12,Thanh Hoa,Teacher,12087854.26,2020-07-13,Mass
C08551,Bà Linh Phạm,Female,1984-11-05,Dong Nai,IT Specialist,11879225.48,2026-04-08,Mass
C08552,Cô Lan Phạm,Male,2008-09-04,Da Nang,Business Owner,25883946.02,2023-02-24,Mass
C08553,Hạnh Đức Lê,Female,1977-04-24,Ha Noi,Office Staff,23804262.54,2022-11-07,Affluent
C08554,Bà Nhật Vũ,Male,1993-10-15,Binh Duong,IT Specialist,11048500.12,2019-03-31,Mass
C08555,Dương Hoàng,Female,1979-01-05,Ba Ria - Vung Tau,Office Staff,5635931.96,2023-01-13,Mass
C08556,Trung Mai Lê,Female,1995-12-23,Nam Dinh,Teacher,6479762.73,2022-02-15,Mass
C08557,Mai Phạm,Male,1994-02-21,Hai Phong,Government Employee,10170906.46,2023-06-03,Mass
C08558,Hưng Tấn Trần,Male,1990-09-10,Hue,Accountant,9710430.43,2025-09-19,Mass
C08559,An Trí Phạm,Male,1999-07-12,Dong Nai,Teacher,14906338.0,2020-08-10,Mass
C08560,Bà Hà Nguyễn,Male,1985-08-05,Nam Dinh,Doctor,14554439.54,2025-02-14,Mass
C08561,Ông Quang Đặng,Female,1992-07-17,Hai Phong,Sales,9823703.07,2019-12-25,Mass
C08562,Tùng Mai Bảo Nguyễn,Female,1991-11-19,Thanh Hoa,Government Employee,14300769.89,2022-09-28,Mass
C08563,Hưng Vũ,Female,2008-02-04,Ba Ria - Vung Tau,Business Owner,39392744.15,2018-08-11,Affluent
C08564,Chị Hải Vũ,Female,1986-10-22,Khanh Hoa,Engineer,12263893.61,2026-08-22,Mass
C08565,Thành Thế Trần,Male,1991-12-04,Khanh Hoa,Business Owner,20000000.0,2025-09-19,Affluent
C08566,Khoa Hoàng,Male,1995-03-16,Khanh Hoa,Student,59870247.26,2024-01-19,Affluent
C08567,Bà Thành Trần,Male,1990-07-05,Ho Chi Minh City,Teacher,10776363.88,2022-07-17,Mass
C08568,Bà Lâm Mai,Female,1990-09-02,Nghe An,Doctor,13586506.81,2026-05-02,Mass
C08569,Chi Mai,Male,1982-12-23,Nghe An,Office Staff,11076199.23,2023-07-04,Mass
C08570,Khoa Trần,Female,1986-09-15,Dong Nai,Engineer,57878344.69,2025-04-12,Affluent
C08571,Bà Xuân Nguyễn,Male,1979-09-12,Can Tho,Bank Employee,27221625.85,2020-09-13,Mass
C08572,Quang Thế Hoàng,Male,1998-06-08,Ba Ria - Vung Tau,Sales,57870335.54,2024-12-10,Affluent
C08573,Vũ Hoàng,Male,1998-11-17,Hai Phong,Sales,13580769.72,2022-11-30,Mass
C08574,Ông Dũng Dương,Female,1982-08-27,Hue,Student,10035558.47,2024-06-03,Mass
C08575,Quang Mai Bảo Trần,Male,1990-04-09,Nghe An,Accountant,45992870.36,2026-05-15,Affluent
C08576,Kim Hải Lê,Male,1998-09-04,Quang Ninh,Sales,21524479.32,2022-03-19,Mass
C08577,Bà Kim Phạm,Female,2006-06-25,Ba Ria - Vung Tau,Teacher,62630695.06,2024-12-09,Affluent
C08578,Ánh Bùi,Male,1979-04-22,Binh Duong,Business Owner,11629008.37,2024-03-01,Mass
C08579,Nhật Bùi,Other,1995-09-22,Hue,Freelancer,10048735.02,2024-11-13,Mass
C08580,Cô Hải Mai,Male,1992-02-08,Binh Duong,Doctor,34494479.72,2025-04-14,Affluent
C08581,Huy Hải Đặng,Female,1977-01-25,Ba Ria - Vung Tau,Engineer,63177251.49,2024-01-04,Affluent
C08582,Cô An Dương,Female,1987-11-13,Ba Ria - Vung Tau,Business Owner,27157670.11,2026-06-19,Affluent
C08583,Hà Tấn Nguyễn,Male,1997-09-05,Ho Chi Minh City,Office Staff,11255139.57,2021-08-14,Mass
C08584,Hoàng Nguyễn,Female,2002-01-10,Nam Dinh,Doctor,24573426.63,2026-06-21,Affluent
C08585,Trọng Hữu Mai,Female,1966-12-25,Bac Ninh,Office Staff,38326138.06,2021-02-07,Affluent
C08586,Huy Mai Dương,Male,2000-06-07,Can Tho,Sales,44715899.53,2026-01-05,Affluent
C08587,Hạnh Phạm,Male,2002-10-03,Nghe An,Freelancer,8176812.73,2025-01-19,Mass
C08588,Quý cô Ngọc Mai,Female,1999-09-12,Hue,Business Owner,21412744.84,2025-08-30,Mass
C08589,Yến Hoàng,Male,1993-03-26,Khanh Hoa,Office Staff,5105453.1,2023-03-30,Mass
C08590,Hương Nguyễn,Female,1977-09-10,Ho Chi Minh City,Sales,31926412.72,2020-09-20,Affluent
C08591,Hạnh Bùi,Male,2008-02-01,Ha Noi,Teacher,10740991.78,2023-12-10,Mass
C08592,An Phạm,Female,1985-07-15,Binh Duong,IT Specialist,13822861.59,2022-02-17,Mass
C08593,Quý cô Phương Mai,Male,1971-07-04,Ha Noi,Bank Employee,71098272.59,2018-07-15,Premium
C08594,Phương Hoàng,Male,1989-11-15,Dong Nai,Office Staff,28374114.77,2019-04-30,Affluent
C08595,Cô Thảo Bùi,Female,2006-12-24,Ba Ria - Vung Tau,Sales,45650121.71,2021-09-07,Affluent
C08596,Kim Phạm,Male,1985-06-19,Ba Ria - Vung Tau,Government Employee,13252604.61,2018-01-01,Mass
C08597,Kim Mai,Female,1986-07-04,Thanh Hoa,Business Owner,9440332.02,2019-10-18,Mass
C08598,Bác Vũ Mai,Female,2002-01-17,Da Nang,Office Staff,12159165.29,2021-11-11,Mass
C08599,Huy Thị Đặng,Male,1978-07-04,Ha Noi,Sales,21067543.79,2024-01-06,Mass
C08600,Dương Hoàng,Male,1982-04-25,Binh Duong,Sales,35307675.96,2019-04-25,Affluent
C08601,Thành Hữu Mai,Male,1988-07-15,Nam Dinh,IT Specialist,12048793.14,2022-11-28,Mass
C08602,Quý cô Nhật Lê,Female,2002-01-31,Ho Chi Minh City,Sales,12103966.78,2022-01-20,Mass
C08603,Ngọc Dương,Male,2004-11-15,Can Tho,Student,11490029.06,2023-12-14,Mass
C08604,Quý cô Bảo Nguyễn,Female,1973-08-24,Nghe An,Office Staff,16005099.3,2019-01-15,Mass
C08605,Hải Vũ,Female,2001-08-09,Quang Ninh,Office Staff,97144402.6,2018-01-14,Premium
C08606,Anh Trung Dương,Female,1999-11-12,Ba Ria - Vung Tau,Office Staff,97530454.07,2026-03-30,Premium
C08607,Bà Hồng Vũ,Female,1979-09-02,Da Nang,Accountant,15081358.25,2020-05-21,Mass
C08608,Chi Mai,Male,1963-07-24,Thanh Hoa,Accountant,50053442.38,2019-08-19,Affluent
C08609,Cô Vân Phạm,Female,1988-03-22,Nghe An,Freelancer,42883753.75,2024-07-19,Affluent
C08610,Vi Bùi,Male,1993-06-09,Nghe An,IT Specialist,24955563.6,2020-04-11,Affluent
C08611,Bác Tú Vũ,Male,1976-07-21,Ho Chi Minh City,Sales,17082484.95,2020-04-14,Mass
C08612,Khoa Hoàng Bùi,Female,1993-03-24,Ha Noi,Sales,13207490.86,2022-08-13,Mass
C08613,Ông Anh Bùi,Female,1977-02-24,Hai Phong,Teacher,16137240.07,2019-05-20,Mass
C08614,Bác Nhiên Nguyễn,Male,2007-06-16,Khanh Hoa,Business Owner,13068093.61,2019-07-15,Mass
C08615,Kim Bảo Dương,Female,1992-01-02,Binh Duong,Engineer,17715799.96,2022-10-29,Mass
C08616,Vũ Tấn Dương,Male,1979-05-12,Binh Duong,Doctor,19037665.08,2020-04-30,Mass
C08617,Hà Bùi,Female,2003-04-04,Ho Chi Minh City,Student,9119980.02,2025-05-18,Mass
C08618,Quang Bùi,Male,1978-04-28,Can Tho,Freelancer,78926091.18,2021-02-20,Premium
C08619,Linh Hoàng,Male,2007-02-26,Nghe An,Engineer,14458976.32,2026-06-16,Mass
C08620,Thành Hoàng Vũ,Female,1997-04-21,Hai Phong,Business Owner,22450961.0,2020-08-11,Mass
C08621,Cô Vân Nguyễn,Female,1987-08-10,Nghe An,IT Specialist,12692323.99,2024-06-29,Mass
C08622,Anh Nhiên Lê,Male,1995-03-06,Dong Nai,Doctor,20940791.78,2025-07-22,Mass
C08623,Yến Nguyễn,Female,1987-07-31,Bac Ninh,Office Staff,10401310.61,2020-05-10,Mass
C08624,Bà Phương Đặng,Male,1999-06-10,Can Tho,Government Employee,11695347.12,2026-07-06,Mass
C08625,Thành Hoàng Phạm,Male,2000-10-27,Khanh Hoa,Accountant,17201795.27,2019-08-18,Mass
C08626,Quý ông Châu Phạm,Male,2007-11-21,Can Tho,Student,11428117.2,2023-07-24,Mass
C08627,Dương Phạm,Male,1984-10-02,Ha Noi,Business Owner,13526469.19,2024-02-16,Mass
C08628,Kim Dương,Female,1998-03-21,Hue,Government Employee,15119679.86,2018-06-14,Mass
C08629,Ông Nhiên Lê,Female,1999-11-02,Quang Ninh,Accountant,11906351.77,2019-10-19,Mass
C08630,Hà Phú Vũ,Male,1983-02-03,Can Tho,Government Employee,14110597.67,2022-10-14,Mass
C08631,Anh Nam Trần,Male,1998-01-17,Ha Noi,Sales,18247530.04,2023-06-12,Mass
C08632,Bà Hải Nguyễn,Male,1990-09-04,Binh Duong,Government Employee,43739285.71,2019-08-27,Affluent
C08633,Bà Hạnh Đặng,Male,1974-09-15,Khanh Hoa,IT Specialist,17743847.6,2024-10-29,Mass
C08634,Nam Thị Đặng,Female,1977-12-13,Nghe An,Teacher,12837166.87,2023-08-10,Mass
C08635,Nhiên Nguyễn,Male,1981-10-19,Thanh Hoa,Sales,12931490.37,2025-10-07,Mass
C08636,Dương Hoàng,Female,2004-07-21,Hai Phong,Office Staff,13341333.22,2025-05-28,Mass
C08637,Quý cô Hồng Dương,Female,1987-11-03,Binh Duong,Accountant,41698571.43,2022-07-12,Affluent
C08638,Quý cô Lan Vũ,Male,1991-10-17,Quang Ninh,Government Employee,9192585.22,2018-10-06,Mass
C08639,Hà Hữu Phạm,Female,1982-12-31,Khanh Hoa,Accountant,7578091.21,2022-03-30,Mass
C08640,Mai Vũ,Female,1974-03-17,Binh Duong,Government Employee,11066365.01,2023-11-15,Mass
C08641,Chị Vi Nguyễn,Male,1988-07-14,Thanh Hoa,Freelancer,14590957.73,2026-02-25,Mass
C08642,Ngọc Hoàng,Female,1984-03-29,Quang Ninh,Government Employee,7328436.16,2022-03-26,Mass
C08643,Hạnh Phạm,Male,1981-09-24,Hue,Government Employee,38332350.87,2025-08-07,Affluent
C08644,Phúc Thế Hoàng,Male,1997-07-25,Quang Ninh,Bank Employee,9230592.29,2025-06-20,Mass
C08645,Cô Chi Vũ,Female,1994-02-11,Khanh Hoa,IT Specialist,7616729.36,2019-05-21,Mass
C08646,Nhật Hoàng,Male,1972-09-06,Nghe An,Doctor,20187419.5,2026-02-17,Mass
C08647,Thành Đức Bùi,Male,1985-12-29,Ba Ria - Vung Tau,Sales,32731192.97,2020-11-24,Affluent
C08648,Bảo Mai Bảo Phạm,Male,1993-01-04,Thanh Hoa,Government Employee,15646224.58,2021-01-17,Mass
C08649,Tú Hữu Lê,Female,1971-01-08,Bac Ninh,Doctor,9828317.81,2021-07-27,Mass
C08650,Bà Bảo Dương,Female,2002-10-11,Thanh Hoa,Student,20626587.95,2022-05-04,Mass
C08651,Thành Thị Nguyễn,Male,2008-08-08,Bac Ninh,Engineer,8431046.18,2023-08-28,Mass
C08652,Chị Lâm Nguyễn,Female,1993-02-28,Can Tho,Accountant,21916023.18,2022-08-27,Affluent
C08653,Chị Hạnh Nguyễn,Male,1978-04-26,Ba Ria - Vung Tau,Bank Employee,16196958.77,2024-06-25,Mass
C08654,Thành Mai Dương,Male,1996-10-16,Nam Dinh,Doctor,18779607.83,2023-12-16,Mass
C08655,Bảo Đặng,Female,1974-12-27,Ha Noi,Student,11533973.79,2023-11-17,Mass
C08656,Hải Đặng,Male,1994-11-08,Dong Nai,Sales,68939455.98,2020-09-14,Affluent
C08657,Ánh Vũ,Male,1983-08-02,Hue,Student,37797594.29,2023-11-25,Affluent
C08658,Phương Lê,Female,1976-09-25,Nam Dinh,Engineer,13337536.75,2021-08-03,Mass
C08659,Linh Trần,Male,1995-11-11,Hai Phong,Doctor,12341438.28,2022-12-06,Mass
C08660,Kim Bảo Nguyễn,Male,1979-08-28,Nam Dinh,Teacher,60000000.0,2019-05-05,Premium
C08661,Bảo Phạm,Female,1993-10-25,Da Nang,Accountant,173884823.38,2021-01-11,Premium
C08662,Quý cô Phương Mai,Male,1995-11-28,Nam Dinh,Student,20615529.4,2020-03-15,Mass
C08663,Anh Dương,Female,1975-01-26,Nghe An,Teacher,11727909.86,2026-02-06,Mass
C08664,Duyên Mai,Female,1997-04-04,Ho Chi Minh City,Freelancer,10851800.86,2022-11-16,Mass
C08665,Lâm Bảo Trần,Male,1961-01-13,Nam Dinh,Office Staff,61416307.57,2022-12-10,Affluent
C08666,Hoàng Mai Bảo Bùi,Female,1989-03-12,Nam Dinh,Office Staff,29163035.39,2021-09-22,Affluent
C08667,Tùng Thế Vũ,Male,1989-05-06,Hue,Accountant,13069040.0,2024-09-23,Mass
C08668,Hoàng Nguyễn,Female,2004-01-25,Nghe An,Bank Employee,12340926.47,2022-10-17,Mass
C08669,Chị Hạnh Mai,Male,1976-08-03,Da Nang,Sales,6392540.8,2021-05-16,Mass
C08670,Bà Phương Mai,Male,1981-04-17,Nghe An,Accountant,19415776.15,2019-12-16,Mass
C08671,Lâm Quang Phạm,Female,1996-12-12,Khanh Hoa,Office Staff,196928454.82,2019-10-26,Premium
C08672,Anh Bảo Trần,Male,1998-02-28,Thanh Hoa,Freelancer,14003195.89,2022-11-11,Mass
C08673,Quang Nguyễn,Female,1994-08-13,Da Nang,Business Owner,10777470.87,2023-10-18,Mass
C08674,Cô Ánh Trần,Male,1997-06-04,Nghe An,Accountant,15323813.68,2023-11-23,Mass
C08675,Yến Lê,Male,1981-06-06,Khanh Hoa,Teacher,34330061.59,2024-01-07,Affluent
C08676,Hải Hữu Hoàng,Female,2004-11-23,Nghe An,Accountant,13818609.64,2022-01-06,Mass
C08677,Hạnh Trần,Female,1986-05-28,Hue,Bank Employee,11123460.05,2022-09-22,Mass
C08678,Quý cô Ngọc Bùi,Male,1970-03-11,Ba Ria - Vung Tau,Accountant,60000000.0,2018-09-05,Premium
C08679,An Vũ,Male,2008-03-07,Da Nang,IT Specialist,9291634.09,2024-03-21,Mass
C08680,Ông Minh Hoàng,Male,1983-04-29,Bac Ninh,IT Specialist,8292579.07,2018-11-21,Mass
C08681,Hà Hoàng,Female,2000-12-08,Quang Ninh,Accountant,16739381.51,2020-08-07,Mass
C08682,Bà Kim Hoàng,Female,1985-10-02,Ho Chi Minh City,Accountant,13692907.09,2026-03-09,Mass
C08683,Bà Nhật Dương,Male,1982-02-28,Hue,Business Owner,30808486.12,2025-02-20,Affluent
C08684,Phương Hoàng Vũ,Female,1994-12-07,Dong Nai,Accountant,15931995.7,2024-10-13,Mass
C08685,An Phạm,Female,2004-12-13,Ba Ria - Vung Tau,Engineer,5668671.03,2024-09-12,Mass
C08686,Vũ Vũ,Male,1995-03-16,Da Nang,Bank Employee,16621753.69,2021-08-16,Mass
C08687,Lâm Trần,Male,1988-04-27,Ba Ria - Vung Tau,Student,16199148.45,2018-08-12,Mass
C08688,Hà Mai,Male,2008-01-07,Binh Duong,Business Owner,38474554.63,2019-06-18,Affluent
C08689,Hạnh Nguyễn,Female,1983-01-27,Can Tho,Business Owner,23338604.49,2025-04-19,Affluent
C08690,Vũ Hải Lê,Female,1981-10-03,Ba Ria - Vung Tau,Bank Employee,11540643.66,2026-01-03,Mass
C08691,Tú Mai Hoàng,Male,1956-11-05,Ho Chi Minh City,Government Employee,5600601.63,2023-02-18,Mass
C08692,Thảo Vũ,Female,1975-06-28,Ha Noi,IT Specialist,31096666.67,2020-03-23,Affluent
C08693,Ông Minh Đặng,Male,2008-03-02,Hue,Sales,29882156.16,2022-06-26,Affluent
C08694,An Đức Nguyễn,Female,1987-08-11,Ha Noi,Student,17253585.62,2025-01-13,Mass
C08695,Nhật Đức Vũ,Female,1971-11-01,Hue,Engineer,53619670.52,2023-07-20,Affluent
C08696,Anh Vũ Nguyễn,Male,2000-10-23,Ba Ria - Vung Tau,Business Owner,17822546.13,2019-08-25,Mass
C08697,Cô Thảo Đặng,Male,1986-09-23,Hue,Business Owner,9542882.54,2023-02-21,Mass
C08698,Hạnh Tấn Dương,Other,1993-05-24,Bac Ninh,Business Owner,28286799.97,2025-04-01,Affluent
C08699,Chị Nhật Đặng,Male,1989-10-25,Hue,Sales,9295462.62,2022-11-01,Mass
C08700,Bác Hưng Dương,Female,2002-04-01,Ha Noi,Sales,121124366.14,2021-03-11,Premium
C08701,Nam Phạm,Female,1984-01-27,Ho Chi Minh City,Business Owner,11237402.23,2022-08-12,Mass
C08702,Quý cô Thảo Vũ,Male,1975-01-20,Da Nang,Student,10954561.5,2021-12-14,Mass
C08703,Ông Trọng Phạm,Male,1993-12-25,Nghe An,Student,15120898.5,2022-01-11,Mass
C08704,Cô Yến Phạm,Female,1991-12-20,Thanh Hoa,Sales,12361488.27,2026-04-15,Mass
C08705,Nhật Thế Trần,Male,2008-05-18,Can Tho,Engineer,12070376.58,2021-08-16,Mass
C08706,Quý cô Hạnh Trần,Male,2008-01-01,Can Tho,Teacher,24265677.18,2018-07-23,Affluent
C08707,Ánh Bùi,Female,2005-08-10,Hue,Business Owner,25599507.56,2018-03-25,Affluent
C08708,Mai Lê,Female,1997-05-28,Ho Chi Minh City,Teacher,10121220.25,2023-07-21,Mass
C08709,Nhật Phú Phạm,Male,1983-05-16,Nam Dinh,Bank Employee,37414727.33,2020-07-19,Affluent
C08710,Nhật Mai,Male,2008-07-16,Khanh Hoa,Student,12354986.82,2025-08-13,Mass
C08711,Linh Dương,Male,1987-02-27,Ba Ria - Vung Tau,IT Specialist,10696412.12,2026-03-16,Mass
C08712,Lâm Quang Nguyễn,Male,1990-10-06,Ha Noi,Business Owner,107909642.79,2023-04-20,Premium
C08713,An Mai,Female,1982-07-31,Nam Dinh,Bank Employee,6915039.34,2022-05-31,Mass
C08714,Hải Tấn Vũ,Female,1992-11-19,Thanh Hoa,Teacher,55028371.13,2026-04-14,Affluent
C08715,Hà Xuân Đặng,Female,1975-06-21,Ho Chi Minh City,Business Owner,16163159.93,2018-02-11,Mass
C08716,Quý cô Ngọc Bùi,Male,1984-11-17,Ba Ria - Vung Tau,Bank Employee,57497328.51,2018-03-31,Affluent
C08717,Nam Nguyễn,Male,1968-12-19,Thanh Hoa,Government Employee,11469928.0,2019-12-13,Mass
C08718,Bảo Vũ,Female,2001-07-08,Khanh Hoa,Freelancer,10916815.85,2022-04-03,Mass
C08719,Nhật Thế Mai,Female,1956-08-05,Hai Phong,Teacher,6928420.95,2022-10-02,Mass
C08720,Hải Đức Mai,Male,1996-04-06,Khanh Hoa,IT Specialist,60000000.0,2018-07-26,Premium
C08721,Minh Trần,Female,1989-07-03,Nam Dinh,Government Employee,7877139.18,2018-01-08,Mass
C08722,Ông Quang Bùi,Male,1992-03-30,Thanh Hoa,Freelancer,6064022.41,2018-12-29,Mass
C08723,An Nguyễn,Male,1984-01-08,Can Tho,Business Owner,18406934.89,2025-08-11,Mass
C08724,Quý ông Nam Trần,Female,1995-03-23,Da Nang,Engineer,11445666.05,2026-08-23,Mass
C08725,Quý ông Quang Dương,Male,1992-06-20,Ba Ria - Vung Tau,Business Owner,12784396.27,2026-01-14,Mass
C08726,Nhiên Thế Hoàng,Female,1990-10-14,Ha Noi,Government Employee,44070170.48,2022-08-25,Affluent
C08727,Chị Ánh Nguyễn,Female,1977-06-18,Hai Phong,Student,9024848.54,2021-09-08,Mass
C08728,Ông Tú Trần,Female,1994-05-06,Bac Ninh,Sales,143425819.69,2024-01-21,Premium
C08729,Ông Nhiên Bùi,Female,2005-10-29,Ba Ria - Vung Tau,Business Owner,20000000.0,2024-12-11,Affluent
C08730,Ngọc Vũ,Male,1988-02-05,Bac Ninh,Student,40619651.83,2019-05-21,Affluent
C08731,Lan Trần,Male,1998-07-10,Hai Phong,Bank Employee,9799964.67,2018-10-20,Mass
C08732,Khoa Vũ,Male,1999-04-27,Ho Chi Minh City,Teacher,8859433.43,2025-05-27,Mass
C08733,Thành Đặng,Female,1983-04-25,Nam Dinh,Business Owner,24561950.44,2024-03-17,Affluent
C08734,Nhật Đức Phạm,Female,1993-06-13,Dong Nai,IT Specialist,8741125.8,2023-02-10,Mass
C08735,Chị Dương Mai,Male,2007-08-31,Da Nang,Office Staff,16272377.05,2024-12-21,Mass
C08736,Nhiên Bùi,Male,1995-11-06,Can Tho,Office Staff,12818131.32,2019-06-18,Mass
C08737,Quang Xuân Phạm,Male,2007-06-10,Quang Ninh,IT Specialist,9255591.37,2020-11-11,Mass
C08738,Nhật Nguyễn,Female,1982-06-24,Quang Ninh,Accountant,29679354.2,2019-09-19,Mass
C08739,Chị Linh Phạm,Male,2008-01-19,Khanh Hoa,Government Employee,11184388.49,2026-04-14,Mass
C08740,Xuân Nguyễn,Female,1986-01-31,Nghe An,Freelancer,78157820.69,2026-04-30,Premium
C08741,Trọng Hoàng,Female,1981-06-04,Thanh Hoa,Freelancer,26986271.14,2023-08-05,Affluent
C08742,Quý cô Hải Bùi,Female,1989-04-18,Quang Ninh,Student,81153418.94,2020-02-21,Premium
C08743,Trung Hữu Trần,Female,1976-11-22,Hue,Doctor,9470475.09,2019-03-22,Mass
C08744,Quý ông Quang Trần,Female,1994-05-02,Da Nang,Business Owner,16708169.86,2025-08-12,Mass
C08745,Anh Nhiên Vũ,Female,2001-12-25,Ho Chi Minh City,Doctor,102788163.84,2022-01-24,Premium
C08746,Nhật Trí Vũ,Male,2007-12-12,Quang Ninh,Government Employee,8199965.44,2019-08-25,Mass
C08747,Anh Trung Mai,Female,1986-09-25,Hai Phong,Accountant,26001099.06,2021-12-12,Affluent
C08748,Minh Hữu Đặng,Male,1995-11-28,Can Tho,Freelancer,14260406.07,2023-05-27,Mass
C08749,Chị Ánh Dương,Female,1997-02-15,Binh Duong,Government Employee,44799665.97,2023-07-17,Affluent
C08750,Phương Mai Trần,Female,1988-04-02,Ho Chi Minh City,Sales,39887101.27,2020-03-01,Affluent
C08751,Vũ Phạm,Female,1977-08-31,Ho Chi Minh City,IT Specialist,13421323.15,2020-07-21,Mass
C08752,Nhiên Phạm,Male,1973-11-01,Bac Ninh,Bank Employee,16508055.09,2023-07-21,Mass
C08753,Nhật Hoàng,Male,1996-03-19,Ba Ria - Vung Tau,Engineer,18868775.69,2022-09-29,Mass
C08754,Nhật Thị Bùi,Female,1988-02-09,Hue,Sales,10451742.93,2019-08-07,Mass
C08755,Linh Đặng,Male,1987-09-24,Dong Nai,Office Staff,48864253.1,2019-12-04,Affluent
C08756,Nhật Phạm,Female,1985-03-01,Nam Dinh,Bank Employee,22708609.85,2024-04-25,Mass
C08757,Bảo Trí Trần,Male,1979-01-12,Ho Chi Minh City,IT Specialist,14411300.58,2018-01-21,Mass
C08758,Kim Lê,Male,2001-11-09,Quang Ninh,Sales,11268376.58,2025-04-23,Mass
C08759,Nam Hữu Hoàng,Male,1989-11-05,Dong Nai,Accountant,15313391.01,2024-11-20,Mass
C08760,Bà Vi Vũ,Female,1983-04-19,Ba Ria - Vung Tau,Doctor,36826223.43,2022-04-19,Affluent
C08761,Hạnh Hữu Phạm,Female,1989-06-19,Quang Ninh,Student,15441621.57,2025-02-08,Mass
C08762,Ông Tú Vũ,Female,1999-10-16,Quang Ninh,Student,58206836.14,2023-08-02,Affluent
C08763,Quang Mai Bảo Nguyễn,Male,2008-03-15,Dong Nai,Teacher,19971374.41,2023-10-13,Mass
C08764,Chị Thảo Lê,Female,1991-02-02,Da Nang,Doctor,17044193.44,2026-05-18,Mass
C08765,Ông Tùng Bùi,Female,1986-07-13,Ho Chi Minh City,Business Owner,38828650.33,2020-04-25,Affluent
C08766,Nhật Trí Đặng,Female,1984-07-28,Binh Duong,Bank Employee,15927953.56,2021-08-24,Mass
C08767,Hoàng Thị Đặng,Male,1994-06-26,Can Tho,Engineer,17237484.53,2025-04-20,Mass
C08768,Duyên Lê,Male,2001-10-31,Khanh Hoa,Business Owner,34944073.71,2019-04-17,Affluent
C08769,An Văn Nguyễn,Female,1980-12-20,Hue,Bank Employee,16999140.82,2025-08-11,Mass
C08770,Hà Nguyễn,Female,1984-11-05,Hue,Teacher,10456452.97,2025-07-03,Mass
C08771,Thành Bùi,Male,1981-05-16,Ha Noi,Freelancer,76510171.31,2026-01-14,Premium
C08772,Kim Trần,Female,1971-01-29,Thanh Hoa,Bank Employee,11649599.9,2021-12-24,Mass
C08773,Anh Tùng Vũ,Male,2007-06-04,Ho Chi Minh City,Bank Employee,7899246.98,2021-09-19,Mass
C08774,Trọng Mai,Male,1990-02-18,Ha Noi,Sales,12601873.52,2024-01-28,Mass
C08775,Bảo Trần,Male,1969-08-24,Ho Chi Minh City,Engineer,25630889.88,2020-02-24,Affluent
C08776,Cô Ngọc Mai,Male,1990-01-04,Hue,IT Specialist,8282204.34,2018-03-19,Mass
C08777,Chị Phương Vũ,Male,1995-12-10,Hai Phong,Business Owner,21634664.37,2026-04-27,Mass
C08778,Khoa Thị Mai,Male,2003-02-23,Ba Ria - Vung Tau,Engineer,14737149.73,2022-07-07,Mass
C08779,Nhật Trí Phạm,Female,1985-10-18,Hue,Office Staff,99037801.98,2026-01-27,Premium
C08780,Cô Ngọc Vũ,Male,1985-05-19,Bac Ninh,Business Owner,62875842.83,2026-08-15,Premium
C08781,Minh Trần,Male,1972-07-05,Hue,Bank Employee,23537680.75,2023-02-01,Mass
C08782,Quý ông Quang Bùi,Male,1990-05-01,Thanh Hoa,Sales,28022108.71,2025-03-16,Mass
C08783,Dũng Bảo Trần,Female,1995-03-14,Da Nang,Student,13805372.77,2020-02-28,Mass
C08784,Chị Hà Mai,Female,1974-12-10,Ho Chi Minh City,IT Specialist,10219064.95,2021-05-17,Mass
C08785,Chị An Bùi,Male,2006-08-30,Da Nang,Office Staff,6826456.17,2021-08-21,Mass
C08786,Cô Vân Bùi,Female,1968-07-23,Bac Ninh,Doctor,9971669.5,2021-05-01,Mass
C08787,Tú Dương,Female,1993-02-26,Dong Nai,Student,8129010.63,2021-06-26,Mass
C08788,Hà Hải Nguyễn,Female,1979-11-15,Ha Noi,Accountant,27684705.25,2022-03-17,Affluent
C08789,Chị Kim Vũ,Female,1996-04-13,Bac Ninh,IT Specialist,13326290.28,2018-02-21,Mass
C08790,Nhật Bùi,Male,2002-05-02,Quang Ninh,Government Employee,11272913.98,2023-07-04,Mass
C08791,Quý cô Vân Phạm,Female,1975-09-02,Ho Chi Minh City,Accountant,13940463.98,2020-04-09,Mass
C08792,Trọng Quang Bùi,Male,1988-12-13,Dong Nai,Bank Employee,12937231.25,2021-12-11,Mass
C08793,Quý ông Anh Nguyễn,Female,1995-01-30,Hai Phong,Office Staff,24132511.63,2019-05-14,Mass
C08794,Chị Mai Hoàng,Male,1999-09-04,Bac Ninh,Accountant,37286297.88,2023-02-26,Affluent
C08795,Nhật Hoàng,Male,1988-12-12,Ha Noi,Business Owner,17081116.03,2023-02-28,Mass
C08796,Chị Linh Lê,Female,1977-12-17,Ho Chi Minh City,Bank Employee,11866271.74,2024-10-29,Mass
C08797,Quý cô Nhật Trần,Male,1987-06-23,Hai Phong,Freelancer,13462308.45,2021-03-13,Mass
C08798,Quý cô Khoa Phạm,Male,2008-09-12,Khanh Hoa,Freelancer,6880974.53,2018-07-19,Mass
C08799,Bác Trọng Hoàng,Female,1997-05-16,Khanh Hoa,Accountant,29573197.42,2019-09-02,Affluent
C08800,Phúc Xuân Đặng,Male,2004-01-12,Bac Ninh,Office Staff,15599838.31,2026-06-03,Mass
C08801,Quý cô Hạnh Vũ,Female,1990-01-12,Nam Dinh,Student,11131328.92,2024-04-25,Mass
C08802,Minh Vũ,Female,2004-01-15,Quang Ninh,Business Owner,34535390.24,2023-02-08,Affluent
C08803,Quý cô Vi Mai,Male,2008-03-06,Nghe An,Student,11334735.41,2025-09-13,Mass
C08804,Phương Đức Trần,Male,1990-07-05,Thanh Hoa,Business Owner,37634551.71,2020-02-07,Affluent
C08805,Hạnh Phạm,Female,2008-06-01,Ha Noi,Office Staff,12982372.91,2022-12-09,Mass
C08806,Cô Hồng Vũ,Male,2002-04-17,Nam Dinh,IT Specialist,27429171.81,2024-08-15,Affluent
C08807,Duyên Mai,Female,1983-09-27,Hai Phong,Doctor,64044757.73,2020-06-04,Affluent
C08808,Linh Mai,Male,1990-07-18,Can Tho,Bank Employee,9015300.95,2021-09-03,Mass
C08809,Quý ông Vũ Đặng,Male,1988-01-10,Hai Phong,Business Owner,16669269.17,2019-10-15,Mass
C08810,Quang Thị Bùi,Female,1984-07-03,Nam Dinh,Accountant,30000000.0,2024-10-30,Mass
C08811,Quý cô Phương Dương,Female,1998-08-02,Ho Chi Minh City,Doctor,13107540.4,2022-09-17,Mass
C08812,Lan Đặng,Female,1973-09-09,Khanh Hoa,Business Owner,20187475.41,2019-11-18,Mass
C08813,Nhật Lê,Female,2008-06-10,Ho Chi Minh City,Engineer,11985906.28,2024-05-23,Mass
C08814,Yến Vũ,Male,1974-06-09,Thanh Hoa,Government Employee,30000000.0,2020-07-01,Mass
C08815,Lâm Mai Lê,Male,1982-11-05,Binh Duong,Freelancer,10550302.13,2019-03-12,Mass
C08816,Kim Lê,Female,2002-08-23,Can Tho,Doctor,26087775.29,2024-07-04,Mass
C08817,Kim Văn Phạm,Female,1982-09-22,Nam Dinh,IT Specialist,8918102.73,2021-05-29,Mass
C08818,Chị Thành Mai,Male,1993-04-29,Nam Dinh,Freelancer,13376132.08,2026-08-20,Mass
C08819,Vũ Mai,Male,1984-12-29,Hai Phong,Sales,8758635.43,2026-07-13,Mass
C08820,Lan Hoàng,Male,1997-05-24,Ba Ria - Vung Tau,Teacher,6728683.8,2024-05-01,Mass
C08821,Quang Mai Bảo Dương,Female,1978-10-11,Ho Chi Minh City,Engineer,10647660.39,2025-09-09,Mass
C08822,Quý cô Xuân Hoàng,Male,1985-01-04,Khanh Hoa,Office Staff,19740988.88,2023-08-13,Mass
C08823,Bà Chi Hoàng,Female,1988-02-28,Ho Chi Minh City,Office Staff,11534781.89,2023-11-11,Mass
C08824,Quang Quang Hoàng,Male,1988-05-07,Nam Dinh,Engineer,12268370.07,2025-03-01,Mass
C08825,Bà Nhật Dương,Male,1977-03-21,Hai Phong,Engineer,13379184.3,2023-03-27,Mass
C08826,Vũ Trần,Female,1995-11-25,Nam Dinh,Teacher,152065265.77,2022-08-04,Premium
C08827,Nhật Phạm,Female,1977-02-08,Ha Noi,Government Employee,60000000.0,2021-11-03,Premium
C08828,Nhật Văn Phạm,Female,1974-04-14,Nghe An,Teacher,13633851.36,2025-08-10,Mass
C08829,Bảo Phú Bùi,Male,1986-11-19,Ho Chi Minh City,IT Specialist,17068339.75,2025-09-03,Mass
C08830,Quý ông Tú Trần,Female,1996-10-07,Da Nang,Student,16757806.84,2021-03-12,Mass
C08831,Bà Phương Vũ,Other,1995-09-15,Bac Ninh,Office Staff,7161173.84,2022-02-06,Mass
C08832,Chị Lâm Nguyễn,Male,2001-01-07,Binh Duong,Accountant,14634244.43,2021-11-24,Mass
C08833,Vân Nguyễn,Female,2000-11-23,Hue,Teacher,56733842.29,2025-09-11,Affluent
C08834,Thành Hải Nguyễn,Male,1977-05-04,Ho Chi Minh City,IT Specialist,19136745.94,2025-03-28,Mass
C08835,Chị Hải Vũ,Female,1988-11-25,Nam Dinh,Freelancer,110865176.05,2021-11-19,Premium
C08836,Quý cô Lâm Lê,Female,2004-06-13,Quang Ninh,Sales,17003698.49,2024-06-03,Mass
C08837,An Dương,Male,1986-09-29,Quang Ninh,Accountant,14635698.08,2020-12-10,Mass
C08838,Cô Lan Dương,Female,1972-07-31,Quang Ninh,IT Specialist,29182206.77,2023-06-15,Affluent
C08839,Quý cô Linh Vũ,Female,1992-02-03,Ha Noi,Government Employee,13453529.29,2021-06-07,Mass
C08840,Hoàng Xuân Nguyễn,Female,2001-07-08,Hue,Government Employee,11237395.07,2024-12-02,Mass
C08841,Anh Nam Trần,Female,1985-04-03,Can Tho,Sales,10708193.59,2025-10-14,Mass
C08842,Ông Tùng Vũ,Male,1976-01-05,Dong Nai,Teacher,7071573.77,2023-11-11,Mass
C08843,Quý cô Hạnh Trần,Female,1978-08-07,Hai Phong,Sales,15124585.01,2021-10-20,Mass
C08844,Hải Xuân Dương,Male,1996-11-27,Nam Dinh,Engineer,8682970.13,2022-02-27,Mass
C08845,Lâm Hữu Đặng,Female,2008-08-07,Bac Ninh,Freelancer,9084733.76,2022-01-24,Mass
C08846,Bảo Hoàng,Female,1979-06-01,Quang Ninh,Doctor,11766736.92,2018-02-27,Mass
C08847,Quang Tấn Trần,Female,1978-06-18,Khanh Hoa,IT Specialist,9659595.51,2023-03-11,Mass
C08848,Ngọc Đặng,Male,1983-07-12,Binh Duong,Sales,9335106.07,2026-01-17,Mass
C08849,An Mai,Male,2001-05-11,Bac Ninh,Business Owner,11558396.28,2019-01-29,Mass
C08850,Khoa Vũ,Female,1997-12-14,Da Nang,Student,6993064.68,2024-06-17,Mass
C08851,Hoàng Lê,Female,1993-04-19,Hue,Teacher,12455459.56,2023-07-04,Mass
C08852,Bảo Hoàng Nguyễn,Male,1977-06-14,Da Nang,Office Staff,16656301.89,2025-12-15,Mass
C08853,Mai Bùi,Male,1976-10-18,Da Nang,Sales,43443242.28,2018-07-01,Affluent
C08854,Chi Lê,Other,1987-05-01,Dong Nai,Government Employee,7805088.81,2021-04-13,Mass
C08855,Chị Thành Nguyễn,Male,1988-10-21,Nghe An,Teacher,14787533.16,2020-02-06,Mass
C08856,Chị An Phạm,Male,1974-04-13,Nghe An,IT Specialist,43001483.88,2024-06-19,Affluent
C08857,Hoàng Vũ,Male,1977-02-17,Ha Noi,Accountant,25680930.02,2019-10-07,Affluent
C08858,Quý cô Linh Phạm,Female,1994-04-01,Binh Duong,Government Employee,118736941.61,2026-02-13,Premium
C08859,Kim Hoàng,Male,1978-09-27,Nghe An,Office Staff,11405282.48,2024-01-15,Mass
C08860,Cô Khoa Trần,Male,1990-10-22,Quang Ninh,Accountant,15262605.58,2020-04-10,Mass
C08861,Nhật Hữu Phạm,Female,2002-10-25,Hai Phong,Accountant,190210624.07,2022-03-09,Premium
C08862,Kim Bùi,Female,2000-08-29,Hai Phong,Sales,6131260.47,2019-07-10,Mass
C08863,Phương Mai Bảo Vũ,Female,1990-02-15,Can Tho,Office Staff,197266117.41,2020-05-30,Premium
C08864,Mai Phạm,Female,1984-08-17,Binh Duong,Business Owner,135044776.77,2022-12-23,Premium
C08865,Thảo Đặng,Male,1990-04-14,Dong Nai,Accountant,33436055.12,2024-02-10,Affluent
C08866,Anh Trần,Female,2006-10-19,Hue,Doctor,20000000.0,2019-01-03,Affluent
C08867,Hồng Trần,Male,1988-02-21,Khanh Hoa,Freelancer,18997338.07,2018-02-02,Mass
C08868,Kim Đức Hoàng,Female,1986-10-16,Binh Duong,Sales,14926922.84,2020-01-25,Mass
C08869,Ông Nam Mai,Female,1972-12-13,Nghe An,Student,114054559.56,2019-12-22,Premium
C08870,Khoa Đặng,Female,1991-11-02,Dong Nai,Doctor,72078821.53,2024-11-10,Premium
C08871,Hương Đặng,Male,1968-04-22,Thanh Hoa,Student,40989354.85,2020-03-10,Affluent
C08872,Nhật Bùi,Female,2001-01-24,Dong Nai,Accountant,7964530.26,2021-03-26,Mass
C08873,Hoàng Hoàng,Male,1977-07-17,Ho Chi Minh City,Sales,25639023.66,2019-09-26,Affluent
C08874,Nhật Xuân Mai,Female,1970-07-22,Ha Noi,Government Employee,60000000.0,2025-05-14,Premium
C08875,Duyên Lê,Male,1975-05-17,Dong Nai,Accountant,40504638.76,2025-08-03,Affluent
C08876,Tú Trần,Male,1989-07-28,Khanh Hoa,Freelancer,11285245.87,2022-05-03,Mass
C08877,Nam Tấn Nguyễn,Male,1970-01-16,Ha Noi,IT Specialist,15369380.49,2025-08-08,Mass
C08878,Khoa Bảo Trần,Female,2000-03-22,Ha Noi,Student,6575089.34,2024-08-24,Mass
C08879,Cô Linh Lê,Female,1989-06-22,Khanh Hoa,Freelancer,11995502.08,2018-11-01,Mass
C08880,Quang Xuân Phạm,Male,2007-03-17,Ho Chi Minh City,Government Employee,11769587.99,2026-01-29,Mass
C08881,Chị Hải Mai,Male,1997-07-21,Hai Phong,Accountant,12039081.79,2024-07-12,Mass
C08882,Linh Mai,Female,1983-03-26,Ha Noi,Business Owner,20233105.14,2023-06-09,Mass
C08883,Quý cô Dương Dương,Female,1980-10-12,Thanh Hoa,Engineer,28188549.14,2020-10-02,Affluent
C08884,Quang Đặng,Male,1986-06-29,Ho Chi Minh City,Office Staff,12267998.72,2024-09-17,Mass
C08885,Hưng Vũ,Male,2004-10-31,Dong Nai,Accountant,39441473.79,2021-07-18,Affluent
C08886,Quý ông Phúc Đặng,Female,1969-10-22,Khanh Hoa,Accountant,12136967.51,2018-10-28,Mass
C08887,Bà Ngọc Trần,Male,2008-04-18,Quang Ninh,Government Employee,12127804.2,2024-11-21,Mass
C08888,Hà Đặng,Female,2004-09-29,Ho Chi Minh City,Government Employee,45350886.01,2026-07-09,Affluent
C08889,Bà Thành Mai,Female,1985-03-22,Dong Nai,Office Staff,11303225.54,2019-01-11,Mass
C08890,Bảo Mai Dương,Female,1994-10-01,Thanh Hoa,Engineer,11140918.08,2026-05-08,Mass
C08891,Quý cô An Phạm,Male,1990-06-21,Can Tho,Accountant,9157968.66,2022-08-23,Mass
C08892,Nhật Vũ,Female,2006-01-13,Ho Chi Minh City,Sales,157692946.35,2025-06-05,Premium
C08893,Mai Nguyễn,Female,1995-05-22,Dong Nai,Business Owner,12722495.63,2023-06-22,Mass
C08894,Quang Mai,Male,1987-08-08,Binh Duong,Doctor,13431649.4,2026-01-03,Mass
C08895,Yến Hoàng,Female,2003-01-20,Binh Duong,Accountant,6674955.86,2024-04-08,Mass
C08896,Ông Tùng Bùi,Female,1997-06-09,Dong Nai,Engineer,39411652.5,2018-11-07,Affluent
C08897,Hạnh Lê,Female,1999-01-16,Ha Noi,Business Owner,10598200.01,2021-05-01,Mass
C08898,Chị Thành Đặng,Female,1967-09-16,Dong Nai,Freelancer,60000000.0,2024-05-23,Premium
C08899,Quang Hoàng,Female,1999-04-16,Dong Nai,Accountant,23306168.63,2020-12-06,Mass
C08900,Cô Thành Đặng,Male,1990-12-23,Hai Phong,Government Employee,28319553.77,2018-05-15,Affluent
C08901,Nhật Tấn Dương,Male,1978-01-10,Binh Duong,Student,12234224.39,2023-03-11,Mass
C08902,Ông Tú Phạm,Male,1994-08-17,Can Tho,Student,37079295.45,2019-03-06,Affluent
C08903,Anh Nam Vũ,Male,1998-03-18,Da Nang,Freelancer,8404647.09,2021-06-20,Mass
C08904,Bảo Bảo Lê,Male,1992-06-13,Ha Noi,Teacher,8423772.04,2019-03-14,Mass
C08905,Bác Dũng Trần,Male,1990-01-26,Nghe An,Engineer,13584765.06,2026-06-04,Mass
C08906,Kim Nguyễn,Male,1981-07-07,Can Tho,Doctor,49093446.68,2023-07-17,Affluent
C08907,Minh Mai Nguyễn,Female,1995-01-06,Nghe An,Government Employee,14292026.05,2018-11-22,Mass
C08908,Thành Lê,Female,1984-11-26,Dong Nai,Teacher,13458935.03,2020-06-14,Mass
C08909,Cô Lâm Phạm,Male,1996-05-21,Hai Phong,Accountant,8373591.76,2023-02-01,Mass
C08910,Nhật Hữu Nguyễn,Male,1985-03-16,Hai Phong,Government Employee,20974119.92,2019-02-26,Affluent
C08911,Xuân Mai,Male,1993-04-09,Bac Ninh,Engineer,60000000.0,2018-03-18,Premium
C08912,Bà Chi Bùi,Female,2005-08-25,Thanh Hoa,Freelancer,8827834.77,2020-01-11,Mass
C08913,Bảo Mai,Female,1978-09-04,Bac Ninh,Accountant,43024962.43,2019-11-27,Affluent
C08914,Cô Dương Dương,Male,1996-12-27,Ho Chi Minh City,Office Staff,15489867.15,2025-06-06,Mass
C08915,Thành Trần,Male,1981-09-19,Quang Ninh,Office Staff,33353029.47,2025-04-27,Affluent
C08916,Nhật Phạm,Female,2006-08-14,Binh Duong,Freelancer,11157783.67,2018-11-03,Mass
C08917,Anh Bảo Trần,Female,1992-05-14,Hue,Freelancer,7795507.55,2025-11-25,Mass
C08918,Thành Thị Phạm,Male,1986-03-12,Ha Noi,IT Specialist,13234681.88,2023-07-04,Mass
C08919,Quý cô Yến Mai,Male,1985-11-15,Can Tho,Business Owner,13230565.67,2025-10-22,Mass
C08920,Hoàng Phú Mai,Female,1981-12-27,Ha Noi,Accountant,33166809.21,2020-04-18,Affluent
C08921,Phương Đức Mai,Female,1988-04-07,Bac Ninh,Doctor,85291437.83,2022-01-24,Premium
C08922,Quang Hoàng,Male,1997-03-10,Can Tho,Teacher,19168992.9,2021-08-26,Mass
C08923,Quý ông Quang Nguyễn,Female,2008-09-10,Nam Dinh,Freelancer,16309905.88,2019-05-05,Mass
C08924,Dương Nguyễn,Male,1997-09-13,Ba Ria - Vung Tau,Sales,9229393.05,2026-03-06,Mass
C08925,Anh Châu Hoàng,Female,1988-08-13,Bac Ninh,Doctor,7124526.63,2018-05-01,Mass
C08926,Trọng Hoàng,Female,1999-02-17,Bac Ninh,Office Staff,27129078.7,2024-07-30,Affluent
C08927,Anh Đặng,Female,1993-07-18,Nam Dinh,Office Staff,9056280.17,2019-01-18,Mass
C08928,Bác Khoa Vũ,Female,1973-06-26,Da Nang,Freelancer,22507811.59,2022-09-15,Mass
C08929,An Dương,Male,2008-05-29,Bac Ninh,Freelancer,14518440.45,2022-04-22,Mass
C08930,Khoa Xuân Bùi,Male,1981-01-14,Da Nang,IT Specialist,14511645.58,2020-06-25,Mass
C08931,Quý cô Hải Đặng,Female,1997-12-04,Da Nang,Government Employee,11017370.93,2018-02-17,Mass
C08932,Quang Vũ,Male,1998-12-23,Nam Dinh,Engineer,10358570.44,2025-08-24,Mass
C08933,Bác Nhiên Trần,Male,2004-03-29,Ha Noi,Engineer,33815234.13,2022-10-30,Affluent
C08934,An Đức Phạm,Female,2006-11-02,Hai Phong,Business Owner,11188198.93,2018-01-23,Mass
C08935,Nhiên Hoàng Hoàng,Female,2004-09-20,Bac Ninh,Freelancer,12900839.37,2025-02-06,Mass
C08936,Nhiên Thị Dương,Female,1998-03-26,Binh Duong,Sales,13284657.15,2025-07-29,Mass
C08937,Thành Tấn Dương,Female,1979-05-11,Hue,Student,20930618.3,2019-10-23,Mass
C08938,Quý cô Linh Bùi,Male,2008-01-15,Hai Phong,Bank Employee,27250989.53,2018-03-29,Affluent
C08939,Kim Dương,Male,1994-07-08,Ha Noi,Engineer,14097837.07,2021-11-26,Mass
C08940,Trung Vũ,Male,2008-01-05,Nghe An,Freelancer,8509424.44,2026-05-06,Mass
C08941,Chi Phạm,Male,1988-12-03,Hai Phong,IT Specialist,35902772.97,2018-05-13,Affluent
C08942,Chi Trần,Male,1986-04-12,Hai Phong,Student,14015910.58,2019-10-24,Mass
C08943,Quý ông Thành Trần,Male,1987-02-10,Thanh Hoa,Bank Employee,12841550.04,2018-03-27,Mass
C08944,Bà Dương Nguyễn,Male,1990-08-16,Ba Ria - Vung Tau,Accountant,15143535.35,2025-06-04,Mass
C08945,Chi Mai,Male,2007-11-07,Ba Ria - Vung Tau,Government Employee,20602725.45,2021-03-08,Mass
C08946,Quý cô Duyên Lê,Other,2007-11-24,Ho Chi Minh City,Accountant,8225178.63,2024-01-13,Mass
C08947,Chị Lâm Mai,Female,1992-11-11,Nghe An,Bank Employee,15185198.37,2019-11-06,Mass
C08948,Khoa Văn Phạm,Male,2008-09-27,Nam Dinh,Government Employee,98881331.2,2018-11-26,Premium
C08949,Quý cô Duyên Hoàng,Female,1982-06-11,Hue,Bank Employee,16996169.42,2021-03-10,Mass
C08950,Hoàng Tấn Nguyễn,Male,1998-05-03,Hai Phong,Business Owner,10800736.21,2019-08-08,Mass
C08951,Chị Hà Lê,Female,1996-10-03,Binh Duong,Student,10459080.21,2025-09-11,Mass
C08952,Thành Hoàng Lê,Female,2002-02-18,Nam Dinh,Sales,8790471.87,2021-04-29,Mass
C08953,Anh Dũng Đặng,Male,1986-03-30,Da Nang,Office Staff,105405660.05,2018-07-28,Premium
C08954,Hạnh Hoàng,Male,1984-11-17,Khanh Hoa,Office Staff,108937676.33,2026-01-23,Premium
C08955,Anh Anh Hoàng,Female,1983-05-02,Thanh Hoa,Doctor,142089307.4,2022-10-06,Premium
C08956,Mai Lê,Female,2008-05-21,Quang Ninh,IT Specialist,8898638.36,2024-08-27,Mass
C08957,Chị Hạnh Dương,Male,1993-03-05,Ho Chi Minh City,Engineer,11905131.38,2024-11-04,Mass
C08958,Ông Khoa Bùi,Male,1998-01-08,Quang Ninh,Business Owner,16512454.83,2025-03-26,Mass
C08959,Hưng Hải Đặng,Female,1969-05-26,Can Tho,Accountant,12807914.94,2022-12-16,Mass
C08960,Quang Phú Dương,Male,1990-06-24,Hue,Office Staff,16154785.78,2019-04-06,Mass
C08961,Xuân Lê,Female,2008-02-22,Ha Noi,Teacher,12120167.24,2019-11-27,Mass
C08962,Ngọc Bùi,Male,1980-06-24,Ho Chi Minh City,Bank Employee,9581199.1,2020-11-08,Mass
C08963,Nhật Vũ,Female,2004-02-12,Hue,Teacher,92837248.31,2024-02-15,Premium
C08964,Lâm Bùi,Male,1990-12-13,Da Nang,Business Owner,26649020.0,2023-07-08,Affluent
C08965,Anh Đặng,Male,1966-10-27,Ha Noi,Engineer,10148875.55,2023-01-14,Mass
C08966,Châu Bùi,Female,2003-04-04,Dong Nai,Government Employee,11613162.91,2019-11-06,Mass
C08967,Bảo Trần,Female,1981-02-19,Bac Ninh,Freelancer,12073363.19,2026-06-21,Mass
C08968,Cô Dương Lê,Female,1985-03-11,Khanh Hoa,Bank Employee,26947617.34,2018-04-18,Affluent
C08969,Ông Huy Đặng,Female,1974-01-02,Quang Ninh,Freelancer,14607067.83,2025-05-31,Mass
C08970,Chi Bùi,Female,1979-02-26,Hai Phong,Teacher,39052084.35,2022-04-17,Affluent
C08971,Bảo Lê,Male,1981-05-16,Can Tho,Accountant,26935154.54,2023-05-19,Affluent
C08972,Chị Hải Nguyễn,Male,1996-02-07,Nghe An,Sales,19224295.28,2021-09-17,Mass
C08973,Thành Thế Vũ,Female,1972-12-27,Nam Dinh,Sales,8032001.02,2025-08-19,Mass
C08974,Phương Phú Phạm,Male,1988-04-30,Bac Ninh,Freelancer,10319923.21,2019-09-28,Mass
C08975,Xuân Vũ,Male,1998-09-24,Ba Ria - Vung Tau,Freelancer,13257992.04,2019-11-30,Mass
C08976,Quang Tấn Đặng,Female,1978-08-06,Ha Noi,Teacher,14055144.92,2025-01-18,Mass
C08977,Hưng Trí Bùi,Male,1994-08-09,Nam Dinh,Doctor,14369502.27,2019-09-20,Mass
C08978,Bà Hồng Nguyễn,Male,1994-04-15,Quang Ninh,Office Staff,13861935.84,2025-07-17,Mass
C08979,Quý ông Châu Mai,Female,1975-01-03,Dong Nai,Accountant,5800248.54,2024-04-30,Mass
C08980,Trung Phạm,Male,1982-08-04,Binh Duong,Freelancer,22057034.7,2023-12-08,Affluent
C08981,Quý cô Kim Phạm,Male,1977-04-11,Quang Ninh,Government Employee,28911527.14,2024-10-12,Affluent
C08982,Thảo Bùi,Female,2004-09-08,Binh Duong,Sales,15306091.39,2022-11-09,Mass
C08983,Ngọc Mai,Male,1986-09-27,Can Tho,Bank Employee,8458663.93,2018-08-06,Mass
C08984,Chị Kim Hoàng,Male,2004-01-04,Nam Dinh,Office Staff,11237856.56,2022-10-31,Mass
C08985,Nhật Trí Bùi,Female,2004-02-05,Dong Nai,Accountant,8276259.45,2025-10-22,Mass
C08986,Lan Lê,Female,1989-08-31,Khanh Hoa,Bank Employee,8557872.14,2018-03-13,Mass
C08987,Cô Khoa Dương,Male,1986-01-27,Ba Ria - Vung Tau,Engineer,20215647.0,2018-05-24,Mass
C08988,Dũng Văn Bùi,Female,1992-01-28,Nam Dinh,Business Owner,12559276.07,2025-12-04,Mass
C08989,Nhật Hoàng,Male,1968-02-28,Khanh Hoa,Engineer,24509669.82,2020-10-09,Affluent
C08990,Hồng Dương,Female,1977-02-26,Thanh Hoa,Doctor,17456408.13,2021-06-04,Mass
C08991,Xuân Trần,Male,1980-10-16,Ba Ria - Vung Tau,Bank Employee,18859530.78,2022-03-07,Mass
C08992,Tú Xuân Nguyễn,Male,1987-03-01,Khanh Hoa,Sales,9785300.65,2023-03-07,Mass
C08993,Mai Hoàng,Female,1977-12-22,Hue,Teacher,49165921.2,2020-07-17,Affluent
C08994,Bà Thảo Hoàng,Male,1978-02-05,Bac Ninh,Teacher,101796021.2,2020-07-24,Premium
C08995,Chi Bùi,Male,1998-09-10,Bac Ninh,Bank Employee,37068099.12,2024-11-27,Affluent
C08996,Anh Tú Bùi,Male,1979-10-30,Ha Noi,Sales,17174569.57,2026-07-30,Mass
C08997,Cô Phương Phạm,Male,1995-08-08,Ba Ria - Vung Tau,Business Owner,13400434.92,2020-08-14,Mass
C08998,Chị Duyên Trần,Male,2005-09-19,Ba Ria - Vung Tau,IT Specialist,16939347.77,2025-04-24,Mass
C08999,Quý cô Hải Hoàng,Female,1999-07-17,Khanh Hoa,Government Employee,15795830.7,2025-10-18,Mass
C09000,Cô An Đặng,Female,2002-11-06,Ho Chi Minh City,Student,17217085.21,2021-12-21,Mass
C09001,Cô Chi Trần,Female,1986-11-17,Hai Phong,Freelancer,9128774.49,2018-01-31,Mass
C09002,Chị Kim Nguyễn,Male,1983-05-21,Quang Ninh,Doctor,9759879.54,2020-09-11,Mass
C09003,Xuân Mai,Male,1981-11-01,Bac Ninh,IT Specialist,10902233.03,2018-07-05,Mass
C09004,Chị Phương Phạm,Male,2008-08-21,Nghe An,Business Owner,8508460.03,2018-11-04,Mass
C09005,Quý ông Anh Lê,Male,1994-10-22,Thanh Hoa,Student,19370916.82,2022-11-27,Mass
C09006,Ông Dũng Vũ,Female,1981-07-24,Hue,Engineer,21184253.45,2026-04-21,Mass
C09007,Châu Mai Lê,Other,1972-02-14,Hue,Teacher,9951704.75,2020-04-19,Mass
C09008,Cô Kim Phạm,Male,1992-12-31,Thanh Hoa,Doctor,30937346.67,2021-07-02,Affluent
C09009,Chị Nhật Mai,Male,1998-04-19,Ba Ria - Vung Tau,Sales,20143862.44,2022-09-07,Affluent
C09010,Hương Lê,Female,1991-02-14,Ba Ria - Vung Tau,Doctor,7651936.03,2019-02-05,Mass
C09011,Khoa Thị Vũ,Female,1991-01-14,Nghe An,Sales,25164302.76,2022-07-15,Mass
C09012,Huy Bùi,Male,1996-02-02,Ho Chi Minh City,Student,12846579.02,2024-02-13,Mass
C09013,Minh Tấn Lê,Female,1981-01-11,Ba Ria - Vung Tau,Freelancer,13236902.88,2024-02-26,Mass
C09014,Châu Bùi,Male,1987-08-02,Nam Dinh,Government Employee,10570486.21,2023-04-26,Mass
C09015,Ánh Hoàng,Female,1993-08-10,Hue,Sales,26241572.89,2018-02-10,Affluent
C09016,Nhật Văn Bùi,Female,1981-09-11,Ba Ria - Vung Tau,Bank Employee,20757353.4,2020-12-19,Affluent
C09017,Bảo Lê,Female,1980-01-19,Ho Chi Minh City,Freelancer,7342006.83,2025-07-11,Mass
C09018,Dũng Lê,Male,1980-05-13,Hue,Student,10602295.3,2023-11-29,Mass
C09019,Bảo Hoàng Dương,Female,2004-02-21,Hai Phong,IT Specialist,14697261.38,2025-10-07,Mass
C09020,Bác Châu Dương,Male,1979-12-31,Thanh Hoa,Doctor,30689619.4,2022-11-13,Affluent
C09021,Nam Dương,Female,1983-08-26,Nam Dinh,Freelancer,5393136.23,2019-01-19,Mass
C09022,Vi Hoàng,Female,2005-06-24,Thanh Hoa,Teacher,51576737.16,2024-08-11,Affluent
C09023,Huy Đặng,Female,1993-01-09,Can Tho,Office Staff,6253441.71,2018-01-28,Mass
C09024,Quý ông Bảo Nguyễn,Female,1998-09-30,Dong Nai,Bank Employee,8686034.31,2026-04-13,Mass
C09025,Hà Trí Hoàng,Male,1991-12-17,Hai Phong,Bank Employee,10539644.41,2021-03-18,Mass
C09026,Anh Tùng Vũ,Female,1989-05-26,Khanh Hoa,Teacher,34278154.15,2020-03-20,Affluent
C09027,Quý cô Phương Nguyễn,Female,1976-03-12,Nghe An,Engineer,13922394.51,2020-08-15,Mass
C09028,Chị Kim Trần,Female,1985-02-03,Ho Chi Minh City,Teacher,49644876.79,2019-10-23,Affluent
C09029,Hạnh Đức Dương,Female,1994-10-11,Dong Nai,Government Employee,7715640.83,2018-11-04,Mass
C09030,Ngọc Đặng,Male,1977-06-22,Ho Chi Minh City,Freelancer,12584315.81,2025-09-20,Mass
C09031,Quý cô Hương Mai,Female,1989-05-29,Ha Noi,Teacher,9614200.05,2022-06-17,Mass
C09032,An Tấn Bùi,Male,1997-03-07,Ha Noi,Bank Employee,16139335.13,2023-08-25,Mass
C09033,Phương Văn Phạm,Male,1980-02-06,Dong Nai,Government Employee,15787916.07,2018-02-24,Mass
C09034,Nhật Bùi,Male,1982-01-26,Nam Dinh,Freelancer,125559782.65,2023-04-18,Premium
C09035,Hạnh Mai Bảo Hoàng,Male,1988-10-15,Ho Chi Minh City,Business Owner,11285556.93,2018-10-18,Mass
C09036,Vũ Trí Dương,Male,1976-10-16,Ha Noi,Doctor,10528694.56,2022-09-06,Mass
C09037,Cô Xuân Lê,Male,1986-08-27,Quang Ninh,Government Employee,9056675.41,2020-09-23,Mass
C09038,Hoàng Mai,Male,1997-11-11,Bac Ninh,Freelancer,11048034.63,2021-09-09,Mass
C09039,Quang Phú Vũ,Female,1998-12-15,Bac Ninh,Office Staff,44465055.42,2019-09-28,Affluent
C09040,Kim Nguyễn,Female,2005-06-27,Dong Nai,IT Specialist,12424086.13,2023-10-19,Mass
C09041,Khoa Hoàng,Male,1989-02-28,Khanh Hoa,Sales,6366989.79,2021-07-21,Mass
C09042,Khoa Mai,Male,1995-03-01,Khanh Hoa,Government Employee,37790506.6,2020-09-22,Affluent
C09043,Tùng Nguyễn,Female,1986-07-07,Ha Noi,IT Specialist,11171871.28,2021-05-15,Mass
C09044,Ông Tú Dương,Female,1983-03-07,Hai Phong,Bank Employee,11549544.05,2022-11-04,Mass
C09045,Yến Mai,Female,1989-10-24,Binh Duong,Teacher,13104890.8,2018-08-01,Mass
C09046,Nhật Đức Đặng,Female,1980-03-20,Thanh Hoa,Government Employee,9472618.27,2025-08-13,Mass
C09047,Cô Nhật Dương,Female,1996-03-18,Thanh Hoa,Office Staff,76524548.85,2021-02-08,Premium
C09048,Nhật Nguyễn,Female,1994-08-24,Binh Duong,Teacher,19768477.83,2018-01-04,Mass
C09049,Bác Hưng Vũ,Male,1984-02-23,Hai Phong,Teacher,8077038.14,2024-04-20,Mass
C09050,Chị Hồng Mai,Male,1997-03-01,Quang Ninh,Business Owner,13672344.98,2021-06-13,Mass
C09051,Bảo Hữu Dương,Female,2000-03-08,Quang Ninh,Doctor,28155593.81,2024-02-09,Affluent
C09052,Bà Kim Trần,Female,1975-12-27,Hue,Student,9681580.67,2020-06-25,Mass
C09053,Linh Trần,Female,1980-07-31,Dong Nai,IT Specialist,18620623.67,2022-07-27,Mass
C09054,An Hoàng,Male,1999-03-03,Dong Nai,Doctor,8788286.5,2025-04-17,Mass
C09055,Ngọc Dương,Female,1993-11-09,Hai Phong,Student,8197973.16,2024-04-01,Mass
C09056,Ánh Trần,Female,1988-12-09,Ha Noi,Accountant,11166614.52,2023-04-28,Mass
C09057,Bác Nam Lê,Male,1986-10-12,Hue,Freelancer,19566851.01,2025-03-24,Mass
C09058,Linh Nguyễn,Male,1982-03-07,Hue,Student,14241219.92,2020-10-07,Mass
C09059,Bà Hải Vũ,Male,2008-03-22,Hue,Engineer,39979261.46,2023-09-09,Affluent
C09060,Anh Quang Hoàng,Male,1972-06-16,Da Nang,IT Specialist,4183816.09,2026-01-05,Mass
C09061,Cô Hà Nguyễn,Female,1983-01-10,Da Nang,Freelancer,11349017.19,2024-11-01,Mass
C09062,Quý cô Thành Hoàng,Male,2000-04-10,Nghe An,Doctor,15883830.69,2024-01-04,Mass
C09063,Bác Bảo Đặng,Female,1972-01-19,Ba Ria - Vung Tau,Student,15740506.24,2021-04-09,Mass
C09064,Quý cô Linh Hoàng,Male,1994-12-17,Ba Ria - Vung Tau,Teacher,8625235.02,2024-12-12,Mass
C09065,Bác Anh Lê,Female,1989-03-24,Ha Noi,Business Owner,16289421.38,2020-12-29,Mass
C09066,Hoàng Hữu Hoàng,Male,1995-07-01,Da Nang,Accountant,10840320.94,2018-09-12,Mass
C09067,Phúc Nguyễn,Male,1959-02-08,Dong Nai,Government Employee,17504094.6,2021-09-25,Mass
C09068,Vũ Bùi,Female,1977-12-10,Nghe An,Government Employee,22584465.21,2022-06-19,Affluent
C09069,Tú Đặng,Female,1998-09-30,Bac Ninh,IT Specialist,35793007.51,2020-05-03,Affluent
C09070,Quý cô Thảo Nguyễn,Female,2001-12-03,Nam Dinh,Office Staff,21010991.48,2023-09-12,Mass
C09071,Vũ Hoàng Phạm,Other,1975-09-22,Nam Dinh,Doctor,9955904.39,2019-01-04,Mass
C09072,Anh Bảo Bùi,Female,1971-02-27,Khanh Hoa,Government Employee,99830060.69,2023-10-01,Premium
C09073,Nhật Mai Bùi,Female,1962-04-30,Da Nang,Engineer,12623331.34,2022-08-20,Mass
C09074,Nhật Bùi,Female,1984-08-13,Khanh Hoa,Freelancer,19587132.67,2018-01-13,Mass
C09075,Ánh Mai,Female,1976-01-23,Bac Ninh,Freelancer,40795332.74,2025-08-10,Affluent
C09076,Dũng Mai Bảo Trần,Male,1992-07-29,Khanh Hoa,Business Owner,14365838.97,2025-08-01,Mass
C09077,Bác Trọng Nguyễn,Male,1999-03-28,Khanh Hoa,Business Owner,12656278.95,2018-06-25,Mass
C09078,Minh Thế Hoàng,Male,2003-03-08,Da Nang,IT Specialist,6434010.6,2021-08-01,Mass
C09079,Phương Quang Vũ,Male,1990-01-10,Hue,Doctor,18666004.19,2024-03-24,Mass
C09080,Nhiên Hoàng,Male,1980-09-30,Ho Chi Minh City,Bank Employee,11660853.14,2026-05-23,Mass
C09081,Vân Nguyễn,Female,1971-04-17,Hue,Office Staff,29507062.58,2021-10-13,Affluent
C09082,Bà Vân Bùi,Other,2008-01-27,Bac Ninh,Government Employee,20000000.0,2026-07-23,Affluent
C09083,Bà Nhật Nguyễn,Female,2003-05-08,Hai Phong,Office Staff,15970213.16,2018-01-28,Mass
C09084,Bảo Đức Vũ,Female,1997-02-23,Ba Ria - Vung Tau,Accountant,40190701.14,2022-07-30,Affluent
C09085,Nam Bảo Phạm,Female,1971-10-28,Binh Duong,Engineer,8165130.53,2020-03-04,Mass
C09086,Bà Thành Phạm,Female,1985-02-21,Hue,Accountant,14491231.25,2025-10-09,Mass
C09087,Hoàng Mai Hoàng,Male,2000-05-04,Can Tho,Sales,19276379.26,2023-03-12,Mass
C09088,Hà Trần,Female,1994-08-17,Nghe An,Engineer,10491790.63,2020-07-31,Mass
C09089,Nhật Nguyễn,Female,1967-03-25,Binh Duong,Freelancer,123257650.37,2021-09-06,Premium
C09090,Vũ Đức Bùi,Male,1980-04-03,Nam Dinh,Accountant,52552671.9,2022-04-24,Affluent
C09091,Phương Tấn Hoàng,Female,1998-05-17,Dong Nai,Teacher,18584799.84,2022-03-07,Mass
C09092,Chị Hương Phạm,Male,1996-01-07,Nghe An,Teacher,29724185.61,2021-06-24,Affluent
C09093,Nhiên Bảo Trần,Female,1992-12-05,Hue,Freelancer,9652181.55,2026-02-21,Mass
C09094,Cô Ánh Dương,Male,1980-10-10,Dong Nai,Student,37921235.48,2019-04-18,Affluent
C09095,Bà Yến Mai,Female,1996-04-21,Nghe An,Government Employee,15195258.09,2019-03-19,Mass
C09096,Xuân Nguyễn,Male,1994-09-22,Bac Ninh,Accountant,87701766.16,2021-06-06,Premium
C09097,Chị Hải Bùi,Female,1990-05-23,Da Nang,Engineer,14113302.24,2026-05-02,Mass
C09098,Hoàng Đặng,Male,1985-12-20,Ba Ria - Vung Tau,Doctor,31386356.96,2024-11-13,Affluent
C09099,Anh Nam Đặng,Male,1981-07-13,Quang Ninh,Bank Employee,32741055.69,2024-10-23,Affluent
C09100,Khoa Xuân Hoàng,Male,1998-09-20,Khanh Hoa,Bank Employee,7178561.92,2021-04-20,Mass
C09101,Ông Trọng Lê,Male,1980-08-31,Ho Chi Minh City,Teacher,12052151.32,2020-03-19,Mass
C09102,Hạnh Dương,Male,1988-04-21,Da Nang,IT Specialist,17303999.68,2024-09-09,Mass
C09103,Trọng Mai,Male,1996-09-11,Thanh Hoa,Teacher,7417684.25,2022-05-06,Mass
C09104,Bảo Vũ,Female,1989-12-22,Thanh Hoa,Teacher,113109322.5,2018-08-24,Premium
C09105,An Thế Lê,Male,1993-06-17,Hue,Sales,20099899.24,2023-11-29,Mass
C09106,Quý cô Hương Dương,Female,2008-02-15,Can Tho,Engineer,17759604.59,2022-02-25,Mass
C09107,Châu Lê,Male,1982-09-09,Nam Dinh,Engineer,14080296.69,2023-06-13,Mass
C09108,Hạnh Bùi,Male,2008-03-18,Thanh Hoa,Freelancer,18807725.64,2024-07-03,Mass
C09109,Nhật Lê,Female,2001-11-05,Bac Ninh,Student,10046400.96,2019-06-28,Mass
C09110,Bác Tùng Nguyễn,Male,1991-11-30,Hue,IT Specialist,13839169.79,2018-11-22,Mass
C09111,Quang Lê,Female,1983-02-06,Da Nang,Sales,45750385.95,2024-07-14,Affluent
C09112,Quý cô Nhật Bùi,Female,1982-07-30,Ha Noi,Freelancer,13110732.52,2020-12-17,Mass
C09113,Quý ông Châu Đặng,Female,1986-07-13,Nghe An,Student,8191875.33,2025-09-18,Mass
C09114,Anh Đặng,Male,1999-05-02,Bac Ninh,Government Employee,45786355.35,2023-12-05,Affluent
C09115,Bảo Vũ,Male,1980-12-08,Thanh Hoa,Accountant,15459697.02,2019-05-11,Mass
C09116,Lâm Vũ,Male,1996-03-17,Hue,IT Specialist,16503605.89,2024-02-15,Mass
C09117,Hương Hoàng,Female,2003-01-14,Khanh Hoa,Freelancer,17496180.21,2018-02-03,Mass
C09118,Chị Kim Nguyễn,Female,1993-01-30,Nghe An,Accountant,21636166.55,2018-11-19,Mass
C09119,Trọng Bảo Lê,Female,2007-04-30,Hai Phong,Government Employee,22244572.94,2021-08-18,Mass
C09120,Bác Vũ Hoàng,Female,1993-11-17,Nam Dinh,Freelancer,10507496.03,2021-02-26,Mass
C09121,Bà Hồng Phạm,Female,1988-05-23,Thanh Hoa,Business Owner,9402062.03,2018-08-07,Mass
C09122,Hương Lê,Male,1991-04-01,Nam Dinh,Business Owner,9269574.31,2019-09-09,Mass
C09123,Minh Vũ,Male,1998-03-05,Hai Phong,Office Staff,14229492.29,2020-10-31,Mass
C09124,Châu Hoàng,Male,1999-11-03,Quang Ninh,Government Employee,9170929.71,2018-08-13,Mass
C09125,Quý cô Yến Đặng,Male,2006-08-14,Binh Duong,Freelancer,10059635.3,2019-05-23,Mass
C09126,Hà Quang Đặng,Female,1976-03-25,Dong Nai,Office Staff,8924763.92,2024-02-15,Mass
C09127,Phương Hữu Lê,Male,1998-12-19,Ba Ria - Vung Tau,Office Staff,12842748.48,2022-08-23,Mass
C09128,Chị An Dương,Female,1994-11-30,Khanh Hoa,Student,26173846.88,2018-03-18,Mass
C09129,Dương Bùi,Female,1991-11-06,Da Nang,Government Employee,13493837.11,2023-02-24,Mass
C09130,Trọng Đức Mai,Male,1980-02-08,Da Nang,Office Staff,16585169.67,2024-06-16,Mass
C09131,Ánh Đặng,Female,1987-11-19,Bac Ninh,Freelancer,11341992.97,2021-08-13,Mass
C09132,Cô Hồng Nguyễn,Male,1968-02-20,Binh Duong,Freelancer,96088157.35,2023-05-13,Premium
C09133,Chị Nhật Vũ,Female,1995-04-30,Dong Nai,Bank Employee,28835099.13,2020-09-29,Affluent
C09134,Chị Ngọc Phạm,Male,2008-01-27,Dong Nai,IT Specialist,15998135.16,2022-07-10,Mass
C09135,Anh Châu Trần,Male,2008-03-04,Can Tho,IT Specialist,34939961.72,2023-12-01,Affluent
C09136,Hải Xuân Vũ,Male,1993-03-10,Ba Ria - Vung Tau,Doctor,68534524.06,2026-08-02,Affluent
C09137,Bảo Đặng,Female,2008-06-14,Dong Nai,Government Employee,8754085.44,2018-02-12,Mass
C09138,Lâm Quang Trần,Female,1992-07-22,Can Tho,Accountant,11198405.27,2025-09-06,Mass
C09139,Cô Lâm Mai,Female,1997-01-10,Hue,Business Owner,11664626.45,2020-11-01,Mass
C09140,Chi Mai,Male,2004-03-26,Dong Nai,Business Owner,13598019.5,2023-01-28,Mass
C09141,Quý cô Phương Nguyễn,Male,2008-04-21,Bac Ninh,Accountant,11892255.33,2020-10-14,Mass
C09142,Kim Quang Đặng,Female,1996-12-17,Ho Chi Minh City,Sales,17126165.32,2019-06-25,Mass
C09143,Quang Hoàng,Male,1971-02-12,Hue,Teacher,10687110.52,2024-01-25,Mass
C09144,Minh Hữu Bùi,Female,1975-08-29,Can Tho,Teacher,31833308.46,2024-11-27,Affluent
C09145,Bà Hồng Đặng,Male,2001-05-23,Ba Ria - Vung Tau,Government Employee,22108738.13,2018-02-07,Mass
C09146,Vũ Mai,Female,1984-10-24,Khanh Hoa,Teacher,35046635.53,2021-12-26,Affluent
C09147,Lan Mai,Male,1983-03-22,Da Nang,Office Staff,13208782.01,2021-12-24,Mass
C09148,Bà Bảo Trần,Male,1991-02-27,Khanh Hoa,Accountant,7543260.08,2018-06-07,Mass
C09149,Quý cô Kim Hoàng,Female,1992-11-29,Quang Ninh,Doctor,14925125.2,2021-07-18,Mass
C09150,Xuân Đặng,Male,1992-05-02,Ha Noi,Business Owner,45880756.91,2019-05-19,Affluent
C09151,Thành Hoàng,Female,1985-11-12,Thanh Hoa,Sales,8824738.22,2020-12-29,Mass
C09152,Phúc Mai,Female,2005-07-17,Thanh Hoa,Accountant,11357680.09,2019-01-17,Mass
C09153,Bà Nhật Nguyễn,Female,1996-07-04,Thanh Hoa,IT Specialist,38715676.84,2026-03-02,Affluent
C09154,Hoàng Thị Phạm,Female,1997-12-13,Can Tho,Doctor,29099772.72,2020-07-15,Affluent
C09155,Hải Phạm,Male,1979-04-21,Hue,Freelancer,12638878.88,2019-09-26,Mass
C09156,Quý cô Hà Lê,Male,1997-12-23,Nam Dinh,Business Owner,35185730.05,2023-01-08,Affluent
C09157,Chị Xuân Nguyễn,Male,1975-03-28,Hai Phong,Accountant,38224782.74,2026-01-17,Affluent
C09158,Quý cô Hồng Mai,Female,1984-07-07,Ba Ria - Vung Tau,Freelancer,27929338.64,2026-01-07,Affluent
C09159,Hạnh Trí Dương,Female,1979-09-09,Can Tho,Accountant,27010952.74,2018-02-26,Mass
C09160,Quý ông Hoàng Bùi,Male,1999-01-01,Nam Dinh,Engineer,7934685.82,2023-06-18,Mass
C09161,Phúc Mai Bảo Lê,Female,1988-10-26,Quang Ninh,Bank Employee,16302743.67,2019-07-30,Mass
C09162,Quý ông Nam Phạm,Male,1991-11-13,Hue,Sales,25518052.5,2022-01-22,Affluent
C09163,Cô Phương Dương,Male,1992-08-31,Quang Ninh,Bank Employee,41878632.95,2020-06-21,Affluent
C09164,Anh Anh Dương,Female,1994-12-29,Nam Dinh,Student,127494368.26,2023-02-07,Premium
C09165,Nhật Nguyễn,Female,1978-02-25,Nam Dinh,Business Owner,13052600.28,2018-11-08,Mass
C09166,Bảo Hải Phạm,Female,1991-01-14,Khanh Hoa,Teacher,44887135.49,2023-09-21,Affluent
C09167,Quang Đặng,Female,2000-08-03,Ba Ria - Vung Tau,Business Owner,8591369.97,2021-09-29,Mass
C09168,Anh Dũng Bùi,Female,1993-04-12,Ba Ria - Vung Tau,Bank Employee,10102155.74,2020-01-08,Mass
C09169,Chị Hải Lê,Male,1999-02-23,Quang Ninh,Government Employee,22772885.96,2022-09-28,Mass
C09170,Quý ông Hưng Nguyễn,Female,1966-11-12,Ha Noi,IT Specialist,10602712.72,2023-09-25,Mass
C09171,Dũng Phạm,Male,1989-05-29,Dong Nai,Government Employee,11236435.44,2025-12-24,Mass
C09172,Minh Phú Hoàng,Male,1978-04-19,Binh Duong,Engineer,18951490.76,2026-07-30,Mass
C09173,Anh Hưng Lê,Male,2008-09-06,Thanh Hoa,Bank Employee,14175433.48,2018-12-28,Mass
C09174,Anh Hoàng Lê,Female,2005-04-20,Ha Noi,Sales,22204653.97,2024-01-04,Mass
C09175,Bảo Văn Vũ,Female,1986-07-26,Ho Chi Minh City,Business Owner,8995588.69,2021-11-17,Mass
C09176,Bà An Lê,Female,1993-04-24,Dong Nai,Business Owner,10845655.76,2021-12-10,Mass
C09177,Dũng Tấn Vũ,Male,1985-09-04,Hue,Freelancer,17280454.43,2025-01-13,Mass
C09178,Phương Hải Hoàng,Female,2003-08-06,Hai Phong,Freelancer,208652875.07,2026-02-05,Premium
C09179,Quý ông Hưng Vũ,Male,1972-12-08,Thanh Hoa,Doctor,8833430.12,2019-09-30,Mass
C09180,Hà Bùi,Male,1990-10-03,Bac Ninh,Engineer,21838831.36,2021-01-22,Mass
C09181,Ông Quang Hoàng,Male,1977-06-12,Dong Nai,Freelancer,31636931.37,2021-01-16,Affluent
C09182,Hải Thế Bùi,Female,1982-08-01,Nghe An,Office Staff,30000000.0,2020-11-07,Mass
C09183,Anh Minh Bùi,Female,1989-09-02,Khanh Hoa,Teacher,28949518.91,2026-03-15,Affluent
C09184,Thành Văn Vũ,Female,1989-08-09,Khanh Hoa,Sales,110364775.91,2018-07-15,Premium
C09185,Minh Vũ,Female,1995-12-20,Thanh Hoa,Doctor,14005854.54,2021-11-02,Mass
C09186,Nhật Hải Phạm,Female,2003-12-07,Ha Noi,Office Staff,9506443.16,2021-01-17,Mass
C09187,Chị Khoa Trần,Female,1981-11-16,Bac Ninh,Teacher,20674205.37,2019-10-14,Affluent
C09188,Bà Phương Hoàng,Female,1981-07-25,Ha Noi,Sales,5934086.93,2026-08-16,Mass
C09189,Quang Mai Dương,Female,2007-10-03,Da Nang,Student,81906527.52,2019-08-28,Premium
C09190,Ngọc Bùi,Female,1987-05-03,Khanh Hoa,IT Specialist,19082065.42,2021-11-14,Mass
C09191,Chị Hải Hoàng,Female,1990-02-19,Nghe An,Student,11007896.59,2020-07-28,Mass
C09192,Dũng Hoàng,Female,1983-12-01,Khanh Hoa,Business Owner,8847120.71,2018-05-01,Mass
C09193,Phúc Bùi,Female,1989-04-07,Hai Phong,Government Employee,7886090.09,2021-12-18,Mass
C09194,Hưng Dương,Female,1989-12-27,Thanh Hoa,Government Employee,33662927.7,2023-12-09,Affluent
C09195,An Tấn Phạm,Female,1999-09-24,Ho Chi Minh City,Freelancer,12713582.02,2020-01-08,Mass
C09196,Hương Lê,Female,1989-01-16,Bac Ninh,Freelancer,18107306.92,2020-03-24,Mass
C09197,Mai Phạm,Male,2008-08-23,Nghe An,Freelancer,11684807.95,2022-01-20,Mass
C09198,Yến Trần,Female,1998-12-04,Binh Duong,Bank Employee,16270007.3,2022-07-14,Mass
C09199,Quý cô Hương Bùi,Female,1981-11-14,Can Tho,Student,14334433.72,2023-01-21,Mass
C09200,Chị Lâm Đặng,Female,1998-04-10,Binh Duong,Accountant,16359705.89,2021-08-01,Mass
C09201,Phương Thị Đặng,Female,2007-03-20,Ho Chi Minh City,IT Specialist,6537454.72,2020-05-06,Mass
C09202,An Mai,Female,2005-02-12,Hai Phong,Government Employee,34650273.49,2023-09-11,Affluent
C09203,Hương Đặng,Male,1983-01-12,Thanh Hoa,Sales,4234627.15,2024-07-02,Mass
C09204,Chị Chi Vũ,Female,1976-09-20,Ho Chi Minh City,Teacher,12563501.68,2021-10-30,Mass
C09205,Bà Hồng Dương,Female,2007-10-25,Ba Ria - Vung Tau,Teacher,12431556.13,2022-06-28,Mass
C09206,Lan Dương,Female,1977-12-11,Ba Ria - Vung Tau,Office Staff,41895581.42,2021-03-23,Affluent
C09207,Anh Minh Dương,Male,1978-09-26,Ho Chi Minh City,Accountant,23230685.9,2023-12-24,Affluent
C09208,Thành Bùi,Male,1995-01-22,Bac Ninh,Freelancer,8682108.11,2019-09-03,Mass
C09209,Trọng Bảo Hoàng,Male,1972-05-30,Binh Duong,Business Owner,15009504.67,2023-05-11,Mass
C09210,Bảo Thế Đặng,Male,1959-08-21,Khanh Hoa,IT Specialist,10188333.72,2024-01-27,Mass
C09211,Bác Nhiên Đặng,Female,1997-10-22,Ha Noi,Engineer,11414874.96,2018-08-26,Mass
C09212,Quang Văn Đặng,Female,1975-03-18,Thanh Hoa,Teacher,10556742.53,2025-04-12,Mass
C09213,Quang Hữu Lê,Male,1989-03-15,Khanh Hoa,Bank Employee,12413050.71,2019-05-29,Mass
C09214,Nhật Trần,Female,1990-08-22,Ho Chi Minh City,Accountant,9550248.63,2022-09-18,Mass
C09215,Minh Đặng,Male,1992-08-30,Ha Noi,IT Specialist,11266917.08,2020-06-19,Mass
C09216,Vũ Mai,Male,1991-02-19,Da Nang,Accountant,16695471.85,2025-11-11,Mass
C09217,Bà Lan Đặng,Female,1971-01-03,Bac Ninh,Engineer,71449884.0,2026-07-18,Premium
C09218,Bà Bảo Nguyễn,Female,1995-09-27,Ho Chi Minh City,Office Staff,8990356.34,2022-05-02,Mass
C09219,Anh Vũ Bùi,Male,1988-01-09,Bac Ninh,Teacher,9939178.18,2019-10-11,Mass
C09220,Tú Quang Hoàng,Female,1988-09-10,Ha Noi,IT Specialist,17657772.74,2026-04-13,Mass
C09221,Cô Hạnh Đặng,Male,2008-03-19,Can Tho,Student,14253886.57,2018-06-04,Mass
C09222,Bác Khoa Đặng,Female,1996-09-19,Dong Nai,Business Owner,14098303.11,2025-06-10,Mass
C09223,Cô Lâm Nguyễn,Male,2000-03-11,Thanh Hoa,Teacher,18239653.64,2021-05-16,Mass
C09224,Quý cô Hải Bùi,Male,1980-05-29,Nam Dinh,IT Specialist,14641059.88,2022-04-09,Mass
C09225,Bảo Phạm,Male,1982-03-18,Ha Noi,Accountant,9243674.56,2025-03-22,Mass
C09226,Vân Mai,Male,1997-02-11,Nghe An,Government Employee,43863341.33,2019-11-05,Affluent
C09227,Bà An Phạm,Male,1999-07-31,Nghe An,Engineer,19903168.02,2023-02-24,Mass
C09228,Quang Xuân Trần,Male,1993-11-25,Ha Noi,Government Employee,14304435.82,2023-04-13,Mass
C09229,Bà Hạnh Nguyễn,Female,1967-01-10,Can Tho,Office Staff,28317530.22,2025-05-08,Affluent
C09230,Chị Kim Phạm,Male,1990-09-02,Can Tho,Sales,48019299.88,2021-01-16,Affluent
C09231,Nam Hoàng,Male,1979-10-24,Hue,Student,10699224.81,2025-01-23,Mass
C09232,Vũ Lê,Male,1996-03-29,Thanh Hoa,Freelancer,11059713.3,2020-07-11,Mass
C09233,Phương Nguyễn,Female,1975-06-14,Hue,Bank Employee,10883192.21,2026-03-02,Mass
C09234,Phúc Phú Dương,Male,1989-12-06,Dong Nai,Student,30793761.48,2026-08-13,Affluent
C09235,Nhiên Thị Nguyễn,Male,1982-12-01,Hai Phong,Office Staff,36671708.52,2026-07-14,Affluent
C09236,Châu Hoàng,Female,2001-11-18,Khanh Hoa,Bank Employee,8549033.28,2023-06-02,Mass
C09237,Vũ Lê,Female,2007-12-27,Can Tho,Accountant,8970524.59,2020-06-08,Mass
C09238,Chị Linh Vũ,Female,1982-01-03,Ha Noi,Business Owner,19072029.51,2020-05-26,Mass
C09239,An Quang Mai,Male,1983-06-19,Ha Noi,Business Owner,14570922.31,2024-02-09,Mass
C09240,Hà Phạm,Male,1992-02-08,Binh Duong,Office Staff,15738764.47,2019-09-23,Mass
C09241,Quang Vũ,Male,1987-02-07,Da Nang,Sales,22566438.72,2021-11-23,Mass
C09242,Châu Quang Phạm,Male,1991-10-06,Dong Nai,Freelancer,19200944.66,2021-04-05,Mass
C09243,Quý cô Yến Lê,Female,1981-08-21,Hue,Doctor,15522829.32,2021-10-30,Mass
C09244,Quý ông Tùng Bùi,Male,2008-01-31,Binh Duong,Teacher,46252010.35,2025-02-12,Affluent
C09245,Bảo Dương,Male,1992-06-26,Binh Duong,Sales,10273136.45,2019-01-03,Mass
C09246,Bà Ánh Lê,Male,2007-07-02,Hue,Doctor,11976556.97,2018-04-30,Mass
C09247,Hà Lê,Female,1990-09-06,Dong Nai,Student,23675659.26,2024-03-16,Affluent
C09248,Vi Lê,Female,2006-11-07,Ho Chi Minh City,Office Staff,14228165.24,2025-10-02,Mass
C09249,Nhật Phạm,Female,1981-02-28,Ba Ria - Vung Tau,Student,12826401.56,2019-11-13,Mass
C09250,Lâm Nguyễn,Female,1978-01-22,Ha Noi,Business Owner,11642613.04,2020-08-06,Mass
C09251,Hạnh Hoàng,Male,1991-04-23,Ho Chi Minh City,IT Specialist,26582142.42,2019-06-04,Affluent
C09252,Tùng Nguyễn,Male,2008-07-22,Thanh Hoa,Engineer,61053266.33,2023-10-17,Affluent
C09253,Cô Phương Mai,Male,1977-12-21,Nghe An,Engineer,60000000.0,2025-05-25,Premium
C09254,Khoa Bùi,Female,1989-03-05,Ba Ria - Vung Tau,Accountant,96077164.12,2022-02-14,Premium
C09255,Hạnh Phú Lê,Male,1994-04-15,Quang Ninh,Accountant,10399423.82,2025-04-30,Mass
C09256,Cô Ánh Hoàng,Male,1986-08-28,Ha Noi,IT Specialist,44736991.92,2022-06-06,Affluent
C09257,Hải Hoàng,Female,1986-01-08,Ho Chi Minh City,Accountant,11504349.93,2026-04-12,Mass
C09258,Vân Lê,Female,1992-08-12,Nam Dinh,IT Specialist,46357929.52,2021-12-04,Affluent
C09259,Hải Phạm,Female,1985-04-28,Hue,Government Employee,12309212.45,2020-02-24,Mass
C09260,Bà Hồng Mai,Female,1991-05-07,Quang Ninh,Sales,13541395.51,2023-02-25,Mass
C09261,Cô Chi Lê,Male,1996-03-21,Nghe An,Freelancer,44782153.77,2025-03-06,Affluent
C09262,Quý cô Xuân Bùi,Female,2002-01-27,Dong Nai,Doctor,10390551.37,2024-06-03,Mass
C09263,Ông Khoa Trần,Male,1984-03-20,Ho Chi Minh City,Accountant,8071970.8,2026-02-18,Mass
C09264,Ông Nam Phạm,Male,2007-10-22,Ho Chi Minh City,Doctor,12267872.29,2026-04-18,Mass
C09265,Khoa Trần,Female,2008-08-08,Nam Dinh,Bank Employee,23705497.78,2024-11-24,Affluent
C09266,Bác Hưng Đặng,Male,1981-11-09,Ha Noi,Bank Employee,11170002.2,2025-03-31,Mass
C09267,Hương Phạm,Female,1976-04-10,Ho Chi Minh City,Engineer,7871287.39,2022-04-06,Mass
C09268,Chị Ngọc Phạm,Female,1991-11-14,Can Tho,Doctor,13801278.65,2018-08-26,Mass
C09269,Anh Hoàng,Female,2003-01-24,Ba Ria - Vung Tau,IT Specialist,17219170.31,2026-01-18,Mass
C09270,Huy Văn Dương,Female,1985-08-27,Can Tho,Engineer,6832264.49,2025-03-16,Mass
C09271,Hạnh Mai,Female,1990-10-07,Da Nang,Bank Employee,13735606.93,2020-07-30,Mass
C09272,Quý ông Quang Nguyễn,Male,1997-01-16,Dong Nai,Business Owner,7148867.36,2019-05-30,Mass
C09273,Quý ông Quang Lê,Female,1986-10-20,Binh Duong,Freelancer,26019380.97,2018-03-12,Mass
C09274,Bảo Trí Phạm,Male,1994-12-26,Can Tho,Government Employee,20783118.85,2026-01-26,Mass
C09275,Kim Phạm,Female,1999-03-06,Hue,Office Staff,12940314.87,2020-03-01,Mass
C09276,Kim Nguyễn,Male,1981-12-15,Nghe An,Office Staff,11964714.58,2018-12-10,Mass
C09277,Quý cô Dương Mai,Female,1994-06-14,Nam Dinh,Doctor,15472299.29,2024-05-13,Mass
C09278,Hà Nguyễn,Male,1970-06-03,Da Nang,Accountant,13331265.6,2025-10-07,Mass
C09279,Bảo Văn Phạm,Other,1996-01-08,Thanh Hoa,IT Specialist,11228931.36,2026-06-29,Mass
C09280,Lâm Thị Bùi,Female,1963-06-05,Nam Dinh,IT Specialist,12580199.89,2025-11-12,Mass
C09281,Nhật Văn Nguyễn,Male,1996-10-06,Hue,IT Specialist,8037618.87,2019-01-22,Mass
C09282,Trọng Đức Bùi,Female,2008-01-21,Can Tho,Business Owner,13628472.16,2024-12-03,Mass
C09283,Kim Hải Lê,Male,1983-01-23,Nam Dinh,Teacher,10444369.06,2020-04-03,Mass
C09284,Chị Yến Dương,Male,1991-01-06,Bac Ninh,Student,7966498.42,2023-06-02,Mass
C09285,Ngọc Dương,Male,1988-11-11,Quang Ninh,Freelancer,40439080.55,2019-03-03,Affluent
C09286,Nhật Đặng,Male,1996-07-07,Nghe An,Student,21683792.33,2024-03-29,Mass
C09287,Vi Nguyễn,Male,2000-05-18,Nghe An,Teacher,13251668.4,2022-11-30,Mass
C09288,Ông Anh Nguyễn,Male,1981-06-22,Bac Ninh,Engineer,34197796.48,2020-02-06,Affluent
C09289,Lâm Hải Lê,Male,1993-08-14,Quang Ninh,Bank Employee,22798351.17,2024-04-14,Affluent
C09290,Bà Mai Nguyễn,Female,1976-03-19,Hue,Doctor,11307249.05,2020-11-15,Mass
C09291,Thành Mai Bảo Vũ,Female,1984-11-20,Thanh Hoa,Student,15185770.23,2023-03-31,Mass
C09292,Tùng Mai,Male,1997-06-30,Binh Duong,Teacher,11198408.14,2024-11-07,Mass
C09293,Chị Mai Dương,Male,1976-04-20,Dong Nai,Engineer,8116406.17,2019-12-31,Mass
C09294,Trọng Văn Hoàng,Male,1967-04-03,Hai Phong,IT Specialist,9246093.84,2022-03-02,Mass
C09295,Anh Hoàng Mai,Female,2003-07-19,Ho Chi Minh City,Government Employee,12568765.49,2020-12-03,Mass
C09296,Tùng Trí Đặng,Female,1966-09-25,Can Tho,Bank Employee,20000000.0,2018-01-30,Affluent
C09297,Anh Phú Đặng,Female,1992-04-04,Dong Nai,IT Specialist,14176694.81,2021-09-24,Mass
C09298,Lâm Hoàng,Female,1990-09-11,Thanh Hoa,Accountant,13716222.2,2023-12-31,Mass
C09299,Khoa Bùi,Male,1998-05-02,Hai Phong,Doctor,9727957.96,2020-10-19,Mass
C09300,Mai Vũ,Male,1992-02-12,Hue,Office Staff,8080435.9,2020-08-20,Mass
C09301,Chị Kim Dương,Male,1990-11-27,Nam Dinh,Government Employee,10473474.23,2019-06-07,Mass
C09302,Quý cô Mai Bùi,Female,1996-03-30,Quang Ninh,Business Owner,38532420.79,2026-06-28,Affluent
C09303,Chị Mai Mai,Female,2008-07-30,Hue,Office Staff,11075385.39,2022-02-02,Mass
C09304,Ngọc Vũ,Female,1965-05-04,Hai Phong,IT Specialist,8205201.31,2021-12-16,Mass
C09305,Quý cô Thảo Dương,Male,1976-08-13,Dong Nai,Business Owner,12231765.44,2025-03-25,Mass
C09306,Minh Thế Bùi,Female,1996-10-31,Hai Phong,Office Staff,7558570.38,2021-04-14,Mass
C09307,Hạnh Bảo Dương,Female,1989-02-09,Binh Duong,Doctor,19957312.89,2025-05-29,Mass
C09308,Tú Bùi,Female,1995-08-23,Ho Chi Minh City,Teacher,34160145.7,2023-09-06,Affluent
C09309,Quý cô Vi Trần,Female,1979-06-08,Dong Nai,Sales,13520559.15,2021-02-27,Mass
C09310,Cô Kim Phạm,Female,2007-10-01,Ha Noi,Bank Employee,12422597.28,2023-02-22,Mass
C09311,Nhật Đặng,Male,1974-07-30,Ba Ria - Vung Tau,IT Specialist,98533216.18,2025-10-27,Premium
C09312,Phúc Mai Dương,Male,2008-04-17,Hue,Bank Employee,13746467.7,2021-10-16,Mass
C09313,An Đức Vũ,Male,1992-11-28,Ha Noi,Freelancer,6326350.98,2023-01-21,Mass
C09314,Minh Thế Nguyễn,Male,2008-01-23,Khanh Hoa,Business Owner,16881091.51,2023-11-26,Mass
C09315,Hà Vũ,Male,1999-06-25,Ha Noi,Government Employee,8734519.35,2019-10-18,Mass
C09316,Vũ Đặng,Male,1990-11-12,Ha Noi,Accountant,9577682.0,2019-02-01,Mass
C09317,Anh Tùng Trần,Female,1989-03-18,Da Nang,Government Employee,32934872.56,2018-05-15,Affluent
C09318,Trung Bùi,Male,2003-12-15,Bac Ninh,IT Specialist,10034081.22,2021-08-11,Mass
C09319,Hà Bùi,Male,1986-03-06,Ho Chi Minh City,Sales,12177353.59,2019-06-15,Mass
C09320,Hà Đức Vũ,Female,1991-07-09,Bac Ninh,Government Employee,62587359.57,2021-08-04,Affluent
C09321,An Hoàng Bùi,Male,1982-03-08,Ha Noi,Office Staff,16171672.37,2022-02-04,Mass
C09322,Hà Mai,Female,1992-09-19,Ho Chi Minh City,Engineer,37389563.65,2026-08-14,Affluent
C09323,Quý cô Nhật Nguyễn,Female,1995-09-26,Ha Noi,Student,15753287.41,2018-01-02,Mass
C09324,Dũng Tấn Vũ,Male,1992-06-25,Thanh Hoa,Government Employee,12971295.3,2022-06-16,Mass
C09325,Thành Đức Lê,Female,1989-01-31,Ho Chi Minh City,Teacher,34809766.61,2025-05-09,Affluent
C09326,Phương Hải Bùi,Female,1958-07-24,Ha Noi,Doctor,9502832.41,2018-10-16,Mass
C09327,Quang Dương,Male,1997-12-28,Hai Phong,Accountant,15299811.55,2019-11-28,Mass
C09328,Ông Anh Nguyễn,Female,1997-06-19,Binh Duong,Student,10836438.86,2022-03-31,Mass
C09329,Bà Xuân Vũ,Female,2002-03-14,Quang Ninh,Engineer,14252779.23,2018-10-11,Mass
C09330,Anh Tấn Hoàng,Male,1984-10-13,Hai Phong,Freelancer,88154712.02,2018-09-01,Premium
C09331,Huy Bảo Nguyễn,Male,1982-10-23,Ba Ria - Vung Tau,Teacher,6262396.22,2019-07-04,Mass
C09332,Mai Nguyễn,Female,1998-07-08,Binh Duong,Student,11306908.77,2019-09-26,Mass
C09333,Hà Hoàng,Female,2003-03-05,Bac Ninh,Sales,6506860.53,2020-08-31,Mass
C09334,Hải Trí Lê,Male,1994-07-09,Can Tho,Accountant,15299401.05,2024-07-14,Mass
C09335,Anh Quang Mai,Female,1975-11-15,Binh Duong,Government Employee,9908132.56,2025-05-06,Mass
C09336,Khoa Mai Bảo Vũ,Male,1982-04-23,Da Nang,Freelancer,14994693.37,2024-11-01,Mass
C09337,Cô Hải Dương,Male,1977-06-11,Bac Ninh,Sales,10615761.06,2023-11-19,Mass
C09338,Quý cô Vi Mai,Female,2008-02-08,Binh Duong,Teacher,35744764.73,2025-04-14,Affluent
C09339,Bà Dương Nguyễn,Male,2002-03-10,Ho Chi Minh City,Doctor,9315501.7,2024-10-30,Mass
C09340,Bảo Văn Hoàng,Male,1994-02-22,Hai Phong,Bank Employee,10657693.0,2021-12-05,Mass
C09341,Bà Ngọc Hoàng,Male,1988-12-23,Thanh Hoa,Sales,15348401.94,2025-10-30,Mass
C09342,Kim Đặng,Female,1994-12-06,Hue,Engineer,13782515.24,2024-07-24,Mass
C09343,Vân Trần,Female,1990-09-04,Dong Nai,Bank Employee,46339576.51,2024-11-02,Affluent
C09344,Lâm Bùi,Male,1993-02-25,Thanh Hoa,Freelancer,11673044.71,2025-05-21,Mass
C09345,Nam Phạm,Male,1995-09-11,Quang Ninh,IT Specialist,11337543.6,2023-09-12,Mass
C09346,Minh Vũ,Female,1998-10-13,Hai Phong,Business Owner,8810970.56,2020-12-14,Mass
C09347,Trung Dương,Female,1982-08-25,Dong Nai,Engineer,8213556.83,2024-11-28,Mass
C09348,Ông Nam Bùi,Female,1994-02-02,Ho Chi Minh City,Teacher,17120500.84,2021-10-13,Mass
C09349,Quý cô Khoa Đặng,Female,1994-05-01,Nghe An,Student,16038078.62,2024-07-31,Mass
C09350,Tú Thế Lê,Male,1997-09-09,Khanh Hoa,Teacher,8306176.44,2024-03-13,Mass
C09351,Anh Thế Hoàng,Female,2008-01-08,Hue,Sales,51892033.55,2018-04-01,Affluent
C09352,Kim Tấn Vũ,Female,2003-01-21,Ho Chi Minh City,Teacher,134834057.96,2018-08-17,Premium
C09353,Cô Nhật Dương,Female,2000-10-27,Ha Noi,Sales,19029511.69,2018-03-26,Mass
C09354,Huy Trí Dương,Male,1966-01-28,Nam Dinh,Doctor,60000000.0,2025-05-17,Premium
C09355,Phúc Văn Nguyễn,Female,2002-04-19,Thanh Hoa,Sales,15728947.46,2025-05-17,Mass
C09356,Kim Trần,Female,1985-07-31,Da Nang,Sales,136447363.91,2025-10-27,Premium
C09357,Anh Anh Vũ,Female,1996-11-10,Hue,Government Employee,24059829.07,2025-09-17,Mass
C09358,Bác Dũng Hoàng,Female,1989-02-28,Binh Duong,Freelancer,24294725.97,2018-01-06,Affluent
C09359,Chị Thành Trần,Male,1992-10-12,Ho Chi Minh City,Government Employee,7874724.78,2020-05-14,Mass
C09360,Nhật Hoàng Mai,Male,1973-07-21,Nam Dinh,Student,9523769.32,2024-12-17,Mass
C09361,Chị Hồng Vũ,Female,1984-10-20,Nam Dinh,IT Specialist,10177414.99,2018-01-20,Mass
C09362,Ông Hưng Nguyễn,Male,1997-04-08,Hai Phong,Freelancer,6149173.52,2022-05-30,Mass
C09363,Nhật Nguyễn,Female,1984-02-18,Ba Ria - Vung Tau,Teacher,18908661.32,2021-01-08,Mass
C09364,Ông Hoàng Hoàng,Female,2001-09-05,Khanh Hoa,Sales,22016217.19,2023-04-22,Affluent
C09365,Dũng Dương,Female,1982-07-16,Binh Duong,Business Owner,6744465.06,2023-06-08,Mass
C09366,Hà Hải Nguyễn,Male,1977-03-23,Bac Ninh,Office Staff,69645085.43,2023-12-17,Premium
C09367,Nhiên Vũ,Male,2003-02-17,Quang Ninh,Bank Employee,13090260.72,2018-05-02,Mass
C09368,Vũ Vũ,Female,2002-08-13,Binh Duong,Bank Employee,9369106.85,2026-01-12,Mass
C09369,Chị Thành Đặng,Female,1987-03-05,Bac Ninh,Business Owner,5128008.27,2021-06-13,Mass
C09370,Chị Hải Phạm,Female,1971-10-28,Hai Phong,Government Employee,12184695.49,2020-12-17,Mass
C09371,Anh Tùng Dương,Female,2005-07-23,Ha Noi,Bank Employee,8405369.86,2020-03-08,Mass
C09372,Thành Mai Bảo Hoàng,Male,1979-12-22,Thanh Hoa,Sales,14809593.45,2020-05-29,Mass
C09373,Hải Phạm,Female,1975-02-28,Nghe An,Bank Employee,28517707.44,2023-08-16,Affluent
C09374,Xuân Lê,Female,1987-03-25,Da Nang,IT Specialist,13932237.77,2022-01-03,Mass
C09375,Thành Hữu Vũ,Male,1983-04-19,Nghe An,Accountant,17804567.81,2022-04-23,Mass
C09376,Quý ông Tú Trần,Female,1998-03-31,Ha Noi,Student,95535898.64,2026-07-19,Premium
C09377,Minh Trí Trần,Male,1997-01-18,Thanh Hoa,Government Employee,11781052.19,2022-06-30,Mass
C09378,Ông Minh Hoàng,Male,1983-01-17,Thanh Hoa,Engineer,6726091.55,2018-07-30,Mass
C09379,Vũ Nguyễn,Male,1978-04-14,Da Nang,Business Owner,8054193.65,2020-12-21,Mass
C09380,Ông Tú Bùi,Male,1994-05-28,Bac Ninh,Business Owner,18546597.03,2023-09-19,Mass
C09381,Hà Vũ,Male,1986-12-09,Nam Dinh,Bank Employee,13514215.5,2023-09-15,Mass
C09382,Hạnh Đức Bùi,Male,2003-02-09,Ha Noi,Business Owner,25587969.02,2025-09-24,Affluent
C09383,Hà Hoàng,Female,1980-03-29,Ha Noi,Sales,9764041.56,2022-04-29,Mass
C09384,Cô Vi Hoàng,Male,1996-06-23,Thanh Hoa,Office Staff,16815306.75,2021-10-03,Mass
C09385,Bác Khoa Lê,Female,2002-08-28,Nghe An,Engineer,13185779.61,2025-04-09,Mass
C09386,Châu Phạm,Male,1990-01-03,Ho Chi Minh City,IT Specialist,34971811.24,2022-01-30,Affluent
C09387,Phúc Hải Dương,Female,1996-04-06,Da Nang,Freelancer,9795835.4,2019-12-31,Mass
C09388,Bác Tùng Dương,Female,2002-08-09,Ho Chi Minh City,Doctor,14208486.24,2025-04-06,Mass
C09389,Ông Hưng Dương,Male,1998-08-23,Khanh Hoa,Bank Employee,16843541.12,2023-03-08,Mass
C09390,Hải Lê,Female,1993-08-22,Nghe An,Office Staff,25477938.34,2026-01-02,Affluent
C09391,Quang Xuân Đặng,Female,1993-02-18,Can Tho,IT Specialist,10392731.11,2020-03-04,Mass
C09392,Bảo Trần,Male,1979-05-24,Nghe An,Freelancer,86277609.11,2024-08-26,Premium
C09393,Vân Lê,Female,1993-11-27,Quang Ninh,IT Specialist,19667115.89,2020-11-23,Mass
C09394,Quý cô Nhật Hoàng,Male,1985-03-06,Khanh Hoa,Business Owner,21474233.09,2024-10-11,Mass
C09395,Duyên Bùi,Male,1976-11-15,Nam Dinh,IT Specialist,8796903.14,2023-10-18,Mass
C09396,Kim Văn Lê,Female,1980-06-19,Can Tho,Government Employee,20465955.58,2022-05-21,Mass
C09397,Thành Hoàng Mai,Female,1974-08-22,Can Tho,Government Employee,16958009.24,2023-02-25,Mass
C09398,Bà Chi Trần,Male,1980-04-27,Nghe An,Bank Employee,10793836.58,2021-04-14,Mass
C09399,Hạnh Hữu Mai,Male,1999-11-19,Hue,Bank Employee,10608235.02,2026-02-20,Mass
C09400,Cô Nhật Nguyễn,Male,2007-10-09,Thanh Hoa,Freelancer,52362288.97,2025-03-07,Affluent
C09401,Mai Dương,Female,1994-04-21,Bac Ninh,Bank Employee,18856777.62,2022-09-16,Mass
C09402,Ánh Hoàng,Male,2004-04-19,Can Tho,IT Specialist,17528451.7,2019-07-28,Mass
C09403,Chi Nguyễn,Female,1996-01-03,Dong Nai,Business Owner,23808370.94,2024-12-19,Affluent
C09404,Quý cô Vân Nguyễn,Male,1973-02-23,Hue,Freelancer,17680560.06,2024-05-04,Mass
C09405,Nhật Bảo Hoàng,Female,1988-08-16,Ho Chi Minh City,Teacher,12143389.04,2019-01-06,Mass
C09406,Chị Ngọc Dương,Male,1986-01-24,Nghe An,Doctor,12845925.15,2020-05-08,Mass
C09407,Duyên Mai,Male,1999-01-08,Can Tho,Student,10388385.0,2024-07-09,Mass
C09408,Bà Vân Vũ,Female,1969-08-14,Quang Ninh,Student,30000000.0,2026-05-04,Mass
C09409,Quý cô Nhật Vũ,Female,1973-04-23,Khanh Hoa,Student,14186418.01,2019-12-24,Mass
C09410,Quý ông Phúc Hoàng,Female,1993-10-13,Nghe An,Office Staff,72667615.29,2020-01-12,Premium
C09411,Thành Thị Dương,Male,1999-04-21,Binh Duong,IT Specialist,9887417.3,2019-02-21,Mass
C09412,Anh Đặng,Female,1967-07-10,Dong Nai,Student,22580923.42,2026-08-26,Mass
C09413,Thành Mai Lê,Male,1982-08-14,Ba Ria - Vung Tau,Business Owner,8573637.07,2023-10-08,Mass
C09414,Nhật Hữu Đặng,Female,1981-06-25,Quang Ninh,IT Specialist,32582096.58,2019-09-23,Affluent
C09415,Vũ Hoàng,Male,2008-02-04,Nam Dinh,Bank Employee,38148187.73,2018-05-17,Affluent
C09416,Cô Nhật Hoàng,Male,2000-08-23,Ha Noi,Accountant,9043876.96,2025-01-29,Mass
C09417,Châu Dương,Female,1993-03-18,Bac Ninh,Business Owner,10079398.71,2020-04-30,Mass
C09418,Nam Thị Phạm,Male,1991-03-05,Ha Noi,Teacher,11659146.24,2026-05-19,Mass
C09419,Dũng Lê,Male,2008-06-14,Bac Ninh,Student,20429990.54,2021-02-11,Mass
C09420,Cô Bảo Bùi,Male,2001-03-08,Ho Chi Minh City,Teacher,8598323.26,2024-02-20,Mass
C09421,Quý cô Khoa Phạm,Female,1994-01-22,Ha Noi,Teacher,11553511.92,2019-01-23,Mass
C09422,Mai Lê,Male,1974-08-23,Nam Dinh,Bank Employee,13186648.73,2026-02-27,Mass
C09423,Hải Đức Đặng,Male,1984-04-08,Binh Duong,Engineer,13210266.8,2025-04-14,Mass
C09424,Bà Nhật Phạm,Male,1988-03-22,Ba Ria - Vung Tau,Government Employee,13373992.67,2020-12-14,Mass
C09425,Cô Duyên Nguyễn,Female,2007-10-27,Nam Dinh,Government Employee,10994940.14,2022-05-11,Mass
C09426,Bác Hưng Bùi,Male,1978-07-26,Binh Duong,Student,400000000.0,2021-09-29,Premium
C09427,Bà Hương Bùi,Male,2004-02-02,Quang Ninh,Teacher,13915239.91,2021-08-01,Mass
C09428,Hoàng Trí Vũ,Female,1997-03-31,Dong Nai,Doctor,24571440.57,2022-07-20,Mass
C09429,Quý ông Châu Đặng,Female,2005-08-01,Bac Ninh,Freelancer,14933925.01,2020-12-26,Mass
C09430,Bảo Đặng,Male,2006-01-01,Ba Ria - Vung Tau,Freelancer,10733914.58,2022-01-30,Mass
C09431,Quý cô Vi Hoàng,Female,1991-07-11,Bac Ninh,Business Owner,17449286.13,2023-07-08,Mass
C09432,Ngọc Đặng,Male,2002-03-23,Hue,Government Employee,42707005.76,2025-06-15,Affluent
C09433,Quý cô Yến Bùi,Male,1990-04-15,Da Nang,Sales,13202211.26,2023-09-17,Mass
C09434,Chị Lan Dương,Male,1979-12-26,Hai Phong,Government Employee,23821321.8,2024-03-29,Affluent
C09435,Lâm Hoàng Vũ,Male,1982-06-20,Khanh Hoa,Freelancer,29508448.3,2021-05-01,Affluent
C09436,Chị Phương Đặng,Female,1978-03-21,Khanh Hoa,Government Employee,13490717.03,2021-11-15,Mass
C09437,Bảo Hải Dương,Female,1993-01-25,Can Tho,Doctor,29322064.02,2020-04-09,Affluent
C09438,Chị Nhật Lê,Female,1981-10-04,Thanh Hoa,Freelancer,165595962.43,2019-05-31,Premium
C09439,Bà Khoa Phạm,Male,1996-03-17,Ha Noi,Freelancer,8071621.18,2018-02-11,Mass
C09440,An Phạm,Male,1983-02-14,Ba Ria - Vung Tau,Sales,7227699.66,2023-02-07,Mass
C09441,Quý cô Ánh Nguyễn,Female,2005-09-22,Da Nang,Accountant,8272705.1,2022-05-24,Mass
C09442,Vân Hoàng,Male,1995-04-20,Nghe An,Freelancer,23440106.18,2025-02-09,Affluent
C09443,Hoàng Phạm,Female,2008-09-09,Ho Chi Minh City,Accountant,8064737.65,2022-06-14,Mass
C09444,Hưng Phạm,Female,1983-01-24,Binh Duong,Student,23900152.5,2019-06-30,Affluent
C09445,Ông Anh Phạm,Male,1994-07-08,Nam Dinh,Teacher,23718399.84,2020-09-10,Mass
C09446,Chị Xuân Phạm,Male,1991-03-13,Bac Ninh,Student,13528417.81,2019-03-07,Mass
C09447,Hải Mai,Female,2001-02-23,Binh Duong,Freelancer,25587983.55,2019-02-17,Mass
C09448,Bà Linh Bùi,Female,1996-05-28,Hue,Doctor,11079205.91,2018-11-18,Mass
C09449,Bảo Đặng,Female,1976-08-21,Binh Duong,Business Owner,92988561.23,2019-08-26,Premium
C09450,Ông Anh Dương,Female,1990-07-17,Nghe An,Accountant,10873359.74,2019-08-15,Mass
C09451,Quý cô Hương Hoàng,Male,1993-12-23,Hue,Bank Employee,39114712.1,2026-07-12,Affluent
C09452,Tú Mai Bảo Bùi,Male,1984-10-03,Can Tho,Teacher,9580882.42,2021-09-13,Mass
C09453,Phương Văn Bùi,Male,1999-07-19,Nam Dinh,Student,9695957.23,2019-12-01,Mass
C09454,Quang Đặng,Male,2006-09-18,Quang Ninh,Doctor,6877505.81,2025-11-17,Mass
C09455,Khoa Lê,Male,1987-09-21,Hai Phong,Doctor,16666741.07,2023-11-27,Mass
C09456,Thành Dương,Female,1981-07-10,Nghe An,Bank Employee,5213282.54,2020-12-20,Mass
C09457,Quý cô Duyên Lê,Female,1993-04-15,Ha Noi,Bank Employee,8159431.24,2023-06-24,Mass
C09458,Hạnh Văn Đặng,Female,1989-06-06,Da Nang,Doctor,30876673.81,2024-10-10,Affluent
C09459,Chị Dương Dương,Male,1984-03-24,Hai Phong,Bank Employee,99236803.63,2022-08-10,Premium
C09460,Quý cô Vân Mai,Male,2008-05-08,Ba Ria - Vung Tau,Student,8554235.96,2021-01-30,Mass
C09461,Trọng Hoàng Vũ,Male,1990-01-27,Dong Nai,Accountant,12384495.16,2026-08-11,Mass
C09462,Chị Hải Hoàng,Female,2005-11-28,Binh Duong,IT Specialist,7008654.58,2022-01-26,Mass
C09463,Mai Hoàng,Male,1990-08-29,Ba Ria - Vung Tau,Business Owner,7342086.69,2020-02-15,Mass
C09464,Quý ông Minh Phạm,Male,2008-02-03,Ha Noi,Freelancer,10268772.26,2020-10-04,Mass
C09465,Cô Yến Đặng,Female,1996-06-02,Hue,Office Staff,8823922.36,2020-02-08,Mass
C09466,Mai Lê,Female,1998-04-13,Hue,IT Specialist,35145577.01,2019-11-03,Affluent
C09467,Khoa Mai,Male,1998-01-24,Can Tho,Doctor,12300631.56,2024-08-04,Mass
C09468,Nhiên Bảo Đặng,Male,1995-04-21,Dong Nai,Freelancer,12725199.04,2024-06-01,Mass
C09469,Vũ Văn Lê,Male,1981-02-17,Binh Duong,IT Specialist,16097168.64,2026-02-22,Mass
C09470,Nam Hữu Bùi,Female,1975-10-19,Nam Dinh,Doctor,139830216.13,2019-10-02,Premium
C09471,Nhật Hữu Nguyễn,Male,1988-02-25,Quang Ninh,Freelancer,10310941.13,2020-02-02,Mass
C09472,Hải Mai Phạm,Other,1995-01-04,Binh Duong,Doctor,8825847.15,2026-01-31,Mass
C09473,Châu Bùi,Female,1990-06-25,Nghe An,Sales,15317443.35,2019-11-01,Mass
C09474,Ông Khoa Hoàng,Male,1997-11-28,Ha Noi,Accountant,11844698.69,2025-08-23,Mass
C09475,Lâm Trí Mai,Male,1997-12-08,Binh Duong,Student,12912304.13,2018-06-23,Mass
C09476,Trọng Quang Nguyễn,Female,1996-10-15,Hai Phong,Business Owner,9263462.97,2019-12-05,Mass
C09477,Bà Lan Vũ,Male,1998-07-11,Quang Ninh,Freelancer,122303015.08,2020-10-27,Premium
C09478,Quý cô Kim Lê,Female,1992-03-18,Thanh Hoa,Bank Employee,10329036.89,2025-06-18,Mass
C09479,Cô Thành Đặng,Female,1987-12-18,Bac Ninh,Freelancer,30907324.55,2025-10-27,Affluent
C09480,Lâm Mai Vũ,Female,1978-09-19,Nam Dinh,Accountant,26132721.21,2025-10-14,Affluent
C09481,Quý cô Mai Hoàng,Female,1992-10-13,Bac Ninh,Doctor,7339265.89,2023-02-24,Mass
C09482,Trọng Đặng,Male,1994-04-05,Ba Ria - Vung Tau,Doctor,21146140.62,2024-03-14,Affluent
C09483,Nam Phạm,Female,1982-06-08,Bac Ninh,Student,15692501.21,2023-09-14,Mass
C09484,Dũng Thế Bùi,Female,1981-12-11,Da Nang,Freelancer,12121879.2,2024-11-01,Mass
C09485,Huy Phú Phạm,Male,2000-05-29,Dong Nai,Office Staff,9068323.7,2026-05-08,Mass
C09486,Nhật Nguyễn,Male,1973-12-24,Thanh Hoa,Sales,19833920.65,2018-08-31,Mass
C09487,Anh Hưng Nguyễn,Female,1989-07-01,Da Nang,IT Specialist,10018513.57,2020-01-16,Mass
C09488,Cô An Lê,Female,1974-10-24,Bac Ninh,Office Staff,9410541.93,2018-01-19,Mass
C09489,Anh Thành Bùi,Female,1988-08-29,Nghe An,Accountant,19261180.68,2021-05-28,Mass
C09490,Chị Linh Bùi,Female,2000-05-01,Hue,Bank Employee,16040790.83,2023-03-26,Mass
C09491,Anh Phúc Lê,Female,1985-04-08,Quang Ninh,Student,11835172.99,2021-01-06,Mass
C09492,Bà Xuân Mai,Female,2001-03-27,Ho Chi Minh City,Accountant,28163199.22,2018-06-19,Affluent
C09493,Bác Nhiên Phạm,Female,1987-03-23,Khanh Hoa,Teacher,7291715.0,2019-07-25,Mass
C09494,Kim Bùi,Male,1988-10-30,Ha Noi,Student,14501824.86,2019-06-18,Mass
C09495,Vi Trần,Female,1980-03-31,Dong Nai,Bank Employee,7355745.24,2020-12-18,Mass
C09496,An Hoàng,Female,1976-08-15,Dong Nai,Engineer,58204176.29,2018-09-12,Affluent
C09497,Thảo Mai,Female,1986-03-30,Da Nang,Student,8344391.58,2025-04-30,Mass
C09498,Kim Văn Dương,Male,1994-08-27,Quang Ninh,Accountant,11801747.5,2022-12-31,Mass
C09499,Chị Hồng Vũ,Male,1987-11-08,Nghe An,Office Staff,35231569.0,2024-05-22,Affluent
C09500,Bảo Mai,Female,1987-09-09,Can Tho,Sales,11624852.75,2021-05-22,Mass
C09501,Quý cô Vân Đặng,Male,1988-05-29,Bac Ninh,Accountant,30483667.1,2019-11-30,Affluent
C09502,Anh Quang Dương,Female,1994-04-19,Dong Nai,Doctor,79420785.63,2019-10-01,Premium
C09503,An Văn Hoàng,Male,1969-04-28,Nam Dinh,Student,54299678.02,2019-07-29,Affluent
C09504,Quý cô Hương Bùi,Female,1983-11-15,Hai Phong,Business Owner,169914230.78,2021-05-07,Premium
C09505,Quang Mai,Female,1981-10-14,Ho Chi Minh City,Doctor,12786009.38,2021-11-15,Mass
C09506,An Vũ,Male,2006-09-30,Nam Dinh,Doctor,32352745.48,2018-06-26,Affluent
C09507,Châu Hải Vũ,Female,1994-04-14,Ho Chi Minh City,Accountant,8071427.36,2025-04-18,Mass
C09508,Kim Thế Vũ,Female,2006-11-17,Ba Ria - Vung Tau,Student,14258574.16,2026-02-24,Mass
C09509,Anh Quang Mai,Female,1987-08-26,Can Tho,Teacher,7975048.31,2022-01-28,Mass
C09510,Ông Dũng Lê,Male,1999-03-10,Nam Dinh,Freelancer,18017336.72,2022-11-30,Mass
C09511,Dương Đặng,Female,2000-08-30,Hue,IT Specialist,12739230.73,2025-06-29,Mass
C09512,Kim Phú Trần,Male,1993-05-11,Quang Ninh,Government Employee,14326828.02,2020-08-11,Mass
C09513,Quý cô Vân Vũ,Male,1999-10-29,Can Tho,Office Staff,12384378.34,2018-11-21,Mass
C09514,Quý ông Vũ Hoàng,Female,1989-08-29,Can Tho,Office Staff,13006769.23,2021-04-20,Mass
C09515,Quý cô Thảo Phạm,Other,1990-05-08,Nghe An,Office Staff,13538262.18,2024-10-18,Mass
C09516,Quang Nguyễn,Female,1966-08-05,Hai Phong,Engineer,75470163.64,2023-05-30,Affluent
C09517,Phương Tấn Hoàng,Male,1997-12-05,Ho Chi Minh City,Office Staff,5330908.14,2020-11-15,Mass
C09518,Cô Hồng Lê,Female,1984-09-07,Ho Chi Minh City,Student,12808320.65,2019-11-26,Mass
C09519,Hưng Trí Phạm,Female,1978-10-19,Hai Phong,Student,38122849.68,2021-04-16,Affluent
C09520,Vân Hoàng,Female,1990-07-07,Ha Noi,Business Owner,17814699.99,2020-05-01,Mass
C09521,Hạnh Hữu Hoàng,Male,1977-03-08,Nam Dinh,Office Staff,23089547.91,2018-12-17,Affluent
C09522,Bà Lâm Vũ,Male,1999-09-01,Thanh Hoa,Office Staff,11564604.7,2021-01-29,Mass
C09523,Bà Thảo Mai,Female,1989-06-20,Hai Phong,Office Staff,32705821.86,2022-02-26,Affluent
C09524,Khoa Tấn Lê,Female,1986-06-15,Hai Phong,Sales,47189881.67,2023-10-05,Affluent
C09525,Bảo Trần,Male,1972-04-28,Ha Noi,Accountant,14695277.86,2026-08-24,Mass
C09526,Thành Thị Phạm,Male,2000-03-31,Ho Chi Minh City,Engineer,11396712.89,2020-12-20,Mass
C09527,Ông Nam Mai,Female,1991-04-10,Ba Ria - Vung Tau,Engineer,14368391.13,2018-03-28,Mass
C09528,Mai Đặng,Female,1986-08-04,Nam Dinh,Student,24595056.75,2023-02-19,Mass
C09529,Huy Hoàng,Male,1995-10-17,Quang Ninh,Engineer,13729809.39,2020-08-01,Mass
C09530,Thành Bùi,Female,1965-08-12,Hai Phong,Sales,9777503.99,2018-11-21,Mass
C09531,Xuân Vũ,Female,1989-02-23,Quang Ninh,Student,8620977.47,2019-01-30,Mass
C09532,Mai Dương,Male,1990-03-28,Khanh Hoa,Doctor,9132419.34,2018-05-27,Mass
C09533,Hạnh Mai Vũ,Male,1978-11-09,Binh Duong,Accountant,106069838.36,2018-02-12,Premium
C09534,Quý ông Nhiên Trần,Female,2000-10-08,Binh Duong,IT Specialist,16104606.42,2021-07-24,Mass
C09535,Kim Trần,Male,1989-08-02,Binh Duong,Student,16749915.64,2020-03-30,Mass
C09536,Chị Hà Đặng,Female,2003-08-23,Quang Ninh,Teacher,13653490.38,2019-08-18,Mass
C09537,Vi Phạm,Male,1982-09-19,Nghe An,Bank Employee,84421253.61,2021-08-07,Premium
C09538,Nhật Tấn Đặng,Female,2004-07-01,Nam Dinh,Office Staff,11826514.79,2022-11-25,Mass
C09539,Nhật Quang Hoàng,Female,1977-09-19,Can Tho,Freelancer,17796152.2,2024-08-25,Mass
C09540,Ngọc Vũ,Male,1995-06-07,Binh Duong,Doctor,7658581.22,2019-02-11,Mass
C09541,Thành Mai,Female,1994-12-08,Can Tho,Bank Employee,10185238.56,2020-08-31,Mass
C09542,Chị Mai Đặng,Female,1985-12-06,Hai Phong,Student,33914668.18,2026-08-31,Affluent
C09543,Quý cô Nhật Bùi,Male,1998-12-01,Khanh Hoa,Bank Employee,17661704.77,2019-11-06,Mass
C09544,Hương Phạm,Female,1988-11-18,Thanh Hoa,Student,13975448.73,2024-08-02,Mass
C09545,Dũng Văn Nguyễn,Male,2007-10-06,Binh Duong,Bank Employee,5136715.9,2023-11-04,Mass
C09546,Bà Nhật Phạm,Male,2006-04-26,Can Tho,Engineer,10142316.77,2024-08-18,Mass
C09547,Hương Nguyễn,Female,1984-05-26,Khanh Hoa,Teacher,20000000.0,2020-12-20,Affluent
C09548,Bảo Vũ,Female,1973-05-08,Can Tho,Sales,36837556.05,2019-09-01,Affluent
C09549,Bảo Đức Mai,Male,1976-05-26,Ho Chi Minh City,Teacher,8800575.53,2023-12-22,Mass
C09550,Thành Mai,Female,1985-02-25,Ho Chi Minh City,Freelancer,35906087.18,2022-11-27,Affluent
C09551,Hồng Trần,Female,1981-12-29,Hai Phong,Engineer,11057176.47,2018-10-15,Mass
C09552,Trọng Hoàng,Female,1985-07-09,Khanh Hoa,Bank Employee,48715958.05,2025-11-02,Affluent
C09553,Lâm Bùi,Female,1998-07-18,Binh Duong,Business Owner,13061802.5,2026-04-03,Mass
C09554,Hưng Phú Đặng,Male,2008-01-31,Thanh Hoa,Freelancer,15344892.87,2025-06-09,Mass
C09555,Khoa Trần,Male,1969-02-16,Nghe An,Engineer,7762884.92,2018-01-13,Mass
C09556,Quý cô Vân Dương,Female,1992-07-26,Nam Dinh,Office Staff,16331162.71,2020-07-02,Mass
C09557,Phương Bùi,Female,1990-08-22,Can Tho,Student,36777194.08,2020-06-15,Affluent
C09558,Ông Châu Nguyễn,Male,1995-08-14,Da Nang,IT Specialist,10330011.14,2018-08-13,Mass
C09559,Dương Vũ,Female,1990-10-25,Bac Ninh,Accountant,12176302.53,2025-12-20,Mass
C09560,Chị Nhật Lê,Male,2003-07-09,Ha Noi,Engineer,11725886.92,2019-09-11,Mass
C09561,Nam Mai Bảo Trần,Female,1973-04-24,Can Tho,Engineer,10362668.93,2022-04-12,Mass
C09562,Hà Trí Hoàng,Female,2004-03-08,Ha Noi,Bank Employee,11380609.95,2022-09-11,Mass
C09563,Chị Ánh Lê,Female,1998-02-27,Dong Nai,Engineer,60000000.0,2018-03-23,Premium
C09564,Lâm Vũ,Female,1989-10-03,Ho Chi Minh City,Doctor,9358714.46,2026-04-29,Mass
C09565,Phúc Trí Nguyễn,Female,1996-10-29,Ho Chi Minh City,Bank Employee,106329327.2,2023-05-10,Premium
C09566,Hưng Nguyễn,Male,2007-01-25,Bac Ninh,Accountant,6523149.24,2023-12-06,Mass
C09567,Quý cô Ánh Trần,Male,1983-06-22,Bac Ninh,Freelancer,6105041.4,2021-11-20,Mass
C09568,Quý ông Quang Mai,Male,2001-03-14,Can Tho,Accountant,6391460.56,2023-07-14,Mass
C09569,Thành Trí Dương,Male,1996-04-10,Da Nang,Office Staff,13939509.41,2018-04-19,Mass
C09570,Tùng Nguyễn,Female,1989-04-13,Binh Duong,Office Staff,27717454.36,2018-08-07,Mass
C09571,Kim Đức Trần,Female,1979-09-14,Hue,Bank Employee,8662483.0,2022-01-17,Mass
C09572,Quý cô Nhật Lê,Male,2003-10-02,Khanh Hoa,Government Employee,78834793.7,2021-12-10,Affluent
C09573,Dương Phạm,Female,1979-03-31,Ba Ria - Vung Tau,Accountant,41769188.21,2021-06-30,Affluent
C09574,Hồng Hoàng,Female,1989-12-08,Khanh Hoa,Student,13205576.45,2018-10-04,Mass
C09575,Vũ Bảo Đặng,Female,2007-05-19,Bac Ninh,Accountant,12678027.28,2018-07-17,Mass
C09576,Ông Phúc Trần,Male,1989-10-11,Quang Ninh,Freelancer,8744789.65,2024-07-21,Mass
C09577,Phương Bùi,Female,1996-09-10,Thanh Hoa,Accountant,20393544.15,2019-04-27,Mass
C09578,Ánh Trần,Female,1992-01-18,Hai Phong,Student,65150465.74,2021-06-25,Affluent
C09579,Hà Lê,Female,2007-12-29,Bac Ninh,Accountant,9995760.81,2020-12-15,Mass
C09580,Chị Mai Nguyễn,Female,2008-05-30,Quang Ninh,Engineer,7858602.49,2021-02-17,Mass
C09581,Bà Thành Hoàng,Female,1999-10-10,Hai Phong,Engineer,38472394.17,2022-11-19,Affluent
C09582,Anh Hưng Bùi,Male,1988-03-27,Ha Noi,Student,76207056.1,2018-06-16,Premium
C09583,Chị Hà Vũ,Male,2008-01-20,Da Nang,Bank Employee,54524815.23,2026-04-11,Affluent
C09584,Trọng Bảo Mai,Female,1994-04-15,Binh Duong,IT Specialist,8118984.54,2025-06-16,Mass
C09585,An Hoàng,Female,1987-07-06,Khanh Hoa,Sales,12890137.18,2024-01-15,Mass
C09586,Hải Đức Hoàng,Male,1993-12-20,Hue,Office Staff,36594844.37,2024-07-16,Affluent
C09587,Phương Thị Vũ,Male,2003-02-25,Thanh Hoa,Business Owner,15656343.1,2022-12-16,Mass
C09588,Nam Phú Lê,Female,2001-03-12,Thanh Hoa,Sales,29185650.43,2026-08-29,Affluent
C09589,Hà Lê,Female,1983-08-28,Ba Ria - Vung Tau,Sales,18288862.86,2025-06-02,Mass
C09590,Ánh Phạm,Female,1973-01-28,Nam Dinh,Doctor,17364641.37,2019-07-14,Mass
C09591,An Đức Bùi,Female,1994-01-10,Hai Phong,Teacher,6997444.95,2024-02-14,Mass
C09592,Tú Mai,Male,1975-09-24,Bac Ninh,IT Specialist,19387921.05,2018-01-09,Mass
C09593,Thảo Vũ,Male,1998-05-27,Ho Chi Minh City,Teacher,46141131.37,2018-01-23,Affluent
C09594,An Quang Hoàng,Female,1994-06-02,Nam Dinh,Engineer,54911957.32,2022-07-17,Affluent
C09595,Ông Anh Nguyễn,Male,1995-10-17,Khanh Hoa,Office Staff,23985143.08,2021-11-24,Mass
C09596,Bà Hồng Hoàng,Male,1982-01-12,Nghe An,Sales,22511974.0,2022-06-29,Mass
C09597,Anh Đức Hoàng,Male,1995-12-18,Ha Noi,IT Specialist,39521978.81,2020-12-03,Affluent
C09598,Nam Hữu Nguyễn,Male,2000-11-28,Ha Noi,Business Owner,16123903.95,2024-08-13,Mass
C09599,Minh Thị Bùi,Male,1980-10-27,Can Tho,Accountant,71840992.33,2022-11-14,Affluent
C09600,Quý cô Hạnh Đặng,Female,1985-07-24,Quang Ninh,Student,15461292.16,2023-03-25,Mass
C09601,Kim Hải Hoàng,Female,1996-02-17,Quang Ninh,Accountant,14503491.74,2021-10-26,Mass
C09602,Nhiên Thị Dương,Male,1994-11-05,Dong Nai,Office Staff,12496616.35,2022-04-12,Mass
C09603,Hoàng Hoàng,Male,1989-07-03,Nghe An,Bank Employee,10607909.95,2022-08-16,Mass
C09604,Vũ Vũ,Male,1990-04-17,Khanh Hoa,Teacher,31273137.76,2025-12-07,Affluent
C09605,Cô Hạnh Hoàng,Female,1995-04-23,Hue,Government Employee,17491923.81,2022-06-30,Mass
C09606,Bảo Mai Bùi,Female,1988-11-18,Khanh Hoa,Doctor,38840671.93,2025-07-01,Affluent
C09607,Bà Lâm Mai,Female,2007-05-12,Da Nang,Doctor,39741085.87,2018-09-17,Affluent
C09608,Bảo Bùi,Female,1985-07-06,Bac Ninh,Government Employee,10438366.78,2022-12-11,Mass
C09609,Khoa Quang Hoàng,Male,1967-11-16,Nam Dinh,Business Owner,5385322.01,2026-03-17,Mass
C09610,Trung Thị Trần,Female,1982-06-13,Ho Chi Minh City,Bank Employee,43344919.67,2020-08-07,Affluent
C09611,Hạnh Mai Bảo Lê,Male,1984-11-09,Ho Chi Minh City,Office Staff,12763392.3,2018-09-11,Mass
C09612,Hà Mai Bảo Vũ,Female,1984-02-23,Da Nang,Doctor,45413104.34,2023-04-01,Affluent
C09613,Phương Tấn Hoàng,Female,1998-02-17,Hue,Doctor,13324775.44,2026-01-08,Mass
C09614,Lan Bùi,Male,1993-05-25,Quang Ninh,Student,8183236.31,2018-02-23,Mass
C09615,Quý cô Kim Trần,Male,1982-12-06,Quang Ninh,Bank Employee,9849104.14,2021-11-01,Mass
C09616,Kim Bùi,Male,2007-06-18,Nam Dinh,Accountant,29773384.69,2025-05-21,Affluent
C09617,Quý cô Kim Nguyễn,Male,1999-08-27,Dong Nai,Teacher,17199396.62,2022-10-13,Mass
C09618,Bà Duyên Mai,Female,1989-10-01,Binh Duong,Government Employee,173837904.95,2022-08-02,Premium
C09619,Bà Kim Mai,Male,1998-09-21,Hue,Accountant,45494845.01,2023-09-03,Affluent
C09620,Nhật Thị Trần,Female,1959-02-25,Nghe An,Bank Employee,13592497.87,2021-06-25,Mass
C09621,Thành Hữu Lê,Male,1981-03-30,Binh Duong,Accountant,15296710.91,2019-06-20,Mass
C09622,Quý ông Khoa Nguyễn,Female,2006-06-10,Nghe An,Sales,14730831.88,2025-02-28,Mass
C09623,Cô Thành Dương,Female,1986-11-17,Ho Chi Minh City,Business Owner,32376208.47,2025-01-08,Affluent
C09624,Chị Hà Lê,Male,1999-10-14,Bac Ninh,Freelancer,15299203.74,2020-03-04,Mass
C09625,Hoàng Đức Lê,Female,2001-06-21,Can Tho,Business Owner,25322228.62,2022-05-17,Mass
C09626,Bà Lan Đặng,Female,1989-09-22,Nghe An,Engineer,61304139.36,2021-04-20,Premium
C09627,An Văn Mai,Female,1996-03-15,Ha Noi,Teacher,10886893.47,2022-07-15,Mass
C09628,Minh Thế Hoàng,Female,1964-06-16,Quang Ninh,Bank Employee,8804830.74,2020-07-02,Mass
C09629,Hà Mai Lê,Female,1992-04-09,Ho Chi Minh City,Doctor,9940991.06,2018-03-10,Mass
C09630,Thành Nguyễn,Male,1984-12-01,Dong Nai,Engineer,9996624.19,2021-04-08,Mass
C09631,Hoàng Văn Đặng,Female,2002-10-09,Thanh Hoa,Government Employee,11207167.7,2018-04-04,Mass
C09632,Bà Mai Trần,Male,1994-09-01,Nghe An,Student,29302556.01,2020-07-14,Affluent
C09633,Cô Vân Vũ,Female,1996-06-01,Ba Ria - Vung Tau,Business Owner,49936729.84,2018-10-16,Affluent
C09634,Huy Văn Đặng,Male,1994-01-05,Quang Ninh,Freelancer,63530437.45,2026-05-05,Premium
C09635,Bà Dương Lê,Male,1996-05-15,Dong Nai,Engineer,12230393.58,2020-03-27,Mass
C09636,Chị Lan Trần,Female,2004-12-17,Nghe An,Engineer,21199952.39,2023-07-06,Mass
C09637,Duyên Trần,Female,1980-10-08,Nam Dinh,Teacher,53753021.78,2018-04-07,Affluent
C09638,Bà Hạnh Phạm,Male,1986-04-30,Bac Ninh,Government Employee,20000000.0,2018-07-07,Affluent
C09639,Hạnh Trần,Female,1973-12-07,Da Nang,Bank Employee,8869848.57,2025-12-22,Mass
C09640,Nam Mai,Female,1999-02-17,Nghe An,Accountant,12674859.32,2021-09-25,Mass
C09641,Anh Anh Phạm,Male,1975-09-20,Dong Nai,Sales,17349386.52,2026-05-30,Mass
C09642,Quý ông Nhiên Mai,Male,1980-11-13,Ho Chi Minh City,Accountant,31874296.91,2025-04-25,Affluent
C09643,Bà An Lê,Male,1994-02-13,Bac Ninh,Doctor,114840895.52,2018-10-06,Premium
C09644,Hà Bùi,Male,1992-05-26,Thanh Hoa,Business Owner,16381750.12,2021-12-30,Mass
C09645,Chị Hà Phạm,Female,1981-08-19,Binh Duong,Accountant,41793902.59,2019-09-06,Affluent
C09646,Ông Minh Trần,Female,2008-02-18,Hue,Student,12549772.99,2021-02-01,Mass
C09647,Ngọc Hoàng,Female,1991-10-15,Quang Ninh,Student,12726871.32,2020-09-18,Mass
C09648,Bảo Thế Lê,Male,1998-12-26,Da Nang,Engineer,7547614.71,2019-10-26,Mass
C09649,Thành Mai Mai,Female,1984-10-21,Da Nang,Student,10593082.45,2020-04-11,Mass
C09650,Lâm Tấn Đặng,Male,1984-03-20,Hai Phong,Business Owner,28619083.43,2022-05-21,Affluent
C09651,Quý ông Khoa Đặng,Male,1975-01-28,Ho Chi Minh City,Business Owner,47260153.24,2024-09-05,Affluent
C09652,Quý cô Lâm Vũ,Male,1987-09-21,Ba Ria - Vung Tau,Student,11136808.52,2026-03-03,Mass
C09653,Chị Nhật Dương,Female,1981-04-21,Hue,Bank Employee,13767329.88,2020-04-08,Mass
C09654,Bà Hạnh Vũ,Female,1987-10-23,Da Nang,Freelancer,17286218.11,2022-10-14,Mass
C09655,Chị Hải Đặng,Female,1975-02-21,Nghe An,Doctor,7741246.61,2024-03-30,Mass
C09656,Bà Hương Trần,Male,2002-01-28,Hue,Sales,9132280.06,2019-07-04,Mass
C09657,Anh Tùng Nguyễn,Male,2007-01-31,Dong Nai,Engineer,11739329.1,2019-04-14,Mass
C09658,Hưng Hải Vũ,Female,1984-02-16,Nam Dinh,Bank Employee,34775828.88,2019-06-08,Affluent
C09659,Quang Hải Mai,Female,1996-07-10,Hue,Sales,49071842.05,2025-03-26,Affluent
C09660,Quý cô Bảo Nguyễn,Female,1989-04-11,Quang Ninh,Freelancer,13530558.07,2025-06-27,Mass
C09661,Bảo Bùi,Male,1978-04-04,Hue,Teacher,11493388.66,2026-07-17,Mass
C09662,Quý ông Thành Bùi,Male,1967-10-29,Binh Duong,Business Owner,10259164.45,2021-06-03,Mass
C09663,Vân Lê,Female,1969-01-20,Dong Nai,Freelancer,8531364.69,2023-01-13,Mass
C09664,Bác Dũng Mai,Male,1985-04-04,Da Nang,Doctor,9583284.57,2021-05-07,Mass
C09665,Ông Hoàng Nguyễn,Female,1978-07-12,Quang Ninh,Bank Employee,10150523.06,2024-06-27,Mass
C09666,Bác Trung Trần,Male,1987-09-17,Da Nang,Business Owner,28794530.69,2023-07-21,Affluent
C09667,Quý cô Vân Đặng,Female,1980-04-05,Nghe An,Student,9539048.18,2024-11-04,Mass
C09668,Cô Linh Lê,Female,1971-10-11,Binh Duong,Office Staff,8468112.7,2024-04-21,Mass
C09669,Bảo Đức Nguyễn,Female,2005-02-02,Hue,Student,46563346.92,2019-11-05,Affluent
C09670,Bác Vũ Vũ,Female,1997-08-31,Nam Dinh,Doctor,11969641.75,2021-09-18,Mass
C09671,Quang Nguyễn,Female,1994-07-19,Binh Duong,Government Employee,7579852.62,2021-12-17,Mass
C09672,An Bùi,Female,1991-01-11,Bac Ninh,Business Owner,18683246.5,2025-04-10,Mass
C09673,Hạnh Vũ,Female,1979-06-13,Ha Noi,Teacher,37520441.47,2024-12-14,Affluent
C09674,Hoàng Hữu Vũ,Female,1978-02-10,Ba Ria - Vung Tau,Student,8281922.65,2021-07-26,Mass
C09675,Bảo Thế Vũ,Male,1994-07-04,Dong Nai,Business Owner,13783033.5,2024-11-25,Mass
C09676,Chị Hương Hoàng,Female,1992-05-23,Binh Duong,Government Employee,32501981.68,2021-05-20,Affluent
C09677,Ông Tú Đặng,Female,2004-01-10,Nghe An,Accountant,20000000.0,2025-01-15,Affluent
C09678,Chị Ánh Phạm,Female,1981-12-24,Ho Chi Minh City,Freelancer,13066271.31,2025-12-27,Mass
C09679,Nhiên Dương,Male,1981-06-25,Ba Ria - Vung Tau,Business Owner,83954569.15,2019-12-15,Premium
C09680,Quý cô Khoa Dương,Male,1998-04-27,Thanh Hoa,IT Specialist,12027533.0,2021-12-08,Mass
C09681,Hương Nguyễn,Male,1981-02-14,Bac Ninh,IT Specialist,32652205.3,2024-01-09,Affluent
C09682,Yến Phạm,Male,1982-03-11,Hai Phong,Accountant,8437607.93,2026-04-22,Mass
C09683,Quang Vũ,Male,1992-03-23,Ba Ria - Vung Tau,IT Specialist,34271490.17,2020-08-18,Affluent
C09684,Trọng Hoàng,Female,1977-01-26,Bac Ninh,Engineer,12904501.95,2025-11-01,Mass
C09685,Bác Tùng Đặng,Female,1971-06-20,Ba Ria - Vung Tau,Engineer,7487365.27,2019-04-26,Mass
C09686,Hải Quang Mai,Male,1989-03-05,Binh Duong,Student,12777629.72,2019-11-26,Mass
C09687,Nhật Mai,Male,1983-10-25,Ho Chi Minh City,Accountant,9027095.56,2024-02-13,Mass
C09688,An Trí Trần,Female,1971-12-17,Ho Chi Minh City,Student,12054572.27,2022-05-30,Mass
C09689,Nhiên Trí Dương,Male,2002-08-23,Nghe An,Teacher,11932883.44,2023-03-18,Mass
C09690,Trung Dương,Female,1993-11-14,Ho Chi Minh City,Teacher,30000000.0,2023-07-17,Mass
C09691,Lâm Trí Dương,Male,1978-12-28,Hue,IT Specialist,12210400.94,2025-09-14,Mass
C09692,Nhiên Nguyễn,Male,1992-03-16,Binh Duong,IT Specialist,16739589.65,2021-01-01,Mass
C09693,Chị Hương Lê,Female,1979-12-18,Da Nang,IT Specialist,4331284.62,2021-09-29,Mass
C09694,Chị Lâm Hoàng,Male,1983-03-30,Can Tho,Teacher,12118036.23,2021-07-16,Mass
C09695,Anh Thị Dương,Other,2004-11-28,Nghe An,Office Staff,142203032.37,2018-04-17,Premium
C09696,Thảo Dương,Female,1966-07-05,Nam Dinh,Engineer,14581961.21,2022-12-14,Mass
C09697,Cô Thảo Mai,Male,1978-04-15,Nam Dinh,Teacher,205782096.05,2023-05-14,Premium
C09698,Quý cô Vân Dương,Female,2000-08-12,Hai Phong,Sales,20046942.09,2023-10-23,Affluent
C09699,Bảo Dương,Other,1983-07-05,Hai Phong,Government Employee,11003821.4,2024-05-06,Mass
C09700,Bác Nam Dương,Male,2006-02-14,Hai Phong,Freelancer,96921581.32,2023-01-22,Premium
C09701,Mai Bùi,Female,1982-02-25,Thanh Hoa,IT Specialist,11390350.7,2025-06-26,Mass
C09702,Kim Phú Bùi,Female,1999-08-03,Bac Ninh,Engineer,32730126.17,2022-05-22,Affluent
C09703,Ngọc Dương,Female,1991-05-04,Da Nang,Doctor,6107929.58,2020-03-02,Mass
C09704,Nhật Trí Lê,Male,1992-05-04,Quang Ninh,Sales,7496134.48,2018-02-03,Mass
C09705,Cô Bảo Mai,Female,1983-04-04,Bac Ninh,Doctor,6948610.76,2026-04-10,Mass
C09706,Cô Khoa Phạm,Female,1979-07-09,Binh Duong,Student,10398887.98,2019-02-15,Mass
C09707,Phương Xuân Dương,Male,1996-05-01,Can Tho,Accountant,13302683.19,2026-08-17,Mass
C09708,Bảo Lê,Female,2000-08-26,Nam Dinh,Freelancer,13229744.47,2024-10-15,Mass
C09709,Hạnh Hoàng Hoàng,Male,1998-12-13,Dong Nai,IT Specialist,9875427.2,2020-08-10,Mass
C09710,Chị Ánh Nguyễn,Male,1986-02-01,Ha Noi,Sales,8055889.13,2025-05-18,Mass
C09711,Quang Hoàng,Female,2004-03-24,Nghe An,Doctor,13089175.32,2018-10-02,Mass
C09712,Khoa Xuân Nguyễn,Female,1991-06-15,Da Nang,Business Owner,12729843.4,2020-03-01,Mass
C09713,Kim Hữu Nguyễn,Female,1987-02-05,Khanh Hoa,Government Employee,12243413.19,2020-08-01,Mass
C09714,Tùng Đặng,Male,1984-02-26,Bac Ninh,Accountant,12416290.37,2021-05-15,Mass
C09715,Cô Lan Phạm,Female,2008-04-22,Can Tho,Business Owner,20717581.41,2023-09-11,Affluent
C09716,Anh Phạm,Female,1969-09-23,Ho Chi Minh City,Accountant,100002874.72,2020-03-05,Premium
C09717,Minh Đức Hoàng,Female,1980-03-08,Binh Duong,IT Specialist,31551997.2,2024-05-01,Affluent
C09718,Hà Mai,Male,1991-09-20,Hue,Student,30549205.09,2021-01-30,Affluent
C09719,Huy Đặng,Male,1962-12-17,Nam Dinh,Teacher,13112179.06,2019-07-29,Mass
C09720,Bảo Vũ,Female,1996-08-17,Khanh Hoa,Teacher,6731969.53,2020-12-11,Mass
C09721,Cô An Bùi,Female,1968-11-14,Dong Nai,Bank Employee,11333457.76,2022-10-31,Mass
C09722,Quý cô Vân Trần,Female,1982-01-31,Nghe An,Teacher,16191812.31,2024-06-29,Mass
C09723,Ông Khoa Mai,Female,1996-01-18,Thanh Hoa,Teacher,42823366.25,2019-01-22,Affluent
C09724,Quý cô Thảo Mai,Male,1997-09-22,Bac Ninh,Government Employee,8484639.6,2024-08-22,Mass
C09725,Hà Bùi,Female,1978-06-30,Khanh Hoa,Freelancer,33377807.98,2018-06-17,Affluent
C09726,Nhiên Phú Đặng,Male,1985-10-03,Dong Nai,Bank Employee,117864844.63,2025-08-07,Premium
C09727,Nhiên Đức Lê,Female,1982-11-21,Da Nang,Business Owner,6959577.18,2022-10-11,Mass
C09728,Khoa Phạm,Male,1996-12-19,Dong Nai,Office Staff,31753581.25,2022-05-10,Affluent
C09729,Anh Tú Phạm,Female,2000-06-01,Ha Noi,Business Owner,39807292.17,2018-05-07,Affluent
C09730,Lâm Hữu Đặng,Male,1977-04-22,Ho Chi Minh City,Student,19215577.52,2022-09-17,Mass
C09731,Anh Châu Bùi,Female,1994-08-23,Dong Nai,Student,38203908.24,2019-05-01,Affluent
C09732,Quý ông Minh Dương,Female,1986-05-17,Bac Ninh,Doctor,14914684.77,2022-01-05,Mass
C09733,Quý ông Quang Hoàng,Female,2000-06-22,Quang Ninh,Engineer,60432204.02,2019-03-18,Affluent
C09734,Bà Vi Mai,Male,1980-04-12,Nam Dinh,Freelancer,16748922.37,2025-01-30,Mass
C09735,Hà Hoàng Vũ,Female,1976-11-09,Khanh Hoa,Teacher,14466769.05,2026-07-05,Mass
C09736,Nhật Vũ,Female,2001-11-30,Can Tho,Engineer,11430282.51,2024-12-20,Mass
C09737,Khoa Đặng,Female,2008-09-04,Khanh Hoa,Engineer,13876295.55,2021-04-14,Mass
C09738,Cô Vân Mai,Male,1991-11-08,Hue,Sales,98392170.48,2024-05-19,Premium
C09739,Phúc Bùi,Male,1977-04-01,Khanh Hoa,Business Owner,10226258.1,2020-04-15,Mass
C09740,Anh Trung Phạm,Female,1993-09-20,Ba Ria - Vung Tau,Freelancer,100882805.79,2018-11-02,Premium
C09741,Dương Dương,Male,2008-01-06,Ha Noi,Engineer,32314917.47,2021-10-25,Affluent
C09742,Hà Phú Nguyễn,Female,2007-10-26,Bac Ninh,Student,9776427.23,2024-12-31,Mass
C09743,Hương Trần,Male,1981-06-20,Khanh Hoa,Business Owner,14033536.72,2020-03-12,Mass
C09744,Lâm Hoàng,Female,1996-11-24,Thanh Hoa,Doctor,12172581.76,2018-01-13,Mass
C09745,Thành Vũ,Female,2002-03-03,Ha Noi,Engineer,11990161.74,2021-10-03,Mass
C09746,Thảo Vũ,Male,1957-11-23,Dong Nai,Office Staff,22895425.07,2020-01-04,Mass
C09747,Chị Kim Vũ,Female,1990-04-10,Hue,Student,12691812.59,2021-06-16,Mass
C09748,Anh Vũ Vũ,Female,2000-12-17,Nghe An,Student,27517201.8,2025-04-03,Affluent
C09749,Hương Nguyễn,Female,1987-01-01,Ha Noi,Business Owner,81061908.06,2023-07-23,Premium
C09750,Hà Hữu Vũ,Male,1981-03-09,Nam Dinh,Government Employee,56050538.99,2021-09-15,Affluent
C09751,Ông Khoa Hoàng,Male,1987-08-16,Ho Chi Minh City,Accountant,12434994.96,2020-05-11,Mass
C09752,Thành Dương,Male,2008-05-07,Ha Noi,Sales,43799882.51,2025-02-28,Affluent
C09753,Cô Hồng Dương,Female,2002-10-21,Dong Nai,Business Owner,10366748.82,2025-03-07,Mass
C09754,Nhật Hải Bùi,Female,1980-03-30,Bac Ninh,Freelancer,17207098.59,2018-01-07,Mass
C09755,Anh Hưng Hoàng,Male,1995-11-07,Dong Nai,Freelancer,10399796.23,2022-06-12,Mass
C09756,Hà Thị Lê,Female,1998-03-11,Thanh Hoa,IT Specialist,7890486.86,2025-01-01,Mass
C09757,Quý cô Lan Bùi,Female,1997-03-31,Quang Ninh,Engineer,60000000.0,2021-09-22,Premium
C09758,Quang Lê,Female,1983-03-26,Nghe An,Student,13776853.64,2025-10-17,Mass
C09759,Linh Mai,Other,1983-11-29,Nam Dinh,Teacher,8592289.51,2018-05-14,Mass
C09760,Khoa Mai Lê,Other,2004-01-10,Ho Chi Minh City,Bank Employee,12226878.03,2019-08-09,Mass
C09761,Quang Hoàng,Male,1989-12-31,Binh Duong,Bank Employee,11397137.3,2023-10-07,Mass
C09762,Ông Quang Đặng,Female,1993-11-25,Can Tho,Government Employee,21838580.91,2023-05-13,Mass
C09763,Anh Phúc Dương,Male,1986-02-15,Thanh Hoa,Doctor,63215629.89,2019-09-21,Affluent
C09764,Ông Tú Trần,Male,1976-12-28,Dong Nai,Government Employee,21781292.82,2025-03-16,Mass
C09765,Khoa Đức Dương,Female,2002-01-08,Da Nang,Doctor,14768794.82,2023-02-15,Mass
C09766,Anh Phúc Bùi,Male,1995-02-10,Nghe An,Engineer,21249472.0,2020-11-15,Affluent
C09767,Ánh Hoàng,Female,1973-12-08,Da Nang,Student,10827771.47,2021-01-26,Mass
C09768,Phương Tấn Bùi,Male,2002-09-01,Can Tho,Engineer,10379257.03,2020-09-21,Mass
C09769,Hà Thị Mai,Female,1998-10-03,Hue,Engineer,9413194.37,2018-05-18,Mass
C09770,Trọng Mai Bảo Phạm,Male,1993-05-14,Nghe An,Sales,21992290.66,2025-05-15,Mass
C09771,Minh Hữu Dương,Male,1998-07-24,Ho Chi Minh City,Doctor,21448428.56,2023-09-05,Mass
C09772,Trung Phạm,Female,1981-10-01,Binh Duong,Student,13785284.7,2025-08-10,Mass
C09773,Hạnh Đức Dương,Male,1982-04-26,Da Nang,Doctor,12057491.07,2022-04-27,Mass
C09774,Lan Bùi,Male,1976-04-05,Hue,Engineer,14634031.51,2019-02-19,Mass
C09775,Chị Chi Bùi,Female,2007-10-25,Can Tho,Student,38253063.21,2024-04-29,Affluent
C09776,Quý ông Quang Hoàng,Female,1982-09-04,Hai Phong,Office Staff,10845564.81,2025-06-01,Mass
C09777,Hạnh Tấn Mai,Male,1989-04-16,Quang Ninh,Freelancer,9683334.85,2023-07-26,Mass
C09778,Quý ông Thành Hoàng,Female,2006-08-04,Hai Phong,Engineer,21982243.2,2021-06-15,Affluent
C09779,Nhiên Vũ,Female,2007-06-02,Quang Ninh,Business Owner,42779605.59,2018-06-04,Affluent
C09780,Ông Quang Đặng,Female,2008-04-06,Ba Ria - Vung Tau,Teacher,76598555.22,2022-08-12,Premium
C09781,Bà Ánh Dương,Female,1999-07-26,Hai Phong,Accountant,32159252.49,2022-08-19,Affluent
C09782,Dũng Nguyễn,Other,2007-12-15,Nam Dinh,Government Employee,13822082.34,2025-11-18,Mass
C09783,Bà An Đặng,Female,2005-08-30,Ha Noi,Engineer,17836529.78,2025-12-16,Mass
C09784,Quý cô Chi Lê,Male,1996-10-10,Ha Noi,Engineer,11605070.23,2024-07-02,Mass
C09785,Vân Vũ,Female,1990-04-14,Da Nang,Bank Employee,110262799.97,2025-04-18,Premium
C09786,Thành Hải Hoàng,Male,1990-05-31,Quang Ninh,Doctor,10333778.11,2025-04-04,Mass
C09787,Dũng Nguyễn,Female,1987-06-28,Hue,Government Employee,14126580.23,2021-04-16,Mass
C09788,Quý cô Vi Đặng,Male,1999-05-10,Hue,Teacher,13931262.1,2023-09-01,Mass
C09789,Tùng Nguyễn,Male,1977-01-30,Nam Dinh,Bank Employee,15363116.72,2018-08-17,Mass
C09790,Ông Quang Phạm,Male,1980-06-25,Nghe An,Bank Employee,107118802.85,2026-03-11,Premium
C09791,Chị Yến Mai,Female,2000-11-06,Ha Noi,Sales,27452430.96,2022-02-13,Affluent
C09792,Thành Hoàng Lê,Male,1987-05-19,Quang Ninh,Government Employee,16691071.8,2022-11-21,Mass
C09793,Lâm Bùi,Female,1960-03-21,Quang Ninh,Sales,148101665.02,2023-07-08,Premium
C09794,Hạnh Thị Vũ,Male,2003-09-17,Can Tho,Government Employee,9173888.57,2023-03-28,Mass
C09795,Chi Phạm,Male,1965-08-08,Ha Noi,Sales,11132519.65,2021-12-03,Mass
C09796,Anh Hưng Vũ,Female,1989-12-14,Nghe An,Student,26238373.73,2018-12-11,Affluent
C09797,Thành Nguyễn,Male,1973-04-18,Hai Phong,Government Employee,14296621.81,2022-01-03,Mass
C09798,Lâm Xuân Vũ,Female,1999-03-27,Quang Ninh,Freelancer,8474552.07,2020-10-07,Mass
C09799,Linh Trần,Female,1987-07-25,Quang Ninh,Engineer,12187109.7,2019-06-10,Mass
C09800,Vi Lê,Female,1981-07-25,Nam Dinh,Government Employee,14531891.03,2025-03-19,Mass
C09801,Thành Hải Mai,Female,1992-12-16,Nghe An,Office Staff,9920229.85,2018-04-03,Mass
C09802,Quý ông Trung Phạm,Female,1991-11-21,Hai Phong,Bank Employee,29670218.76,2019-12-07,Affluent
C09803,Thành Dương,Male,1992-08-09,Ho Chi Minh City,Bank Employee,12069250.96,2020-12-12,Mass
C09804,Huy Vũ,Male,2000-04-24,Ho Chi Minh City,Sales,42290057.88,2023-10-14,Affluent
C09805,Kim Thị Phạm,Female,1995-05-30,Hai Phong,Business Owner,8937421.52,2026-07-19,Mass
C09806,Chị Xuân Dương,Female,1994-07-24,Can Tho,Sales,13061866.16,2020-06-14,Mass
C09807,Quý cô Thảo Trần,Male,1990-07-25,Nam Dinh,Engineer,13910556.19,2018-03-04,Mass
C09808,Trọng Trí Nguyễn,Male,1981-06-20,Hai Phong,Business Owner,18946812.68,2021-06-13,Mass
C09809,Vũ Nguyễn,Male,1987-05-13,Bac Ninh,IT Specialist,8253322.23,2023-08-19,Mass
C09810,An Lê,Female,1992-10-21,Ha Noi,Sales,8443485.65,2024-12-02,Mass
C09811,Quý ông Hưng Dương,Male,1972-07-31,Ba Ria - Vung Tau,IT Specialist,221435320.26,2018-04-07,Premium
C09812,Hải Hoàng,Female,1983-08-02,Hue,Office Staff,45280918.31,2024-04-26,Affluent
C09813,Tú Hữu Vũ,Male,1987-11-20,Ba Ria - Vung Tau,Bank Employee,13640266.91,2024-07-18,Mass
C09814,Nhiên Dương,Female,2008-01-07,Ba Ria - Vung Tau,IT Specialist,11693467.14,2021-12-10,Mass
C09815,Quý ông Trung Mai,Male,1999-12-03,Hue,Bank Employee,38082506.23,2018-11-15,Affluent
C09816,Chị Ánh Nguyễn,Male,1991-04-08,Ha Noi,IT Specialist,23719425.09,2021-04-02,Mass
C09817,Hà Đức Vũ,Female,1980-03-25,Thanh Hoa,Teacher,38118573.48,2025-12-04,Affluent
C09818,Bà Chi Đặng,Male,1993-06-13,Khanh Hoa,Accountant,21574545.28,2018-06-14,Mass
C09819,Châu Mai,Male,1991-08-10,Khanh Hoa,Business Owner,13477107.92,2018-07-15,Mass
C09820,Bà Ngọc Đặng,Female,1990-04-04,Ho Chi Minh City,Teacher,10417142.67,2019-01-25,Mass
C09821,Quý cô An Lê,Male,1990-01-29,Binh Duong,Office Staff,20000000.0,2019-08-07,Affluent
C09822,Ông Thành Mai,Male,2007-10-06,Da Nang,Freelancer,38870562.81,2020-08-22,Affluent
C09823,Bác Huy Dương,Female,1973-07-29,Bac Ninh,Government Employee,13555387.05,2021-06-01,Mass
C09824,Chi Trần,Male,1998-08-05,Hue,Engineer,7242075.49,2022-07-22,Mass
C09825,Bảo Hoàng,Female,1981-11-21,Ba Ria - Vung Tau,Bank Employee,9839337.16,2025-08-09,Mass
C09826,Chị Nhật Bùi,Male,1983-03-08,Khanh Hoa,IT Specialist,13754409.38,2019-04-14,Mass
C09827,Lâm Hoàng,Male,1985-01-08,Dong Nai,Student,12141960.3,2018-10-06,Mass
C09828,Bảo Phạm,Female,1986-08-05,Da Nang,IT Specialist,11508634.84,2023-02-02,Mass
C09829,Quý ông Anh Đặng,Male,1996-12-07,Ha Noi,Doctor,8564981.56,2021-08-11,Mass
C09830,Tú Phạm,Female,2008-01-08,Hue,Office Staff,11262946.91,2021-05-19,Mass
C09831,Quý cô Hồng Mai,Male,1974-03-15,Binh Duong,Teacher,43570141.56,2021-05-23,Affluent
C09832,Ông Dũng Mai,Male,1988-01-17,Nghe An,Student,74557317.22,2025-12-23,Premium
C09833,Chi Hoàng,Male,1979-12-13,Binh Duong,Doctor,11509219.28,2021-02-25,Mass
C09834,An Bùi,Male,1972-12-29,Thanh Hoa,Sales,26076170.31,2023-10-28,Affluent
C09835,Tú Văn Bùi,Female,1999-04-02,Ho Chi Minh City,Student,8920590.73,2018-09-26,Mass
C09836,Hưng Dương,Male,2007-01-18,Nghe An,Business Owner,8644653.26,2021-02-17,Mass
C09837,Chi Mai,Male,1989-07-16,Can Tho,IT Specialist,28266793.86,2023-09-16,Affluent
C09838,Bà Chi Mai,Female,2008-07-03,Nam Dinh,Business Owner,153681073.69,2022-12-14,Premium
C09839,Minh Phạm,Female,2008-06-16,Hue,Accountant,14748428.72,2018-08-02,Mass
C09840,Mai Vũ,Male,1990-01-01,Dong Nai,Accountant,66059767.9,2026-03-29,Affluent
C09841,Bảo Hoàng Bùi,Male,1980-08-05,Nghe An,Government Employee,10057262.81,2018-10-05,Mass
C09842,Khoa Văn Vũ,Female,1998-01-24,Can Tho,IT Specialist,20304881.76,2021-04-26,Mass
C09843,Trọng Lê,Female,2007-02-04,Nam Dinh,Freelancer,12829082.03,2023-10-23,Mass
C09844,Anh Minh Nguyễn,Female,1992-03-25,Can Tho,Teacher,10641671.06,2020-08-20,Mass
C09845,Mai Trần,Female,1987-06-02,Ho Chi Minh City,Bank Employee,12823156.02,2025-03-08,Mass
C09846,Anh Thành Vũ,Female,1985-01-11,Hai Phong,Sales,12598126.7,2021-09-01,Mass
C09847,Cô Hồng Dương,Female,1986-08-04,Binh Duong,Doctor,35994192.98,2021-02-09,Affluent
C09848,Trọng Đức Vũ,Female,1997-11-11,Da Nang,Sales,12016817.07,2024-09-12,Mass
C09849,Hưng Mai,Male,1998-09-16,Can Tho,IT Specialist,9131909.68,2026-01-24,Mass
C09850,Nhiên Hoàng Nguyễn,Male,1994-02-18,Ho Chi Minh City,Office Staff,33768253.42,2025-01-28,Affluent
C09851,Chị Dương Nguyễn,Female,1990-04-14,Bac Ninh,Office Staff,144275074.49,2018-10-19,Premium
C09852,Bác Huy Nguyễn,Male,1996-08-09,Dong Nai,Business Owner,12855925.38,2023-04-13,Mass
C09853,Hoàng Bảo Hoàng,Male,1989-04-07,Khanh Hoa,Teacher,9697680.65,2020-01-22,Mass
C09854,Hương Đặng,Female,1989-12-24,Da Nang,Accountant,17045038.17,2019-06-05,Mass
C09855,Chị Hải Nguyễn,Male,1988-03-30,Da Nang,Sales,37461855.93,2025-01-10,Affluent
C09856,Quý cô Kim Phạm,Male,1998-08-09,Thanh Hoa,IT Specialist,23903078.25,2023-12-19,Mass
C09857,Cô Duyên Lê,Male,1998-04-20,Quang Ninh,Bank Employee,6693804.78,2019-09-30,Mass
C09858,Bà Ánh Bùi,Female,1981-05-20,Bac Ninh,IT Specialist,11527329.4,2023-09-01,Mass
C09859,Anh Văn Phạm,Female,1994-07-16,Ha Noi,Teacher,9914147.99,2021-02-01,Mass
C09860,Chi Hoàng,Male,1970-03-08,Nam Dinh,Freelancer,13585638.57,2023-02-18,Mass
C09861,Thành Vũ,Male,1984-04-13,Quang Ninh,Student,12702795.89,2025-09-13,Mass
C09862,Vi Lê,Male,1988-05-14,Nghe An,IT Specialist,19578367.61,2024-12-26,Mass
C09863,Anh Phúc Nguyễn,Male,1993-06-06,Thanh Hoa,Teacher,7206464.78,2018-08-14,Mass
C09864,Bảo Hoàng,Female,1981-07-15,Hai Phong,Student,14278461.52,2022-05-16,Mass
C09865,Trung Quang Mai,Female,1988-11-19,Bac Ninh,Teacher,14149372.61,2026-03-20,Mass
C09866,Nam Văn Vũ,Male,1995-04-08,Ha Noi,Accountant,35217947.91,2022-05-10,Affluent
C09867,Chị Hà Mai,Female,1992-08-05,Ho Chi Minh City,Student,29309203.65,2021-10-07,Affluent
C09868,Cô Nhật Bùi,Female,1977-01-13,Nam Dinh,Business Owner,7320042.47,2019-06-03,Mass
C09869,Cô Hạnh Mai,Male,1965-06-03,Khanh Hoa,Business Owner,16313344.0,2026-05-01,Mass
C09870,Nhật Nguyễn,Male,2008-09-11,Dong Nai,Bank Employee,11094488.29,2024-01-12,Mass
C09871,Cô Xuân Đặng,Female,1992-01-25,Hue,Student,13764144.27,2018-08-28,Mass
C09872,Minh Vũ,Female,2001-03-04,Quang Ninh,Doctor,101289253.86,2019-01-31,Premium
C09873,Anh Minh Đặng,Female,1992-08-02,Can Tho,IT Specialist,9269599.95,2024-10-03,Mass
C09874,Quý ông Trọng Dương,Male,1999-12-03,Dong Nai,Teacher,46108137.62,2022-07-29,Affluent
C09875,Chị Thảo Đặng,Male,2008-01-05,Hue,Sales,14184705.09,2021-01-13,Mass
C09876,Quang Đức Đặng,Female,1982-06-19,Nam Dinh,Teacher,11116285.9,2023-07-22,Mass
C09877,Phương Lê,Female,1990-05-10,Bac Ninh,Engineer,49620128.18,2018-07-05,Affluent
C09878,Anh Trung Mai,Female,1998-02-09,Quang Ninh,Teacher,9721386.96,2023-03-27,Mass
C09879,Quý cô Hạnh Lê,Male,1995-12-01,Binh Duong,Sales,49647386.03,2024-05-09,Affluent
C09880,Tú Tấn Lê,Male,1976-03-16,Thanh Hoa,Business Owner,7362098.89,2026-02-28,Mass
C09881,Quang Mai Bùi,Male,1979-08-25,Thanh Hoa,Accountant,138758291.38,2025-10-01,Premium
C09882,Thành Đặng,Female,1972-10-31,Binh Duong,Government Employee,13731527.43,2020-05-24,Mass
C09883,Mai Nguyễn,Female,1991-01-12,Ha Noi,Engineer,17916686.59,2020-04-26,Mass
C09884,Khoa Bùi,Male,1983-04-09,Quang Ninh,Bank Employee,245458907.82,2019-09-09,Premium
C09885,Khoa Đức Mai,Female,1980-01-08,Bac Ninh,Sales,36649964.31,2019-11-05,Affluent
C09886,Quý ông Tú Đặng,Male,2003-02-04,Thanh Hoa,Sales,9792194.98,2021-03-19,Mass
C09887,Ánh Vũ,Female,2006-09-14,Hue,Bank Employee,11129897.29,2020-02-06,Mass
C09888,Nhiên Trần,Male,1979-12-29,Ho Chi Minh City,Freelancer,11984591.33,2020-10-22,Mass
C09889,Nam Trí Vũ,Male,1979-05-17,Binh Duong,Engineer,38730220.3,2025-12-30,Affluent
C09890,Huy Vũ,Male,1995-08-10,Hue,Student,35932263.91,2021-08-23,Affluent
C09891,Mai Đặng,Female,1985-07-30,Thanh Hoa,Freelancer,12599219.14,2025-05-21,Mass
C09892,Chi Bùi,Female,1989-02-05,Ha Noi,Teacher,9168182.92,2021-05-04,Mass
C09893,Quang Phú Hoàng,Female,1995-08-24,Can Tho,Accountant,26452956.49,2026-05-07,Mass
C09894,Bà Ánh Đặng,Female,1977-04-30,Thanh Hoa,Bank Employee,7163955.95,2018-07-26,Mass
C09895,An Mai,Male,2007-11-21,Binh Duong,Accountant,12324313.24,2025-04-10,Mass
C09896,Chị Nhật Dương,Female,1981-04-01,Nam Dinh,Business Owner,10003419.72,2026-05-23,Mass
C09897,Khoa Mai Dương,Male,1979-05-24,Bac Ninh,IT Specialist,12253183.09,2018-05-16,Mass
C09898,Quý ông Anh Đặng,Male,1991-10-30,Hue,IT Specialist,43911779.7,2018-05-15,Affluent
C09899,Bà Hạnh Trần,Male,1996-06-18,Da Nang,Accountant,32115416.03,2019-11-21,Affluent
C09900,Chị Phương Dương,Male,1983-02-17,Binh Duong,Teacher,98752015.25,2021-01-28,Premium
C09901,Bà Nhật Hoàng,Male,1970-05-24,Dong Nai,Sales,131986593.25,2022-06-16,Premium
C09902,Quý cô Duyên Dương,Male,1984-01-03,Dong Nai,Sales,34484042.05,2018-12-15,Affluent
C09903,Ngọc Dương,Female,1981-09-19,Ba Ria - Vung Tau,Accountant,10718743.41,2022-05-29,Mass
C09904,Yến Vũ,Female,1987-07-06,Binh Duong,Teacher,8707668.58,2023-06-11,Mass
C09905,Quang Thế Mai,Female,1979-08-08,Hai Phong,IT Specialist,13284770.37,2019-04-13,Mass
C09906,Nhiên Bùi,Male,1968-12-04,Can Tho,Teacher,27721577.58,2020-01-02,Mass
C09907,Bác Tú Bùi,Female,1981-12-12,Hai Phong,Accountant,12290855.23,2019-07-26,Mass
C09908,Bảo Hoàng Hoàng,Female,2001-07-26,Ba Ria - Vung Tau,Freelancer,16470470.01,2021-11-27,Mass
C09909,Huy Mai Bảo Trần,Male,1988-05-25,Hai Phong,Government Employee,14486524.08,2023-05-14,Mass
C09910,Bà Thành Hoàng,Female,1971-03-23,Hai Phong,IT Specialist,8992208.67,2025-08-15,Mass
C09911,Bà Xuân Nguyễn,Male,2001-07-11,Ho Chi Minh City,Business Owner,32603520.72,2022-01-31,Affluent
C09912,Quý cô Kim Dương,Female,1981-01-12,Binh Duong,Doctor,14572121.02,2018-02-27,Mass
C09913,Trọng Nguyễn,Female,1999-12-19,Bac Ninh,Doctor,135340164.5,2021-03-03,Premium
C09914,Hạnh Đức Lê,Male,2004-06-19,Can Tho,Doctor,8950389.62,2020-06-12,Mass
C09915,Quý cô Bảo Dương,Male,1991-11-12,Hai Phong,Sales,29645747.38,2024-06-18,Affluent
C09916,Thành Hoàng Trần,Male,1981-03-20,Hue,Government Employee,13265134.39,2025-03-24,Mass
C09917,Quang Trần,Female,1971-01-04,Ha Noi,IT Specialist,11005462.85,2022-09-05,Mass
C09918,Bà Hương Dương,Male,1992-09-06,Ha Noi,Office Staff,18330027.52,2019-08-10,Mass
C09919,Ngọc Đặng,Male,1992-03-30,Ha Noi,Freelancer,20242988.5,2022-08-03,Mass
C09920,Quang Đặng,Female,1985-09-26,Nam Dinh,IT Specialist,20000000.0,2024-12-09,Affluent
C09921,Bà Linh Đặng,Male,1978-09-18,Bac Ninh,Doctor,16516519.05,2018-12-23,Mass
C09922,Quang Bảo Lê,Male,1979-10-22,Hai Phong,Doctor,20000000.0,2021-03-28,Affluent
C09923,Kim Mai,Male,1998-07-03,Thanh Hoa,Freelancer,9765540.93,2019-12-20,Mass
C09924,Chị Linh Dương,Female,1999-10-16,Hue,Student,59022859.68,2024-12-23,Affluent
C09925,Kim Thị Mai,Male,1990-12-15,Da Nang,Business Owner,11847422.34,2022-09-03,Mass
C09926,Nam Thế Hoàng,Female,1984-08-01,Khanh Hoa,Doctor,41518477.2,2026-07-14,Affluent
C09927,An Mai,Male,2008-03-10,Can Tho,Freelancer,28830700.25,2023-09-24,Affluent
C09928,Nhật Thị Vũ,Male,2006-04-24,Ha Noi,Bank Employee,13804764.45,2023-10-11,Mass
C09929,Cô Chi Trần,Male,1993-11-21,Binh Duong,Sales,12064802.11,2019-03-06,Mass
C09930,Dũng Mai Bảo Mai,Female,2007-10-23,Hue,Engineer,10766703.59,2018-04-15,Mass
C09931,Phúc Quang Hoàng,Female,1978-01-20,Binh Duong,Office Staff,19652684.97,2024-04-18,Mass
C09932,Anh Quang Bùi,Female,1983-05-24,Ha Noi,Freelancer,7519456.02,2022-06-02,Mass
C09933,An Hải Trần,Female,1977-02-24,Quang Ninh,Business Owner,43490770.27,2021-09-10,Affluent
C09934,An Phú Nguyễn,Female,1992-06-29,Thanh Hoa,Sales,5907034.56,2019-07-12,Mass
C09935,An Đặng,Male,1980-06-08,Dong Nai,Teacher,9753716.91,2025-12-21,Mass
C09936,Tùng Hoàng Hoàng,Female,1987-07-05,Quang Ninh,Teacher,12290719.94,2021-07-15,Mass
C09937,Hà Trần,Other,1974-06-08,Quang Ninh,Sales,11484843.44,2019-01-30,Mass
C09938,Trung Xuân Nguyễn,Male,1990-12-11,Bac Ninh,Teacher,20851419.69,2022-12-18,Mass
C09939,Quý cô Hạnh Nguyễn,Male,1998-08-13,Hai Phong,Student,15957351.75,2021-10-17,Mass
C09940,Duyên Phạm,Female,1993-08-28,Hue,Office Staff,8448737.0,2019-12-12,Mass
C09941,Chị Duyên Bùi,Female,1990-05-05,Binh Duong,Freelancer,43071416.88,2019-03-12,Affluent
C09942,Quý cô Duyên Nguyễn,Male,1975-12-14,Hue,Accountant,54475783.15,2018-01-20,Affluent
C09943,Cô Hải Phạm,Female,1994-04-11,Binh Duong,IT Specialist,8494079.73,2019-09-03,Mass
C09944,Anh Vũ Mai,Female,1994-03-09,Hue,Student,7935694.6,2023-05-16,Mass
C09945,Bà Thảo Dương,Male,1992-10-19,Hai Phong,Government Employee,10647485.92,2019-07-06,Mass
C09946,Kim Dương,Female,1982-02-15,Quang Ninh,Doctor,20000000.0,2019-05-02,Affluent
C09947,Kim Hải Vũ,Female,1999-08-18,Nghe An,Business Owner,74810845.23,2021-09-12,Premium
C09948,Cô Phương Phạm,Female,1977-09-09,Dong Nai,Accountant,64047976.48,2022-11-08,Premium
C09949,Minh Trần,Female,1987-10-29,Binh Duong,Government Employee,11473748.71,2018-09-17,Mass
C09950,Bà Bảo Bùi,Female,1979-02-14,Ba Ria - Vung Tau,Student,41850243.73,2025-04-11,Affluent
C09951,Hạnh Mai Bảo Vũ,Female,1989-04-05,Khanh Hoa,Freelancer,80102209.35,2024-07-05,Premium
C09952,Quý cô Hạnh Vũ,Male,2007-11-28,Hue,Accountant,13083954.46,2022-07-21,Mass
C09953,Thảo Dương,Male,1985-07-02,Quang Ninh,Doctor,6915069.29,2021-06-08,Mass
C09954,Chị Vi Dương,Female,2003-12-11,Dong Nai,Sales,13107992.26,2021-03-31,Mass
C09955,Kim Hải Dương,Male,1986-10-28,Ha Noi,Student,8483983.49,2025-08-16,Mass
C09956,Minh Quang Mai,Male,1997-07-14,Nam Dinh,Freelancer,6309999.24,2022-09-09,Mass
C09957,Quý ông Khoa Vũ,Male,1975-06-28,Hai Phong,IT Specialist,7613710.29,2026-07-27,Mass
C09958,Bà Kim Mai,Male,1985-05-18,Quang Ninh,Teacher,11854059.78,2020-02-01,Mass
C09959,Ông Khoa Vũ,Female,1976-07-31,Ho Chi Minh City,Engineer,27596027.57,2024-08-15,Affluent
C09960,Khoa Hoàng Hoàng,Female,1990-06-27,Nghe An,Engineer,6622395.96,2025-08-27,Mass
C09961,Quang Quang Đặng,Female,2008-06-01,Nam Dinh,IT Specialist,14785151.56,2023-02-02,Mass
C09962,Huy Hữu Vũ,Male,2008-09-12,Ho Chi Minh City,Teacher,11078768.32,2022-02-05,Mass
C09963,Chị Khoa Vũ,Female,1978-12-24,Da Nang,Office Staff,15584024.97,2020-04-22,Mass
C09964,Lan Bùi,Male,1998-02-01,Hai Phong,Office Staff,6882146.21,2020-04-28,Mass
C09965,Ánh Mai,Female,1985-04-22,Hai Phong,Doctor,19195896.34,2022-10-13,Mass
C09966,Hạnh Hữu Bùi,Female,1997-10-22,Can Tho,Business Owner,72518742.28,2018-09-26,Premium
C09967,Hải Quang Trần,Female,1996-08-23,Khanh Hoa,Bank Employee,125689385.68,2018-09-22,Premium
C09968,Chị Khoa Lê,Female,1977-03-26,Bac Ninh,Doctor,24130244.64,2020-12-05,Affluent
C09969,Chị Thảo Bùi,Male,2007-08-17,Can Tho,Sales,70622370.58,2020-05-14,Affluent
C09970,Anh Phúc Nguyễn,Male,1991-11-10,Ho Chi Minh City,Government Employee,110645047.17,2019-11-13,Premium
C09971,Quý cô Mai Phạm,Male,1998-08-07,Thanh Hoa,Accountant,14244821.8,2019-07-31,Mass
C09972,Bác Hưng Bùi,Female,1980-07-22,Ha Noi,Accountant,38293758.25,2019-06-29,Affluent
C09973,Lâm Mai,Female,1970-11-12,Khanh Hoa,Student,10703235.12,2026-08-31,Mass
C09974,Nhật Thế Mai,Female,1993-09-11,Quang Ninh,Government Employee,109698174.52,2021-11-20,Premium
C09975,Châu Hải Nguyễn,Male,1984-10-24,Nghe An,Accountant,12996605.29,2025-09-13,Mass
C09976,Dũng Đặng,Female,2004-12-15,Ho Chi Minh City,Bank Employee,13387038.44,2018-12-16,Mass
C09977,Hải Tấn Dương,Male,1995-07-04,Da Nang,Business Owner,9791989.91,2020-03-11,Mass
C09978,Hải Phú Dương,Male,1990-05-02,Da Nang,Doctor,26229671.11,2021-10-19,Affluent
C09979,Phương Văn Nguyễn,Male,2003-06-11,Ba Ria - Vung Tau,Government Employee,60000000.0,2019-03-31,Premium
C09980,Dũng Quang Lê,Female,1971-03-10,Thanh Hoa,Student,14576528.7,2022-05-01,Mass
C09981,Hải Mai Bảo Bùi,Male,1992-08-12,Hue,Office Staff,9500823.86,2020-09-14,Mass
C09982,Anh Hoàng,Male,2007-10-15,Ha Noi,IT Specialist,28128671.62,2025-10-14,Affluent
C09983,Trung Bùi,Female,1983-03-24,Thanh Hoa,Engineer,16687628.83,2025-11-10,Mass
C09984,Chị Chi Nguyễn,Male,1983-10-03,Hue,Freelancer,36703262.52,2022-03-16,Affluent
C09985,Huy Đức Vũ,Female,1976-08-28,Quang Ninh,Engineer,10696521.79,2023-12-06,Mass
C09986,Thành Hoàng Vũ,Female,1978-12-06,Nam Dinh,Office Staff,10488745.18,2022-05-08,Mass
C09987,Phúc Nguyễn,Female,2000-02-13,Quang Ninh,Freelancer,8439365.32,2019-07-31,Mass
C09988,Thảo Lê,Female,2002-05-14,Hai Phong,Government Employee,15113380.24,2024-11-15,Mass
C09989,Hải Mai,Male,1998-11-20,Dong Nai,Engineer,8359064.79,2022-12-23,Mass
C09990,Nhật Đức Dương,Female,1982-11-16,Thanh Hoa,Sales,38618799.0,2024-04-05,Affluent
C09991,Thành Lê,Male,1980-05-26,Thanh Hoa,Business Owner,14358132.1,2019-04-25,Mass
C09992,Mai Đặng,Female,1999-07-20,Ho Chi Minh City,Sales,12323925.01,2019-05-10,Mass
C09993,Hải Hoàng,Male,1989-04-15,Da Nang,Office Staff,8698939.48,2019-02-26,Mass
C09994,Khoa Mai,Male,2003-05-02,Can Tho,Doctor,9456043.74,2026-03-23,Mass
C09995,Nam Tấn Bùi,Female,1968-05-22,Ha Noi,Doctor,10385869.88,2023-03-24,Mass
C09996,Tú Hải Phạm,Male,1977-03-27,Thanh Hoa,Sales,10184586.72,2022-12-08,Mass
C09997,Tùng Tấn Nguyễn,Male,1980-12-08,Ho Chi Minh City,Office Staff,16457457.69,2018-12-31,Mass
C09998,Hải Vũ,Male,1980-04-06,Ba Ria - Vung Tau,Bank Employee,39318543.96,2024-11-30,Affluent
C09999,Chị Ánh Lê,Male,1975-06-29,Hue,Bank Employee,39206958.83,2020-06-12,Affluent
C10000,Quý ông Huy Phạm,Female,1971-11-12,Da Nang,Teacher,6806885.81,2023-11-12,Mass
