loan_id,customer_id,branch_id,loan_type,loan_amount,interest_rate,loan_start_date,loan_term_months,outstanding_balance,payment_status,risk_level
L000001,C07723,BR018,Mortgage,2799937404.28,10.13,2020-02-06,300,1649684424.1,Current,High
L000002,C09235,BR008,Auto,649752110.05,8.5,2026-08-22,72,148642118.29,Current,Low
L000003,C08594,BR034,Mortgage,1389980702.94,10.48,2020-09-28,300,571280821.54,Current,Medium
L000004,C00141,BR007,Mortgage,2721890837.24,9.36,2025-02-14,120,1133226767.77,Late,High
L000005,C02934,BR006,Business,212686723.03,10.34,2020-07-13,60,48775467.22,Current,Medium
L000006,C06656,BR030,Personal,47370744.74,11.15,2021-04-04,12,32468635.1,Current,Low
L000007,C08119,BR038,Business,978104789.42,14.7,2024-03-15,24,353449363.49,Current,High
L000008,C08015,BR043,Mortgage,1316612523.43,10.03,2025-05-01,240,547857346.53,Late,High
L000009,C02681,BR034,Mortgage,4088473888.96,7.8,2025-09-29,300,3251413133.1,Default,Medium
L000010,C07768,BR007,Mortgage,3180486618.28,8.75,2023-06-07,300,1439663516.35,Late,High
L000011,C07722,BR001,Mortgage,576292667.0,8.04,2020-08-14,120,95786533.08,Current,Low
L000012,C05565,BR047,Mortgage,8897812951.52,6.08,2025-07-19,300,7408109641.44,Default,High
L000013,C02127,BR037,Auto,375159952.91,10.79,2021-07-10,60,152289657.14,Current,Low
L000014,C05145,BR018,Personal,109604070.49,12.84,2026-01-08,36,72465843.13,Current,High
L000015,C08762,BR045,Auto,823456207.98,7.43,2024-06-07,36,337663456.85,Current,Low
L000016,C07260,BR005,Business,909050961.53,10.69,2024-08-07,12,164452069.4,Current,High
L000017,C08372,BR047,Auto,114296279.97,8.54,2020-12-10,48,82277164.85,Current,Low
L000018,C06797,BR027,Auto,403032547.84,7.03,2026-07-18,36,230919455.01,Current,High
L000019,C09877,BR009,Mortgage,1305511903.69,8.4,2025-11-02,240,608325097.59,Late,Medium
L000020,C06969,BR003,Mortgage,321134822.79,9.63,2025-06-18,300,210449059.98,Current,Medium
L000021,C03407,BR007,Mortgage,410262222.79,9.65,2023-10-24,240,68040932.15,Current,High
L000022,C07196,BR033,Personal,134355754.54,12.01,2025-02-24,48,88337577.66,Current,Low
L000023,C07321,BR016,Personal,184100468.63,17.21,2026-08-24,24,39758506.13,Current,Medium
L000024,C08489,BR011,Mortgage,632854459.51,10.39,2024-11-15,300,459844841.35,Late,High
L000025,C04793,BR037,Mortgage,300131875.83,8.79,2025-05-12,240,69599584.02,Current,Medium
L000026,C07903,BR043,Auto,532151852.7,7.78,2026-08-02,36,162602712.93,Current,Medium
L000027,C01566,BR047,Auto,232580404.65,9.26,2026-03-12,60,129327526.71,Current,Low
L000028,C03570,BR047,Auto,308222567.56,11.4,2023-05-08,72,244291787.62,Current,Low
L000029,C07909,BR050,Auto,245032854.95,10.5,2025-01-19,36,128157610.34,Current,Low
L000030,C01427,BR040,Auto,269230701.0,11.72,2022-08-11,48,215300494.52,Current,Low
L000031,C05384,BR033,Personal,153635166.21,17.1,2025-02-13,24,36726991.03,Current,Low
L000032,C00638,BR032,Business,593267386.84,13.28,2026-08-26,12,97149312.15,Current,High
L000033,C08296,BR036,Auto,141494179.34,10.1,2022-10-03,72,98381677.48,Current,Low
L000034,C06950,BR038,Personal,36014171.12,16.3,2020-03-16,60,12180285.11,Current,Low
L000035,C01071,BR016,Mortgage,444331598.53,6.59,2023-12-08,180,67611692.01,Current,High
L000036,C07701,BR006,Auto,1032205413.55,11.94,2026-05-09,60,223559470.22,Current,Low
L000037,C02537,BR020,Auto,354938932.77,11.81,2023-12-27,72,126703863.26,Current,Low
L000038,C06758,BR026,Mortgage,358254463.96,6.22,2025-09-07,120,214835173.62,Current,Low
L000039,C07236,BR039,Mortgage,955625910.1,7.96,2026-04-22,180,219180428.87,Current,Medium
L000040,C02045,BR012,Personal,36976475.68,13.96,2024-02-04,12,8060988.54,Current,Low
L000041,C03592,BR002,Personal,129782471.01,12.3,2024-03-23,24,66453206.62,Late,Medium
L000042,C02076,BR041,Mortgage,665552644.23,5.57,2026-07-28,180,371148594.45,Current,Low
L000043,C03416,BR032,Mortgage,3491127554.05,9.26,2026-01-14,120,2791804873.34,Default,Medium
L000044,C07377,BR009,Personal,694589761.72,12.36,2026-05-18,36,283158202.38,Late,Medium
L000045,C08934,BR021,Mortgage,623631790.14,5.73,2023-05-14,180,504061407.78,Default,High
L000046,C07878,BR037,Auto,180191741.02,12.12,2025-12-18,48,58465648.08,Current,Low
L000047,C06010,BR038,Auto,190337066.23,11.79,2024-02-24,36,140301619.17,Current,Low
L000048,C01639,BR038,Mortgage,768856855.29,7.33,2025-05-29,120,416738259.41,Late,High
L000049,C06847,BR044,Business,543861689.1,11.81,2022-11-28,12,300947703.33,Current,Medium
L000050,C00132,BR027,Personal,39563776.22,12.63,2025-08-06,48,19923829.14,Current,Low
L000051,C02451,BR009,Personal,47763664.72,17.6,2020-05-18,36,19176249.34,Current,Medium
L000052,C01998,BR040,Mortgage,453593384.44,7.69,2021-04-23,300,358229906.04,Late,Medium
L000053,C04007,BR008,Mortgage,787271186.4,7.28,2022-12-26,180,621042458.31,Late,High
L000054,C01588,BR001,Auto,595080508.53,8.91,2026-02-06,48,120783222.05,Current,Low
L000055,C06557,BR035,Business,2502818268.19,10.99,2021-12-12,12,1798247368.86,Default,Medium
L000056,C01528,BR038,Mortgage,268457029.37,8.72,2026-02-23,300,177402700.06,Current,Medium
L000057,C01479,BR033,Personal,194695822.94,16.16,2025-08-29,48,122026769.24,Late,Medium
L000058,C06122,BR028,Personal,223956092.09,16.96,2023-04-30,36,155350451.88,Late,Medium
L000059,C06177,BR050,Mortgage,501624148.95,7.85,2026-01-22,300,333468590.48,Current,Medium
L000060,C08149,BR002,Mortgage,607557355.99,8.88,2024-02-23,240,539974353.31,Default,Medium
L000061,C06915,BR038,Personal,132024667.11,10.84,2025-06-29,12,29187564.67,Current,High
L000062,C09440,BR047,Personal,74423587.66,16.22,2025-04-21,12,32799004.26,Current,Low
L000063,C07639,BR030,Auto,127600051.19,11.95,2022-10-22,36,17955850.05,Current,Medium
L000064,C01295,BR012,Mortgage,648910897.78,10.07,2025-02-20,300,454948671.58,Late,High
L000065,C07111,BR035,Mortgage,4412939180.14,6.74,2024-10-06,180,554534740.17,Current,Medium
L000066,C03243,BR047,Auto,312669808.58,8.86,2024-06-17,72,85164151.22,Current,Low
L000067,C07295,BR030,Mortgage,604635159.59,10.41,2026-03-10,120,485366549.53,Late,High
L000068,C06150,BR016,Personal,166209960.09,10.7,2020-08-30,36,55497230.48,Current,Medium
L000069,C00262,BR008,Mortgage,2159725006.71,6.9,2022-12-30,120,1275214254.35,Current,Medium
L000070,C03379,BR009,Auto,334945226.04,10.58,2025-07-04,60,255152062.87,Current,Low
L000071,C02759,BR014,Personal,440161965.76,17.35,2023-06-13,60,69469271.9,Current,Low
L000072,C03751,BR036,Mortgage,768381425.2,10.35,2025-04-07,240,313434820.99,Current,High
L000073,C02565,BR044,Mortgage,855598791.68,8.51,2025-01-03,300,317336645.55,Current,Medium
L000074,C03402,BR020,Auto,876538601.21,10.83,2026-05-29,48,613281884.81,Current,Medium
L000075,C08137,BR048,Personal,35415341.08,11.12,2025-10-27,24,24046214.09,Current,Low
L000076,C09120,BR024,Personal,85109080.31,13.84,2021-08-19,24,50460047.4,Current,Low
L000077,C05482,BR046,Personal,877244301.57,16.66,2025-08-06,12,109302008.42,Current,Medium
L000078,C09619,BR022,Auto,716151534.0,9.46,2025-08-19,36,360494183.67,Current,Low
L000079,C04008,BR002,Auto,306356512.38,9.11,2026-08-18,72,39019059.22,Current,Low
L000080,C02370,BR003,Business,413896127.06,10.46,2020-08-29,24,291327946.05,Current,Medium
L000081,C03698,BR047,Personal,73724290.57,13.42,2026-07-31,60,44140404.23,Current,High
L000082,C03582,BR007,Mortgage,329593306.8,9.08,2025-11-25,180,207317901.76,Current,Medium
L000083,C04255,BR012,Auto,1689842729.7,8.24,2025-12-01,72,784591231.72,Current,Medium
L000084,C06268,BR044,Personal,75793112.98,17.74,2023-09-27,48,39674772.95,Current,Low
L000085,C06451,BR042,Personal,194792296.3,11.2,2025-12-15,24,55069715.3,Current,Low
L000086,C00036,BR010,Auto,293434903.69,9.04,2026-02-17,48,169390184.44,Current,Low
L000087,C00764,BR040,Mortgage,1368855767.85,8.75,2025-05-31,300,902353759.54,Late,Medium
L000088,C09719,BR010,Business,627450355.07,8.9,2023-10-28,36,127628180.13,Current,Medium
L000089,C00789,BR009,Personal,195480346.41,17.09,2026-05-11,24,115957586.58,Current,Low
L000090,C07427,BR002,Auto,700896546.81,7.16,2024-09-07,60,249466976.94,Current,Low
L000091,C00933,BR039,Mortgage,1405290684.56,7.23,2021-06-17,120,296041646.71,Current,Low
L000092,C09489,BR027,Personal,147731220.44,15.02,2022-08-31,48,21968712.83,Current,Medium
L000093,C04162,BR038,Auto,373097101.61,8.08,2020-11-10,48,227179374.3,Late,High
L000094,C08085,BR049,Mortgage,299514794.96,9.54,2023-10-19,180,67551361.19,Current,Low
L000095,C05153,BR021,Mortgage,433546570.81,5.56,2026-05-07,300,367562517.36,Late,High
L000096,C05723,BR016,Mortgage,449629490.9,8.86,2021-09-16,300,185282934.53,Late,High
L000097,C01938,BR030,Auto,398561820.93,9.15,2024-09-28,60,227057391.46,Current,Low
L000098,C05011,BR030,Business,880636172.24,11.69,2026-05-02,24,542717182.94,Late,High
L000099,C06247,BR032,Mortgage,497253443.2,6.21,2024-05-18,180,254782578.94,Current,High
L000100,C05264,BR007,Personal,137956199.79,13.83,2022-04-09,36,99991546.33,Late,Medium
L000101,C09008,BR038,Mortgage,1641030927.26,9.61,2024-09-12,240,907614404.08,Current,Medium
L000102,C08961,BR007,Business,387858455.82,11.07,2025-03-20,36,314652637.63,Default,Medium
L000103,C06053,BR035,Personal,111088612.45,16.59,2021-03-10,36,38960952.54,Current,Low
L000104,C09675,BR016,Personal,112151758.92,16.43,2025-09-10,36,78685989.74,Current,Medium
L000105,C07992,BR039,Personal,581408896.05,12.15,2025-04-02,36,160677457.2,Current,Low
L000106,C03498,BR025,Mortgage,2160651923.82,7.95,2023-06-26,120,815972074.07,Current,High
L000107,C08495,BR005,Business,354008095.04,11.37,2026-08-25,24,242054942.43,Current,Medium
L000108,C04667,BR038,Mortgage,634107913.99,9.07,2025-07-24,300,156012353.8,Current,Medium
L000109,C07079,BR031,Personal,89050751.33,12.79,2024-06-10,48,50766762.67,Late,High
L000110,C07572,BR037,Mortgage,417159038.3,5.9,2024-03-15,300,313281651.87,Current,Medium
L000111,C00234,BR024,Business,445948268.54,11.65,2021-02-01,84,229241844.38,Current,Low
L000112,C09331,BR028,Auto,91564719.17,7.24,2025-04-24,72,66158798.47,Current,Low
L000113,C07708,BR050,Personal,134326343.83,12.68,2023-09-25,36,17836355.45,Current,Medium
L000114,C08640,BR030,Personal,50830418.58,13.57,2025-04-14,12,14712017.17,Current,Medium
L000115,C03549,BR041,Auto,197715967.79,9.1,2020-01-26,72,131920980.04,Current,Low
L000116,C05927,BR049,Personal,82608794.97,17.5,2023-10-21,60,10944442.02,Current,Low
L000117,C06860,BR023,Auto,156479877.64,11.38,2024-05-25,72,23154498.92,Current,Low
L000118,C08668,BR044,Personal,157035735.78,10.82,2025-03-14,36,30172164.77,Current,Low
L000119,C07122,BR009,Auto,145875378.89,7.58,2021-06-16,72,117787879.21,Late,High
L000120,C01919,BR050,Business,814990063.22,13.07,2026-08-07,84,516828655.83,Late,High
L000121,C08001,BR046,Business,494322746.22,7.81,2022-04-24,60,412203607.8,Late,High
L000122,C05881,BR031,Mortgage,1108691896.0,6.51,2023-09-24,240,838126913.83,Late,High
L000123,C07385,BR043,Personal,45751179.58,14.9,2024-11-21,60,19652899.24,Current,Medium
L000124,C05386,BR038,Business,861032009.34,9.19,2026-02-10,60,234096339.37,Current,Low
L000125,C04188,BR019,Personal,140121754.47,15.54,2025-10-11,24,82029029.08,Current,Medium
L000126,C05871,BR047,Personal,192177358.42,13.88,2026-08-22,48,119285159.04,Late,Medium
L000127,C07025,BR040,Business,488422890.47,7.97,2023-06-03,60,312477769.31,Late,High
L000128,C00471,BR010,Mortgage,6975222742.83,10.43,2026-07-01,120,3909462291.31,Current,Medium
L000129,C09437,BR026,Auto,595280576.04,9.64,2025-08-25,60,333240658.31,Current,Low
L000130,C03882,BR015,Business,677613634.97,10.82,2021-09-23,60,522648728.13,Current,High
L000131,C07847,BR032,Mortgage,938016907.09,8.65,2026-02-21,120,272758524.03,Current,High
L000132,C09050,BR019,Auto,236866853.93,11.99,2021-08-05,72,38228786.34,Current,Low
L000133,C01060,BR009,Personal,189686034.15,17.63,2025-06-19,12,91230990.66,Current,Low
L000134,C07596,BR049,Personal,15300837.25,16.73,2026-04-15,48,13960448.71,Default,High
L000135,C06819,BR050,Personal,21544188.65,17.08,2025-09-21,36,15229503.5,Current,Low
L000136,C09643,BR009,Mortgage,7233292058.44,7.05,2024-09-06,120,5797933615.42,Late,High
L000137,C09506,BR043,Auto,195182300.02,7.5,2021-11-25,36,150962108.11,Current,Low
L000138,C04071,BR040,Personal,491174292.32,11.47,2021-01-25,60,157269372.4,Current,Low
L000139,C07591,BR015,Auto,116497189.01,7.21,2026-07-06,60,71471472.15,Current,Low
L000140,C08964,BR018,Auto,221428549.62,12.35,2026-07-11,72,116103312.3,Current,Low
L000141,C07486,BR047,Auto,196551471.27,7.78,2026-03-09,72,157768740.72,Default,High
L000142,C04475,BR032,Personal,227318293.45,15.42,2021-06-15,36,37869992.95,Current,Medium
L000143,C03808,BR036,Auto,188432078.65,7.08,2025-01-06,36,97509825.12,Late,Low
L000144,C09668,BR030,Auto,182967720.73,12.41,2025-10-26,60,123927948.4,Default,Medium
L000145,C02764,BR027,Personal,96420361.36,14.97,2022-12-12,12,58714424.47,Late,Medium
L000146,C06347,BR033,Auto,203619830.13,10.36,2024-08-04,72,162218900.71,Current,Low
L000147,C04971,BR038,Personal,1130665093.16,14.8,2025-05-30,36,309715548.25,Current,Low
L000148,C06682,BR020,Personal,92465281.89,15.22,2022-06-24,12,14046880.45,Current,Low
L000149,C00189,BR001,Personal,197558404.48,10.53,2025-12-21,48,118020986.24,Current,Low
L000150,C05730,BR028,Mortgage,1711604742.49,7.11,2026-08-29,240,938214599.09,Current,Medium
L000151,C03234,BR008,Mortgage,334040445.15,7.56,2024-06-13,120,233156394.8,Current,Medium
L000152,C00078,BR038,Personal,225267533.61,15.44,2026-02-08,60,24605506.64,Current,Low
L000153,C02528,BR040,Personal,372475033.61,12.2,2021-01-14,12,163627428.85,Current,Low
L000154,C07112,BR003,Personal,44557211.26,13.14,2024-12-21,48,31938817.26,Current,Low
L000155,C06691,BR006,Business,969113894.26,8.45,2024-03-28,84,141149699.46,Current,Low
L000156,C01047,BR019,Mortgage,538044630.89,9.5,2020-11-26,240,124613944.65,Current,High
L000157,C08566,BR024,Business,2356942215.48,10.28,2025-01-19,36,2137979878.88,Default,High
L000158,C06438,BR050,Auto,94361836.89,12.34,2025-07-08,60,78281971.54,Late,Low
L000159,C06115,BR047,Personal,367850775.56,16.5,2021-10-13,12,161109164.38,Current,Low
L000160,C09722,BR027,Mortgage,653488039.78,5.92,2026-05-03,300,253370251.16,Current,Medium
L000161,C06455,BR011,Mortgage,549623081.92,9.73,2024-09-11,120,438127061.44,Current,Medium
L000162,C06125,BR048,Personal,69790820.53,15.35,2025-10-02,36,34874362.33,Late,Medium
L000163,C08155,BR030,Business,401607361.15,11.97,2025-01-11,36,211857108.5,Current,Medium
L000164,C00179,BR004,Mortgage,575551783.37,7.6,2023-05-11,120,429389576.56,Late,High
L000165,C05021,BR044,Personal,56861434.22,10.58,2025-05-21,48,30982291.61,Current,Low
L000166,C05447,BR050,Auto,1321842371.01,11.92,2026-08-22,36,202680664.95,Current,Medium
L000167,C09941,BR036,Personal,437043385.79,10.42,2023-09-02,60,82161509.38,Current,Low
L000168,C00806,BR017,Personal,116534845.72,15.0,2023-12-04,48,35967608.01,Current,Low
L000169,C00376,BR048,Mortgage,280814513.96,8.04,2024-09-11,300,228776647.19,Late,High
L000170,C09630,BR015,Mortgage,695518288.03,6.42,2024-12-31,120,305198860.67,Late,High
L000171,C03007,BR004,Mortgage,1958130297.98,9.83,2023-04-26,180,1540793101.77,Late,High
L000172,C06219,BR034,Business,615201112.51,7.93,2022-02-12,84,308535595.1,Late,High
L000173,C05475,BR042,Personal,92677031.29,17.34,2022-12-16,60,60727986.38,Current,Medium
L000174,C01211,BR004,Mortgage,1128158087.18,6.55,2021-07-07,180,695164113.74,Late,Medium
L000175,C06305,BR016,Auto,180268149.36,11.81,2026-07-02,72,140886492.07,Late,Low
L000176,C09356,BR040,Auto,2224147119.85,10.02,2025-10-30,72,1415619239.31,Current,Low
L000177,C06397,BR048,Personal,645198047.01,14.16,2024-11-02,60,164237086.82,Current,Low
L000178,C05889,BR032,Mortgage,330345997.16,6.97,2025-09-08,120,185251662.07,Late,Low
L000179,C03372,BR046,Business,226277333.31,11.16,2026-03-10,12,110002631.77,Current,Medium
L000180,C06039,BR016,Business,1584080769.09,13.06,2024-06-19,60,569702481.06,Current,Medium
L000181,C09818,BR014,Personal,160150873.76,14.53,2020-05-04,48,70473616.22,Current,Medium
L000182,C08235,BR002,Mortgage,708648989.61,6.13,2026-07-16,180,358216046.53,Current,High
L000183,C01915,BR017,Mortgage,576843394.13,5.91,2024-05-09,120,190648782.3,Current,Low
L000184,C04574,BR041,Personal,434966668.87,11.5,2025-02-19,24,131115493.1,Current,Low
L000185,C07287,BR046,Mortgage,216568877.14,7.64,2024-02-29,180,156932342.93,Late,Medium
L000186,C09074,BR014,Mortgage,703306956.24,8.66,2025-01-14,120,380762638.46,Current,High
L000187,C04730,BR024,Personal,567669524.23,12.02,2026-07-09,36,192361877.51,Current,Low
L000188,C07272,BR007,Personal,119749370.74,13.25,2026-04-08,48,17103726.3,Current,Low
L000189,C01149,BR049,Personal,86471705.14,16.24,2026-07-05,12,60757088.17,Late,Medium
L000190,C00581,BR030,Personal,3636387267.17,15.85,2025-07-16,36,1347503267.03,Current,Medium
L000191,C07102,BR025,Mortgage,2434707499.57,10.18,2024-03-16,300,1217702642.56,Current,High
L000192,C03622,BR001,Mortgage,656507362.89,5.75,2025-06-27,180,533086316.29,Default,High
L000193,C07300,BR038,Personal,164035091.38,16.44,2021-12-03,36,39009409.16,Current,Low
L000194,C02551,BR040,Mortgage,917316910.65,8.31,2024-07-29,300,546686752.19,Late,High
L000195,C09088,BR027,Mortgage,560500476.84,6.4,2021-05-26,120,488230615.62,Default,High
L000196,C08468,BR038,Personal,125848792.14,11.58,2021-01-15,60,15927884.58,Current,Low
L000197,C08555,BR047,Auto,93282514.27,10.88,2023-03-25,36,63002346.93,Current,Low
L000198,C03925,BR045,Business,538243167.36,12.99,2021-01-29,12,362661205.44,Current,High
L000199,C07365,BR048,Business,293584460.57,9.5,2022-07-07,84,75559811.23,Current,Low
L000200,C06665,BR040,Mortgage,482288349.39,6.07,2020-04-14,120,191432042.87,Current,Medium
L000201,C04248,BR046,Personal,337180868.85,13.55,2025-03-29,48,140436706.2,Current,Low
L000202,C05049,BR004,Auto,193743950.88,9.46,2026-04-22,72,150004979.6,Current,Medium
L000203,C05833,BR050,Mortgage,1060813458.23,6.93,2023-03-17,240,645326990.25,Current,Low
L000204,C08620,BR021,Business,695064521.1,10.39,2023-03-23,12,359344306.02,Current,Medium
L000205,C06842,BR006,Mortgage,694566026.85,7.2,2026-08-29,300,316590927.79,Current,Medium
L000206,C00239,BR019,Business,400612810.46,9.18,2023-11-11,24,196672964.31,Current,Medium
L000207,C02666,BR014,Mortgage,569625305.16,10.34,2026-03-30,300,113155054.25,Current,Medium
L000208,C07433,BR001,Auto,259373084.27,9.11,2026-06-06,48,144072112.43,Current,Medium
L000209,C02468,BR009,Mortgage,2384601935.56,9.13,2021-03-19,300,1480796532.82,Current,High
L000210,C04374,BR038,Mortgage,483010791.34,6.38,2023-12-02,300,229558823.7,Current,Low
L000211,C00661,BR001,Mortgage,1413686714.62,6.64,2024-09-25,180,228127333.61,Current,Medium
L000212,C03572,BR025,Auto,279811866.59,7.8,2023-05-08,48,207968776.05,Current,Low
L000213,C07598,BR038,Mortgage,1751511801.18,5.84,2024-06-14,180,365509546.84,Current,High
L000214,C00421,BR036,Business,274989373.9,12.67,2025-03-23,36,116463458.71,Current,Low
L000215,C07156,BR047,Business,274225731.54,11.3,2024-05-08,24,130308654.67,Current,Low
L000216,C02327,BR039,Auto,495135205.91,8.65,2023-05-31,36,420502226.13,Default,Low
L000217,C09797,BR021,Personal,84981235.84,17.36,2022-04-27,48,11836804.03,Current,Low
L000218,C00799,BR015,Personal,84607796.73,11.65,2022-08-06,12,13212953.35,Current,Low
L000219,C03824,BR032,Personal,332459006.74,14.96,2026-06-27,48,176909964.02,Current,Low
L000220,C05392,BR017,Mortgage,2281081703.04,9.37,2025-09-17,120,1420945277.25,Late,Medium
L000221,C02770,BR046,Mortgage,442628351.22,8.02,2023-12-27,120,292797800.06,Current,Low
L000222,C00777,BR011,Mortgage,1173448563.73,7.21,2025-10-31,300,443387764.44,Current,Medium
L000223,C07072,BR037,Auto,108481753.5,11.41,2025-06-10,72,71377390.63,Current,Low
L000224,C04782,BR038,Personal,505331720.65,13.76,2026-02-27,12,410200990.78,Late,Medium
L000225,C04585,BR028,Mortgage,574138957.83,9.16,2020-02-15,300,387429661.73,Current,Medium
L000226,C08027,BR049,Personal,176261351.73,13.62,2026-05-01,12,63703950.15,Current,High
L000227,C03537,BR018,Mortgage,1619663230.68,10.24,2024-10-15,120,283599158.06,Current,Medium
L000228,C09847,BR030,Auto,308280696.07,11.86,2022-12-22,48,139368442.71,Current,Low
L000229,C05811,BR045,Mortgage,1225759127.88,9.27,2026-01-21,240,880230790.77,Default,Medium
L000230,C04672,BR040,Personal,62996716.81,17.95,2025-04-23,24,50636730.99,Late,Medium
L000231,C06504,BR037,Auto,179178085.69,9.84,2026-08-15,72,47069606.09,Current,Low
L000232,C00748,BR028,Auto,5053605065.59,7.06,2024-08-23,60,2811235806.57,Current,Low
L000233,C01030,BR002,Business,1064891763.31,11.05,2026-04-27,84,419919015.61,Current,Low
L000234,C08745,BR041,Mortgage,2508433779.48,6.51,2022-05-01,300,570957261.07,Current,Low
L000235,C01290,BR044,Auto,503206808.13,9.79,2024-11-26,60,74788082.41,Current,Low
L000236,C05380,BR036,Personal,33670869.11,13.18,2025-07-02,36,22467986.44,Current,Low
L000237,C08840,BR022,Personal,108468307.6,12.95,2025-04-02,24,47567110.45,Late,High
L000238,C09226,BR027,Auto,482830812.69,10.34,2025-11-17,36,236460717.58,Late,Medium
L000239,C08908,BR020,Personal,131655818.71,11.09,2024-07-09,60,41190323.25,Current,Low
L000240,C09979,BR047,Mortgage,2530509874.76,6.31,2022-09-28,120,1348180860.77,Late,Low
L000241,C05564,BR018,Mortgage,1917483886.75,7.31,2025-10-20,240,1370480655.61,Current,Low
L000242,C00401,BR029,Mortgage,565748072.31,8.5,2023-12-29,300,338384699.92,Late,Medium
L000243,C04495,BR040,Business,1809283031.08,7.95,2024-12-24,84,680717661.6,Current,Medium
L000244,C09472,BR036,Business,196265722.86,13.26,2026-04-01,60,111374784.41,Current,Low
L000245,C00060,BR030,Auto,109742968.24,8.3,2025-03-15,36,16254603.97,Current,Medium
L000246,C03737,BR036,Auto,390656400.09,10.23,2026-03-11,60,310289670.91,Current,High
L000247,C08670,BR044,Personal,101221279.63,15.71,2025-08-24,60,76607009.57,Late,Low
L000248,C00728,BR022,Mortgage,345660713.2,6.51,2025-01-21,180,229000530.6,Current,High
L000249,C03940,BR034,Personal,51595953.22,13.0,2026-03-05,48,13056686.02,Current,Low
L000250,C05191,BR005,Personal,232460584.82,17.81,2026-07-25,48,85290567.29,Current,Low
L000251,C09682,BR035,Business,188076248.5,12.65,2026-07-08,24,107048193.78,Current,Low
L000252,C03658,BR023,Auto,215206193.33,9.54,2024-11-28,48,136524437.92,Current,Medium
L000253,C03580,BR038,Personal,145976849.69,13.71,2026-03-18,48,96669507.04,Default,High
L000254,C00110,BR037,Auto,87833882.22,11.68,2024-02-21,72,65229085.5,Current,Low
L000255,C08682,BR041,Business,537674293.05,11.6,2026-06-11,24,427739479.82,Current,Medium
L000256,C09528,BR044,Personal,245421266.02,15.82,2023-04-04,60,36555318.89,Current,Low
L000257,C05735,BR002,Personal,114268192.95,11.32,2023-05-19,48,82684097.39,Late,Medium
L000258,C08092,BR038,Personal,109086562.77,12.94,2025-08-14,24,69922860.49,Late,High
L000259,C01349,BR024,Auto,137942116.11,9.44,2023-04-24,72,60995334.86,Current,Low
L000260,C01474,BR036,Mortgage,151078345.8,6.51,2025-11-04,120,72148668.93,Current,High
L000261,C04330,BR009,Personal,101642502.14,13.07,2021-08-29,12,65514921.05,Late,High
L000262,C00395,BR042,Mortgage,929888387.16,10.13,2025-01-16,180,828607661.52,Default,High
L000263,C00268,BR022,Mortgage,1095918956.29,8.82,2026-07-03,240,756914427.77,Current,Medium
L000264,C06314,BR046,Personal,129660010.62,13.8,2024-01-14,48,68202135.29,Current,Medium
L000265,C00042,BR007,Mortgage,380015131.21,7.98,2024-09-28,120,58763189.56,Current,Medium
L000266,C03624,BR030,Personal,342791428.39,12.37,2025-09-08,36,269294588.84,Current,Low
L000267,C08604,BR044,Personal,283529100.09,13.41,2025-01-17,24,87899266.82,Current,Low
L000268,C03661,BR034,Auto,220576932.72,11.02,2026-07-09,48,61509302.53,Current,Low
L000269,C09298,BR038,Personal,71507469.11,10.09,2025-05-03,36,26172651.84,Current,Medium
L000270,C08011,BR040,Auto,3287969475.05,9.33,2023-12-26,48,1827526439.65,Late,Low
L000271,C06409,BR038,Personal,158496273.87,14.26,2021-08-12,60,120840443.81,Current,Low
L000272,C03090,BR023,Personal,84891239.85,14.67,2024-04-06,12,42233178.87,Current,Low
L000273,C09688,BR001,Mortgage,831940977.13,8.25,2024-01-13,300,634855307.7,Late,High
L000274,C07182,BR047,Auto,503792686.42,8.88,2024-05-10,60,100368871.04,Current,Low
L000275,C02355,BR013,Mortgage,767130035.92,9.35,2024-03-16,120,355072959.76,Late,High
L000276,C07338,BR022,Auto,341270776.52,11.39,2021-08-18,36,160596527.72,Current,Low
L000277,C05561,BR033,Mortgage,793329418.73,10.07,2024-02-14,180,171076307.7,Current,High
L000278,C03150,BR023,Mortgage,1248823638.29,6.59,2025-04-22,120,302766822.44,Current,Medium
L000279,C00780,BR031,Personal,140784364.55,11.05,2023-01-02,24,109985616.09,Current,Medium
L000280,C08969,BR019,Mortgage,950503803.8,8.86,2025-11-07,120,582845148.42,Late,High
L000281,C05485,BR006,Business,317322412.69,9.8,2025-10-18,84,135188574.8,Late,Low
L000282,C03954,BR015,Personal,168779346.24,13.45,2026-08-11,12,74563962.61,Current,Low
L000283,C02128,BR014,Personal,285365127.48,11.51,2025-02-13,60,125784749.71,Current,Low
L000284,C08815,BR030,Auto,207040059.41,7.16,2020-03-08,48,95963949.43,Current,Low
L000285,C03384,BR042,Business,352518173.2,9.18,2026-02-21,24,221155464.08,Current,Low
L000286,C08477,BR019,Personal,351301203.53,12.64,2026-08-08,48,280509339.86,Current,Low
L000287,C02822,BR044,Auto,261071677.83,11.6,2023-09-16,36,178381315.67,Late,High
L000288,C03744,BR018,Personal,57012937.71,13.0,2026-08-22,12,6493664.75,Current,High
L000289,C00509,BR044,Personal,59597015.43,14.8,2025-03-01,24,47096666.44,Current,Medium
L000290,C08898,BR020,Personal,792097152.18,17.51,2024-09-18,60,436760506.08,Current,Medium
L000291,C04471,BR041,Auto,174222353.94,11.7,2020-12-30,36,79004011.64,Current,Low
L000292,C05531,BR022,Personal,44998505.89,11.9,2025-09-08,36,17286085.02,Current,Low
L000293,C04845,BR011,Personal,127846369.33,15.1,2022-06-28,24,66168328.62,Current,Low
L000294,C02251,BR019,Mortgage,1674604681.08,5.78,2023-07-10,180,1375325282.06,Late,Medium
L000295,C04027,BR045,Personal,533611666.77,13.04,2026-08-16,60,367710097.68,Default,Low
L000296,C00029,BR030,Personal,97709729.09,12.99,2025-11-04,24,69146992.0,Late,Medium
L000297,C03997,BR026,Personal,58700703.14,17.15,2022-11-22,60,23920900.0,Current,Low
L000298,C06248,BR024,Mortgage,432495421.05,9.54,2025-02-25,240,179485480.01,Current,Low
L000299,C06223,BR020,Personal,276054198.36,10.48,2026-02-06,60,97677031.97,Current,Low
L000300,C04946,BR022,Business,941984301.87,9.26,2024-10-28,12,577017921.7,Late,High
L000301,C07394,BR021,Business,1190497420.02,10.38,2025-11-01,84,547928283.63,Late,Medium
L000302,C04050,BR027,Business,689464030.5,14.7,2022-07-16,84,350082220.22,Late,High
L000303,C09868,BR035,Mortgage,340442417.4,8.69,2025-07-07,240,224815713.28,Current,Medium
L000304,C09660,BR004,Personal,193030655.46,10.29,2026-03-06,48,125217574.63,Late,High
L000305,C05251,BR046,Personal,950224549.68,11.83,2025-08-20,60,534199186.06,Current,Low
L000306,C05165,BR041,Mortgage,10000000000.0,5.55,2025-12-05,120,7969897317.31,Late,Low
L000307,C00195,BR016,Auto,616641694.9,8.2,2026-08-29,72,111139100.11,Current,Low
L000308,C05822,BR037,Personal,30152021.26,17.63,2025-04-14,12,18606873.88,Late,High
L000309,C06428,BR028,Personal,307606655.08,10.81,2021-06-14,24,137950642.71,Current,High
L000310,C06133,BR013,Mortgage,547788167.83,6.38,2022-09-04,180,292569398.25,Current,Medium
L000311,C04944,BR031,Personal,170458036.45,12.0,2020-06-29,48,87453770.73,Current,Low
L000312,C02940,BR034,Mortgage,945736548.08,6.94,2025-05-27,300,877736859.02,Default,Medium
L000313,C08685,BR028,Personal,46526480.77,17.86,2025-03-29,24,23996460.75,Current,Low
L000314,C07830,BR035,Mortgage,254486449.38,9.01,2025-01-10,120,40890657.79,Current,Medium
L000315,C09873,BR042,Auto,218371407.41,8.87,2025-07-21,60,172377114.69,Current,Low
L000316,C00916,BR012,Personal,151173070.98,14.59,2023-05-08,48,103435524.03,Default,High
L000317,C02925,BR036,Auto,575232163.56,10.1,2020-10-18,60,268137583.16,Current,Medium
L000318,C01399,BR025,Auto,71981177.53,7.77,2026-05-13,72,34238507.98,Late,Medium
L000319,C01497,BR010,Mortgage,419776013.01,6.36,2022-07-10,180,267917993.51,Current,Medium
L000320,C03248,BR015,Mortgage,984285544.26,8.93,2026-04-04,240,837806236.36,Default,High
L000321,C07158,BR016,Personal,186207093.1,12.96,2026-06-07,48,125324822.44,Late,High
L000322,C08486,BR024,Personal,186031903.99,14.78,2026-08-25,12,111190203.98,Current,Medium
L000323,C02275,BR019,Auto,239383565.6,9.64,2023-03-01,60,88985835.38,Current,Low
L000324,C04870,BR006,Auto,269262548.75,7.79,2025-12-13,48,112685795.04,Current,Medium
L000325,C05232,BR044,Auto,166816966.35,10.69,2026-04-10,36,129468370.17,Default,Medium
L000326,C00605,BR008,Mortgage,2691202965.19,10.43,2026-05-21,180,1496330537.78,Current,Medium
L000327,C00420,BR003,Auto,141079878.39,7.22,2025-01-08,72,97594538.55,Default,High
L000328,C08985,BR034,Mortgage,372968403.68,6.76,2026-07-21,120,147706857.36,Current,Medium
L000329,C04465,BR028,Mortgage,452197083.55,8.26,2021-06-20,240,189073418.15,Late,Medium
L000330,C02403,BR046,Personal,52251349.44,12.2,2022-05-26,48,5832127.27,Current,Low
L000331,C09850,BR001,Mortgage,1696707196.28,7.19,2026-05-05,240,842533523.14,Current,Medium
L000332,C05553,BR016,Personal,60008823.4,12.51,2024-09-05,48,26065182.57,Late,High
L000333,C01989,BR038,Personal,153097397.38,16.27,2023-04-14,24,94570242.46,Current,Low
L000334,C06445,BR050,Personal,269134770.64,13.76,2024-06-19,60,88528538.64,Current,Low
L000335,C04123,BR029,Auto,178314803.76,8.18,2025-02-03,48,39797123.09,Current,Low
L000336,C03535,BR028,Mortgage,285593517.65,9.82,2020-09-21,120,182426866.98,Current,Low
L000337,C01572,BR006,Personal,494739967.91,13.25,2025-01-19,36,325151289.19,Current,Medium
L000338,C08269,BR010,Auto,237372810.57,8.65,2024-08-21,60,41556579.25,Current,High
L000339,C08901,BR036,Personal,123669793.73,14.83,2024-08-22,12,83807043.48,Current,Medium
L000340,C04477,BR008,Business,711364597.44,10.81,2026-01-08,12,559468470.29,Current,Low
L000341,C05316,BR016,Auto,276025122.21,7.28,2025-08-07,72,191342667.29,Default,High
L000342,C04728,BR046,Personal,29443790.7,10.72,2024-11-02,36,8519608.65,Current,Low
L000343,C09195,BR048,Auto,152272100.81,9.12,2022-12-25,48,117404035.34,Default,High
L000344,C01736,BR007,Business,455209597.12,9.35,2025-12-16,24,45657743.94,Current,High
L000345,C02204,BR038,Business,374331694.22,10.07,2025-12-25,12,256798367.77,Current,Medium
L000346,C04039,BR002,Auto,1556774668.35,10.77,2026-02-23,36,896392942.9,Current,Low
L000347,C04440,BR046,Mortgage,590073751.7,10.12,2026-08-08,180,405414907.74,Late,Medium
L000348,C05026,BR044,Personal,1366739483.7,12.1,2026-02-13,48,454300847.59,Current,Low
L000349,C06935,BR028,Personal,131808670.55,13.46,2025-06-25,24,60032076.56,Late,High
L000350,C03898,BR046,Auto,234939370.02,12.49,2022-10-05,48,109860335.89,Current,Low
L000351,C00168,BR004,Auto,1128114576.59,11.52,2024-12-01,36,574813961.0,Current,Medium
L000352,C03280,BR034,Personal,240824292.54,16.94,2025-05-01,24,104847366.69,Current,Low
L000353,C08655,BR002,Personal,39496001.66,11.09,2025-05-21,60,20558579.45,Current,Low
L000354,C03914,BR031,Auto,150075891.62,11.48,2026-07-25,60,69357359.41,Current,Low
L000355,C04153,BR038,Auto,99202522.19,11.06,2023-09-30,48,48531871.73,Current,Low
L000356,C00731,BR019,Business,1061092616.08,14.38,2025-11-11,12,143635694.4,Current,Low
L000357,C07396,BR033,Business,389600230.58,10.98,2021-07-02,24,268244463.0,Current,Medium
L000358,C08097,BR043,Personal,83743898.68,17.68,2026-08-26,12,8879844.69,Current,Low
L000359,C01223,BR028,Business,734603757.26,13.63,2026-08-31,60,112057093.13,Current,Medium
L000360,C09247,BR025,Mortgage,709793514.22,9.16,2024-07-22,120,399760686.14,Current,Low
L000361,C04286,BR035,Auto,2624072629.4,11.5,2026-03-05,48,528459838.24,Current,Low
L000362,C09639,BR040,Business,217713887.59,13.11,2026-05-24,12,153321512.73,Current,Low
L000363,C06907,BR040,Personal,99811526.46,16.55,2025-11-07,48,33951569.89,Current,Medium
L000364,C06981,BR041,Business,518462257.73,7.58,2024-02-28,24,188692439.91,Current,Low
L000365,C08017,BR008,Personal,1391817150.57,10.98,2025-05-18,36,1041573875.98,Current,Low
L000366,C06041,BR049,Auto,94517904.22,7.53,2024-09-29,48,22981866.67,Current,Medium
L000367,C07067,BR022,Personal,102060095.21,15.07,2024-05-17,24,14608825.14,Current,Low
L000368,C06128,BR027,Mortgage,397551844.54,5.6,2026-07-29,180,99489519.64,Current,Medium
L000369,C00875,BR018,Auto,244021558.44,9.83,2025-12-29,72,192769415.2,Current,Low
L000370,C06515,BR012,Mortgage,884633669.4,6.71,2024-01-23,300,391589811.66,Current,High
L000371,C00823,BR022,Personal,140319506.24,11.83,2020-10-31,24,87600353.67,Current,Low
L000372,C03639,BR008,Auto,180102600.92,8.92,2026-03-04,60,63642207.18,Current,High
L000373,C01619,BR043,Personal,90947796.17,10.47,2026-04-17,60,61517406.01,Current,Low
L000374,C02544,BR035,Personal,196610802.93,13.96,2023-10-27,36,65616593.04,Current,Low
L000375,C06600,BR029,Personal,145548298.34,12.78,2025-03-28,48,51260361.49,Current,Low
L000376,C09638,BR009,Mortgage,664477310.23,5.83,2023-11-22,120,136395932.79,Current,Medium
L000377,C07408,BR036,Auto,235641496.28,7.58,2021-11-13,72,85885029.33,Current,High
L000378,C07320,BR022,Auto,146593007.69,12.39,2026-07-05,48,87634157.48,Current,Low
L000379,C04291,BR047,Personal,351738516.48,11.23,2025-02-11,60,209204964.51,Current,Low
L000380,C00256,BR035,Mortgage,366792079.96,6.1,2024-02-08,180,72067811.3,Current,Medium
L000381,C00667,BR004,Auto,370829387.99,11.36,2025-10-10,36,200562681.88,Current,Low
L000382,C04837,BR007,Personal,98760858.31,10.22,2022-08-04,60,12559705.41,Current,Low
L000383,C05151,BR040,Mortgage,386744763.74,7.39,2023-09-20,120,295559460.44,Current,Medium
L000384,C04293,BR005,Business,801623504.83,7.61,2025-12-31,12,536417474.48,Current,High
L000385,C06342,BR049,Business,367639146.98,11.31,2025-05-15,12,284879818.54,Late,High
L000386,C00845,BR050,Auto,74889886.17,8.37,2024-11-23,60,19610731.41,Current,Low
L000387,C02861,BR048,Auto,284455107.12,7.42,2024-02-24,72,111394177.41,Current,Low
L000388,C01055,BR047,Auto,240765444.92,10.0,2022-04-24,60,175919944.84,Current,Low
L000389,C03246,BR003,Personal,86178038.29,10.7,2025-10-14,48,18331237.71,Current,Low
L000390,C07906,BR048,Mortgage,1392576731.66,9.11,2025-11-06,240,593044562.14,Current,Medium
L000391,C07231,BR036,Personal,100675960.88,12.02,2026-08-19,36,41159785.8,Current,Low
L000392,C08122,BR041,Auto,69859618.02,9.56,2026-07-30,36,12653627.59,Current,Low
L000393,C02841,BR007,Mortgage,1169029190.22,8.59,2025-10-12,300,898253078.61,Current,Low
L000394,C06414,BR046,Business,412584410.32,13.2,2024-05-05,36,140456838.54,Current,Low
L000395,C05970,BR047,Business,998966224.15,12.1,2025-03-15,12,410943774.22,Late,High
L000396,C08329,BR026,Personal,125101214.87,16.83,2026-07-05,12,76643124.02,Current,Medium
L000397,C06749,BR001,Mortgage,1019019845.46,7.67,2025-04-02,120,545066559.54,Late,High
L000398,C00252,BR037,Mortgage,456306428.11,6.09,2025-03-30,120,71434803.68,Current,Medium
L000399,C09162,BR046,Mortgage,1041365278.91,5.85,2024-12-06,300,229093715.3,Current,Medium
L000400,C07901,BR024,Business,722707356.44,8.39,2022-07-20,84,511465936.12,Current,Low
L000401,C06636,BR032,Personal,142866140.53,14.98,2026-02-17,12,56117977.81,Current,Low
L000402,C08623,BR013,Auto,194781500.39,10.38,2022-02-02,36,27011237.57,Current,Low
L000403,C01117,BR040,Business,584582843.98,10.15,2026-07-18,60,279188612.62,Current,Medium
L000404,C07449,BR008,Mortgage,1171636502.4,6.12,2024-12-19,120,1081455656.97,Default,High
L000405,C07074,BR013,Personal,108522924.12,11.11,2023-05-01,36,20227025.76,Current,Low
L000406,C01385,BR037,Mortgage,666860564.38,5.8,2025-06-29,240,358794127.16,Current,High
L000407,C09225,BR007,Mortgage,325173679.41,7.62,2025-03-30,120,225635773.25,Current,Low
L000408,C04048,BR027,Mortgage,3269242326.48,9.09,2025-01-18,240,2538893620.51,Current,Medium
L000409,C03326,BR021,Mortgage,520925382.31,7.91,2023-10-31,120,171923133.41,Current,Medium
L000410,C06803,BR038,Business,435207607.15,9.6,2024-01-26,60,209783488.4,Current,Low
L000411,C01408,BR002,Mortgage,918973432.76,10.06,2023-10-22,120,144764431.61,Current,High
L000412,C01429,BR014,Auto,249387236.86,7.48,2026-04-16,72,76976086.73,Current,Low
L000413,C02899,BR037,Mortgage,6255421745.66,8.88,2026-07-26,240,2650758498.71,Late,Medium
L000414,C05298,BR030,Personal,567178669.41,10.4,2024-01-15,60,58423754.74,Current,Low
L000415,C00271,BR049,Personal,105071520.41,17.8,2025-04-01,12,42375221.43,Current,Low
L000416,C03304,BR022,Mortgage,919280194.73,7.96,2026-07-11,300,345244617.86,Current,Medium
L000417,C08023,BR040,Personal,165682668.95,17.35,2023-12-02,12,84172658.16,Current,Low
L000418,C02218,BR003,Auto,141163270.71,9.14,2024-09-18,48,81671282.35,Current,Medium
L000419,C01361,BR033,Auto,219932097.63,10.12,2025-02-10,72,183864949.54,Late,High
L000420,C06946,BR038,Personal,93969860.49,15.5,2025-03-29,12,50382283.75,Current,Low
L000421,C07347,BR009,Auto,307030604.13,12.44,2022-04-10,36,48013013.09,Current,Medium
L000422,C07040,BR031,Business,477548679.85,12.62,2026-01-14,12,344533225.32,Current,Medium
L000423,C03836,BR022,Mortgage,394864809.71,8.78,2025-06-26,300,198539172.06,Current,Medium
L000424,C02008,BR038,Personal,105849358.36,15.63,2024-08-16,12,65986796.77,Late,High
L000425,C09994,BR032,Auto,113293228.66,7.91,2026-06-30,48,32288924.6,Current,Low
L000426,C03470,BR019,Personal,58646938.61,13.26,2024-01-09,48,34564633.7,Current,Low
L000427,C04047,BR017,Personal,64980200.4,13.57,2026-02-01,12,15763929.54,Current,Low
L000428,C04435,BR013,Mortgage,479225156.75,7.47,2024-09-28,300,353384269.29,Late,High
L000429,C02337,BR047,Auto,137958141.41,12.45,2024-04-23,72,47239803.8,Current,Low
L000430,C05888,BR011,Mortgage,346942352.8,6.93,2024-01-09,180,67437628.61,Current,Medium
L000431,C08328,BR008,Mortgage,989495710.7,8.18,2023-01-15,180,323718146.35,Current,Medium
L000432,C04562,BR003,Mortgage,1774969662.01,8.92,2023-08-12,120,250405994.71,Current,Medium
L000433,C09217,BR050,Personal,439170846.36,16.83,2026-08-01,12,233237443.26,Current,Low
L000434,C04501,BR043,Personal,809316163.83,15.22,2026-05-26,48,120767949.8,Current,Low
L000435,C09095,BR044,Personal,81366136.58,17.58,2021-02-27,48,39811595.39,Current,Low
L000436,C02932,BR036,Personal,322645470.4,17.03,2023-02-07,48,295937829.74,Default,Low
L000437,C05383,BR011,Auto,619450371.03,11.67,2026-05-18,36,532787761.2,Default,High
L000438,C08658,BR048,Mortgage,519279873.29,9.8,2026-02-09,180,190829394.6,Current,Low
L000439,C03228,BR027,Personal,44710796.51,13.88,2024-04-15,36,15165025.93,Current,Low
L000440,C09883,BR002,Auto,411612618.53,10.88,2024-03-10,72,234389255.19,Current,Medium
L000441,C07027,BR031,Mortgage,216855607.39,7.24,2023-08-18,240,156833640.29,Current,Medium
L000442,C00688,BR010,Auto,231809446.91,8.49,2023-02-21,48,58251304.06,Current,Low
L000443,C01193,BR001,Mortgage,634033681.08,6.17,2026-06-18,300,432713125.48,Current,High
L000444,C01201,BR047,Personal,150446804.01,16.46,2025-12-22,48,93351744.2,Current,Low
L000445,C00759,BR038,Personal,239673175.75,13.75,2020-10-10,24,103488303.19,Late,High
L000446,C01346,BR027,Auto,66242828.91,11.69,2026-08-15,36,51626113.45,Current,Medium
L000447,C01306,BR017,Mortgage,484856547.88,6.94,2026-05-16,240,370715750.57,Current,Low
L000448,C03519,BR010,Personal,175594087.74,11.93,2025-02-12,60,38673000.79,Current,Low
L000449,C08661,BR040,Personal,2905831853.95,10.93,2025-10-11,48,1498909687.6,Current,Low
L000450,C03240,BR032,Mortgage,1984288630.55,9.49,2020-09-07,180,453085837.98,Current,Medium
L000451,C06483,BR026,Auto,113113380.7,11.78,2023-08-10,48,56577173.72,Current,Low
L000452,C08111,BR012,Mortgage,425911302.87,7.8,2026-07-01,120,293364748.62,Current,Medium
L000453,C08900,BR035,Mortgage,1214507740.6,5.75,2024-04-19,180,641142136.88,Current,Low
L000454,C02618,BR048,Personal,209299837.9,17.58,2025-12-27,48,63840153.37,Current,Low
L000455,C09710,BR002,Mortgage,239997514.48,7.66,2026-07-31,240,103834634.76,Current,Low
L000456,C06622,BR034,Personal,306238377.54,14.16,2026-01-17,60,211676943.78,Current,Low
L000457,C08963,BR037,Personal,797275898.59,14.09,2025-04-04,48,535890087.41,Current,Low
L000458,C01157,BR017,Personal,163163290.78,10.76,2026-05-24,12,47006448.38,Current,Medium
L000459,C03757,BR012,Personal,117199544.25,14.35,2020-08-16,24,57379366.87,Current,High
L000460,C05346,BR050,Personal,178971685.63,11.07,2026-01-19,60,91876272.75,Late,Medium
L000461,C07249,BR036,Mortgage,4334195857.29,6.96,2023-07-05,180,3158247219.98,Current,Medium
L000462,C06696,BR048,Auto,214254769.27,11.93,2026-07-22,36,162807590.6,Current,Medium
L000463,C08884,BR041,Personal,48729574.42,16.86,2024-11-02,12,28659965.32,Current,Medium
L000464,C00124,BR050,Personal,86242088.2,10.88,2026-08-08,36,17663583.65,Current,Medium
L000465,C01022,BR008,Business,657707636.43,14.74,2026-08-24,60,435317179.2,Current,Medium
L000466,C06095,BR045,Mortgage,1076770237.53,8.08,2022-08-13,120,591994116.21,Current,Low
L000467,C03620,BR028,Personal,142111763.93,16.3,2024-07-14,60,35437328.44,Current,Low
L000468,C01525,BR001,Mortgage,2050510085.82,9.28,2021-05-23,120,218904436.2,Current,Medium
L000469,C04292,BR044,Business,1415482135.15,7.56,2021-05-19,60,999282510.99,Current,Medium
L000470,C00533,BR049,Personal,94581187.04,17.9,2025-02-06,24,65313096.88,Current,Low
L000471,C05737,BR046,Personal,47043497.69,11.39,2023-03-13,12,13442658.78,Current,Low
L000472,C06544,BR008,Auto,102058116.76,10.33,2022-10-25,60,60483888.05,Current,Low
L000473,C06109,BR020,Mortgage,1573422904.82,9.94,2026-05-14,240,212116547.8,Current,Medium
L000474,C06645,BR017,Auto,186151337.2,9.15,2022-06-30,72,128506900.82,Current,Low
L000475,C02232,BR022,Business,771787628.01,14.1,2024-02-21,24,451559542.31,Late,Low
L000476,C01317,BR011,Auto,693092995.02,12.49,2026-04-16,60,249455749.87,Current,Low
L000477,C00557,BR048,Mortgage,947286184.43,6.69,2023-12-30,180,404522719.15,Late,High
L000478,C06820,BR039,Auto,191806552.03,8.15,2023-09-12,60,52556023.75,Current,High
L000479,C04846,BR040,Auto,166035221.94,10.38,2026-08-23,36,81192292.63,Current,Low
L000480,C07325,BR049,Mortgage,522154563.21,5.55,2025-04-01,120,62907591.41,Current,Medium
L000481,C06259,BR039,Auto,384770508.95,7.63,2026-03-11,36,87115223.96,Current,Low
L000482,C01926,BR040,Personal,159191049.29,12.58,2022-06-29,48,63562684.67,Current,Medium
L000483,C00412,BR005,Business,852101607.68,9.53,2026-02-25,36,115908399.55,Current,Low
L000484,C09981,BR022,Mortgage,382340181.05,9.74,2021-04-29,180,251667450.09,Current,Medium
L000485,C08271,BR034,Personal,817165263.87,12.03,2024-11-30,48,171689003.72,Current,Low
L000486,C07055,BR047,Personal,196293855.92,13.73,2025-05-07,12,103157691.86,Current,Low
L000487,C02479,BR012,Business,340317066.87,7.8,2026-01-19,84,251984579.87,Current,Low
L000488,C03896,BR020,Business,343385003.53,12.35,2021-10-23,24,240731723.11,Current,Medium
L000489,C08131,BR002,Personal,55881585.36,14.65,2026-02-16,24,44631238.59,Current,Low
L000490,C07257,BR047,Mortgage,703988840.06,8.62,2026-08-27,300,359055398.23,Current,Medium
L000491,C02320,BR032,Auto,450506019.8,10.56,2023-11-23,72,325899046.39,Current,Low
L000492,C04710,BR038,Personal,354160833.73,14.42,2021-10-29,12,161306620.71,Current,Low
L000493,C00350,BR007,Business,2871736790.52,11.67,2025-02-11,36,2228336542.29,Current,Low
L000494,C07469,BR030,Personal,283606622.52,15.14,2022-05-17,24,150951595.22,Current,Low
L000495,C09692,BR036,Business,672763947.68,12.72,2026-05-28,60,372351275.4,Current,Low
L000496,C08182,BR048,Personal,153587378.81,11.54,2022-12-14,12,44595832.67,Current,Medium
L000497,C02577,BR012,Mortgage,244170344.3,8.32,2026-08-09,240,63774289.21,Current,Low
L000498,C04787,BR030,Mortgage,237799955.37,9.95,2025-08-30,300,145806712.63,Current,Medium
L000499,C00628,BR050,Mortgage,449242532.51,10.5,2021-11-16,240,282392494.25,Late,High
L000500,C05355,BR033,Auto,1065459141.48,7.41,2023-11-25,48,427200159.39,Current,Low
L000501,C04246,BR027,Mortgage,1553698390.28,8.7,2026-01-23,120,762995080.23,Current,High
L000502,C03114,BR005,Business,475575655.51,14.93,2025-02-11,84,194564474.81,Current,High
L000503,C08411,BR046,Personal,151264641.78,12.22,2024-07-08,36,20051739.75,Current,Low
L000504,C03475,BR008,Personal,80762658.68,13.12,2024-05-15,60,15222055.26,Current,Medium
L000505,C06936,BR044,Auto,234786444.92,8.6,2026-05-10,36,147359016.25,Current,High
L000506,C00834,BR028,Business,408962149.59,14.69,2023-04-23,60,259608206.68,Current,Medium
L000507,C09357,BR037,Personal,347807179.31,14.7,2026-08-19,24,117603593.49,Current,Medium
L000508,C06822,BR010,Personal,131270251.15,10.23,2025-09-02,60,83304021.61,Current,Medium
L000509,C08326,BR046,Mortgage,1118861105.33,8.51,2026-04-24,300,709974443.69,Current,Medium
L000510,C00803,BR030,Mortgage,227897456.89,10.35,2025-11-20,120,64574948.59,Current,Low
L000511,C09846,BR008,Mortgage,703750593.25,9.6,2023-02-12,120,139032462.11,Current,High
L000512,C08527,BR022,Auto,598641761.71,7.68,2026-01-02,36,109227736.61,Current,Low
L000513,C07923,BR030,Auto,121700723.32,12.23,2025-06-05,36,69687228.14,Current,Low
L000514,C00915,BR014,Personal,39823767.63,13.13,2025-05-22,48,23620846.74,Current,Medium
L000515,C07148,BR019,Personal,642712790.92,12.4,2023-09-03,24,145294838.91,Current,Low
L000516,C02173,BR011,Mortgage,368017644.61,10.07,2026-03-14,240,167016356.54,Late,Medium
L000517,C01802,BR043,Mortgage,718814202.9,8.08,2025-06-19,300,237413119.32,Current,High
L000518,C08130,BR042,Personal,149379621.89,17.83,2024-01-24,36,96836379.41,Current,Low
L000519,C02462,BR007,Personal,65839298.66,12.47,2026-05-24,24,37365042.25,Current,Low
L000520,C05724,BR044,Mortgage,792399845.25,8.03,2022-08-26,240,84156052.62,Current,Medium
L000521,C03403,BR017,Business,227234506.27,8.65,2026-02-17,24,130714648.1,Current,Low
L000522,C01876,BR029,Mortgage,752438351.32,8.81,2026-02-02,180,547000575.45,Current,High
L000523,C09707,BR026,Business,573544297.48,10.6,2026-08-25,84,334856874.29,Current,Medium
L000524,C06254,BR021,Mortgage,612444830.55,7.55,2026-06-04,180,489052507.85,Late,High
L000525,C05700,BR020,Mortgage,299127803.47,6.16,2023-02-19,120,233255000.47,Current,Low
L000526,C06385,BR026,Mortgage,2206965850.46,7.2,2022-11-05,120,1862056890.51,Default,High
L000527,C08926,BR003,Mortgage,795700049.86,8.09,2025-07-25,240,299046980.87,Current,Low
L000528,C06613,BR034,Mortgage,3421191884.61,6.43,2024-03-16,180,1585048252.89,Late,High
L000529,C00207,BR005,Mortgage,1051544081.04,9.84,2025-07-28,120,924864943.13,Default,High
L000530,C01680,BR011,Personal,73911740.88,12.67,2024-06-14,48,34854803.51,Current,Medium
L000531,C05590,BR004,Personal,612075243.41,16.81,2026-07-20,36,485389719.57,Current,Low
L000532,C00655,BR027,Mortgage,369201165.13,6.94,2025-04-19,300,91430121.64,Current,Low
L000533,C09743,BR006,Business,548421800.65,12.77,2025-08-25,24,426593947.45,Current,Medium
L000534,C09701,BR038,Mortgage,397717740.38,8.2,2026-07-21,240,318415460.85,Late,High
L000535,C00090,BR046,Personal,950284440.02,14.92,2025-10-18,36,572912733.54,Current,Low
L000536,C02996,BR038,Mortgage,2640915402.88,7.07,2025-09-10,180,536626867.75,Current,High
L000537,C03334,BR013,Business,643529778.93,10.63,2023-04-13,60,449734579.93,Default,Medium
L000538,C01324,BR025,Auto,128603862.03,11.19,2023-07-27,60,105434662.98,Late,Medium
L000539,C07555,BR022,Personal,107545954.86,14.06,2026-04-22,60,28083836.5,Current,Medium
L000540,C01757,BR023,Mortgage,414186435.53,8.68,2024-12-10,120,147304611.9,Current,Medium
L000541,C08952,BR037,Personal,133478993.5,10.22,2022-05-01,24,89135706.34,Current,Low
L000542,C09410,BR044,Auto,583644090.21,11.36,2024-01-11,60,375714743.28,Current,Medium
L000543,C07833,BR002,Personal,1532303330.66,13.2,2026-07-20,48,588892943.45,Current,Low
L000544,C06833,BR005,Auto,228603475.99,8.38,2024-08-03,72,147876215.98,Current,Low
L000545,C02095,BR035,Business,669974062.29,12.07,2022-10-17,12,121708888.03,Current,Medium
L000546,C09403,BR020,Business,1369530935.11,11.77,2025-03-18,84,1038731665.5,Current,Medium
L000547,C09251,BR048,Mortgage,1511959903.7,6.07,2021-10-14,300,911351388.96,Late,Medium
L000548,C07979,BR032,Auto,315219314.89,11.46,2022-11-18,60,147723864.68,Current,Low
L000549,C06695,BR039,Business,969231628.26,12.45,2025-03-22,36,729552844.3,Current,Low
L000550,C05708,BR038,Personal,139950435.73,15.93,2026-03-26,48,60455182.49,Current,Low
L000551,C08194,BR023,Business,1304599405.46,14.3,2025-05-01,84,209035172.28,Current,Low
L000552,C03462,BR023,Auto,111929110.59,10.61,2023-10-07,48,39300218.74,Current,Low
L000553,C06516,BR001,Mortgage,693508850.3,8.41,2023-10-03,120,406283596.88,Late,High
L000554,C03102,BR015,Personal,195222623.6,13.54,2024-08-18,24,41548353.03,Current,Low
L000555,C00347,BR019,Personal,539485888.35,11.27,2023-07-03,24,386064522.31,Current,Medium
L000556,C05525,BR028,Personal,220995304.11,17.1,2025-03-05,24,38239116.17,Current,Low
L000557,C08875,BR034,Auto,486115719.61,8.73,2026-06-24,60,89190397.72,Current,Low
L000558,C09350,BR024,Mortgage,386211557.21,5.68,2026-07-22,120,111940511.17,Current,High
L000559,C00711,BR022,Personal,275032149.44,15.65,2023-06-22,12,219253773.18,Current,Medium
L000560,C06748,BR033,Personal,179535974.26,12.59,2026-04-27,48,108115782.19,Current,Low
L000561,C07435,BR035,Mortgage,1337056944.97,9.69,2024-09-14,180,1121343592.27,Late,High
L000562,C03107,BR018,Personal,32732045.75,17.47,2026-06-17,36,22130208.13,Current,Low
L000563,C01962,BR024,Personal,98076203.28,14.48,2025-04-02,12,70473949.3,Late,High
L000564,C00945,BR044,Mortgage,387335582.93,6.96,2026-01-20,120,56823354.25,Current,Low
L000565,C06848,BR031,Personal,190078949.78,12.12,2025-02-22,24,134822052.05,Current,Low
L000566,C04867,BR043,Personal,124987000.16,12.65,2022-06-26,36,70611693.83,Current,Medium
L000567,C00261,BR035,Business,375827724.77,11.21,2020-03-04,84,78645236.24,Current,Low
L000568,C05008,BR024,Auto,226917562.41,8.25,2021-09-09,60,153791347.57,Current,Medium
L000569,C02363,BR017,Personal,29993616.38,11.28,2025-07-25,12,20357436.18,Current,Medium
L000570,C00077,BR007,Personal,54849748.0,10.87,2025-08-12,60,6466362.1,Current,Low
L000571,C08153,BR030,Auto,1206344863.83,8.18,2025-08-27,72,790996201.01,Current,Low
L000572,C01197,BR001,Mortgage,539162400.16,10.19,2026-08-24,240,489731491.24,Default,High
L000573,C04581,BR042,Personal,931239271.65,15.28,2021-06-05,60,386221814.57,Current,Low
L000574,C07130,BR005,Auto,202395150.0,8.33,2022-08-08,72,59684707.62,Current,Medium
L000575,C01971,BR038,Personal,151774484.45,16.12,2025-02-22,36,80905941.11,Current,Medium
L000576,C05285,BR012,Auto,452955234.88,9.71,2024-11-06,36,236449775.06,Current,Low
L000577,C04288,BR045,Personal,41429092.58,13.48,2020-11-04,48,27740179.0,Current,Medium
L000578,C06025,BR018,Mortgage,4037215821.41,9.78,2025-01-26,240,1288201414.09,Current,Medium
L000579,C05626,BR023,Business,562826858.28,14.72,2026-04-14,84,149659169.39,Current,Medium
L000580,C09021,BR022,Personal,91718510.11,17.49,2020-08-17,36,71691251.55,Current,Low
L000581,C01649,BR048,Business,445792421.04,9.35,2026-05-30,60,46591817.7,Current,Medium
L000582,C02525,BR017,Mortgage,345700001.65,7.99,2025-03-24,300,207852036.05,Current,Medium
L000583,C00275,BR035,Auto,73714761.84,9.3,2024-02-10,72,21117352.42,Current,Medium
L000584,C00072,BR031,Auto,212581012.43,9.14,2025-09-17,60,163260046.5,Current,Low
L000585,C07930,BR010,Auto,157208100.76,8.85,2024-10-15,60,41833463.9,Current,Medium
L000586,C03401,BR030,Auto,640716207.55,7.14,2024-10-28,60,500050434.44,Current,Medium
L000587,C01997,BR038,Personal,192545071.11,16.34,2023-09-12,60,150878450.76,Current,Medium
L000588,C08108,BR033,Auto,439017245.7,9.86,2025-01-02,48,228362254.57,Current,Low
L000589,C02765,BR012,Business,311402902.74,11.66,2024-10-09,24,57370685.38,Current,Medium
L000590,C05952,BR032,Personal,158916907.48,12.34,2025-01-05,36,108903863.66,Current,Low
L000591,C08273,BR013,Auto,211594242.56,10.24,2025-12-07,36,64553008.6,Current,Low
L000592,C08773,BR041,Mortgage,456208024.37,8.36,2023-11-18,120,50248729.2,Current,Medium
L000593,C06982,BR047,Personal,311276646.27,15.47,2021-05-28,48,58157230.02,Current,Low
L000594,C09953,BR039,Mortgage,316089289.34,5.78,2021-08-14,240,58264578.26,Current,High
L000595,C04290,BR030,Personal,90312842.48,17.8,2025-05-06,36,13827332.42,Current,Low
L000596,C08416,BR005,Personal,68212074.27,14.71,2026-06-20,36,13453653.39,Current,Low
L000597,C01841,BR003,Personal,170024507.35,13.72,2022-10-10,12,134339747.2,Current,Medium
L000598,C07309,BR033,Personal,794732163.12,14.39,2024-02-06,12,148130332.55,Current,Low
L000599,C00757,BR044,Personal,45762234.38,16.24,2021-05-10,36,15323842.92,Current,Medium
L000600,C03855,BR016,Auto,277735676.73,7.1,2022-08-18,36,32878903.63,Current,Low
L000601,C04236,BR028,Mortgage,738480741.07,5.97,2026-06-25,300,196078012.49,Current,Medium
L000602,C06187,BR029,Personal,89403078.85,15.53,2025-10-07,12,56460327.29,Current,Low
L000603,C05278,BR044,Personal,368232504.91,11.61,2023-07-06,24,180701498.04,Current,Low
L000604,C03000,BR039,Auto,120980722.72,7.88,2024-12-13,60,15881588.38,Current,Low
L000605,C08008,BR048,Business,610471397.6,11.01,2026-06-30,60,312595902.99,Current,Medium
L000606,C01013,BR045,Personal,151375254.37,11.11,2023-06-02,60,120356412.53,Current,Low
L000607,C06421,BR018,Mortgage,246924564.48,10.35,2020-10-15,180,105469898.77,Current,Low
L000608,C07837,BR038,Personal,71203386.64,12.47,2026-08-09,24,31224998.17,Late,Medium
L000609,C07756,BR001,Auto,297439172.51,9.56,2023-04-14,48,196602143.01,Late,Medium
L000610,C05692,BR049,Auto,441202591.48,7.61,2023-07-10,48,131455582.07,Current,Low
L000611,C01907,BR022,Mortgage,386145798.04,9.76,2025-11-02,180,209260205.23,Current,Medium
L000612,C01391,BR048,Mortgage,5529909566.68,6.45,2024-10-25,180,2590782901.87,Current,Medium
L000613,C00223,BR029,Personal,121151198.01,15.15,2026-08-26,60,87250199.96,Current,Medium
L000614,C03112,BR025,Mortgage,3324376107.53,7.98,2025-01-11,180,830041836.1,Current,High
L000615,C02761,BR029,Mortgage,661987065.77,6.99,2026-07-04,120,462468894.75,Default,High
L000616,C06258,BR038,Auto,252619833.26,7.81,2022-10-11,36,86156027.53,Current,Medium
L000617,C01464,BR008,Personal,154009407.31,12.68,2026-06-21,60,91624182.38,Current,Low
L000618,C00506,BR021,Mortgage,1459214109.51,7.27,2023-03-12,240,862567038.06,Current,Medium
L000619,C05900,BR038,Auto,162138448.6,7.79,2025-12-25,72,133159998.15,Late,Medium
L000620,C09551,BR029,Business,418292629.36,13.27,2021-03-06,84,222362125.92,Current,Medium
L000621,C04542,BR017,Business,672033184.08,9.35,2024-04-24,36,237549040.88,Current,Medium
L000622,C03373,BR020,Mortgage,458496685.93,7.7,2024-04-25,300,278889029.67,Current,Low
L000623,C07208,BR018,Personal,36936117.58,15.13,2025-05-08,48,19105708.41,Late,High
L000624,C03920,BR025,Personal,117512714.42,10.17,2024-11-14,24,63274436.08,Current,Low
L000625,C02865,BR029,Mortgage,1035235055.58,5.83,2025-05-20,120,170000197.24,Current,Medium
L000626,C01706,BR045,Mortgage,332694164.32,7.16,2026-08-30,120,47542050.06,Current,Medium
L000627,C07608,BR029,Personal,277644257.56,17.62,2024-05-10,12,85053030.14,Current,Low
L000628,C01913,BR041,Mortgage,564552548.71,9.2,2025-06-12,300,359408607.27,Current,High
L000629,C07773,BR034,Personal,98932378.91,14.29,2025-12-27,36,90003229.27,Default,High
L000630,C09687,BR001,Personal,118356974.66,15.47,2024-07-16,12,92880711.75,Current,Low
L000631,C05976,BR047,Mortgage,243942683.62,7.7,2024-07-21,240,28929678.47,Current,High
L000632,C05745,BR042,Auto,890800606.05,11.6,2022-07-29,36,409673291.3,Current,Low
L000633,C07212,BR004,Personal,76470767.64,12.93,2024-02-22,48,14260825.02,Current,Low
L000634,C07634,BR001,Personal,145709560.7,10.09,2025-02-26,48,89905991.52,Current,Low
L000635,C02945,BR046,Auto,65167830.31,7.31,2026-08-25,60,46699112.8,Current,Medium
L000636,C04034,BR016,Mortgage,561691479.67,7.01,2025-05-03,120,126572547.09,Current,Low
L000637,C08558,BR037,Auto,88653509.04,10.53,2025-10-17,48,40206035.5,Current,Low
L000638,C00313,BR012,Personal,116161765.85,10.63,2024-10-17,60,27656272.75,Current,Medium
L000639,C07119,BR039,Business,486744299.17,13.77,2026-04-28,12,347589274.69,Late,High
L000640,C00464,BR028,Personal,209311538.82,11.85,2022-05-31,24,136827559.88,Late,High
L000641,C09997,BR001,Personal,43604998.73,15.12,2024-06-05,36,4606385.2,Current,High
L000642,C02254,BR045,Personal,78658683.69,14.02,2022-06-22,60,62588477.62,Current,Low
L000643,C09796,BR044,Auto,629474678.41,7.83,2021-02-24,72,372522417.55,Current,Low
L000644,C00499,BR007,Personal,699030575.59,13.97,2025-09-18,24,279588152.86,Current,Low
L000645,C08148,BR033,Mortgage,566874078.87,8.34,2022-09-09,300,91328380.53,Current,Low
L000646,C04760,BR018,Auto,227856120.9,9.15,2026-08-19,36,94689063.83,Late,High
L000647,C04167,BR040,Personal,293555516.64,14.64,2026-04-05,60,83983421.41,Current,Low
L000648,C06644,BR002,Business,487131643.27,11.63,2026-07-25,12,375245197.89,Current,High
L000649,C08204,BR048,Business,528316235.39,9.76,2022-04-19,36,337079207.36,Current,Low
L000650,C02181,BR027,Personal,92781675.61,12.93,2023-05-25,36,71681673.22,Current,Low
L000651,C09154,BR012,Personal,477601664.54,17.81,2022-10-12,36,90492653.29,Current,Low
L000652,C05010,BR023,Personal,985813967.81,16.86,2023-08-25,48,665382278.69,Current,Low
L000653,C02387,BR026,Personal,125498052.61,15.54,2025-10-30,12,65018356.89,Current,Medium
L000654,C06706,BR039,Mortgage,389148744.58,5.83,2023-07-31,300,146205536.04,Current,Low
L000655,C04719,BR007,Mortgage,284919449.95,10.45,2026-06-17,120,183741224.65,Current,Low
L000656,C02020,BR002,Personal,41061767.41,14.81,2025-12-21,60,22589772.22,Current,Low
L000657,C05713,BR047,Personal,31358014.78,14.75,2024-01-29,36,14451120.09,Current,Low
L000658,C02497,BR004,Personal,1273040086.52,16.55,2023-08-11,48,504695078.48,Current,Low
L000659,C03668,BR035,Mortgage,978796505.36,9.35,2025-11-11,240,168267257.85,Current,Low
L000660,C08209,BR003,Auto,237224316.9,10.89,2025-10-16,60,173465972.27,Current,Low
L000661,C08614,BR006,Business,245721844.78,10.85,2025-09-04,36,98437287.97,Current,Low
L000662,C06647,BR011,Auto,342225916.62,10.45,2026-08-30,60,216327524.75,Current,Low
L000663,C09372,BR038,Personal,42540163.37,11.95,2025-05-06,36,19738956.3,Current,Low
L000664,C09759,BR017,Personal,127434232.43,15.67,2021-09-03,12,80678910.8,Current,Medium
L000665,C03319,BR027,Business,215771240.23,14.22,2024-11-27,60,187712849.1,Default,Medium
L000666,C08919,BR032,Auto,82450077.99,12.14,2025-12-14,72,43952590.73,Current,Low
L000667,C06502,BR031,Personal,100868629.72,17.2,2021-11-14,36,24802912.05,Current,Medium
L000668,C05545,BR032,Auto,262127037.07,10.32,2026-07-07,72,52364834.38,Current,Low
L000669,C05127,BR005,Auto,77151045.76,8.19,2021-02-23,48,25806736.99,Current,Low
L000670,C01720,BR013,Personal,192707283.6,10.47,2026-04-28,24,57962667.17,Current,Low
L000671,C09647,BR004,Mortgage,595417198.8,9.04,2023-03-05,300,96385043.72,Current,Medium
L000672,C09983,BR038,Business,546827403.08,8.17,2026-02-22,60,187317552.61,Current,High
L000673,C09567,BR009,Mortgage,307220732.47,6.02,2022-11-03,300,235767992.12,Late,Medium
L000674,C03359,BR046,Business,506273805.24,10.85,2026-01-25,12,234784667.66,Current,Medium
L000675,C04140,BR026,Mortgage,671651147.9,9.82,2026-06-26,120,470017913.64,Current,Medium
L000676,C06874,BR047,Personal,148952394.84,12.49,2024-07-02,12,74338486.37,Late,Low
L000677,C05972,BR038,Auto,313519133.05,8.05,2024-07-22,36,48464256.27,Current,Low
L000678,C03347,BR040,Personal,180007880.33,10.81,2025-03-18,48,129021781.33,Current,Low
L000679,C04436,BR022,Auto,159498292.18,11.43,2021-07-05,48,61358027.44,Current,Low
L000680,C00676,BR022,Personal,16103133.03,11.93,2026-06-19,36,9920195.83,Current,Low
L000681,C05693,BR038,Business,266639394.26,12.39,2024-10-28,60,208377347.88,Current,Low
L000682,C08505,BR047,Personal,91220834.2,11.74,2024-09-13,36,10256847.76,Current,Low
L000683,C07920,BR017,Personal,411162416.42,12.1,2021-11-01,36,286453632.3,Current,Low
L000684,C05894,BR027,Personal,222098279.8,10.41,2021-12-01,60,143018993.71,Late,Medium
L000685,C02122,BR049,Business,536672590.63,10.01,2025-06-30,84,73759612.82,Current,Low
L000686,C06576,BR039,Auto,690711468.7,12.48,2024-07-27,60,102785999.73,Current,Medium
L000687,C06546,BR002,Auto,918143005.08,10.85,2021-05-20,36,448270706.53,Late,Medium
L000688,C06002,BR002,Auto,250689594.25,12.03,2023-07-31,48,76669946.63,Current,Medium
L000689,C02145,BR038,Mortgage,737152066.31,8.62,2023-09-01,120,382616787.54,Current,Medium
L000690,C06425,BR046,Business,257116070.99,9.63,2026-07-18,60,166058976.98,Current,Medium
L000691,C06742,BR035,Business,331154040.4,14.13,2024-01-30,24,238898488.96,Current,Low
L000692,C04915,BR022,Personal,379016309.23,12.83,2026-06-10,36,105939946.52,Current,Low
L000693,C07895,BR038,Auto,80981231.44,8.29,2023-02-07,48,24206653.56,Current,Low
L000694,C08955,BR038,Business,2664223982.37,8.31,2025-10-13,12,548134679.12,Current,Low
L000695,C01083,BR049,Personal,144442081.88,13.69,2025-12-27,60,93617218.84,Late,Low
L000696,C04398,BR016,Auto,69147497.24,8.83,2022-03-21,48,9881955.79,Current,Low
L000697,C00841,BR039,Business,352287723.9,8.02,2026-02-18,24,97271805.61,Current,Low
L000698,C00493,BR049,Personal,102726081.27,13.01,2026-03-05,24,17752113.38,Current,Low
L000699,C00600,BR019,Auto,263107925.42,10.96,2025-01-15,60,175817185.38,Late,Low
L000700,C03941,BR044,Auto,223676004.66,12.41,2026-05-06,36,169196324.87,Current,Low
L000701,C05845,BR046,Personal,273151869.48,11.66,2026-06-29,60,141787177.86,Late,Medium
L000702,C01342,BR026,Mortgage,1035614001.88,10.21,2025-02-21,180,782940155.92,Current,Medium
L000703,C06270,BR004,Mortgage,246020024.56,10.03,2026-02-19,180,229610522.02,Default,Medium
L000704,C02159,BR032,Mortgage,1015307753.51,8.31,2026-07-04,240,856537660.66,Default,Medium
L000705,C02263,BR023,Personal,1507922615.7,12.71,2021-06-04,36,1172730710.35,Current,Low
L000706,C07931,BR004,Business,1959677411.71,8.04,2024-04-27,12,497449639.98,Current,Low
L000707,C00671,BR043,Mortgage,940359381.57,9.61,2021-01-05,120,405868569.91,Current,Medium
L000708,C05967,BR038,Business,6744202822.83,13.81,2022-09-14,84,1512221073.01,Current,Low
L000709,C02044,BR045,Business,277823025.91,11.96,2020-05-14,36,68224803.2,Current,Low
L000710,C03254,BR036,Mortgage,546906481.96,5.52,2025-02-09,240,323159508.0,Current,Medium
L000711,C06374,BR011,Personal,88162453.37,17.08,2022-06-28,60,47093983.81,Current,High
L000712,C02461,BR004,Auto,248583080.2,7.54,2025-11-26,48,189120582.62,Current,Low
L000713,C09170,BR007,Mortgage,290890905.63,6.9,2026-06-06,120,112048551.73,Current,Medium
L000714,C09808,BR035,Business,654691126.6,11.14,2023-10-11,24,78142782.03,Current,Medium
L000715,C00191,BR047,Personal,143038067.78,13.69,2026-07-18,12,24246681.37,Current,Low
L000716,C05802,BR038,Mortgage,2000853202.57,10.11,2026-07-26,240,1000555954.68,Current,High
L000717,C02072,BR036,Personal,199414270.56,15.37,2021-02-21,48,93383304.54,Current,Low
L000718,C05632,BR027,Mortgage,909970006.62,9.19,2024-12-26,180,395153074.48,Current,Low
L000719,C07868,BR028,Auto,778651248.16,12.02,2025-10-27,72,394031448.18,Current,Medium
L000720,C09922,BR029,Personal,320589731.62,13.62,2022-05-14,12,32965876.53,Current,Low
L000721,C07839,BR032,Personal,138767581.55,17.55,2023-05-24,24,72182006.84,Current,Low
L000722,C01406,BR030,Auto,218122406.7,10.45,2025-10-06,36,57692936.84,Current,Medium
L000723,C07749,BR033,Mortgage,588883054.21,5.61,2024-07-09,120,395310475.01,Late,Medium
L000724,C05402,BR031,Auto,277097411.36,12.4,2026-08-29,60,205135196.66,Current,Medium
L000725,C05077,BR005,Personal,30567246.86,13.6,2022-01-18,24,3588501.37,Current,Medium
L000726,C06322,BR028,Personal,291218024.83,13.32,2021-11-19,12,150013753.87,Current,Low
L000727,C08045,BR044,Personal,159158448.67,14.7,2024-09-29,48,111214887.33,Late,Medium
L000728,C08154,BR037,Auto,67063710.15,12.21,2024-09-01,60,36085080.04,Current,Low
L000729,C02790,BR041,Personal,195115573.26,10.28,2026-06-07,36,42850756.54,Current,Low
L000730,C05308,BR048,Personal,203344245.21,17.26,2024-04-19,24,92103873.84,Current,Low
L000731,C04040,BR001,Auto,216197831.13,10.43,2025-09-12,48,64199907.71,Current,High
L000732,C01685,BR049,Auto,268841879.87,7.04,2026-03-13,60,126377979.15,Current,Low
L000733,C06056,BR005,Personal,44077732.35,17.72,2021-11-04,12,19499966.72,Late,High
L000734,C03413,BR004,Mortgage,4687969627.9,8.22,2021-09-19,120,3298309387.5,Current,Medium
L000735,C02712,BR029,Personal,178206555.07,17.46,2026-08-24,24,133749717.59,Current,Low
L000736,C07879,BR032,Auto,534939611.81,10.13,2026-01-27,60,276198322.57,Current,Medium
L000737,C05973,BR043,Personal,265643932.57,10.25,2026-08-29,60,127155272.5,Current,Medium
L000738,C06986,BR012,Personal,771780764.26,16.52,2025-02-13,12,528752830.97,Current,Low
L000739,C01606,BR015,Mortgage,479281270.43,6.02,2024-03-29,120,246563824.53,Late,High
L000740,C09266,BR033,Mortgage,658579421.78,8.25,2026-03-02,120,479850778.42,Current,Medium
L000741,C03399,BR008,Personal,196497495.17,13.87,2026-01-09,24,138958189.95,Current,Low
L000742,C08340,BR038,Personal,165425263.69,14.18,2024-04-22,60,43054791.18,Current,Low
L000743,C09272,BR020,Business,412422824.0,8.07,2023-12-16,12,63918359.46,Current,Medium
L000744,C08041,BR014,Personal,115243118.45,15.36,2024-02-13,12,82827702.96,Current,Medium
L000745,C03093,BR011,Mortgage,361561143.97,6.83,2026-08-02,180,42464998.21,Current,Low
L000746,C05710,BR027,Mortgage,1686083848.34,5.85,2024-09-18,300,731666160.19,Late,High
L000747,C09503,BR036,Mortgage,3614593203.77,7.81,2023-11-08,120,1499273729.43,Late,High
L000748,C08430,BR038,Business,1129502915.7,8.69,2026-04-26,36,769448867.29,Current,Low
L000749,C00586,BR027,Personal,174498350.3,10.49,2022-09-19,24,30824541.7,Current,Low
L000750,C02953,BR020,Auto,559498480.45,11.03,2025-08-29,36,81519986.6,Current,Low
L000751,C02912,BR016,Mortgage,6133330392.78,10.19,2022-07-07,120,3175395040.5,Late,High
L000752,C01768,BR038,Mortgage,1339496191.59,9.84,2026-08-25,300,1163194227.73,Default,High
L000753,C07088,BR001,Mortgage,1403311809.15,10.41,2026-05-24,300,210035838.71,Current,Low
L000754,C03261,BR033,Mortgage,351543016.55,10.24,2023-01-16,240,137935822.4,Current,High
L000755,C01959,BR031,Auto,187292469.39,7.77,2023-05-17,36,120771301.61,Current,Low
L000756,C04555,BR041,Personal,144361646.18,11.2,2025-08-04,36,28996770.76,Current,Low
L000757,C03603,BR033,Mortgage,423554207.01,8.39,2025-10-20,240,65852371.83,Current,Medium
L000758,C08785,BR018,Auto,153993477.82,11.19,2022-05-11,48,62789012.42,Current,Low
L000759,C01529,BR029,Mortgage,572684563.6,10.07,2026-04-23,300,438094495.61,Late,High
L000760,C00290,BR007,Personal,59108023.11,12.85,2026-03-19,24,7688619.69,Current,Low
L000761,C03973,BR044,Personal,147779863.46,10.89,2026-02-26,36,108758058.36,Current,Low
L000762,C08897,BR002,Business,572403377.78,14.63,2024-07-24,36,297694133.88,Late,High
L000763,C07368,BR001,Personal,99595646.06,11.11,2025-03-29,24,31432062.89,Current,Low
L000764,C09201,BR048,Auto,129602760.67,10.52,2021-07-18,48,77954012.08,Current,Medium
L000765,C06947,BR045,Personal,202621117.33,10.97,2026-05-09,48,34943122.14,Current,Low
L000766,C02543,BR046,Business,836265973.76,11.43,2026-07-22,24,239382560.99,Current,Medium
L000767,C04966,BR049,Auto,215127132.07,9.01,2020-11-07,36,72359854.0,Current,Low
L000768,C02332,BR047,Business,1347748125.69,14.65,2022-09-04,84,219504931.64,Current,Low
L000769,C03016,BR042,Mortgage,380462586.86,10.04,2021-08-20,120,229214190.51,Current,Medium
L000770,C06357,BR018,Personal,489879717.74,15.46,2020-04-08,48,276815568.96,Current,Medium
L000771,C09564,BR048,Personal,117861054.97,16.01,2026-05-18,48,110699319.36,Default,Medium
L000772,C02052,BR031,Auto,157446420.89,12.13,2026-01-24,36,93537065.66,Current,Low
L000773,C06018,BR032,Personal,60306071.54,11.83,2025-07-26,60,31576399.54,Current,Medium
L000774,C04664,BR021,Mortgage,740642340.6,8.0,2026-08-03,240,337059757.5,Current,Low
L000775,C06839,BR016,Auto,308561810.14,9.23,2026-05-05,36,115776913.88,Current,Low
L000776,C09581,BR029,Mortgage,1845568928.47,8.98,2026-01-01,180,793210978.54,Current,Medium
L000777,C05488,BR016,Mortgage,322404226.76,8.88,2025-07-06,300,111039543.78,Current,Low
L000778,C04275,BR022,Personal,168347538.21,12.53,2023-12-26,60,99571143.76,Current,Low
L000779,C02339,BR001,Personal,182309422.59,16.25,2022-06-29,60,42601873.86,Current,Medium
L000780,C05732,BR044,Business,380348737.29,10.71,2026-02-24,60,100928970.28,Current,Medium
L000781,C00086,BR038,Business,477229344.93,11.85,2025-10-23,24,404615003.6,Late,Medium
L000782,C00964,BR047,Personal,494606868.51,15.44,2021-03-25,12,306194071.25,Current,Low
L000783,C09389,BR024,Mortgage,453238471.27,6.59,2025-07-27,240,125118471.23,Current,Low
L000784,C09860,BR002,Mortgage,830071782.29,6.36,2025-03-19,300,582189059.73,Late,High
L000785,C05673,BR016,Personal,154806744.17,12.76,2025-01-24,36,49048750.67,Current,Low
L000786,C08484,BR016,Auto,1111273826.93,10.23,2024-07-04,72,647494133.99,Current,Medium
L000787,C01340,BR038,Business,500931063.76,10.21,2022-12-15,60,305950341.77,Current,Medium
L000788,C05789,BR038,Personal,133366278.59,12.21,2022-01-14,24,86753404.59,Current,Low
L000789,C03414,BR011,Mortgage,2453430882.5,10.06,2023-02-27,300,1683107777.26,Default,High
L000790,C06208,BR042,Business,324726753.98,8.46,2026-07-13,36,142007441.91,Late,Medium
L000791,C05195,BR009,Auto,679734187.97,7.15,2026-04-10,60,424248176.47,Current,Medium
L000792,C06384,BR028,Personal,213089390.31,17.62,2024-11-18,36,68624698.05,Current,Low
L000793,C00330,BR003,Business,371212142.39,13.39,2024-08-05,60,274447871.54,Current,Medium
L000794,C09320,BR050,Mortgage,4092764666.81,5.91,2024-02-19,300,3091108392.3,Current,Low
L000795,C04795,BR047,Personal,193155229.19,12.83,2023-10-30,12,109613468.16,Current,Medium
L000796,C03990,BR046,Business,378371643.76,13.12,2021-06-22,24,215633896.56,Current,Medium
L000797,C06835,BR048,Mortgage,1325069924.51,7.86,2026-07-26,180,1120493146.04,Default,High
L000798,C01085,BR027,Personal,155631798.89,16.06,2025-04-06,60,93653405.46,Current,High
L000799,C09874,BR020,Personal,532777206.4,10.34,2025-04-13,60,321993308.22,Current,Low
L000800,C06290,BR041,Auto,57017057.92,7.81,2023-07-20,36,29697849.05,Current,High
L000801,C04121,BR044,Auto,280224504.16,7.5,2023-09-25,48,156369544.77,Current,Low
L000802,C09026,BR031,Auto,487927285.05,8.18,2022-07-04,48,335570694.16,Current,Low
L000803,C09459,BR029,Business,2357660914.3,9.46,2026-06-15,36,1540640096.47,Current,Medium
L000804,C02611,BR038,Personal,152276269.88,17.26,2026-07-18,36,64755199.96,Current,Low
L000805,C09626,BR011,Personal,158887695.12,17.09,2022-03-31,36,20710875.37,Current,Low
L000806,C00453,BR045,Personal,211616471.4,15.89,2023-03-16,12,82789440.84,Current,High
L000807,C07730,BR034,Personal,338240809.96,13.41,2024-12-20,36,195732939.1,Late,High
L000808,C00880,BR038,Mortgage,8986342252.39,7.76,2026-02-24,120,3116446046.87,Current,Low
L000809,C03315,BR036,Personal,186935749.34,11.87,2023-03-10,24,93189368.67,Current,Low
L000810,C06099,BR009,Auto,756187802.61,7.59,2025-08-17,36,504325993.86,Default,Low
L000811,C03893,BR009,Mortgage,5046718719.43,6.93,2026-04-21,240,2261824517.93,Current,Low
L000812,C06281,BR012,Personal,185351887.04,15.35,2024-08-29,48,106731432.74,Current,Low
L000813,C07126,BR040,Auto,736339597.66,11.16,2024-03-21,72,268278203.81,Current,Low
L000814,C04482,BR002,Auto,2059826691.82,9.22,2026-06-24,60,1016254591.43,Current,Low
L000815,C08306,BR029,Auto,423743288.96,9.59,2025-05-25,60,135343328.99,Current,Medium
L000816,C01934,BR039,Personal,285513691.08,16.56,2025-07-11,60,64334948.46,Current,Low
L000817,C02655,BR026,Mortgage,397716453.92,9.77,2024-11-01,300,139039833.63,Current,Medium
L000818,C02358,BR017,Personal,51122555.79,10.33,2023-07-18,24,20095578.61,Current,Medium
L000819,C00816,BR033,Personal,257758982.54,14.49,2021-02-17,60,102815413.94,Current,Low
L000820,C09127,BR028,Business,372828102.93,13.38,2024-09-09,84,195319747.14,Current,Low
L000821,C01955,BR014,Mortgage,294988357.02,10.0,2021-11-10,300,217153524.22,Current,Medium
L000822,C09064,BR028,Personal,62232311.89,17.45,2025-10-25,60,46232023.0,Current,Low
L000823,C09933,BR019,Business,1889921068.26,10.1,2023-06-29,36,1066539815.45,Current,Low
L000824,C09943,BR030,Mortgage,293511035.5,5.83,2025-04-10,300,252707794.98,Default,High
L000825,C08268,BR001,Personal,36966962.73,14.0,2023-05-23,48,28232957.22,Current,Low
L000826,C06176,BR041,Business,1329810468.7,8.11,2025-06-24,12,922668712.43,Current,High
L000827,C02776,BR035,Personal,114285654.6,15.2,2025-12-29,36,66161851.84,Current,Low
L000828,C03618,BR022,Mortgage,1302699479.62,7.44,2026-01-16,180,570282381.03,Late,High
L000829,C01549,BR010,Mortgage,397740428.31,10.05,2021-07-29,300,174857506.83,Current,Medium
L000830,C06630,BR007,Personal,148733767.13,13.12,2026-06-21,60,93164706.96,Current,Low
L000831,C07352,BR046,Mortgage,597627348.26,9.49,2026-03-19,300,262732432.75,Current,Medium
L000832,C04549,BR002,Personal,280862282.14,17.86,2023-10-09,36,96328443.74,Current,Low
L000833,C09906,BR012,Auto,455014180.28,8.13,2020-06-06,36,202072789.02,Current,Low
L000834,C01245,BR017,Auto,103654050.6,8.5,2024-03-29,48,42723872.05,Current,Low
L000835,C06481,BR037,Personal,191718174.6,13.74,2024-06-26,24,103132193.4,Current,Low
L000836,C09213,BR010,Mortgage,660325649.72,10.35,2021-11-15,300,479422201.03,Late,High
L000837,C05523,BR013,Mortgage,5350302282.69,9.62,2024-08-07,240,3868083565.45,Late,Low
L000838,C09624,BR003,Business,546954518.83,10.28,2022-01-06,24,272394338.98,Current,Low
L000839,C07222,BR038,Personal,187347654.55,17.5,2023-01-17,60,95648707.78,Current,Low
L000840,C07566,BR009,Personal,140442240.8,10.45,2025-09-08,12,92300056.53,Current,Low
L000841,C06309,BR047,Personal,180440687.7,13.37,2026-04-08,60,116815659.24,Current,Low
L000842,C03202,BR002,Auto,269363145.48,10.49,2025-05-23,48,112986924.42,Current,Low
L000843,C04903,BR025,Mortgage,195664253.06,9.91,2024-07-08,240,130938599.62,Current,Low
L000844,C00778,BR047,Auto,142651244.07,12.3,2025-12-14,72,32350886.27,Current,Medium
L000845,C00022,BR013,Personal,287830078.28,15.67,2026-05-30,12,117013008.16,Current,Medium
L000846,C02494,BR011,Auto,217863562.86,8.37,2021-07-05,72,61368065.69,Current,Medium
L000847,C05569,BR040,Mortgage,958768977.33,9.97,2022-12-24,120,130553749.88,Current,Medium
L000848,C01001,BR047,Personal,43341896.85,17.48,2021-12-04,12,15290868.31,Current,Low
L000849,C01866,BR023,Personal,74587178.34,10.14,2026-07-17,48,43345222.82,Current,Low
L000850,C07845,BR044,Business,224748975.32,10.04,2025-08-22,84,167457754.54,Current,Medium
L000851,C01646,BR001,Auto,78994917.95,8.34,2025-04-27,36,48107242.51,Current,Low
L000852,C02898,BR047,Mortgage,2440270225.88,5.51,2026-04-16,120,996617060.49,Current,Low
L000853,C05013,BR025,Mortgage,1287764676.58,8.16,2025-08-18,120,1092056358.49,Late,High
L000854,C07549,BR034,Mortgage,1036553744.87,8.79,2026-05-23,120,142115122.38,Current,Medium
L000855,C03756,BR047,Personal,413414744.28,17.16,2022-10-24,12,292131991.96,Current,Low
L000856,C05228,BR028,Auto,152763804.68,12.39,2024-05-18,60,92474984.4,Current,Medium
L000857,C05463,BR006,Personal,413461115.84,15.69,2024-01-16,36,233394182.09,Current,Low
L000858,C04331,BR011,Auto,415246350.28,11.99,2021-07-04,60,129393615.92,Current,Low
L000859,C03727,BR045,Mortgage,2673837231.48,5.55,2023-04-15,300,1802830275.0,Default,High
L000860,C03369,BR013,Mortgage,528877854.19,9.98,2024-10-06,300,185116676.93,Current,Low
L000861,C00805,BR041,Business,390309509.15,7.54,2021-03-19,36,248236990.05,Current,Low
L000862,C06530,BR022,Mortgage,900632255.08,8.97,2026-02-12,180,490330585.12,Current,Low
L000863,C03309,BR012,Auto,1618904052.93,11.4,2025-02-07,60,1015395428.82,Current,Medium
L000864,C00685,BR033,Mortgage,286267650.21,9.13,2023-10-05,300,97518237.45,Current,Low
L000865,C01264,BR001,Personal,577850397.08,11.39,2024-02-11,12,153660433.26,Current,Low
L000866,C01575,BR002,Personal,109366498.67,15.05,2021-03-03,12,31084434.29,Current,Low
L000867,C08663,BR027,Mortgage,491827087.13,8.07,2026-06-20,180,138622713.46,Current,Low
L000868,C04204,BR045,Mortgage,3077955978.89,6.25,2025-07-29,240,1243754837.96,Current,Low
L000869,C07375,BR038,Personal,125888333.79,14.69,2024-06-08,12,50417081.51,Current,Low
L000870,C00608,BR049,Personal,110270912.06,16.07,2025-07-18,24,28547645.22,Current,Medium
L000871,C07167,BR040,Auto,142180017.65,8.25,2026-08-02,60,45707297.4,Current,Low
L000872,C09485,BR034,Personal,120119820.5,11.02,2026-07-31,12,35793941.95,Current,Low
L000873,C03183,BR013,Personal,577237241.55,14.93,2023-09-10,24,384564336.68,Current,Low
L000874,C00718,BR007,Auto,562372303.44,11.25,2025-12-07,48,432945828.25,Late,High
L000875,C03444,BR020,Auto,1259597151.31,11.34,2026-06-10,48,487397834.72,Current,Low
L000876,C05100,BR028,Personal,589434155.79,16.32,2020-07-03,36,403769903.41,Current,High
L000877,C01128,BR038,Personal,166309770.73,16.5,2023-12-02,48,21112190.8,Current,Medium
L000878,C04468,BR037,Mortgage,529674410.69,6.54,2025-11-19,300,189493601.86,Current,Medium
L000879,C07310,BR007,Business,675865338.43,11.1,2023-03-08,24,275848769.51,Late,Medium
L000880,C03329,BR030,Personal,153265170.67,12.57,2023-11-01,24,73897347.55,Current,Low
L000881,C06975,BR033,Personal,192318515.86,12.99,2023-08-09,48,122012690.91,Current,Low
L000882,C04164,BR023,Mortgage,577348268.49,6.68,2026-01-12,300,418358795.01,Default,Medium
L000883,C03501,BR049,Personal,71181308.89,16.68,2026-04-26,60,20511957.1,Current,Low
L000884,C08449,BR026,Business,910973530.32,14.3,2024-01-28,36,187180434.46,Current,Medium
L000885,C08285,BR028,Personal,112469373.53,14.4,2024-08-10,12,77247245.6,Default,Medium
L000886,C01450,BR017,Personal,201989931.49,10.69,2025-12-11,48,52669870.71,Current,Medium
L000887,C09905,BR008,Personal,120489946.29,10.51,2024-12-03,24,22348657.15,Current,Low
L000888,C02639,BR020,Business,355206326.44,14.25,2026-04-16,12,278435489.89,Current,Low
L000889,C03454,BR020,Auto,629720529.16,7.29,2024-03-02,48,354018610.47,Current,Low
L000890,C02126,BR038,Personal,206318516.83,17.97,2025-09-11,36,108895547.29,Current,Low
L000891,C00475,BR017,Mortgage,478902515.01,9.71,2025-03-14,300,376950030.06,Late,High
L000892,C01169,BR024,Mortgage,876989967.76,7.06,2021-02-12,180,338152572.32,Current,High
L000893,C07904,BR005,Mortgage,1986427895.74,8.92,2026-08-31,300,270797419.16,Current,Low
L000894,C01747,BR023,Auto,348227348.45,7.1,2023-06-04,36,169096753.73,Current,Low
L000895,C04402,BR019,Mortgage,714615382.81,9.29,2024-11-12,180,549089137.96,Current,Medium
L000896,C07205,BR013,Auto,200888285.05,9.7,2024-03-22,72,52515151.62,Current,Low
L000897,C07508,BR028,Mortgage,1194336635.89,8.66,2023-08-01,240,922585628.17,Late,High
L000898,C04599,BR049,Auto,355507329.72,8.9,2020-03-12,36,48216880.38,Current,Low
L000899,C00155,BR047,Business,254243125.6,14.99,2026-08-12,12,92215505.61,Current,Low
L000900,C06721,BR003,Auto,2008699246.91,11.25,2026-04-13,60,1443993342.05,Current,Low
L000901,C03600,BR019,Mortgage,2801454098.75,7.78,2026-08-02,180,2103402556.48,Default,High
L000902,C07439,BR049,Mortgage,380436426.8,9.11,2023-07-28,300,82537589.27,Current,Medium
L000903,C04564,BR040,Personal,56616133.4,14.72,2023-12-20,60,38984592.39,Current,Medium
L000904,C01174,BR022,Mortgage,638541781.56,6.42,2026-05-15,240,419715666.37,Current,Medium
L000905,C03679,BR007,Business,453337934.22,11.38,2024-04-29,12,52173231.02,Current,Medium
L000906,C06200,BR007,Mortgage,1456254526.56,8.08,2021-04-20,240,1082890133.99,Late,High
L000907,C07568,BR011,Personal,70170422.48,17.24,2023-05-29,36,33657861.96,Current,Low
L000908,C09260,BR019,Personal,205985744.1,13.15,2026-04-13,24,160526039.47,Current,Low
L000909,C06221,BR048,Personal,130328186.1,10.04,2023-04-23,36,66121306.09,Current,Low
L000910,C04065,BR022,Personal,82538853.6,16.2,2025-10-27,12,50928719.21,Current,Low
L000911,C09622,BR027,Personal,186362107.29,12.96,2025-12-23,48,97766524.28,Current,Low
L000912,C01194,BR024,Mortgage,548789894.52,8.43,2026-01-05,300,266989302.48,Late,Medium
L000913,C02603,BR028,Auto,366566612.08,8.52,2023-06-24,60,277666456.95,Current,Low
L000914,C06991,BR018,Mortgage,1331470453.95,6.07,2023-06-08,180,846253552.94,Current,Low
L000915,C08599,BR007,Personal,244083613.18,10.92,2026-08-12,48,185598638.21,Current,Low
L000916,C05186,BR028,Mortgage,292943872.63,9.71,2025-02-11,300,202693469.52,Current,Low
L000917,C07189,BR038,Auto,387411817.72,11.49,2024-10-05,60,241649135.15,Current,Low
L000918,C02547,BR040,Mortgage,583805318.51,8.83,2026-08-26,120,440922877.82,Current,Low
L000919,C03646,BR023,Auto,227623809.84,8.41,2024-07-29,72,103775787.67,Current,Low
L000920,C05968,BR028,Personal,96293351.33,10.27,2026-08-28,36,48308810.55,Current,Medium
L000921,C09944,BR022,Business,296736369.63,11.56,2025-06-05,12,131764012.77,Current,High
L000922,C06934,BR002,Personal,196346151.56,12.62,2025-07-05,48,48983981.45,Current,Medium
L000923,C02885,BR017,Personal,91365029.41,14.84,2023-03-08,60,40173357.06,Current,Low
L000924,C08002,BR040,Mortgage,368203302.14,9.09,2026-07-30,240,257828737.14,Current,Low
L000925,C00587,BR022,Auto,196778013.73,8.89,2020-08-02,72,87885133.13,Current,Low
L000926,C04462,BR049,Mortgage,515427936.29,10.2,2022-05-15,180,194041196.15,Current,High
L000927,C02970,BR002,Auto,666355711.18,11.41,2023-08-29,36,397418758.48,Current,Low
L000928,C04995,BR047,Mortgage,1242766720.13,8.42,2020-06-28,180,199033514.27,Current,Medium
L000929,C06640,BR029,Personal,366889980.71,13.55,2023-10-07,48,218819216.5,Late,Medium
L000930,C04681,BR002,Personal,102717596.71,14.86,2024-04-21,24,27714660.57,Current,Low
L000931,C08116,BR029,Personal,62177718.82,15.42,2023-10-09,24,24852630.23,Current,High
L000932,C01393,BR012,Personal,412337240.66,11.7,2026-07-09,48,161307096.85,Current,Low
L000933,C00056,BR020,Personal,365149012.73,15.09,2025-12-04,12,148498879.03,Current,Low
L000934,C05760,BR026,Personal,72760276.22,11.61,2024-12-05,36,54088912.87,Current,Low
L000935,C00897,BR022,Auto,345712913.14,9.64,2020-10-14,48,138921260.18,Current,Low
L000936,C06243,BR047,Mortgage,1331554245.08,9.5,2020-01-17,240,962668951.77,Late,High
L000937,C06458,BR004,Personal,1331496646.12,13.51,2023-01-13,36,500771167.04,Current,Low
L000938,C03782,BR021,Business,644453958.17,10.55,2020-12-09,12,286136584.18,Current,Low
L000939,C05471,BR046,Personal,57744720.57,16.17,2026-06-13,12,30673834.75,Current,Low
L000940,C02366,BR027,Mortgage,6773311076.45,6.55,2022-07-27,300,4590651233.04,Current,Low
L000941,C05032,BR038,Mortgage,1501502665.45,10.49,2023-04-07,300,350071694.94,Current,Medium
L000942,C07949,BR036,Auto,121186594.03,9.85,2024-03-28,60,59161115.76,Current,Low
L000943,C01187,BR014,Auto,610087854.04,12.4,2026-03-24,72,312558533.46,Current,Low
L000944,C06591,BR022,Auto,192218511.16,7.35,2025-09-28,60,87190870.47,Current,Medium
L000945,C07961,BR006,Mortgage,1061944427.95,7.66,2024-06-26,300,147921194.47,Current,Medium
L000946,C07817,BR001,Personal,109146216.13,12.44,2024-08-27,12,74520105.72,Late,Medium
L000947,C03385,BR015,Personal,104765971.77,11.52,2025-01-20,24,25242634.84,Current,Low
L000948,C05217,BR028,Mortgage,606570404.16,7.39,2022-11-13,180,257027559.52,Current,Medium
L000949,C03544,BR023,Mortgage,247678291.48,9.51,2021-02-22,240,141227643.08,Current,Medium
L000950,C04455,BR005,Business,6680253071.79,10.54,2025-02-15,84,1556886982.25,Current,Low
L000951,C04983,BR029,Personal,442843061.45,12.52,2021-01-05,24,309362639.74,Current,Medium
L000952,C04216,BR013,Auto,172758485.29,11.9,2024-03-29,48,54810628.97,Current,High
L000953,C02241,BR038,Personal,64679866.03,15.39,2024-01-12,12,33253066.79,Current,Low
L000954,C00984,BR017,Personal,27543107.18,15.85,2022-09-06,12,13414368.78,Current,Low
L000955,C01682,BR008,Mortgage,473996774.42,6.94,2025-12-16,180,367821965.18,Late,High
L000956,C07315,BR005,Personal,286335169.45,11.87,2024-12-24,60,159871008.88,Current,Low
L000957,C06189,BR031,Personal,28423182.71,14.54,2020-09-04,36,7262697.28,Current,Medium
L000958,C06886,BR008,Mortgage,225770879.3,9.95,2023-03-06,240,74721131.39,Current,Medium
L000959,C07905,BR039,Mortgage,854882644.49,7.73,2024-05-16,180,519976663.75,Current,Low
L000960,C04929,BR028,Personal,45826507.22,12.3,2025-08-29,12,22178552.61,Current,Low
L000961,C05902,BR021,Business,240392380.56,10.0,2025-11-08,24,82108674.47,Current,Low
L000962,C04633,BR020,Mortgage,2111942252.84,8.8,2021-07-27,240,993556618.3,Current,Low
L000963,C09286,BR044,Personal,87513720.6,17.81,2025-03-12,60,61386815.58,Default,Medium
L000964,C03821,BR006,Mortgage,509967969.32,10.39,2021-08-04,300,141325550.37,Current,Medium
L000965,C09665,BR045,Mortgage,294041234.86,10.19,2026-07-21,120,159277278.06,Current,Medium
L000966,C09276,BR027,Mortgage,708043727.77,7.41,2024-06-03,300,454554957.78,Late,Medium
L000967,C06427,BR030,Personal,502719677.0,13.96,2023-11-26,48,361422847.6,Current,Medium
L000968,C09515,BR011,Personal,129934845.43,11.91,2025-03-21,60,22015950.89,Current,Medium
L000969,C03802,BR039,Mortgage,405683884.88,9.2,2023-03-23,180,286156559.45,Late,Medium
L000970,C07459,BR043,Auto,158648447.24,10.06,2026-06-05,72,58193751.34,Current,Low
L000971,C00012,BR049,Personal,70871808.34,16.47,2023-12-29,12,21215744.74,Current,Medium
L000972,C06195,BR049,Personal,198448155.77,11.82,2020-12-24,24,39693882.62,Current,Low
L000973,C05695,BR046,Personal,138601714.73,16.02,2026-07-23,48,80463610.13,Current,Low
L000974,C05035,BR013,Mortgage,513975484.39,6.78,2021-12-26,120,172521480.36,Current,Medium
L000975,C09100,BR031,Auto,82997753.22,9.93,2025-11-28,48,40128451.62,Current,Low
L000976,C02027,BR039,Mortgage,651223872.38,8.99,2021-03-24,180,345451367.7,Late,Medium
L000977,C04639,BR028,Auto,174055669.84,11.27,2025-01-16,48,88313596.33,Current,Low
L000978,C03987,BR002,Personal,49977209.37,16.32,2026-05-04,12,7885811.36,Current,Low
L000979,C07160,BR019,Personal,2662953882.87,12.72,2024-03-04,24,1953519079.62,Current,Low
L000980,C09141,BR013,Personal,211879032.55,10.22,2026-04-09,36,115482721.85,Current,Low
L000981,C07532,BR028,Personal,108806780.18,14.56,2024-03-18,36,65310795.64,Current,Low
L000982,C03950,BR024,Auto,77510438.08,7.02,2026-07-22,72,26678520.54,Current,Low
L000983,C05544,BR044,Personal,175766951.12,14.81,2024-08-31,48,126455106.66,Late,Medium
L000984,C04038,BR027,Auto,92398831.89,10.85,2026-07-30,72,15808899.5,Current,Low
L000985,C02024,BR046,Mortgage,1846494269.87,7.13,2025-07-28,120,1049100238.84,Late,Medium
L000986,C07464,BR020,Auto,180554236.06,9.9,2025-08-23,36,135727754.68,Current,High
L000987,C07908,BR029,Personal,56861981.0,10.98,2024-05-02,36,30998878.04,Current,Low
L000988,C01604,BR029,Personal,113025279.37,10.28,2022-02-24,12,90727330.95,Late,Medium
L000989,C05608,BR010,Personal,214788459.11,12.95,2025-03-14,36,32786701.76,Current,Medium
L000990,C07388,BR026,Business,544539827.32,9.24,2025-08-09,60,67781772.09,Current,Medium
L000991,C04363,BR008,Personal,97102220.71,16.59,2023-03-23,24,66304205.26,Late,High
L000992,C00202,BR038,Personal,52621197.65,10.13,2026-03-11,24,7548793.46,Current,Low
L000993,C06598,BR037,Mortgage,413459178.59,9.32,2024-12-28,300,186872875.21,Current,Medium
L000994,C00514,BR003,Mortgage,490693000.56,7.71,2026-05-15,240,146365252.48,Current,Medium
L000995,C02873,BR029,Personal,45548428.24,16.45,2026-05-20,60,29397743.61,Current,Medium
L000996,C04657,BR018,Auto,2235677772.84,12.31,2021-11-29,36,1758129107.9,Current,Low
L000997,C03274,BR048,Auto,467149003.73,9.95,2026-08-02,36,246774185.85,Late,Low
L000998,C00644,BR002,Mortgage,1011994278.35,5.81,2024-07-05,120,569339144.13,Late,Medium
L000999,C04309,BR028,Mortgage,477109548.52,10.46,2025-05-30,180,402242196.29,Late,Low
L001000,C00122,BR012,Mortgage,882630843.13,6.13,2021-04-05,240,527752127.84,Late,Medium
L001001,C02799,BR028,Business,344359570.83,8.22,2022-12-27,12,249065735.23,Current,Medium
L001002,C05984,BR038,Personal,486949316.38,17.29,2025-05-13,12,300198683.4,Current,Low
L001003,C04430,BR019,Mortgage,222517427.42,8.99,2026-03-10,180,167730059.88,Late,High
L001004,C08421,BR028,Mortgage,2920391599.8,8.1,2023-09-25,300,2454981758.51,Late,High
L001005,C07096,BR029,Personal,204341309.41,13.13,2025-08-01,24,72902778.99,Current,Medium
L001006,C08772,BR038,Business,408291486.47,14.82,2024-03-03,12,303227007.6,Current,Low
L001007,C02915,BR047,Auto,199148325.84,12.18,2024-07-03,36,141722851.93,Current,Medium
L001008,C06444,BR027,Mortgage,6324851712.57,8.65,2026-08-20,300,3989086360.84,Current,Medium
L001009,C09183,BR031,Personal,498733700.13,14.78,2026-03-21,36,116587896.26,Current,High
L001010,C08972,BR044,Business,1082456588.76,8.47,2025-01-28,84,841264868.73,Late,High
L001011,C04514,BR002,Auto,1134808227.41,7.41,2022-05-16,36,800102639.13,Default,Medium
L001012,C07421,BR038,Auto,153646308.07,9.67,2023-04-12,36,113601697.2,Late,Low
L001013,C02760,BR045,Auto,103623801.11,12.11,2026-03-27,60,76505213.17,Current,Low
L001014,C08461,BR040,Mortgage,605620527.63,7.06,2026-06-12,300,135303019.07,Current,High
L001015,C04767,BR002,Mortgage,605587170.45,8.82,2026-01-11,240,422945116.76,Default,High
L001016,C08178,BR038,Auto,258352877.25,9.46,2022-06-17,36,205321003.6,Current,Low
L001017,C03835,BR038,Mortgage,726134582.64,9.8,2024-10-21,120,415406972.51,Current,High
L001018,C03502,BR032,Personal,148878336.78,17.31,2022-11-08,24,27204170.91,Current,Low
L001019,C07617,BR046,Auto,596604522.44,10.67,2026-07-14,48,167838117.76,Current,Low
L001020,C04687,BR033,Personal,130416385.0,12.93,2023-09-05,12,48568641.09,Current,Low
L001021,C00554,BR002,Auto,128791170.28,10.19,2024-08-08,48,18491285.67,Current,Medium
L001022,C07399,BR024,Business,706945484.56,10.24,2026-02-01,60,507686973.95,Current,High
L001023,C07678,BR022,Auto,106742824.87,9.09,2025-03-28,36,41927503.47,Current,Low
L001024,C06951,BR045,Business,242570718.5,11.41,2026-02-10,36,34042930.84,Current,Low
L001025,C01463,BR038,Business,1484514176.96,14.82,2021-11-07,60,866219802.6,Current,Low
L001026,C03174,BR004,Auto,251044404.27,11.09,2024-01-20,48,150009551.61,Current,Low
L001027,C06079,BR001,Business,497758035.15,10.56,2020-10-11,60,173292847.51,Current,Medium
L001028,C07567,BR003,Personal,34647423.98,14.03,2024-01-24,36,18603754.13,Current,Low
L001029,C06090,BR018,Personal,690117434.21,12.33,2026-03-30,12,432212692.29,Current,Medium
L001030,C06459,BR002,Mortgage,674409260.81,6.79,2026-06-24,180,409361778.96,Late,High
L001031,C05281,BR018,Personal,40809289.31,13.43,2026-08-28,36,24981501.8,Current,High
L001032,C02001,BR004,Mortgage,5172972113.66,9.42,2024-12-17,240,2785961384.2,Current,High
L001033,C07838,BR021,Auto,171256443.29,8.49,2026-06-16,36,20905373.1,Current,Low
L001034,C09377,BR038,Personal,169021087.43,12.42,2024-07-20,60,88537054.83,Current,Medium
L001035,C04986,BR046,Personal,126605502.95,11.66,2021-04-05,36,90626387.39,Late,Medium
L001036,C04376,BR007,Mortgage,1138820386.71,6.54,2026-03-28,120,801475800.87,Current,Low
L001037,C06220,BR030,Mortgage,852066894.57,9.68,2023-08-01,120,436196823.99,Late,Medium
L001038,C03296,BR036,Business,655264586.17,10.82,2024-03-29,36,257544338.54,Current,Low
L001039,C00013,BR027,Personal,448203902.46,14.8,2024-10-21,36,225783312.2,Current,Medium
L001040,C02751,BR018,Personal,300689702.7,17.8,2025-11-12,12,213410719.02,Current,Low
L001041,C01734,BR023,Mortgage,732101646.73,5.51,2022-06-18,180,591509187.68,Late,High
L001042,C01168,BR045,Mortgage,2624593962.76,8.96,2026-05-23,120,1630103401.73,Current,High
L001043,C02280,BR038,Mortgage,1077684507.51,5.82,2023-01-19,240,840020396.7,Default,High
L001044,C01803,BR005,Mortgage,941856643.29,8.74,2025-06-17,300,233776851.16,Current,Medium
L001045,C08055,BR033,Personal,206053115.14,12.94,2025-10-29,48,100831606.84,Current,Low
L001046,C03394,BR023,Mortgage,309305853.18,7.4,2024-07-24,180,90201333.15,Current,Medium
L001047,C01105,BR047,Mortgage,538337471.32,6.36,2022-12-17,240,369327582.96,Current,Low
L001048,C00714,BR023,Auto,1128133580.05,7.0,2022-07-16,36,323861337.45,Current,Low
L001049,C09958,BR004,Auto,243078660.61,11.11,2023-10-14,60,111007313.13,Current,Low
L001050,C02135,BR027,Auto,102154548.86,12.19,2026-03-05,60,57492188.09,Current,Low
L001051,C08567,BR041,Personal,91598382.11,14.78,2025-07-18,36,20914341.24,Current,Low
L001052,C02043,BR035,Auto,195357279.32,7.35,2022-03-11,72,32663065.39,Current,Low
L001053,C05135,BR022,Mortgage,349316723.48,8.14,2023-07-09,240,238697090.4,Current,Low
L001054,C00469,BR034,Mortgage,1556867443.89,9.4,2025-06-10,180,811484363.26,Late,Medium
L001055,C05540,BR008,Auto,905017199.87,8.9,2024-03-29,36,186849761.01,Current,Medium
L001056,C05875,BR004,Personal,38754228.22,15.15,2023-05-03,60,22575591.53,Current,Low
L001057,C07432,BR002,Auto,77717457.51,11.85,2025-07-09,48,52357270.21,Current,Low
L001058,C00861,BR036,Auto,166102045.94,11.63,2022-09-29,72,60588628.6,Current,Low
L001059,C06865,BR009,Mortgage,815178743.82,6.06,2022-12-13,180,365934114.42,Current,Medium
L001060,C00289,BR028,Personal,262464218.05,13.22,2024-11-06,24,149473361.14,Current,Low
L001061,C06862,BR047,Mortgage,3432267781.56,5.56,2025-12-19,300,1376190720.85,Current,Low
L001062,C02778,BR003,Auto,284067187.91,12.48,2023-11-03,72,184337848.2,Current,Low
L001063,C07041,BR003,Personal,302189021.52,16.53,2026-05-28,12,58239896.45,Current,Medium
L001064,C04525,BR036,Personal,176617883.34,16.8,2025-07-05,12,99276410.53,Current,High
L001065,C04975,BR042,Personal,2929033370.66,11.96,2024-08-16,60,1676432348.3,Current,Low
L001066,C02359,BR030,Personal,524520842.82,15.45,2026-08-19,48,227424354.0,Current,Medium
L001067,C04231,BR050,Mortgage,195359074.53,6.89,2026-08-29,300,140260184.4,Current,Medium
L001068,C06539,BR020,Mortgage,2140469588.31,10.12,2026-06-07,300,784127778.93,Current,Medium
L001069,C02729,BR047,Auto,256951396.68,9.29,2023-04-09,72,130674422.72,Current,Low
L001070,C06683,BR033,Personal,302108041.84,12.27,2026-03-24,36,165760470.8,Late,Medium
L001071,C05980,BR038,Personal,176421546.25,11.05,2021-01-06,12,122975276.43,Late,High
L001072,C05175,BR025,Personal,119729033.48,17.28,2026-08-31,60,81071896.86,Current,Low
L001073,C09208,BR009,Auto,105583608.42,7.05,2022-12-11,72,72363841.86,Default,Medium
L001074,C07693,BR015,Mortgage,434269746.64,6.26,2026-08-09,180,237077218.03,Current,Low
L001075,C09866,BR002,Mortgage,2407510066.96,6.13,2025-06-24,180,893335494.6,Current,Medium
L001076,C03871,BR050,Personal,1174694528.96,16.85,2026-08-31,12,886234719.74,Current,Low
L001077,C07932,BR045,Business,142454957.39,9.18,2026-01-12,60,103444536.2,Current,Low
L001078,C06752,BR041,Auto,462027434.07,11.84,2022-01-02,60,98871834.14,Current,Medium
L001079,C05246,BR038,Personal,57518504.41,11.02,2025-12-20,12,26626774.8,Current,Low
L001080,C09902,BR034,Personal,272376417.24,11.4,2022-04-10,36,144396360.52,Current,Medium
L001081,C01148,BR048,Business,856230353.05,9.48,2024-02-06,60,402926927.0,Late,High
L001082,C08522,BR033,Mortgage,2116413364.23,7.68,2025-11-17,300,444455052.29,Current,Medium
L001083,C00593,BR019,Business,7965916760.89,10.3,2025-11-17,60,2145619217.85,Current,Medium
L001084,C09232,BR038,Business,318784985.26,9.53,2022-07-26,60,40664443.46,Current,Medium
L001085,C08299,BR048,Personal,671610201.7,17.1,2025-04-12,36,261739032.57,Current,Medium
L001086,C03381,BR038,Business,492243587.26,14.19,2025-11-04,60,74974255.28,Current,Medium
L001087,C00958,BR002,Personal,181234352.91,12.9,2021-03-21,36,145845476.63,Late,Medium
L001088,C00049,BR049,Mortgage,908727019.89,6.17,2022-02-05,120,636322638.3,Current,Medium
L001089,C00481,BR010,Mortgage,492895092.0,7.47,2024-04-26,240,253059676.67,Current,Medium
L001090,C01143,BR032,Business,6377279789.58,7.55,2026-02-15,84,3749932237.91,Current,Low
L001091,C06308,BR038,Auto,262675202.87,9.61,2023-06-16,72,151089869.89,Current,Medium
L001092,C08598,BR018,Mortgage,445262291.88,6.27,2024-11-04,120,244019966.15,Current,High
L001093,C05020,BR045,Business,1277391614.27,8.21,2023-12-08,24,730937623.39,Current,Low
L001094,C09835,BR041,Auto,95827972.22,9.78,2026-02-18,72,71284495.24,Late,Medium
L001095,C06348,BR031,Business,1148008560.45,10.81,2026-07-22,24,820908526.09,Current,Low
L001096,C02048,BR013,Personal,253106285.6,13.43,2026-07-17,48,67196276.45,Current,Low
L001097,C00674,BR014,Business,841283715.11,11.92,2025-11-08,84,258626327.15,Current,Low
L001098,C09886,BR038,Mortgage,404056830.51,7.01,2025-06-22,120,171078945.7,Late,Medium
L001099,C08418,BR038,Personal,239657961.31,14.71,2025-07-18,36,105229564.98,Current,Low
L001100,C03734,BR033,Auto,142927768.89,8.83,2026-06-01,36,100617300.52,Default,Medium
L001101,C06008,BR027,Personal,79831470.86,10.52,2023-10-12,12,62239179.94,Late,High
L001102,C08346,BR020,Mortgage,1145790569.66,7.16,2024-08-01,240,273247681.5,Current,Low
L001103,C07274,BR038,Personal,105259253.29,16.38,2023-12-10,48,18642900.49,Current,Low
L001104,C04271,BR019,Mortgage,946721960.91,7.5,2021-03-30,120,690955365.91,Late,Medium
L001105,C01242,BR013,Business,374878022.83,8.22,2026-07-07,12,76290929.2,Current,Medium
L001106,C05293,BR002,Mortgage,839133822.6,9.87,2025-06-11,120,650663858.28,Late,Medium
L001107,C06393,BR021,Personal,2083643990.17,14.27,2025-09-21,24,1195718515.05,Late,Medium
L001108,C05941,BR016,Business,456318298.35,10.78,2025-05-27,60,323289076.28,Current,Low
L001109,C06206,BR012,Mortgage,312116391.38,6.61,2025-12-23,120,55396682.83,Current,Low
L001110,C05605,BR046,Auto,481932575.45,11.13,2025-05-21,60,97030752.06,Current,Low
L001111,C06071,BR044,Personal,139632037.33,13.56,2026-06-15,36,20787023.58,Current,Low
L001112,C05313,BR042,Personal,151375971.13,11.54,2026-07-23,60,81337003.5,Current,Low
L001113,C02955,BR046,Mortgage,2978475276.8,5.78,2026-08-01,300,1864596662.97,Current,Medium
L001114,C07510,BR041,Personal,52866190.88,13.2,2025-10-03,12,7456688.55,Current,Low
L001115,C09632,BR027,Mortgage,1381791319.67,9.96,2026-08-13,240,628791167.37,Current,Medium
L001116,C03995,BR019,Mortgage,781659010.13,8.39,2022-11-07,120,366824957.66,Late,High
L001117,C06781,BR023,Business,439092594.17,12.3,2024-10-16,84,210740025.65,Late,Medium
L001118,C05018,BR020,Personal,359127032.07,10.48,2025-10-24,36,118002319.31,Current,Low
L001119,C01627,BR002,Personal,250851540.4,11.41,2021-07-14,24,119957927.59,Current,Low
L001120,C09003,BR050,Personal,35144782.36,17.56,2020-06-11,24,29841490.59,Late,Medium
L001121,C06429,BR038,Mortgage,539953852.88,8.28,2025-02-22,240,219144488.01,Current,Low
L001122,C08251,BR018,Mortgage,781900472.34,7.27,2023-02-02,240,81015285.2,Current,Low
L001123,C08766,BR030,Personal,237006184.86,14.68,2026-04-28,12,192265213.06,Late,High
L001124,C08282,BR003,Personal,160778587.82,17.69,2022-01-14,12,57556549.88,Current,Low
L001125,C09020,BR038,Auto,643043403.95,7.27,2024-05-30,60,493932151.37,Current,Low
L001126,C04484,BR040,Personal,166410856.92,10.5,2024-03-03,48,21353792.52,Current,Low
L001127,C01248,BR038,Mortgage,2940959875.25,7.29,2025-01-19,240,2482024721.87,Late,High
L001128,C01123,BR025,Personal,174513640.01,16.31,2026-08-09,24,81818169.05,Current,Medium
L001129,C06826,BR025,Mortgage,1208290679.75,7.38,2023-02-04,120,944917898.17,Late,High
L001130,C00851,BR044,Personal,150012390.72,16.21,2024-03-08,12,124408868.18,Late,High
L001131,C07840,BR001,Personal,203690563.51,14.01,2026-07-06,48,52676562.48,Current,Medium
L001132,C04142,BR039,Mortgage,1170088986.27,8.65,2023-11-16,300,993181165.3,Default,High
L001133,C08099,BR003,Mortgage,257830190.47,5.93,2026-05-31,120,73654191.3,Current,Low
L001134,C05602,BR001,Mortgage,338893942.29,6.62,2023-10-07,180,237190119.07,Late,Medium
L001135,C08231,BR038,Auto,291098777.16,11.29,2025-07-03,72,41113651.09,Current,Medium
L001136,C09067,BR034,Mortgage,933184586.69,5.59,2026-06-10,180,420551637.93,Late,High
L001137,C04419,BR050,Auto,52741527.33,9.3,2023-02-06,48,32542540.96,Current,Low
L001138,C02430,BR010,Business,323457116.18,14.71,2025-07-24,84,223020864.26,Current,High
L001139,C02441,BR043,Business,672997319.24,13.4,2025-06-21,24,303715672.07,Late,High
L001140,C09380,BR003,Business,892149414.45,10.69,2025-07-30,24,360515095.95,Current,High
L001141,C01343,BR030,Personal,221989684.7,16.64,2024-04-29,60,156527956.48,Late,Low
L001142,C09556,BR009,Mortgage,936200665.77,10.36,2025-09-02,240,196711321.11,Current,High
L001143,C04876,BR022,Auto,109343861.67,8.47,2023-03-20,72,57355425.66,Late,Medium
L001144,C08265,BR007,Personal,218397745.1,14.08,2026-05-26,36,68172119.53,Current,Low
L001145,C02793,BR023,Mortgage,425676958.25,8.6,2023-09-17,300,331888414.0,Current,Low
L001146,C06121,BR046,Personal,68417421.4,15.53,2026-07-26,48,47684029.43,Current,Low
L001147,C04833,BR008,Mortgage,4635913340.18,8.11,2025-11-05,300,4240158564.66,Default,Medium
L001148,C01240,BR009,Personal,175464573.51,15.42,2025-12-28,36,48956894.0,Current,Low
L001149,C07070,BR007,Business,593415991.55,8.82,2023-02-10,84,350371353.59,Current,Medium
L001150,C02656,BR038,Business,798209256.79,13.35,2026-02-25,84,387786076.86,Current,Low
L001151,C03220,BR040,Mortgage,2125401509.11,6.52,2026-04-26,240,1523043910.73,Default,Medium
L001152,C01704,BR038,Personal,498362511.75,17.11,2025-06-19,12,257536345.71,Current,Low
L001153,C03198,BR008,Business,922268213.9,7.62,2026-07-02,36,695104437.46,Late,High
L001154,C09381,BR035,Mortgage,473551439.69,9.4,2023-10-07,180,310118287.73,Current,High
L001155,C01644,BR023,Mortgage,565208333.73,8.87,2024-05-13,300,247019356.52,Current,High
L001156,C07091,BR001,Personal,237351389.47,10.09,2022-12-22,60,141109388.54,Current,Low
L001157,C05192,BR040,Personal,66848351.07,13.42,2025-06-23,36,26195153.08,Current,Low
L001158,C07654,BR049,Mortgage,544102387.4,7.27,2022-05-03,180,329136097.52,Current,Low
L001159,C07819,BR016,Personal,28560940.99,11.15,2024-01-08,24,4441777.04,Current,Low
L001160,C08480,BR001,Personal,122550296.04,15.18,2024-11-20,48,101559397.2,Late,High
L001161,C01501,BR045,Mortgage,415090232.85,6.87,2026-03-17,180,103336165.56,Current,Medium
L001162,C05481,BR038,Personal,136845438.83,11.41,2025-01-01,12,93972704.0,Current,Low
L001163,C03272,BR014,Auto,657316195.59,8.25,2022-11-12,72,358783886.63,Current,Low
L001164,C09482,BR047,Personal,98168059.64,15.27,2024-03-24,48,12869417.41,Current,Low
L001165,C05418,BR033,Auto,224530415.26,12.23,2023-01-14,60,107035598.34,Current,Low
L001166,C08180,BR005,Mortgage,1180502550.01,9.9,2026-05-17,180,759236587.76,Late,High
L001167,C09691,BR046,Mortgage,486310394.6,9.54,2026-07-09,180,402330331.66,Late,Medium
L001168,C03391,BR040,Auto,123077946.35,11.05,2022-07-16,48,52261438.95,Late,Medium
L001169,C08689,BR032,Business,1216930526.93,8.02,2025-08-09,24,1050469259.92,Default,Medium
L001170,C07335,BR010,Mortgage,1149066905.22,8.27,2026-06-02,240,583326346.73,Current,Medium
L001171,C08316,BR032,Mortgage,405194086.44,6.94,2025-10-22,240,117643807.32,Current,Medium
L001172,C07888,BR036,Personal,38391612.94,14.92,2026-01-14,48,11321826.66,Current,Low
L001173,C03781,BR009,Auto,69888242.22,9.96,2022-02-06,60,16410620.89,Current,Low
L001174,C08732,BR001,Personal,54147208.59,10.24,2026-03-15,36,36525213.11,Current,Low
L001175,C03899,BR015,Personal,97318806.73,16.68,2025-01-09,60,55329531.88,Current,Low
L001176,C08354,BR033,Personal,210195039.37,10.85,2024-07-05,36,117401355.08,Current,Medium
L001177,C00666,BR029,Mortgage,528769911.56,6.09,2023-05-21,120,130245822.76,Current,Medium
L001178,C04727,BR001,Personal,166515339.63,16.47,2026-04-04,12,18153141.47,Current,Low
L001179,C05468,BR030,Mortgage,788518090.3,8.1,2025-11-25,240,444983720.56,Current,Medium
L001180,C04075,BR022,Business,207257997.65,14.29,2025-04-10,84,93950871.72,Late,Medium
L001181,C00076,BR035,Auto,167091515.93,7.11,2021-02-11,36,71573519.79,Current,Low
L001182,C08974,BR009,Mortgage,662515936.27,7.82,2024-01-10,180,519702073.85,Late,High
L001183,C03397,BR035,Personal,121140530.6,13.92,2024-07-10,48,79887918.71,Current,Low
L001184,C07298,BR034,Personal,53379538.43,11.95,2025-11-21,24,34649782.47,Current,Low
L001185,C09449,BR030,Personal,274370378.56,12.72,2026-07-30,24,213475008.58,Current,Low
L001186,C04159,BR014,Mortgage,678333643.85,7.94,2022-02-11,180,129479387.61,Current,Low
L001187,C05959,BR050,Auto,337316132.94,10.51,2026-05-25,36,138761940.36,Current,Medium
L001188,C02364,BR048,Business,1669341283.27,7.52,2026-07-08,12,1540006509.6,Default,High
L001189,C03055,BR026,Personal,102224104.84,14.46,2025-01-15,12,22195733.64,Current,Medium
L001190,C09070,BR035,Personal,317451149.99,14.71,2024-11-01,24,158216173.93,Late,Medium
L001191,C00465,BR047,Business,1046212650.84,8.65,2026-07-02,60,560015967.85,Late,Medium
L001192,C02993,BR049,Personal,130113914.94,17.54,2022-10-13,48,51835541.34,Current,Medium
L001193,C00585,BR018,Business,1574593566.96,12.63,2025-03-10,24,1082583538.83,Late,Medium
L001194,C00006,BR005,Personal,172997415.7,17.59,2022-10-14,36,85509050.99,Current,Low
L001195,C07864,BR029,Mortgage,924611766.65,9.33,2026-06-22,240,411582398.22,Current,Medium
L001196,C03873,BR019,Business,303082168.82,10.58,2026-02-24,60,190586121.83,Current,Medium
L001197,C02922,BR004,Auto,88930266.31,11.4,2026-06-10,48,30840974.11,Current,Low
L001198,C05227,BR042,Personal,184199314.95,11.13,2025-03-17,12,109430191.8,Late,Medium
L001199,C02411,BR007,Business,4053413680.63,13.64,2025-12-18,12,1477639975.55,Current,Low
L001200,C05350,BR018,Business,317236692.7,7.75,2025-06-16,60,240381577.29,Default,High
L001201,C01192,BR019,Mortgage,807407548.9,6.01,2020-10-19,180,435337771.43,Current,Medium
L001202,C06383,BR044,Business,1611435473.05,8.31,2026-04-24,84,617312391.67,Current,Medium
L001203,C01271,BR041,Mortgage,273445137.47,7.6,2023-02-27,240,164241765.26,Current,Low
L001204,C08729,BR047,Business,927565471.65,11.34,2026-06-08,60,454543190.55,Current,Medium
L001205,C08353,BR033,Business,485903978.92,12.69,2023-01-18,12,199119110.74,Current,Low
L001206,C02633,BR018,Personal,37408106.25,12.7,2026-06-26,24,15362296.41,Current,Low
L001207,C06105,BR045,Mortgage,274326750.31,7.84,2025-12-19,240,51640657.86,Current,Low
L001208,C04287,BR025,Business,1314208581.34,8.63,2023-04-09,36,1007369313.83,Current,Low
L001209,C04801,BR002,Personal,385921014.04,11.51,2026-08-22,48,135970426.55,Current,Low
L001210,C06700,BR037,Auto,303293774.69,12.01,2026-05-28,60,234356806.12,Current,Low
L001211,C03479,BR038,Mortgage,762774019.31,9.09,2022-11-04,300,536514001.05,Current,High
L001212,C08332,BR022,Personal,858243158.29,12.14,2021-04-24,48,307539548.22,Current,Medium
L001213,C03242,BR020,Personal,27023265.86,13.1,2020-08-21,12,9504125.64,Current,Low
L001214,C04377,BR027,Mortgage,4273538150.69,7.62,2025-11-29,240,1084631784.44,Current,Medium
L001215,C00019,BR022,Mortgage,340621458.57,8.72,2023-12-05,300,165656062.21,Current,Medium
L001216,C07281,BR038,Mortgage,236316269.02,10.01,2026-06-06,300,127931753.87,Current,Low
L001217,C03361,BR034,Business,573916295.94,11.68,2022-10-30,60,137010297.33,Current,Medium
L001218,C08187,BR015,Personal,131682781.16,12.02,2025-12-28,36,98028151.48,Current,Medium
L001219,C09214,BR005,Personal,66736728.37,15.95,2023-12-17,60,42070967.78,Current,Low
L001220,C07125,BR048,Auto,608119949.79,9.93,2025-02-22,72,402642790.22,Current,Low
L001221,C07244,BR050,Personal,261280371.62,11.56,2022-03-14,60,56044625.47,Current,Low
L001222,C00879,BR046,Mortgage,416522268.17,6.65,2026-08-11,120,229640198.68,Current,Low
L001223,C07211,BR046,Personal,121577195.05,16.7,2026-05-16,24,49136090.69,Late,Low
L001224,C07197,BR010,Mortgage,654582836.46,6.38,2026-08-06,240,426960148.53,Current,Medium
L001225,C07713,BR035,Auto,58390757.6,12.2,2026-03-12,72,41003615.65,Current,Low
L001226,C07515,BR026,Mortgage,644506964.31,7.35,2024-12-27,300,161872860.93,Current,Medium
L001227,C01617,BR005,Personal,451235374.61,11.5,2024-08-09,48,154685772.19,Current,Low
L001228,C03936,BR050,Mortgage,630187520.69,9.83,2025-10-26,240,435810433.15,Current,Low
L001229,C06522,BR044,Auto,206602315.94,7.42,2025-12-14,48,32243815.4,Current,Medium
L001230,C04844,BR041,Mortgage,437788542.92,8.27,2024-07-04,240,94208640.75,Current,Medium
L001231,C06250,BR040,Auto,84851652.4,10.59,2021-05-16,36,48105540.39,Late,Low
L001232,C07097,BR033,Auto,1016385448.9,8.94,2023-01-27,60,291470581.51,Current,Medium
L001233,C01213,BR001,Auto,131215697.34,10.31,2026-04-14,48,86456181.05,Current,Low
L001234,C02346,BR046,Personal,90728361.05,10.92,2022-12-25,24,63190143.01,Current,Low
L001235,C05249,BR034,Mortgage,534338472.33,5.82,2023-03-06,300,72988211.71,Current,Low
L001236,C07542,BR002,Auto,75864374.15,7.48,2026-07-26,36,28852045.2,Current,Low
L001237,C07595,BR026,Mortgage,591437168.82,5.54,2024-03-19,120,391249908.41,Current,Medium
L001238,C03071,BR002,Business,652138482.31,11.57,2026-05-06,24,431037280.12,Default,High
L001239,C06949,BR045,Personal,60957589.06,11.26,2025-08-16,60,38418481.59,Current,Low
L001240,C01347,BR038,Personal,36164189.56,17.73,2026-07-02,60,5455635.52,Current,Low
L001241,C00323,BR050,Personal,34536254.27,13.92,2021-11-11,36,26178652.44,Current,Low
L001242,C07686,BR013,Auto,472633347.75,7.2,2025-01-16,36,220909981.68,Current,Low
L001243,C03265,BR025,Personal,576798292.54,10.68,2021-10-03,12,281296077.56,Current,Low
L001244,C06074,BR033,Personal,168437731.03,15.02,2026-02-13,12,67917436.26,Current,Low
L001245,C03197,BR007,Personal,84661942.96,15.46,2024-11-20,36,13265303.84,Current,Low
L001246,C07606,BR004,Business,550312153.82,7.59,2026-04-18,36,410513939.81,Current,Low
L001247,C01827,BR020,Personal,52441639.19,13.65,2024-10-20,48,36751876.46,Late,High
L001248,C00299,BR002,Personal,51146942.8,16.08,2025-10-03,48,31350824.48,Current,Low
L001249,C08481,BR002,Mortgage,770049106.58,7.06,2023-03-08,180,128310916.41,Current,High
L001250,C05353,BR048,Personal,1080235661.27,12.69,2025-12-29,48,702039853.85,Current,Low
L001251,C07204,BR011,Business,187452671.16,10.49,2023-09-27,60,140361481.81,Current,Low
L001252,C04632,BR033,Personal,102787734.33,12.38,2022-10-06,24,55646224.82,Current,Medium
L001253,C09511,BR046,Mortgage,826718862.94,7.96,2025-11-04,120,325959757.6,Current,High
L001254,C05858,BR013,Mortgage,1266606037.71,8.46,2025-08-15,300,753519955.56,Late,High
L001255,C02832,BR038,Auto,357948748.88,9.22,2022-05-10,72,174826762.51,Current,Low
L001256,C01519,BR044,Business,1964700010.21,13.25,2022-11-20,36,447734158.5,Current,Low
L001257,C07862,BR039,Business,1117943219.49,10.48,2026-08-04,24,185011825.82,Current,Low
L001258,C01307,BR019,Auto,209262250.11,10.99,2025-11-25,48,156590400.91,Late,High
L001259,C00802,BR028,Auto,1079053703.68,11.82,2025-11-07,48,192688740.08,Current,Low
L001260,C04102,BR050,Auto,128087028.34,7.2,2024-08-20,72,78830988.78,Current,Medium
L001261,C06993,BR011,Mortgage,429270212.94,10.42,2026-02-17,120,286514042.43,Current,Medium
L001262,C01204,BR001,Auto,107783495.7,10.34,2024-08-22,60,61157840.79,Current,Low
L001263,C06759,BR007,Business,526884024.84,12.85,2026-07-03,12,174293628.15,Current,Medium
L001264,C00093,BR047,Personal,253275434.8,13.99,2026-08-11,36,53289947.02,Current,Medium
L001265,C08018,BR037,Personal,420642204.25,12.92,2023-03-24,36,100202666.64,Current,Low
L001266,C04414,BR044,Personal,102055130.37,10.02,2025-09-21,36,52370311.4,Current,Low
L001267,C00549,BR047,Personal,273031886.06,17.61,2024-01-20,60,73733312.44,Current,Low
L001268,C08986,BR031,Personal,86718910.66,16.58,2023-06-30,36,15342910.17,Current,Medium
L001269,C01539,BR025,Business,264140851.14,11.51,2023-09-24,36,41069557.15,Current,Low
L001270,C09844,BR012,Personal,99921555.96,15.39,2025-04-22,12,52708004.52,Late,High
L001271,C03662,BR030,Mortgage,655154526.71,8.62,2022-08-18,180,236896288.49,Current,Low
L001272,C05120,BR017,Auto,132355014.25,12.48,2022-07-28,48,93873317.17,Late,Medium
L001273,C05539,BR021,Personal,66908323.26,16.76,2024-03-12,48,7095588.82,Current,Low
L001274,C07503,BR028,Personal,157217323.94,13.52,2026-04-14,24,45418536.31,Current,Low
L001275,C04807,BR012,Personal,69960008.1,17.2,2021-12-02,48,45023426.11,Current,Low
L001276,C04550,BR028,Mortgage,4637702447.99,7.03,2024-06-16,240,1230755132.23,Current,Medium
L001277,C06085,BR038,Personal,74373968.24,14.16,2026-04-26,36,16077328.89,Current,Medium
L001278,C04953,BR007,Mortgage,214157746.76,5.57,2026-07-24,300,130202462.12,Current,Low
L001279,C04041,BR004,Auto,387893737.25,9.04,2025-01-22,48,281357864.81,Default,High
L001280,C02627,BR001,Business,231563042.39,7.76,2026-02-08,24,173015193.38,Late,High
L001281,C02496,BR032,Personal,536416228.88,13.16,2021-07-14,24,218716644.27,Current,Low
L001282,C00096,BR043,Auto,386660554.02,11.81,2021-09-20,48,96396519.19,Current,Low
L001283,C01200,BR046,Personal,106422424.31,16.89,2024-11-02,60,63679987.64,Current,Low
L001284,C04806,BR049,Mortgage,1076188328.28,6.2,2025-12-03,120,721965130.67,Default,High
L001285,C09313,BR007,Mortgage,163221029.65,6.33,2024-07-08,120,30205430.01,Current,Low
L001286,C04522,BR024,Personal,67739087.84,15.59,2025-08-28,24,36610305.65,Current,Low
L001287,C06815,BR022,Personal,238036512.97,11.75,2025-11-14,24,98015149.99,Current,Low
L001288,C02422,BR038,Personal,202890978.53,17.85,2025-04-14,36,84743546.4,Current,Medium
L001289,C08145,BR008,Personal,209893241.55,15.81,2025-06-01,24,160128692.54,Current,Low
L001290,C02719,BR047,Mortgage,767315456.71,6.02,2024-03-16,240,296812431.68,Current,Low
L001291,C08135,BR047,Business,199061256.19,7.78,2024-11-07,36,128439247.12,Current,Low
L001292,C08186,BR047,Personal,569029764.8,10.64,2026-07-28,36,287929953.21,Current,Medium
L001293,C05038,BR018,Auto,242516118.96,9.28,2025-07-31,72,174360725.21,Current,Low
L001294,C06005,BR038,Auto,215913717.82,8.37,2023-03-17,48,27649891.98,Current,High
L001295,C06892,BR007,Mortgage,593133521.66,8.95,2022-11-27,240,172407882.84,Current,Medium
L001296,C09522,BR038,Auto,264070754.97,7.32,2026-06-03,36,118495409.97,Late,Low
L001297,C04149,BR026,Personal,48732222.87,15.41,2023-04-30,60,38630845.16,Current,Low
L001298,C06796,BR017,Business,1383982434.18,9.94,2025-12-26,36,853903076.54,Current,Medium
L001299,C07671,BR021,Mortgage,617457331.53,7.92,2021-12-02,180,160991192.56,Current,High
L001300,C03213,BR047,Auto,356866239.96,12.43,2023-03-15,72,182188034.77,Current,Low
L001301,C06205,BR024,Mortgage,320179513.99,10.38,2025-06-19,240,104338355.08,Current,High
L001302,C02066,BR040,Auto,74156443.68,7.75,2025-12-26,36,37691171.29,Current,Low
L001303,C04852,BR027,Business,660644080.24,11.02,2025-03-18,60,368049152.26,Current,Medium
L001304,C04202,BR046,Personal,96762602.4,10.92,2025-09-18,60,75977000.39,Current,Low
L001305,C00174,BR043,Business,429824669.86,14.86,2026-03-03,60,267746732.05,Current,High
L001306,C03894,BR048,Auto,203972514.43,7.98,2022-12-26,60,159080998.5,Current,High
L001307,C02186,BR028,Mortgage,1224482830.71,8.18,2026-08-03,180,806661246.47,Late,Medium
L001308,C03032,BR044,Personal,87566684.34,10.56,2026-08-25,36,70114059.14,Default,Medium
L001309,C08888,BR048,Personal,663847242.6,15.09,2026-07-28,60,267450600.16,Current,Medium
L001310,C09052,BR022,Auto,169669405.07,9.35,2023-12-31,72,78925438.31,Current,Medium
L001311,C06007,BR033,Auto,929437680.06,10.11,2025-01-13,60,523651942.38,Current,Low
L001312,C08956,BR039,Personal,64157131.65,16.67,2025-04-24,24,38192926.87,Current,Low
L001313,C04939,BR035,Mortgage,277701945.04,6.79,2025-02-07,300,192044229.61,Current,Low
L001314,C03184,BR028,Auto,120642567.85,10.84,2026-05-17,36,62459548.81,Late,High
L001315,C00063,BR040,Mortgage,1390227388.83,10.2,2026-01-22,300,256075901.21,Current,Medium
L001316,C01925,BR038,Auto,807906795.47,12.08,2021-06-05,72,422528868.42,Late,Medium
L001317,C01116,BR024,Auto,201637579.94,7.37,2021-11-15,72,99106149.57,Current,Low
L001318,C01173,BR033,Mortgage,890888736.18,10.2,2023-07-04,120,698702160.12,Late,High
L001319,C04032,BR027,Auto,324573544.38,10.7,2025-03-04,36,91455262.93,Current,Medium
L001320,C00378,BR050,Business,2496672906.64,8.17,2025-05-06,12,1076235941.22,Current,Low
L001321,C00479,BR006,Business,1434642748.93,7.68,2022-11-23,36,703772399.78,Late,High
L001322,C06869,BR023,Personal,134997652.5,15.93,2024-07-07,24,96718754.42,Current,Medium
L001323,C09250,BR002,Personal,43781870.06,15.05,2025-07-28,24,28091789.21,Current,High
L001324,C05928,BR031,Auto,39345279.16,9.15,2023-08-03,60,18697170.92,Current,Low
L001325,C06368,BR019,Personal,198038896.94,13.47,2026-06-26,24,31022483.24,Current,Low
L001326,C04811,BR022,Mortgage,423634023.04,8.32,2024-03-16,300,311324597.87,Current,Medium
L001327,C00105,BR043,Personal,1313090580.85,12.93,2026-04-16,48,883369965.31,Current,Medium
L001328,C06503,BR002,Personal,44583033.43,17.63,2026-01-29,12,4980051.91,Current,Low
L001329,C01796,BR003,Personal,287000189.53,15.33,2026-04-19,60,117962759.74,Current,Low
L001330,C07683,BR006,Auto,562482453.06,9.07,2022-10-17,36,113464740.87,Current,Low
L001331,C09673,BR007,Personal,565670537.84,14.93,2026-06-15,24,313810337.87,Current,Low
L001332,C09158,BR028,Mortgage,1629530498.56,6.3,2026-04-04,240,486462885.51,Current,High
L001333,C03765,BR028,Personal,36964387.1,12.92,2026-08-21,60,12135331.63,Current,Low
L001334,C06049,BR050,Auto,587371884.77,9.85,2025-10-07,36,207470603.21,Current,Low
L001335,C04012,BR030,Auto,366964918.68,7.78,2026-07-06,48,39707942.42,Current,Low
L001336,C05085,BR022,Personal,133656863.98,17.8,2025-07-30,36,31533998.51,Current,Low
L001337,C02379,BR024,Personal,72819227.07,14.56,2025-06-28,12,23426233.18,Current,Low
L001338,C00406,BR020,Mortgage,1776014216.85,5.78,2024-04-13,240,1158240522.02,Default,High
L001339,C01705,BR006,Personal,2359662513.19,17.98,2025-12-17,36,1071716739.15,Current,Low
L001340,C04457,BR013,Personal,211836837.97,13.0,2021-11-11,36,159329921.13,Late,Medium
L001341,C04706,BR014,Auto,167769134.29,7.52,2020-10-02,60,88174748.82,Current,Medium
L001342,C04396,BR042,Auto,487175203.42,11.32,2023-02-05,48,328479453.34,Current,Low
L001343,C02800,BR037,Auto,120016832.72,7.89,2024-05-25,60,26164061.09,Current,Low
L001344,C03182,BR049,Personal,234105178.67,12.81,2026-02-08,36,56349198.25,Current,Low
L001345,C08230,BR042,Personal,298652511.93,13.03,2024-07-20,48,190829640.16,Current,Low
L001346,C08808,BR042,Business,339924965.53,13.9,2022-01-07,36,160348586.73,Late,High
L001347,C09399,BR022,Personal,167807832.81,15.76,2026-05-04,60,133565950.35,Current,Low
L001348,C01943,BR050,Auto,955248608.8,10.66,2021-01-03,72,600413433.18,Current,Low
L001349,C08226,BR012,Personal,1068710624.59,15.79,2023-05-22,60,518073432.15,Late,Medium
L001350,C02250,BR047,Mortgage,1568351200.44,5.96,2023-06-05,300,922967337.21,Late,High
L001351,C02309,BR049,Business,654510914.74,13.24,2023-10-06,84,294657751.7,Current,Low
L001352,C05715,BR024,Auto,223983921.98,11.35,2022-10-30,48,154211858.17,Current,Low
L001353,C01190,BR041,Business,1461899908.61,9.99,2025-12-01,36,486784753.7,Current,Medium
L001354,C05059,BR007,Personal,203158062.85,14.71,2024-02-03,36,107540154.07,Late,Low
L001355,C01977,BR026,Personal,254297768.7,10.01,2024-05-20,36,118965081.88,Current,Low
L001356,C09645,BR049,Mortgage,1173136327.1,5.73,2026-05-14,240,869132820.65,Current,Low
L001357,C09948,BR020,Auto,1314025994.96,10.29,2025-04-12,48,267491630.61,Current,Low
L001358,C08039,BR005,Mortgage,305486803.66,5.66,2025-01-19,180,113455670.59,Current,Medium
L001359,C02074,BR036,Mortgage,556260990.83,5.93,2020-02-25,120,311552988.47,Current,Low
L001360,C09614,BR039,Auto,117855131.24,11.34,2020-09-22,60,16794982.18,Current,Low
L001361,C01433,BR038,Business,746006433.62,10.44,2026-07-05,24,357875727.09,Current,Medium
L001362,C04001,BR021,Auto,199068506.25,8.08,2024-11-08,36,47581386.43,Current,Low
L001363,C04685,BR024,Personal,219913834.75,15.56,2024-03-23,24,54325232.81,Current,Low
L001364,C08156,BR038,Personal,113577479.46,16.01,2022-01-07,24,77927167.16,Current,Medium
L001365,C06570,BR018,Personal,538726499.33,16.42,2026-02-03,48,126598227.51,Current,Low
L001366,C00108,BR020,Personal,103393796.95,11.78,2026-02-23,12,13294166.78,Current,Low
L001367,C03493,BR048,Personal,65872561.55,15.05,2024-06-18,48,49781571.59,Current,Low
L001368,C09206,BR028,Mortgage,2923303314.95,5.94,2024-03-28,300,1881726644.56,Current,High
L001369,C04732,BR014,Mortgage,787600801.76,10.0,2021-06-10,180,435365936.71,Current,Medium
L001370,C05439,BR007,Personal,154997324.38,17.29,2024-11-19,48,74054066.79,Current,Low
L001371,C06358,BR014,Personal,498938385.66,12.74,2023-09-28,24,253983148.74,Current,Low
L001372,C06023,BR015,Personal,518937679.1,15.93,2020-11-06,60,290540781.34,Current,Low
L001373,C08531,BR038,Auto,157928341.84,7.68,2025-09-05,60,19000899.49,Current,Low
L001374,C08295,BR017,Business,3516656959.89,9.6,2026-02-01,36,2934826346.52,Default,High
L001375,C08538,BR033,Mortgage,509753236.1,9.34,2026-02-21,180,414670336.65,Late,Medium
L001376,C05047,BR023,Auto,125329309.19,12.34,2025-04-11,36,47080661.12,Current,Low
L001377,C08930,BR040,Business,830221521.91,14.11,2021-10-09,24,182002186.63,Current,Medium
L001378,C06278,BR049,Auto,80985845.4,11.0,2023-02-03,60,55782992.97,Late,High
L001379,C02669,BR014,Personal,837312658.39,14.24,2022-08-05,24,126811146.05,Current,Low
L001380,C02769,BR017,Personal,25496556.05,13.18,2024-04-07,36,18092434.38,Current,Low
L001381,C08379,BR002,Personal,341399070.96,16.35,2026-06-14,48,252830809.61,Current,Low
L001382,C04161,BR002,Auto,105527313.44,8.38,2024-05-30,36,36239398.88,Current,Low
L001383,C09103,BR038,Mortgage,224543334.46,9.31,2023-03-02,300,133197960.02,Current,Medium
L001384,C00080,BR028,Mortgage,2228138181.43,7.05,2023-05-16,240,467096414.34,Current,Low
L001385,C09443,BR005,Personal,136891095.98,13.83,2023-07-01,60,70309549.95,Current,Low
L001386,C06501,BR038,Business,301928761.48,13.66,2025-10-25,84,184295323.85,Current,Medium
L001387,C09987,BR045,Business,208657633.28,8.37,2022-10-21,84,150220785.46,Current,Low
L001388,C07230,BR019,Mortgage,1190884385.08,7.61,2024-12-10,120,827031931.96,Current,Low
L001389,C06551,BR007,Personal,49937650.04,11.48,2025-12-09,60,20133496.22,Current,Low
L001390,C03307,BR017,Personal,251100194.66,10.84,2024-08-31,12,140701942.03,Current,Low
L001391,C04533,BR015,Mortgage,620412037.66,7.56,2026-08-11,300,346678460.21,Current,Medium
L001392,C05012,BR015,Personal,120147259.65,11.46,2020-08-27,48,36971611.4,Current,Medium
L001393,C01068,BR022,Personal,316817905.53,15.92,2026-02-27,36,174043564.03,Late,High
L001394,C02843,BR050,Personal,31366643.03,11.51,2022-08-25,36,5013951.79,Current,Low
L001395,C06535,BR046,Personal,35537659.08,17.03,2026-06-08,36,4105098.77,Current,Medium
L001396,C09444,BR049,Personal,259227304.05,14.15,2023-04-17,24,118827371.76,Current,Low
L001397,C06471,BR038,Mortgage,922505236.02,9.7,2022-04-04,180,441583365.11,Current,Medium
L001398,C08360,BR011,Mortgage,775391286.13,8.53,2025-07-04,300,334546084.97,Late,Medium
L001399,C03516,BR030,Auto,185455027.12,12.1,2025-10-15,72,130952979.59,Late,High
L001400,C08267,BR002,Mortgage,1316804883.98,9.54,2024-08-04,300,686047740.06,Current,Medium
L001401,C06527,BR040,Personal,199047876.0,15.48,2023-11-11,36,147387545.87,Current,Low
L001402,C05753,BR038,Business,513287263.88,7.56,2023-05-12,24,145231322.11,Current,Low
L001403,C09532,BR031,Auto,68904291.51,9.11,2024-12-04,72,40629513.39,Current,Low
L001404,C01794,BR036,Mortgage,1735239610.41,8.15,2026-02-02,180,232067928.17,Current,High
L001405,C00686,BR018,Personal,292836923.49,12.72,2026-02-09,60,208535893.71,Current,Low
L001406,C05427,BR033,Personal,221903905.69,14.36,2025-12-26,60,206461746.22,Default,Low
L001407,C00745,BR008,Personal,321804626.18,14.53,2022-03-17,36,185172512.08,Current,Low
L001408,C05619,BR040,Business,483630693.63,8.9,2025-05-21,24,365385134.33,Late,Medium
L001409,C00918,BR042,Auto,850088621.33,7.62,2025-12-03,36,364513746.49,Current,Low
L001410,C00578,BR023,Personal,283722419.62,12.77,2026-04-14,48,127422626.48,Late,Low
L001411,C02440,BR029,Auto,321165439.56,8.84,2026-03-22,60,192605980.81,Current,Medium
L001412,C04059,BR035,Personal,83883199.06,15.62,2024-09-27,48,50958218.39,Current,Low
L001413,C08885,BR015,Business,1243975290.59,12.22,2024-04-06,84,734910162.41,Current,Low
L001414,C01182,BR041,Personal,583993314.04,10.17,2026-03-25,36,63814422.41,Current,Low
L001415,C01428,BR015,Personal,101912142.93,10.09,2023-01-09,60,70882976.81,Current,Low
L001416,C01675,BR038,Personal,73900537.05,15.77,2020-09-11,24,29023059.56,Current,Low
L001417,C04094,BR009,Auto,338859553.68,8.65,2026-04-08,60,96118250.87,Current,Low
L001418,C06994,BR042,Business,650396705.87,10.94,2026-06-07,36,219202352.89,Current,Low
L001419,C01596,BR012,Mortgage,6191639861.06,5.78,2025-08-03,180,2268378497.16,Current,Low
L001420,C08912,BR038,Personal,88216738.04,15.81,2021-01-05,48,15056556.45,Current,Low
L001421,C02788,BR042,Auto,330758679.93,9.13,2024-07-28,60,143944265.65,Current,Medium
L001422,C08374,BR027,Business,575436432.41,14.42,2021-08-03,84,420342395.12,Current,Medium
L001423,C06617,BR009,Auto,222692241.75,9.07,2025-08-30,60,87086602.16,Current,Low
L001424,C08261,BR045,Mortgage,1563079236.25,9.89,2025-01-26,180,406581150.73,Current,High
L001425,C02253,BR039,Personal,205650411.83,17.08,2023-01-23,12,160964049.85,Current,Low
L001426,C06918,BR043,Business,1560828744.48,14.42,2024-09-19,36,1160650208.71,Current,Low
L001427,C03585,BR024,Personal,162325253.86,16.71,2021-08-21,48,63163926.49,Current,Medium
L001428,C01215,BR036,Mortgage,654878981.29,6.92,2025-11-15,180,439411075.95,Current,Medium
L001429,C08805,BR033,Personal,55040324.63,12.99,2023-02-17,12,34026339.64,Current,Low
L001430,C08984,BR025,Mortgage,546759553.53,8.14,2024-02-01,180,309781840.85,Current,High
L001431,C03841,BR040,Mortgage,375845747.51,10.32,2024-01-10,300,344142279.82,Default,Medium
L001432,C05315,BR038,Personal,165766291.97,13.55,2023-12-02,48,120797659.88,Current,Low
L001433,C01142,BR047,Personal,109319756.05,13.49,2025-09-01,24,32169856.19,Current,High
L001434,C03002,BR033,Mortgage,671698965.66,7.21,2026-07-29,180,181908525.36,Current,Medium
L001435,C06812,BR009,Personal,88907842.81,12.41,2022-05-02,12,22417288.92,Current,Low
L001436,C08478,BR006,Mortgage,669045222.64,8.31,2024-03-24,300,621033189.49,Default,High
L001437,C01910,BR040,Mortgage,1047433003.88,6.12,2025-09-25,120,176016675.0,Current,Medium
L001438,C01362,BR022,Personal,175705225.31,16.29,2025-12-05,36,20461325.82,Current,Medium
L001439,C00962,BR047,Business,754211420.72,8.81,2026-06-30,12,378272972.97,Late,High
L001440,C08094,BR041,Personal,340471804.83,15.1,2025-12-10,36,116850286.34,Current,Low
L001441,C06145,BR005,Auto,227545820.17,7.75,2026-04-03,48,163259742.34,Late,Medium
L001442,C08838,BR004,Personal,239798000.63,10.89,2025-11-08,12,168063279.53,Current,Medium
L001443,C07317,BR023,Personal,153314521.15,17.81,2025-04-20,36,93223660.19,Late,Medium
L001444,C00346,BR039,Personal,224809475.99,17.54,2024-08-27,48,102777920.72,Current,Low
L001445,C09416,BR002,Mortgage,288213659.3,9.7,2025-09-01,300,233556234.71,Default,High
L001446,C04463,BR012,Business,5593897472.51,7.61,2023-04-04,36,2801899121.57,Current,Medium
L001447,C06736,BR014,Auto,311367973.56,8.86,2024-12-05,36,266880653.28,Default,Low
L001448,C02504,BR025,Personal,231371659.15,13.72,2026-03-06,60,167795461.49,Late,Low
L001449,C04228,BR004,Mortgage,962261906.85,6.98,2025-02-09,180,603386360.35,Current,Low
L001450,C05786,BR005,Mortgage,764403054.3,8.21,2024-11-26,180,290885987.85,Current,High
L001451,C04972,BR008,Mortgage,2727542344.16,9.16,2026-08-05,120,1336035290.38,Late,High
L001452,C06180,BR025,Personal,1145364620.65,15.83,2025-08-30,36,352845495.57,Current,Low
L001453,C03195,BR029,Auto,194764442.36,10.62,2024-04-12,72,108933106.53,Current,Low
L001454,C06540,BR023,Personal,489085510.69,13.65,2026-07-26,24,356716550.75,Late,Low
L001455,C06197,BR027,Auto,86932652.06,11.37,2025-06-17,36,18679807.93,Current,Low
L001456,C07975,BR023,Auto,536403517.39,8.89,2026-08-24,60,199288684.73,Current,Medium
L001457,C00949,BR022,Personal,218493362.07,15.48,2021-01-16,36,159989951.02,Current,Medium
L001458,C01937,BR022,Mortgage,385553415.25,6.08,2024-01-16,120,195967200.65,Current,Medium
L001459,C02726,BR009,Auto,132318904.52,11.24,2026-01-01,60,62886029.42,Late,Low
L001460,C04878,BR015,Mortgage,806086357.68,10.27,2022-01-13,180,596962916.61,Current,Medium
L001461,C09186,BR033,Mortgage,623464669.34,8.71,2026-04-06,180,226459320.31,Current,Medium
L001462,C07778,BR038,Mortgage,1745279701.64,5.82,2026-08-22,240,1170253197.37,Current,High
L001463,C05109,BR045,Personal,52005561.36,15.44,2026-04-18,48,6511658.45,Current,Low
L001464,C05358,BR011,Personal,75259893.18,16.71,2026-06-13,12,17600882.25,Current,Low
L001465,C06367,BR044,Personal,153431651.97,16.05,2022-11-03,24,35284251.74,Current,Low
L001466,C05466,BR030,Personal,189874413.39,13.91,2020-03-05,48,23308430.27,Current,Medium
L001467,C01979,BR049,Personal,29740556.21,14.27,2025-11-22,12,13226096.41,Current,Medium
L001468,C08057,BR019,Personal,395470636.85,17.44,2024-09-10,36,176547281.62,Current,Low
L001469,C09951,BR024,Auto,1329443974.04,10.84,2024-10-22,72,769391103.65,Current,Low
L001470,C08240,BR047,Auto,203878313.47,8.59,2025-03-01,48,89937040.67,Current,High
L001471,C09423,BR036,Auto,302825982.01,8.61,2025-12-29,60,246730366.98,Default,High
L001472,C08244,BR042,Personal,80661073.46,10.55,2025-01-30,60,52112042.29,Current,Low
L001473,C05873,BR017,Personal,150800207.92,14.47,2026-06-19,24,23965609.65,Current,Low
L001474,C07350,BR038,Personal,125735180.38,12.47,2024-01-14,12,59438209.5,Current,Low
L001475,C09191,BR027,Personal,132684108.78,16.57,2024-07-15,48,75744947.22,Late,Medium
L001476,C04757,BR028,Business,652423691.1,9.4,2023-11-02,60,505976079.3,Current,High
L001477,C04177,BR027,Mortgage,1485422724.97,9.44,2024-04-19,240,413155001.62,Current,Medium
L001478,C05262,BR020,Personal,154418754.55,12.11,2026-02-01,36,73484699.13,Current,Low
L001479,C02921,BR039,Personal,102887118.77,13.84,2025-09-01,36,78895886.13,Current,Low
L001480,C03507,BR038,Personal,92066958.57,12.73,2026-07-06,48,52094054.51,Current,Medium
L001481,C08560,BR040,Mortgage,490119277.49,9.15,2025-07-02,300,190283224.81,Current,Low
L001482,C02732,BR009,Auto,146675307.53,12.31,2026-04-18,72,17438962.87,Current,Medium
L001483,C08520,BR047,Business,767942882.64,14.81,2021-09-28,84,511072262.77,Late,Medium
L001484,C04469,BR046,Mortgage,1596022612.8,7.71,2025-12-31,180,1068084246.33,Current,High
L001485,C01984,BR024,Auto,378261677.56,10.19,2021-03-25,36,155733991.25,Current,Low
L001486,C09445,BR021,Personal,166678771.37,16.89,2022-12-01,24,18806158.55,Current,High
L001487,C08098,BR036,Mortgage,1123937671.47,5.75,2025-08-24,300,274494009.85,Current,Medium
L001488,C09076,BR043,Business,730581561.7,9.58,2025-09-13,36,385968221.2,Current,Medium
L001489,C00895,BR044,Business,714830636.41,8.41,2025-03-25,84,212551773.41,Current,High
L001490,C07757,BR027,Business,233655995.36,14.6,2020-08-08,60,96826915.7,Current,High
L001491,C03061,BR019,Personal,101110698.9,16.39,2026-08-13,48,38965950.36,Current,Low
L001492,C03710,BR048,Personal,63237790.76,14.57,2020-09-02,12,6340453.68,Current,Low
L001493,C02193,BR019,Mortgage,382295297.28,8.14,2025-07-18,240,264670683.47,Current,Medium
L001494,C08410,BR025,Personal,1754316907.41,12.53,2026-08-01,60,886342220.31,Current,Low
L001495,C01972,BR033,Auto,243357982.86,11.79,2022-11-04,60,149144753.77,Current,Low
L001496,C00563,BR020,Mortgage,288125688.91,5.6,2025-10-11,180,176708919.3,Late,High
L001497,C01049,BR013,Mortgage,451081262.33,9.83,2023-09-01,300,423899157.4,Default,High
L001498,C08496,BR038,Personal,94013836.58,14.77,2025-09-09,12,29842537.06,Current,Low
L001499,C09335,BR049,Business,281260634.87,11.96,2025-12-05,24,150737207.11,Current,Low
L001500,C06780,BR001,Mortgage,1540070492.97,6.62,2024-06-19,180,1136119560.33,Default,Medium
L001501,C05091,BR030,Personal,540635517.81,16.66,2026-02-21,48,375220525.64,Late,Medium
L001502,C00544,BR015,Mortgage,388556911.84,9.36,2023-03-13,240,77110588.64,Current,Low
L001503,C06631,BR040,Mortgage,710254281.43,10.47,2023-10-16,120,356011929.41,Late,Medium
L001504,C01825,BR012,Mortgage,650337450.77,7.08,2025-03-29,240,602965641.07,Default,High
L001505,C00283,BR025,Personal,76956264.33,12.43,2021-11-26,12,54030954.42,Current,Low
L001506,C03977,BR031,Personal,82952754.77,15.79,2026-04-03,36,45530824.5,Current,Low
L001507,C04990,BR024,Business,263628969.29,13.11,2026-08-19,36,123770077.54,Current,Medium
L001508,C05932,BR011,Personal,226933798.25,11.19,2025-09-25,60,95800230.01,Late,Low
L001509,C02530,BR010,Personal,60713990.59,17.17,2026-03-16,36,32071897.49,Late,Medium
L001510,C06413,BR049,Auto,471189239.36,12.23,2024-03-20,36,375550013.05,Current,Low
L001511,C03684,BR024,Mortgage,2171541065.13,8.06,2024-09-25,240,453205877.26,Current,High
L001512,C02033,BR001,Personal,127557205.8,17.32,2024-10-29,24,73679784.85,Current,Low
L001513,C07928,BR022,Personal,79787069.79,16.93,2025-06-01,60,20668677.77,Current,Low
L001514,C07225,BR026,Auto,388929437.96,10.1,2020-07-19,36,66405877.5,Current,Low
L001515,C03122,BR047,Auto,375419354.74,11.21,2026-03-09,60,274711175.7,Current,Low
L001516,C06021,BR041,Auto,802349498.12,10.53,2026-06-19,48,217092798.73,Current,Low
L001517,C09550,BR048,Business,1071572144.54,13.14,2026-07-10,36,733581334.56,Late,Medium
L001518,C07367,BR009,Mortgage,1215054982.06,7.14,2024-08-05,240,1065351269.97,Default,High
L001519,C01478,BR002,Auto,213303604.04,8.15,2021-12-03,36,82732635.75,Current,Medium
L001520,C07161,BR017,Mortgage,629975306.24,9.0,2024-10-06,120,279969993.13,Current,Medium
L001521,C05128,BR017,Mortgage,499597467.68,9.91,2026-08-28,180,422144969.46,Default,High
L001522,C07363,BR048,Auto,604816200.72,10.24,2025-08-01,48,403083598.14,Late,Low
L001523,C01765,BR025,Personal,145747970.19,10.47,2025-09-02,24,54325578.47,Current,Low
L001524,C05836,BR035,Mortgage,792838147.77,8.16,2020-09-23,240,102623200.02,Current,Medium
L001525,C08005,BR048,Business,620041904.65,12.35,2024-04-16,84,328063622.87,Current,Medium
L001526,C00477,BR035,Personal,73497173.1,10.25,2023-08-18,60,11585681.74,Current,Low
L001527,C06363,BR011,Auto,690101124.43,10.18,2025-12-06,72,511281693.31,Current,Low
L001528,C00067,BR005,Personal,1607651943.09,11.95,2026-08-23,36,1154192265.38,Late,Medium
L001529,C01552,BR036,Business,782539030.72,12.14,2026-01-25,24,354346572.32,Current,Low
L001530,C01823,BR046,Personal,47566639.94,12.11,2024-06-27,60,35603557.05,Current,Low
L001531,C04512,BR040,Business,753303921.53,9.58,2025-08-11,36,119156334.96,Current,Medium
L001532,C03717,BR016,Mortgage,274347556.73,9.42,2024-10-16,120,192904104.13,Current,Medium
L001533,C02087,BR012,Personal,62749196.09,17.73,2026-02-20,48,15087712.29,Current,Medium
L001534,C03387,BR028,Auto,153190212.64,11.6,2024-02-27,72,80821960.54,Current,Low
L001535,C08038,BR036,Mortgage,2608997464.21,10.19,2026-08-13,120,2462427443.38,Default,High
L001536,C01167,BR034,Business,1805372575.72,8.28,2022-11-01,84,1434245881.13,Current,Medium
L001537,C03655,BR019,Personal,21293569.7,17.15,2022-04-16,24,13857374.38,Current,Low
L001538,C08753,BR028,Auto,340679380.04,8.11,2025-02-13,60,155499685.21,Current,Medium
L001539,C01586,BR011,Mortgage,970809976.57,9.65,2024-05-12,120,818913478.08,Default,High
L001540,C06900,BR007,Auto,130792936.47,7.22,2025-08-10,60,25646379.68,Current,Low
L001541,C07794,BR026,Auto,2056802674.01,9.24,2020-02-25,60,225554645.49,Current,Medium
L001542,C09502,BR015,Business,3832074660.5,14.08,2025-05-12,24,2159724843.94,Current,Medium
L001543,C04081,BR003,Business,931785849.25,13.02,2026-06-27,84,636205753.53,Late,High
L001544,C06403,BR009,Auto,1308943458.94,9.39,2024-11-11,60,494103299.28,Current,Medium
L001545,C05718,BR006,Mortgage,465336632.48,5.54,2023-04-08,180,364949287.09,Late,High
L001546,C08375,BR029,Personal,52548096.04,10.57,2026-06-04,12,16822401.91,Current,Low
L001547,C05759,BR017,Personal,352764896.49,16.92,2023-04-25,36,254760286.16,Current,Low
L001548,C07811,BR022,Mortgage,635697574.33,8.5,2024-07-28,240,528662154.87,Default,High
L001549,C08860,BR019,Personal,152071924.12,13.37,2026-06-09,12,94089945.82,Current,Medium
L001550,C02750,BR003,Auto,324064898.8,8.63,2023-09-02,60,244866477.34,Default,Medium
L001551,C08033,BR003,Personal,146682296.43,16.72,2025-06-14,60,43292860.11,Current,Medium
L001552,C07852,BR040,Personal,1480637773.9,12.35,2024-05-21,12,645151750.97,Current,Low
L001553,C03590,BR035,Personal,141488689.03,12.88,2026-02-07,60,67790794.04,Current,Low
L001554,C00455,BR002,Personal,428658055.95,13.63,2025-11-05,12,57892192.54,Current,Low
L001555,C05453,BR020,Auto,743386591.11,8.76,2026-04-20,60,83134467.42,Current,Low
L001556,C09259,BR046,Personal,108735987.45,17.97,2022-05-24,12,45862915.21,Current,Medium
L001557,C06029,BR003,Auto,232459190.44,9.54,2024-04-15,72,107417733.97,Current,Medium
L001558,C00568,BR001,Personal,208878889.75,17.18,2026-08-30,48,134779230.94,Current,High
L001559,C07047,BR001,Business,282550788.7,12.87,2026-06-09,60,157989407.41,Current,Low
L001560,C09815,BR046,Personal,208256525.52,15.33,2021-09-26,60,124301733.94,Current,Medium
L001561,C05438,BR039,Auto,573017013.68,7.64,2023-07-24,60,432369544.54,Current,Medium
L001562,C04186,BR008,Personal,414073248.6,15.49,2025-12-22,36,236131848.11,Current,Low
L001563,C08962,BR041,Auto,186114329.33,8.44,2024-07-06,60,61934317.86,Current,Medium
L001564,C04314,BR038,Mortgage,2339568910.06,9.43,2024-12-30,300,1109603696.1,Late,Low
L001565,C04786,BR027,Auto,154802749.06,8.9,2021-03-06,48,74388927.12,Current,Low
L001566,C01599,BR050,Mortgage,198323614.02,8.09,2022-12-28,180,126096407.32,Current,Low
L001567,C01614,BR038,Business,719372617.89,8.58,2023-01-07,84,369319357.6,Late,Medium
L001568,C09368,BR036,Auto,218543094.87,12.09,2026-05-04,36,161203944.11,Current,Medium
L001569,C00370,BR009,Mortgage,1149163760.23,8.84,2026-06-16,180,883050899.95,Current,High
L001570,C05762,BR028,Personal,256610058.03,13.42,2025-10-11,60,135742525.69,Current,Medium
L001571,C09015,BR046,Mortgage,1368823853.39,8.64,2023-05-08,240,164761151.26,Current,Low
L001572,C07760,BR029,Mortgage,505103025.81,8.5,2025-02-24,240,383411450.64,Current,Medium
L001573,C04721,BR045,Personal,195201426.61,10.68,2026-07-14,60,172719723.37,Default,High
L001574,C03599,BR030,Personal,106164653.97,16.31,2024-09-29,60,13791332.09,Current,Medium
L001575,C09161,BR004,Personal,82422782.44,13.61,2026-03-24,60,9513071.4,Current,Low
L001576,C04496,BR030,Personal,66571883.95,16.35,2026-03-11,60,9207689.56,Current,Low
L001577,C02995,BR016,Personal,186178023.91,11.98,2025-06-30,36,102308315.56,Late,Medium
L001578,C00316,BR040,Mortgage,702271690.19,9.84,2025-05-28,240,289323554.21,Current,Medium
L001579,C04948,BR013,Auto,219016177.31,10.42,2023-09-23,72,110008303.69,Current,Low
L001580,C03420,BR050,Business,278879231.48,9.71,2020-09-09,12,149691736.6,Current,Low
L001581,C02920,BR023,Personal,160669630.31,17.08,2024-05-09,12,77677200.04,Current,Low
L001582,C00211,BR050,Business,823411825.6,14.56,2021-10-05,60,285482979.75,Current,Medium
L001583,C05782,BR038,Business,1168003715.66,11.01,2026-06-13,36,666665278.31,Current,Medium
L001584,C01090,BR047,Personal,43078174.25,13.17,2023-12-12,36,16237039.94,Current,Medium
L001585,C06776,BR036,Business,560647711.72,10.21,2026-02-02,24,282200459.8,Current,Medium
L001586,C08654,BR024,Mortgage,1332614089.85,6.3,2025-09-10,240,1104031386.11,Default,High
L001587,C00114,BR009,Mortgage,473026047.53,6.27,2025-11-19,300,432605340.06,Default,High
L001588,C09097,BR023,Business,806889396.15,10.37,2026-05-23,60,98570978.09,Current,Medium
L001589,C00278,BR027,Auto,480460980.64,7.08,2026-04-13,36,275154366.6,Current,Low
L001590,C09267,BR048,Mortgage,461720604.29,6.91,2026-04-04,300,116976013.06,Current,High
L001591,C02445,BR008,Mortgage,412527167.92,7.29,2025-04-09,180,141505714.16,Current,Low
L001592,C09463,BR047,Business,237070341.58,14.23,2023-03-12,24,79740009.45,Current,Medium
L001593,C03285,BR048,Personal,733378516.22,17.64,2024-02-23,48,124698740.95,Current,High
L001594,C06740,BR044,Auto,1817736613.13,10.32,2026-03-29,48,956457033.0,Current,Low
L001595,C04195,BR007,Personal,829451842.74,16.2,2021-06-11,36,372031569.24,Current,Low
L001596,C01011,BR007,Mortgage,2349536854.12,5.67,2023-04-16,180,1710189056.82,Current,High
L001597,C04849,BR031,Auto,907518727.35,8.18,2026-06-04,72,391154420.19,Current,Low
L001598,C07219,BR011,Mortgage,1141489095.22,9.77,2024-06-07,120,387853807.72,Current,Medium
L001599,C03206,BR044,Business,3558923717.91,14.27,2025-02-27,60,1720389188.21,Current,Medium
L001600,C09924,BR022,Personal,594074524.39,14.61,2025-04-26,60,242646952.52,Late,Medium
L001601,C00559,BR028,Personal,64756491.42,15.14,2025-09-23,24,35859196.9,Current,Low
L001602,C07854,BR038,Mortgage,395009820.16,6.09,2026-08-08,180,173859677.46,Current,Medium
L001603,C08710,BR024,Mortgage,528887127.71,6.35,2026-08-22,240,139382340.65,Current,Low
L001604,C00448,BR023,Business,2167653840.04,9.91,2025-07-17,36,519770991.63,Current,Medium
L001605,C00227,BR008,Auto,118462655.52,11.49,2026-02-16,36,86328090.01,Default,High
L001606,C09002,BR045,Personal,33369883.62,16.81,2024-06-25,36,19343101.78,Current,Medium
L001607,C08252,BR038,Auto,52834849.01,11.38,2026-08-30,72,18249672.45,Current,Low
L001608,C07657,BR048,Personal,100059706.46,12.04,2026-07-17,36,39811373.15,Current,Low
L001609,C00254,BR008,Auto,164767831.42,9.94,2026-02-11,72,109565052.93,Current,Low
L001610,C05929,BR049,Mortgage,808731730.64,7.18,2026-03-07,300,261128378.97,Current,Medium
L001611,C03854,BR011,Mortgage,473768240.74,6.46,2021-06-20,240,62517821.04,Current,Low
L001612,C02531,BR014,Auto,598499064.67,7.47,2021-08-28,36,444992126.05,Current,Low
L001613,C01854,BR047,Auto,403190711.83,11.66,2026-08-21,48,135099313.55,Current,Low
L001614,C05361,BR022,Mortgage,301608086.7,8.19,2022-09-10,180,197643225.38,Current,Medium
L001615,C07400,BR013,Business,285679602.65,9.08,2025-09-11,36,195738056.69,Current,Low
L001616,C09934,BR038,Business,190107019.56,10.36,2022-02-23,60,98785266.86,Current,Medium
L001617,C05469,BR027,Auto,191380986.6,12.02,2026-03-25,60,149568525.31,Current,Low
L001618,C09590,BR037,Mortgage,1052390759.06,6.93,2024-12-11,180,322882895.45,Current,Medium
L001619,C09754,BR009,Personal,187102154.88,13.12,2020-02-18,48,114595741.16,Current,Low
L001620,C00440,BR042,Auto,423133903.14,10.9,2026-07-31,36,129343907.3,Current,Low
L001621,C09333,BR009,Auto,143567383.44,9.94,2021-01-22,36,102603921.85,Current,Medium
L001622,C08079,BR031,Business,807995444.33,10.38,2025-04-20,84,389993680.59,Late,High
L001623,C00043,BR011,Personal,85647678.21,13.72,2026-05-11,36,30137425.33,Current,Medium
L001624,C02413,BR048,Mortgage,817507036.81,8.81,2023-02-21,300,123945105.66,Current,Medium
L001625,C04524,BR002,Auto,709399457.53,9.53,2026-05-19,60,329686040.8,Current,Low
L001626,C01860,BR023,Personal,106769701.12,10.23,2026-02-21,24,45758937.59,Current,Low
L001627,C04516,BR038,Auto,180906778.09,11.3,2023-03-22,72,90010356.67,Current,Low
L001628,C05681,BR034,Auto,604288525.04,9.71,2022-11-23,36,106660395.03,Current,Low
L001629,C03773,BR028,Auto,723229575.22,9.8,2026-06-24,72,111057827.16,Current,Low
L001630,C09749,BR033,Business,4785719948.48,11.97,2026-03-05,60,2818087000.7,Late,Medium
L001631,C07018,BR038,Business,1455167382.46,12.16,2025-03-28,12,631027008.59,Current,Low
L001632,C09799,BR039,Personal,116179715.97,13.29,2023-11-19,48,66938719.64,Current,Low
L001633,C08532,BR046,Business,574196908.77,12.26,2025-06-18,60,432962740.66,Current,Low
L001634,C09869,BR031,Business,582752615.77,13.77,2026-06-04,36,59552301.41,Current,Low
L001635,C07373,BR028,Personal,148147707.89,16.77,2026-03-14,48,52133872.62,Current,Medium
L001636,C06143,BR049,Personal,71757819.76,16.49,2023-01-26,12,27833157.36,Current,Low
L001637,C06151,BR038,Personal,453618368.81,16.83,2026-01-20,60,362474162.73,Current,Low
L001638,C04792,BR028,Personal,175527455.9,16.25,2025-07-28,12,64781519.82,Current,Low
L001639,C04269,BR037,Mortgage,1527927842.85,6.27,2021-11-20,120,554977732.51,Current,Medium
L001640,C08292,BR013,Mortgage,1170797808.15,9.85,2024-07-21,180,414244035.45,Current,High
L001641,C00431,BR005,Mortgage,321854425.63,9.85,2024-10-15,180,113088025.4,Current,Low
L001642,C01127,BR022,Auto,77362408.5,11.59,2026-03-09,60,29532421.19,Current,Low
L001643,C04185,BR003,Personal,154950491.15,13.28,2025-12-21,12,48123163.37,Current,Low
L001644,C02129,BR005,Personal,128494308.98,17.19,2023-06-09,12,77803082.15,Current,Low
L001645,C01327,BR007,Business,791161961.81,14.6,2026-07-17,36,434979177.56,Late,High
L001646,C07101,BR034,Personal,415014829.52,10.64,2021-12-25,48,160682608.48,Current,Low
L001647,C05589,BR032,Auto,319189376.19,12.44,2022-12-20,48,89512674.82,Current,Low
L001648,C09962,BR041,Auto,226572403.36,11.71,2024-04-21,48,119247512.96,Late,Low
L001649,C06693,BR015,Auto,212298278.63,11.86,2024-06-02,36,92058469.36,Late,High
L001650,C07491,BR039,Personal,148888509.57,12.68,2020-11-18,12,37099200.07,Current,Low
L001651,C08460,BR001,Mortgage,658139327.81,9.64,2022-05-03,240,545543977.04,Default,Medium
L001652,C06646,BR048,Mortgage,3066492202.82,7.5,2024-01-06,180,1416129489.83,Current,Medium
L001653,C07332,BR033,Personal,74894422.13,13.6,2026-06-01,24,8059318.65,Current,Medium
L001654,C06528,BR009,Auto,104444456.1,7.23,2024-07-03,36,78725475.91,Late,Medium
L001655,C05084,BR022,Business,514471308.24,12.99,2026-05-11,36,310319397.23,Current,Medium
L001656,C08736,BR032,Mortgage,362904245.69,10.47,2026-04-27,240,267912120.61,Current,Low
L001657,C02718,BR007,Personal,87155901.78,13.9,2020-07-24,36,68256411.38,Late,High
L001658,C02830,BR018,Auto,325551085.01,9.08,2022-10-07,72,69881848.35,Current,Low
L001659,C07414,BR005,Mortgage,588288847.27,5.91,2024-08-18,120,79589088.37,Current,Low
L001660,C02747,BR040,Mortgage,10000000000.0,9.57,2026-02-20,240,7729830394.0,Current,Medium
L001661,C00729,BR045,Mortgage,605364334.52,8.22,2025-11-28,120,124645029.17,Current,Medium
L001662,C04298,BR008,Auto,234371742.1,9.89,2025-08-05,60,155390343.85,Late,Low
L001663,C09890,BR046,Mortgage,2260966579.48,7.83,2026-02-14,180,1680471177.48,Late,High
L001664,C02153,BR043,Mortgage,323283132.5,6.41,2026-08-26,300,165702092.17,Current,High
L001665,C07155,BR025,Mortgage,608201070.05,6.47,2021-06-05,120,274343512.07,Late,Medium
L001666,C03336,BR019,Mortgage,271100250.72,8.41,2023-08-10,240,169624956.76,Current,Medium
L001667,C05651,BR008,Auto,135277658.47,10.01,2025-05-17,72,79228265.72,Late,Medium
L001668,C01371,BR007,Business,2924132138.45,9.35,2024-08-14,60,2138736623.75,Current,Low
L001669,C09557,BR017,Mortgage,1371594473.96,9.2,2023-07-20,300,943932141.93,Current,High
L001670,C08977,BR006,Personal,168198802.02,11.3,2024-11-09,12,24214964.92,Current,Low
L001671,C07209,BR014,Personal,152937462.15,10.27,2024-04-09,36,122814056.68,Late,Low
L001672,C09524,BR035,Business,2161423615.54,10.46,2024-02-15,24,1196180851.07,Current,Low
L001673,C07512,BR043,Personal,74863796.56,16.45,2026-04-08,12,18769112.46,Current,Low
L001674,C00963,BR011,Mortgage,302082935.49,7.79,2025-08-04,180,129715012.93,Current,Medium
L001675,C07086,BR001,Auto,714252749.73,8.37,2026-05-08,36,262808100.65,Current,Low
L001676,C01489,BR049,Auto,190666556.24,7.65,2026-08-01,48,126741887.08,Current,Low
L001677,C00065,BR022,Auto,987475950.71,10.87,2021-04-12,48,380677861.45,Current,Medium
L001678,C09361,BR010,Auto,192553838.93,8.39,2024-01-07,72,77983075.68,Current,Low
L001679,C04925,BR050,Personal,174523606.17,12.84,2024-11-30,36,61543663.94,Current,Medium
L001680,C00697,BR027,Personal,37346053.17,15.89,2025-10-16,60,15561684.15,Current,Low
L001681,C00928,BR006,Mortgage,469634808.25,7.48,2021-12-10,180,67434782.01,Current,High
L001682,C02624,BR041,Personal,169596938.35,17.05,2025-05-30,36,135494496.29,Current,Low
L001683,C09249,BR028,Personal,90846753.01,16.14,2025-11-07,36,66278216.52,Late,Low
L001684,C08879,BR014,Auto,225380085.2,7.96,2023-09-17,36,135636792.18,Current,Low
L001685,C05197,BR028,Personal,171873973.2,15.14,2022-04-23,12,87688268.36,Current,Low
L001686,C07739,BR026,Personal,949569406.0,17.18,2025-02-19,48,362943773.51,Current,Medium
L001687,C09231,BR022,Personal,169515615.62,13.12,2025-11-30,24,137643679.75,Late,Low
L001688,C02810,BR017,Personal,179751592.36,17.29,2024-01-11,24,24700290.28,Current,Low
L001689,C06467,BR046,Auto,262026965.32,9.59,2024-06-03,72,242364228.68,Default,Medium
L001690,C07085,BR018,Personal,113195307.12,10.92,2023-10-31,48,106247559.91,Default,High
L001691,C09221,BR026,Personal,149829605.23,10.79,2022-02-16,36,68708625.23,Current,Medium
L001692,C05396,BR012,Personal,30038424.01,17.7,2026-06-12,36,23428834.91,Current,Low
L001693,C04002,BR025,Mortgage,444895485.34,10.02,2025-01-26,120,329222927.47,Current,Medium
L001694,C03138,BR017,Auto,155050000.06,10.09,2024-02-16,48,25601316.06,Current,Low
L001695,C08297,BR021,Business,410159030.5,12.32,2025-11-13,36,309454718.78,Current,Medium
L001696,C08046,BR004,Auto,354425343.25,12.11,2026-01-11,48,220210210.38,Current,Low
L001697,C00139,BR025,Mortgage,611132128.72,6.08,2026-06-02,240,170725943.8,Current,Medium
L001698,C01877,BR009,Auto,88947034.23,9.79,2025-09-03,60,70105836.78,Current,Low
L001699,C03011,BR002,Auto,254433301.01,10.56,2026-07-23,36,102402134.46,Late,Medium
L001700,C03755,BR038,Mortgage,1902240959.5,6.84,2026-01-29,180,585862316.84,Current,Medium
L001701,C03838,BR030,Auto,1221620227.54,7.88,2021-04-26,48,173791253.01,Current,Medium
L001702,C06349,BR040,Auto,98155902.45,9.58,2026-04-18,72,25729890.55,Current,Low
L001703,C00310,BR036,Mortgage,1240356039.58,5.73,2025-03-29,300,281659083.0,Current,Medium
L001704,C09683,BR047,Mortgage,1059459095.62,7.16,2021-04-28,240,813673436.6,Current,Medium
L001705,C08275,BR040,Business,758135600.37,12.82,2025-05-25,36,319921396.69,Current,Low
L001706,C03284,BR011,Personal,180010497.65,14.74,2026-07-18,24,67546203.95,Current,Low
L001707,C06273,BR046,Business,406718426.96,8.73,2021-12-03,84,265609037.97,Default,High
L001708,C06312,BR007,Auto,151701921.11,10.54,2025-12-19,48,17620564.59,Current,Low
L001709,C01780,BR033,Auto,86171981.28,8.73,2023-11-03,72,68027474.34,Late,Medium
L001710,C08331,BR002,Personal,1233132974.03,15.76,2026-05-23,60,742238652.52,Current,Low
L001711,C03778,BR017,Personal,220925273.66,13.32,2026-06-30,36,135237142.83,Current,Low
L001712,C08778,BR028,Mortgage,568818661.35,5.68,2026-05-21,180,426233293.63,Late,High
L001713,C00489,BR012,Mortgage,126736596.34,9.85,2024-07-24,240,86665959.88,Current,Low
L001714,C08053,BR018,Mortgage,1267626160.61,9.62,2021-06-03,120,492351911.85,Current,High
L001715,C03643,BR001,Personal,105892039.15,17.31,2026-07-22,36,75276469.09,Current,Low
L001716,C04615,BR024,Mortgage,437607335.82,7.46,2024-01-05,240,241124293.02,Current,High
L001717,C08452,BR007,Auto,420433770.92,7.25,2026-02-28,72,72276629.31,Current,Low
L001718,C01254,BR046,Business,743545014.4,14.31,2022-10-12,36,322883225.49,Late,High
L001719,C08809,BR021,Mortgage,448130898.96,7.44,2020-03-25,120,190102808.15,Current,Low
L001720,C03868,BR025,Auto,47583468.31,7.28,2023-04-15,48,5571405.07,Current,Low
L001721,C00901,BR032,Business,243750724.41,7.58,2024-08-19,24,39440467.19,Current,Medium
L001722,C08749,BR030,Auto,635116767.25,9.51,2023-09-24,48,599770781.46,Default,Low
L001723,C02502,BR008,Personal,33360358.44,12.51,2026-06-13,48,20015863.17,Current,Low
L001724,C06703,BR027,Business,4824511349.82,9.62,2025-06-06,60,4082856383.58,Default,Medium
L001725,C04171,BR028,Auto,508612381.07,8.9,2021-07-01,72,83956171.18,Current,Medium
L001726,C00062,BR020,Mortgage,510786960.48,8.61,2024-09-12,300,83651585.83,Current,Medium
L001727,C01069,BR022,Auto,283568349.98,11.05,2026-08-13,72,102300497.94,Current,Low
L001728,C01698,BR004,Personal,87573834.76,15.77,2024-04-23,60,41087541.9,Current,Medium
L001729,C00705,BR036,Business,1924950910.92,12.04,2025-09-13,36,1480975495.83,Late,High
L001730,C02967,BR005,Auto,77653510.61,8.81,2025-11-03,60,22509520.27,Current,Low
L001731,C07998,BR005,Auto,875518551.43,11.99,2025-03-01,72,414934560.87,Current,Medium
L001732,C03573,BR037,Personal,146601916.7,16.72,2021-04-04,12,56911147.96,Current,Low
L001733,C06896,BR027,Auto,388215828.26,11.08,2026-07-24,72,89755174.91,Current,Low
L001734,C01266,BR047,Business,460233634.67,8.44,2022-11-11,24,315110619.43,Late,Medium
L001735,C06537,BR038,Personal,359494688.97,13.94,2024-10-07,24,70739099.22,Current,Low
L001736,C04018,BR038,Personal,108531666.87,16.4,2026-07-30,60,43378557.05,Current,High
L001737,C00730,BR041,Business,850642476.43,11.7,2023-10-16,24,509580375.68,Current,High
L001738,C01481,BR033,Personal,136353336.69,17.86,2026-04-23,12,57128534.43,Current,Medium
L001739,C07173,BR049,Auto,292670060.62,11.1,2024-10-06,36,50350795.1,Current,Low
L001740,C02156,BR027,Auto,120451265.59,11.58,2025-12-11,72,40436146.93,Current,Low
L001741,C09970,BR048,Auto,775767912.84,11.09,2021-08-17,48,133903709.2,Current,Low
L001742,C09138,BR042,Personal,113231440.08,13.96,2026-03-11,12,39191827.13,Current,High
L001743,C04932,BR039,Auto,184559097.21,12.13,2026-02-14,36,42646710.11,Current,Low
L001744,C05548,BR004,Mortgage,463996767.49,8.14,2025-03-05,300,275044022.53,Current,Medium
L001745,C00791,BR033,Auto,1049788717.01,12.16,2026-05-24,48,282456488.7,Current,Low
L001746,C01578,BR005,Mortgage,424265599.66,10.29,2025-07-22,240,129146691.74,Current,Medium
L001747,C06838,BR010,Auto,3120857729.14,8.56,2025-07-11,36,1102547331.43,Current,Medium
L001748,C00954,BR033,Personal,87909333.03,10.31,2023-10-31,24,34050076.03,Current,Medium
L001749,C07576,BR019,Mortgage,465334335.24,8.73,2025-02-05,180,194464769.04,Current,Medium
L001750,C01451,BR026,Personal,62547214.27,17.69,2026-08-28,12,37130753.55,Late,High
L001751,C06597,BR038,Auto,473516484.76,7.39,2025-04-11,72,360112963.24,Current,Medium
L001752,C05683,BR047,Personal,178556419.68,13.21,2021-12-16,12,48219434.98,Current,Low
L001753,C03215,BR044,Mortgage,623620210.23,6.34,2026-07-28,240,422404386.6,Default,High
L001754,C00422,BR028,Auto,407758612.23,7.58,2021-03-12,72,307473846.83,Late,Low
L001755,C06973,BR050,Auto,124480046.9,7.24,2024-09-27,72,60674512.54,Current,Low
L001756,C09239,BR002,Mortgage,684708339.39,8.19,2025-08-10,180,126512730.79,Current,Low
L001757,C00569,BR035,Mortgage,539174781.56,7.38,2023-08-13,240,512121866.23,Default,High
L001758,C00109,BR044,Auto,196613223.11,12.29,2024-12-10,48,92179543.45,Current,Medium
L001759,C05023,BR038,Personal,188128119.42,12.1,2021-03-11,12,130159122.27,Late,Medium
L001760,C01276,BR012,Business,191378243.71,10.32,2023-05-30,36,38564738.17,Current,Medium
L001761,C00160,BR038,Personal,150048804.76,12.88,2024-05-16,36,107816284.63,Current,Low
L001762,C03495,BR029,Mortgage,555821167.13,6.69,2026-04-01,240,138689181.24,Current,Medium
L001763,C08866,BR022,Mortgage,1269864814.34,8.52,2021-01-05,240,980053196.95,Late,High
L001764,C05992,BR038,Auto,216760801.01,11.17,2022-02-24,60,168598320.24,Current,High
L001765,C06480,BR041,Auto,149098456.95,11.36,2026-06-14,36,56968782.85,Current,Low
L001766,C01540,BR004,Personal,139488813.24,15.43,2025-03-27,60,110665020.81,Current,Low
L001767,C00228,BR025,Personal,141682015.49,15.56,2025-06-13,48,57875347.46,Current,Medium
L001768,C06388,BR040,Personal,195706421.29,14.53,2025-11-16,12,82721716.62,Current,Low
L001769,C01862,BR026,Mortgage,317327445.16,6.58,2026-07-05,300,100345427.5,Current,Medium
L001770,C07478,BR018,Business,1400459802.05,11.71,2026-04-07,24,352025881.83,Current,Low
L001771,C00813,BR029,Auto,162982726.8,9.96,2023-09-30,36,64107331.99,Current,Low
L001772,C08554,BR049,Auto,82330646.86,12.44,2024-07-09,60,60206171.03,Current,Low
L001773,C09587,BR038,Mortgage,1083284897.43,9.43,2025-04-09,120,203183476.19,Current,High
L001774,C09606,BR024,Auto,751779013.02,10.21,2026-06-25,60,559149657.84,Current,Low
L001775,C02289,BR023,Personal,185591249.17,11.09,2026-04-21,12,144945963.54,Current,Low
L001776,C00355,BR005,Auto,278706494.22,7.34,2024-02-25,72,93094991.58,Current,Medium
L001777,C05456,BR048,Personal,147533324.5,13.32,2026-03-17,24,94582574.19,Current,Medium
L001778,C03020,BR013,Personal,133001268.9,15.86,2024-12-02,24,44833769.1,Current,Medium
L001779,C05685,BR011,Mortgage,9674406139.96,9.59,2022-05-25,180,6866744014.97,Default,High
L001780,C00989,BR027,Auto,171634801.26,9.24,2024-02-06,60,116595357.36,Current,Low
L001781,C00877,BR046,Mortgage,352329121.35,8.4,2025-12-19,180,242915852.66,Current,Low
L001782,C07885,BR022,Mortgage,3660423711.46,10.17,2023-12-17,180,1041569988.77,Current,Low
L001783,C09855,BR040,Personal,587264743.51,11.44,2026-01-25,48,377861749.53,Current,Low
L001784,C03561,BR004,Personal,104796875.25,13.19,2025-05-02,60,46830628.15,Current,Medium
L001785,C01002,BR019,Mortgage,730949716.37,7.34,2026-03-01,300,593957666.28,Late,High
L001786,C00374,BR011,Auto,152359414.41,7.92,2025-12-15,48,86095715.1,Current,Low
L001787,C00974,BR044,Auto,200209934.7,11.02,2025-05-06,60,41513454.76,Current,Low
L001788,C06560,BR041,Mortgage,6931309564.63,8.33,2022-08-26,300,4676744608.05,Current,High
L001789,C08327,BR031,Mortgage,1583390157.88,10.31,2025-12-20,120,1138926794.21,Current,Medium
L001790,C06364,BR034,Mortgage,394479750.48,7.85,2025-07-22,240,264628437.61,Late,Medium
L001791,C01365,BR001,Personal,124702363.03,11.37,2025-09-07,48,73236507.91,Current,Medium
L001792,C02055,BR018,Personal,538739519.04,16.34,2021-10-07,36,66002786.26,Current,Low
L001793,C04252,BR049,Personal,333879762.18,17.41,2024-10-30,48,187700791.49,Current,Low
L001794,C05832,BR030,Auto,111714599.0,11.46,2024-12-06,60,84702809.53,Default,Low
L001795,C02050,BR022,Mortgage,584135327.99,8.58,2026-06-10,120,80034866.5,Current,Low
L001796,C05141,BR038,Personal,57082440.03,14.0,2026-05-04,60,23659122.99,Current,Low
L001797,C02205,BR009,Business,2029409080.98,11.96,2022-02-23,60,1617333349.03,Default,High
L001798,C00131,BR045,Personal,954689306.33,10.71,2020-04-24,48,510896368.74,Current,Low
L001799,C08223,BR002,Personal,36867410.72,15.11,2020-06-11,60,21960343.66,Current,Medium
L001800,C06463,BR023,Auto,259741506.65,11.02,2022-10-08,60,183005846.31,Current,Low
L001801,C05784,BR028,Mortgage,519863212.14,6.01,2025-09-03,240,95707783.47,Current,Medium
L001802,C08368,BR025,Personal,33923233.22,15.52,2025-09-09,60,20894878.96,Late,High
L001803,C03268,BR002,Auto,131145539.37,10.22,2024-02-20,60,84838784.52,Late,Medium
L001804,C09795,BR007,Personal,139717587.14,14.09,2026-04-12,60,29766366.12,Current,Low
L001805,C01452,BR007,Personal,71155932.37,10.11,2023-02-11,48,59638011.51,Late,High
L001806,C08587,BR044,Auto,149814514.76,8.4,2026-03-15,48,111912241.98,Current,Low
L001807,C07039,BR023,Mortgage,1634446882.64,6.43,2026-05-02,240,1114829169.8,Current,Low
L001808,C00977,BR011,Business,629107771.24,7.74,2023-02-22,24,449132674.27,Late,Low
L001809,C08733,BR021,Mortgage,613005517.69,7.31,2024-11-18,300,214223054.54,Current,Medium
L001810,C07927,BR009,Business,1992103859.41,13.09,2026-06-01,60,1360670339.24,Default,Medium
L001811,C05202,BR048,Personal,65815186.31,14.87,2022-05-16,60,50378850.74,Late,High
L001812,C01471,BR012,Mortgage,348524412.89,6.89,2025-03-25,120,172472833.2,Current,Low
L001813,C01080,BR045,Auto,288103034.57,10.83,2025-12-29,60,86254708.87,Current,Low
L001814,C04532,BR038,Personal,69709874.31,17.6,2023-02-20,12,22713626.44,Current,Low
L001815,C07497,BR001,Auto,78707268.14,8.38,2025-11-03,72,32081606.07,Current,Medium
L001816,C05486,BR036,Mortgage,1177685421.31,9.85,2023-01-02,180,145843667.63,Current,Low
L001817,C02310,BR012,Mortgage,368848123.64,6.63,2021-12-28,240,110983109.3,Current,Medium
L001818,C05643,BR025,Auto,97572538.09,12.15,2021-12-25,36,19281629.13,Current,Low
L001819,C04541,BR050,Mortgage,774591238.81,10.26,2021-06-29,120,174522358.71,Current,High
L001820,C05326,BR048,Mortgage,680782873.09,9.46,2026-05-24,240,379790965.85,Current,Low
L001821,C03058,BR005,Business,199961428.83,8.2,2023-06-08,84,107829531.57,Current,Low
L001822,C00914,BR036,Mortgage,954665747.4,8.85,2025-06-15,180,250047349.72,Current,Low
L001823,C00167,BR017,Auto,209952439.35,10.6,2026-01-08,48,54962684.23,Current,Low
L001824,C01840,BR042,Business,3740600868.9,13.25,2026-07-14,36,1865897925.93,Current,Medium
L001825,C01957,BR005,Personal,405816629.98,16.83,2025-07-22,60,308788958.83,Current,Low
L001826,C09774,BR022,Personal,262245540.2,16.67,2021-07-07,24,49399024.93,Current,Low
L001827,C02457,BR020,Mortgage,595355591.93,9.37,2026-02-17,300,370520938.12,Current,Low
L001828,C09436,BR006,Personal,116480800.65,17.42,2022-06-04,24,15780481.11,Current,Low
L001829,C01589,BR003,Personal,149760251.31,11.28,2026-02-24,12,70641762.64,Current,Medium
L001830,C08093,BR030,Personal,124871458.3,11.03,2022-07-21,36,76458464.73,Current,Low
L001831,C07341,BR044,Personal,101540580.8,11.6,2021-10-29,12,51542458.57,Current,Low
L001832,C07861,BR032,Mortgage,905093338.01,8.29,2023-06-06,180,129248389.69,Current,Low
L001833,C04431,BR018,Personal,132551937.55,15.78,2023-10-25,48,35187197.96,Current,Low
L001834,C01767,BR045,Personal,232375544.42,16.79,2026-07-08,60,94228367.39,Late,Low
L001835,C03857,BR008,Personal,76055036.01,13.41,2025-11-06,12,56227762.53,Current,Low
L001836,C06275,BR042,Personal,756825715.66,11.19,2026-04-15,48,558825097.87,Current,Low
L001837,C09790,BR011,Personal,885716905.76,17.14,2026-07-17,60,164601792.64,Current,Low
L001838,C03427,BR031,Mortgage,353956451.54,8.78,2021-08-24,240,210236892.37,Current,Low
L001839,C01846,BR021,Personal,255598933.97,16.43,2021-10-09,36,112193325.54,Late,Low
L001840,C06720,BR033,Mortgage,1163788883.97,9.03,2023-09-11,180,530853386.31,Current,Low
L001841,C01246,BR045,Auto,582606824.79,11.6,2024-11-11,36,328962135.22,Current,Low
L001842,C09580,BR045,Mortgage,363317180.9,7.39,2024-11-15,180,297277549.44,Late,Medium
L001843,C02203,BR011,Auto,272311570.17,8.08,2025-07-24,72,138387323.57,Current,Medium
L001844,C06488,BR027,Mortgage,567988780.65,9.83,2025-05-15,240,99264109.14,Current,Low
L001845,C08200,BR019,Business,423701377.66,9.15,2024-11-18,12,317149837.06,Late,Medium
L001846,C01686,BR028,Personal,58540439.2,17.63,2026-07-27,24,13463011.36,Current,Medium
L001847,C00426,BR045,Personal,926999468.74,13.51,2021-07-23,24,649748872.98,Current,Low
L001848,C09926,BR010,Mortgage,2891805086.26,5.54,2026-08-02,180,1529808381.66,Current,High
L001849,C03201,BR049,Business,222230941.7,13.6,2026-08-11,60,70135183.89,Current,Low
L001850,C08864,BR036,Personal,1273542006.63,17.92,2023-11-26,24,397874863.9,Current,Low
L001851,C09982,BR002,Personal,419427841.36,14.63,2026-01-18,24,291283072.47,Current,Low
L001852,C05304,BR029,Mortgage,1784782633.82,5.61,2024-10-11,300,540834609.6,Current,Medium
L001853,C08578,BR036,Auto,271096004.54,12.45,2024-03-01,48,74534344.25,Current,Medium
L001854,C04547,BR008,Personal,239267179.02,13.45,2024-07-18,24,102790716.29,Current,Low
L001855,C08032,BR021,Auto,44880000.32,8.07,2022-02-16,36,32280938.21,Late,Low
L001856,C03417,BR038,Mortgage,332340644.79,10.42,2025-07-31,180,40991640.32,Current,Low
L001857,C05908,BR016,Mortgage,1950393351.92,6.3,2026-05-07,180,1202199000.14,Current,Low
L001858,C06035,BR046,Mortgage,698609342.43,9.9,2023-07-26,240,200860391.91,Current,Low
L001859,C03704,BR049,Business,839625913.85,13.08,2022-06-23,24,576841168.04,Current,High
L001860,C08371,BR028,Personal,168791337.21,16.44,2024-05-07,12,44609083.28,Current,Low
L001861,C03553,BR002,Personal,170404472.54,10.8,2025-03-17,24,83752462.76,Current,Low
L001862,C00891,BR027,Business,1079745100.38,14.23,2022-12-09,24,852059027.52,Current,Low
L001863,C07266,BR022,Auto,261689221.84,7.65,2023-01-29,60,96736657.96,Current,Low
L001864,C00639,BR004,Personal,71786098.98,12.91,2025-01-26,24,41849317.12,Current,Low
L001865,C03904,BR024,Business,456202896.87,12.76,2024-06-18,12,243316566.7,Current,High
L001866,C08602,BR001,Personal,126096777.67,12.7,2023-10-20,12,75610757.32,Current,Low
L001867,C09726,BR016,Personal,1221834981.12,14.6,2025-11-30,48,377158965.84,Current,Low
L001868,C00785,BR039,Auto,233456380.87,10.0,2020-07-04,48,143771733.17,Late,Medium
L001869,C01729,BR007,Personal,538292698.16,13.86,2026-03-31,24,80215648.26,Current,Low
L001870,C09828,BR023,Auto,215833062.83,11.47,2023-11-26,36,122565455.54,Current,Low
L001871,C03705,BR023,Personal,202573588.22,12.39,2024-04-19,12,90830855.92,Current,Low
L001872,C01969,BR028,Auto,455254044.99,10.27,2026-08-23,48,348629026.84,Current,Low
L001873,C08457,BR050,Mortgage,627615527.08,9.54,2020-03-26,300,151561669.37,Current,Medium
L001874,C03289,BR022,Mortgage,1203387843.85,6.61,2026-05-12,180,160013469.87,Current,Low
L001875,C01350,BR020,Personal,125746961.83,10.96,2024-08-31,48,23841840.61,Current,Medium
L001876,C02823,BR046,Business,275064264.66,14.07,2024-01-25,12,59426690.63,Current,Low
L001877,C03318,BR037,Mortgage,364116454.08,6.82,2024-04-01,180,192134008.75,Late,Medium
L001878,C04677,BR038,Personal,62519339.68,10.03,2023-05-01,60,14493183.48,Current,Low
L001879,C09417,BR003,Auto,114782198.73,10.48,2026-08-24,72,48993163.84,Current,Low
L001880,C00632,BR016,Personal,435779385.04,15.22,2025-11-06,48,136001343.37,Current,Low
L001881,C06298,BR041,Personal,150685794.95,11.37,2026-04-20,48,49353075.52,Current,Low
L001882,C04566,BR039,Business,1272716653.72,11.87,2022-10-05,84,992857573.63,Late,Medium
L001883,C02839,BR002,Business,1009080701.4,8.85,2020-07-02,36,642384099.44,Current,Low
L001884,C02460,BR043,Business,2461721659.74,9.06,2023-08-21,24,301509874.24,Current,Medium
L001885,C04273,BR006,Mortgage,1018800764.69,9.39,2023-04-14,180,120293044.18,Current,Medium
L001886,C06526,BR028,Business,1132982000.82,11.15,2026-06-20,84,660235013.71,Current,High
L001887,C01207,BR038,Personal,141633430.38,14.98,2025-08-01,60,47000297.66,Current,Low
L001888,C08843,BR035,Auto,122941173.05,10.9,2026-07-05,48,47670787.95,Current,Low
L001889,C07935,BR006,Personal,117875410.91,16.98,2026-02-26,24,21427136.34,Current,Low
L001890,C01895,BR022,Personal,853157489.74,12.81,2024-11-13,48,446250955.04,Current,Low
L001891,C05125,BR028,Personal,81867555.65,17.79,2025-05-31,12,49842515.05,Late,High
L001892,C04543,BR019,Personal,110563608.86,13.89,2026-05-18,12,73529527.07,Current,Low
L001893,C05067,BR030,Personal,178210753.22,10.0,2026-07-02,48,127800202.92,Current,High
L001894,C09594,BR049,Auto,715791753.44,8.9,2024-07-24,36,449621395.44,Current,Low
L001895,C00636,BR020,Personal,90645814.28,10.9,2025-01-20,60,21088203.77,Current,Low
L001896,C00829,BR045,Auto,296383612.8,9.26,2026-06-16,72,121525115.12,Current,Low
L001897,C08565,BR010,Business,446276445.18,12.54,2026-03-03,12,368559058.84,Late,Low
L001898,C02476,BR004,Mortgage,1687221277.37,9.45,2022-10-08,300,918594429.85,Current,Medium
L001899,C08777,BR029,Personal,314080519.11,10.37,2026-07-09,48,161772225.69,Current,Medium
L001900,C00738,BR005,Auto,222314764.05,9.6,2025-03-13,36,110780136.91,Current,Low
L001901,C07835,BR043,Personal,1167171758.28,14.78,2022-10-20,48,239607101.36,Current,Low
L001902,C07356,BR005,Personal,101569106.18,12.23,2026-05-03,36,52889957.26,Current,Low
L001903,C06285,BR042,Personal,44714358.21,13.73,2020-08-06,12,34061056.96,Current,Medium
L001904,C03452,BR035,Personal,417690445.65,16.2,2020-07-22,60,243877996.69,Current,Low
L001905,C01029,BR037,Mortgage,471872655.34,5.96,2025-12-17,180,356043243.99,Current,Low
L001906,C00364,BR043,Business,524284148.07,8.13,2026-01-27,36,407415774.9,Late,High
L001907,C07016,BR038,Personal,64709554.62,11.44,2021-06-29,60,35272457.63,Current,Low
L001908,C03741,BR035,Business,1484986583.9,9.81,2020-05-13,36,359025721.27,Current,High
L001909,C09355,BR038,Personal,166963275.4,10.5,2025-12-26,48,59857184.51,Current,Low
L001910,C09091,BR020,Personal,264801749.75,15.43,2023-02-06,12,180262737.07,Default,High
L001911,C09316,BR033,Personal,121796351.14,10.58,2020-02-13,12,96452523.81,Late,Low
L001912,C00920,BR004,Auto,84192002.01,11.86,2025-12-17,36,19691268.7,Current,Low
L001913,C03976,BR034,Mortgage,4493041167.05,6.6,2025-04-08,180,1059671201.48,Current,Medium
L001914,C09870,BR034,Auto,154183179.76,9.35,2024-09-11,48,92362291.45,Current,Low
L001915,C00240,BR043,Business,2361913197.29,13.66,2023-08-31,36,921487588.59,Current,Medium
L001916,C08475,BR009,Auto,259401105.28,11.16,2026-08-09,48,148384467.95,Current,Low
L001917,C06284,BR024,Auto,238739638.45,9.16,2022-03-29,60,152364661.21,Current,Low
L001918,C09969,BR026,Personal,363658587.22,11.43,2024-04-03,24,96965415.14,Current,Low
L001919,C06562,BR045,Mortgage,310180251.66,7.45,2025-03-15,300,81531629.41,Current,Medium
L001920,C00830,BR047,Personal,100886259.16,15.06,2024-04-22,48,71962068.82,Late,Medium
L001921,C01021,BR007,Personal,138833670.91,15.72,2023-03-02,36,84376843.74,Current,Low
L001922,C00790,BR002,Auto,121175453.02,9.14,2026-05-13,72,79836002.28,Late,Low
L001923,C01412,BR038,Auto,452426750.67,7.83,2025-07-23,36,285328055.33,Late,Low
L001924,C00372,BR027,Personal,446515073.47,15.34,2026-05-17,24,87214086.66,Current,Low
L001925,C06236,BR038,Personal,53519609.33,17.42,2025-12-10,36,9062506.81,Current,Low
L001926,C08466,BR036,Business,352791388.6,12.45,2025-03-06,36,274960777.08,Late,High
L001927,C08427,BR049,Mortgage,1069494180.36,8.42,2025-12-21,300,701907651.22,Current,High
L001928,C04690,BR020,Auto,1057466888.39,7.24,2025-03-19,60,612371749.03,Current,Low
L001929,C08412,BR049,Business,393492545.05,8.61,2021-02-14,60,176674646.24,Late,Medium
L001930,C01230,BR049,Personal,206457815.61,14.39,2023-01-16,60,61650625.87,Current,Low
L001931,C03529,BR041,Mortgage,5236149167.18,8.48,2024-01-09,120,1738811465.25,Current,Medium
L001932,C09490,BR037,Personal,157309971.79,12.66,2025-10-06,12,119916810.35,Current,Medium
L001933,C08171,BR004,Mortgage,827857849.53,6.37,2024-01-01,180,546526575.62,Current,Medium
L001934,C07786,BR038,Mortgage,1570811410.55,9.11,2026-08-01,300,273393053.71,Current,High
L001935,C04197,BR004,Mortgage,625565249.22,8.7,2024-11-10,240,280724588.04,Late,High
L001936,C09212,BR038,Personal,144431495.96,12.82,2026-07-04,12,24544415.7,Current,High
L001937,C02259,BR035,Personal,421215640.06,12.13,2025-05-05,60,241083285.23,Current,Low
L001938,C07467,BR003,Personal,358231154.64,15.87,2026-06-08,36,218651393.1,Current,Low
L001939,C02827,BR027,Personal,56453538.96,11.05,2023-08-02,60,8270907.44,Current,Low
L001940,C01569,BR030,Mortgage,271762213.54,7.77,2025-05-06,120,65064268.73,Current,Medium
L001941,C09523,BR021,Personal,494232718.66,11.72,2024-08-05,12,334488864.13,Current,Low
L001942,C03725,BR023,Auto,252070953.13,12.31,2025-10-16,36,81551520.11,Current,Medium
L001943,C03343,BR036,Mortgage,3063135519.22,7.36,2020-09-05,300,1979143020.5,Current,Low
L001944,C07663,BR022,Auto,231921694.67,8.08,2025-07-13,36,140680483.86,Current,Low
L001945,C05422,BR014,Mortgage,427197039.32,7.22,2020-04-06,240,339788363.56,Current,Low
L001946,C07826,BR013,Personal,123101543.94,15.92,2025-02-25,48,34068171.7,Current,Low
L001947,C07712,BR002,Personal,42804754.17,14.81,2023-06-18,12,21004880.86,Current,Low
L001948,C01287,BR038,Personal,113248331.27,14.82,2024-11-28,12,11473730.9,Current,Low
L001949,C08068,BR048,Auto,87647034.17,10.96,2026-04-01,60,20137030.8,Current,High
L001950,C01571,BR035,Business,759319583.85,9.54,2024-08-26,36,424381848.31,Late,High
L001951,C06711,BR047,Business,862279340.9,9.06,2026-03-16,36,593529073.55,Current,Low
L001952,C08382,BR002,Personal,122753411.82,11.23,2022-11-12,60,88760064.34,Default,High
L001953,C09674,BR028,Personal,102566754.38,13.28,2021-12-16,36,24870799.66,Current,Low
L001954,C02466,BR043,Personal,738162174.67,11.11,2020-08-05,36,232100414.7,Current,Low
L001955,C01118,BR009,Mortgage,971873926.56,9.5,2026-02-22,300,481750933.46,Late,High
L001956,C02213,BR023,Auto,584545820.07,10.74,2026-07-10,60,385523047.66,Default,Medium
L001957,C09568,BR026,Personal,21495968.57,12.01,2026-06-06,48,9761511.31,Current,Medium
L001958,C05703,BR033,Auto,332460801.66,12.02,2023-06-11,60,65192367.43,Current,Medium
L001959,C00573,BR044,Auto,247285359.93,11.94,2026-03-16,72,90879977.29,Current,Medium
L001960,C06405,BR031,Personal,472541565.04,11.78,2021-03-07,48,113269851.83,Current,Low
L001961,C08071,BR050,Business,2059081342.33,13.58,2025-02-03,60,1890838256.03,Default,High
L001962,C07343,BR040,Personal,627392796.77,13.49,2024-04-25,12,496787132.1,Current,Low
L001963,C07707,BR028,Auto,285515535.64,9.37,2025-07-22,36,95940163.67,Current,Low
L001964,C07638,BR032,Mortgage,217749758.05,5.76,2026-01-01,300,88091805.87,Current,High
L001965,C02121,BR038,Personal,76916038.28,11.97,2024-10-12,36,54232486.96,Current,Low
L001966,C07009,BR026,Auto,264778235.56,10.43,2025-03-16,72,50470821.46,Current,Medium
L001967,C01988,BR031,Personal,153038861.14,15.06,2026-05-24,36,123411750.23,Late,Low
L001968,C01722,BR032,Auto,205158278.67,10.55,2025-05-09,60,55485782.8,Current,Medium
L001969,C00070,BR022,Personal,70188858.56,15.42,2026-03-30,24,22489437.76,Current,Medium
L001970,C04087,BR005,Business,369467844.95,14.67,2020-04-12,24,206412772.13,Current,Medium
L001971,C03023,BR038,Business,1148193854.18,8.46,2025-03-14,60,702673695.89,Current,Low
L001972,C05351,BR049,Mortgage,916211287.03,7.43,2023-04-17,180,716795621.84,Late,Medium
L001973,C01373,BR028,Personal,70067162.9,10.41,2026-01-20,60,52420780.92,Current,Medium
L001974,C04618,BR002,Mortgage,240602109.78,7.8,2020-10-14,120,143826683.23,Current,Low
L001975,C05226,BR046,Personal,56582776.56,13.4,2025-08-16,60,44693430.12,Current,Low
L001976,C07711,BR011,Mortgage,436197830.37,8.87,2026-08-27,240,344501626.11,Current,Medium
L001977,C08714,BR038,Auto,1057492386.48,10.2,2026-05-27,36,586810188.04,Current,Low
L001978,C09223,BR038,Personal,93183066.96,13.25,2021-07-29,12,19921939.72,Current,Low
L001979,C07806,BR006,Mortgage,2358369279.71,6.94,2025-05-30,300,2174146787.64,Default,High
L001980,C07391,BR043,Auto,203721311.36,11.6,2023-10-19,48,56830978.12,Current,High
L001981,C08728,BR009,Business,5279823093.33,13.73,2024-04-20,84,2579967893.3,Current,High
L001982,C04391,BR002,Personal,155423714.77,11.66,2025-03-11,36,58903562.94,Current,Low
L001983,C04941,BR038,Mortgage,321108570.94,10.34,2026-01-01,240,209758929.19,Default,Medium
L001984,C03121,BR012,Personal,55253786.74,13.57,2025-04-27,36,41476641.32,Current,Low
L001985,C06446,BR030,Mortgage,633097454.91,8.04,2024-05-21,240,432983363.59,Current,Medium
L001986,C01657,BR037,Mortgage,422708835.31,10.18,2025-09-08,120,320351862.61,Default,High
L001987,C09823,BR003,Auto,244585529.16,11.28,2021-08-01,60,98011213.06,Current,High
L001988,C02092,BR022,Auto,108922752.81,9.41,2025-08-25,72,70011139.53,Current,Medium
L001989,C00288,BR029,Personal,276347604.23,11.92,2022-03-24,12,109322200.35,Current,Low
L001990,C06524,BR046,Mortgage,918108466.86,6.58,2025-10-28,180,311121238.52,Current,High
L001991,C09861,BR039,Mortgage,630345428.8,5.86,2025-12-24,120,534402205.97,Late,High
L001992,C09422,BR017,Personal,207361381.18,10.29,2026-04-08,12,85006894.32,Current,Low
L001993,C08946,BR005,Personal,82179004.31,17.57,2026-03-01,36,8951181.77,Current,Low
L001994,C09415,BR024,Auto,906673641.97,7.29,2022-08-05,48,304111640.27,Current,Low
L001995,C03754,BR045,Mortgage,494125094.84,6.78,2024-05-19,120,233430881.8,Late,High
L001996,C04249,BR045,Mortgage,470826453.51,8.84,2025-01-01,240,234930545.06,Current,Medium
L001997,C00808,BR003,Personal,191399963.1,17.45,2022-05-28,36,133108791.21,Current,Low
L001998,C01072,BR005,Mortgage,904281366.78,8.62,2023-12-04,180,461502063.28,Late,High
L001999,C09046,BR038,Personal,98700041.68,11.91,2026-03-26,48,40917036.91,Current,Low
L002000,C06702,BR047,Mortgage,566855552.97,7.85,2026-02-12,180,230226135.71,Current,High
L002001,C08524,BR008,Mortgage,1380356350.21,10.26,2026-06-19,240,141714862.65,Current,Medium
L002002,C07397,BR004,Auto,151543913.45,10.11,2022-09-20,60,65771426.36,Current,Low
L002003,C08793,BR008,Auto,232152685.02,11.4,2025-09-04,60,176444519.0,Current,Low
L002004,C08474,BR003,Personal,172578918.13,17.05,2024-09-08,24,120882605.24,Current,Low
L002005,C08217,BR049,Auto,929940532.82,7.91,2025-12-17,60,718383766.3,Current,High
L002006,C05574,BR012,Mortgage,720548360.72,7.95,2026-07-23,180,150102556.49,Current,High
L002007,C03288,BR014,Personal,95920468.68,10.13,2024-12-08,60,50423650.62,Late,Medium
L002008,C08878,BR002,Business,338129720.22,11.99,2026-02-11,36,99577484.37,Current,Medium
L002009,C02862,BR033,Auto,84002229.95,11.49,2025-07-18,36,65691500.29,Current,Medium
L002010,C02428,BR023,Business,515687705.93,14.92,2023-06-16,84,378193604.96,Current,Low
L002011,C04803,BR038,Personal,112343378.36,11.73,2024-09-25,36,25977715.31,Current,High
L002012,C00517,BR042,Auto,498801187.78,11.8,2025-12-22,48,391133393.21,Current,Medium
L002013,C08868,BR049,Personal,219180129.47,16.09,2026-02-16,12,158529825.7,Current,Low
L002014,C05618,BR046,Auto,790165742.52,12.44,2023-10-25,60,378077266.89,Current,Low
L002015,C06240,BR049,Mortgage,360551872.12,8.73,2024-11-01,240,254000111.24,Late,High
L002016,C04780,BR016,Mortgage,5346064186.15,8.44,2023-10-19,120,2358378698.34,Late,Medium
L002017,C07763,BR038,Personal,197448376.14,15.72,2023-03-30,12,73929992.23,Current,Low
L002018,C08104,BR038,Personal,44080391.52,12.83,2023-05-28,60,30179143.21,Current,Low
L002019,C08637,BR036,Business,1986346125.08,8.71,2023-01-31,84,549753586.55,Current,Low
L002020,C05210,BR033,Mortgage,317361440.69,8.77,2026-03-10,240,163042155.54,Current,Low
L002021,C01509,BR029,Business,138209205.53,9.99,2026-01-19,24,56379787.42,Late,High
L002022,C03520,BR028,Auto,212687894.46,11.76,2025-08-16,36,45070632.1,Current,Medium
L002023,C03317,BR041,Mortgage,459068417.15,8.59,2023-12-24,300,229772273.28,Current,Low
L002024,C07172,BR039,Personal,177228112.41,17.5,2026-02-16,36,151582690.29,Default,High
L002025,C01678,BR046,Personal,100712342.84,14.54,2025-08-31,12,37911931.74,Current,Low
L002026,C07569,BR046,Personal,137128910.51,14.45,2024-04-20,24,83934772.13,Current,Low
L002027,C05306,BR013,Mortgage,830600322.11,8.56,2026-04-09,240,83124021.97,Current,Low
L002028,C03169,BR050,Business,358282858.46,7.83,2024-08-27,84,61490994.55,Current,Medium
L002029,C08579,BR022,Personal,70887429.72,17.23,2026-06-19,12,38531154.89,Current,High
L002030,C06609,BR004,Mortgage,1214743002.71,8.06,2026-07-14,240,839854786.45,Late,High
L002031,C08051,BR026,Mortgage,453563243.08,6.53,2024-06-28,300,324802355.38,Current,Low
L002032,C01036,BR030,Personal,321699444.26,15.78,2024-01-02,60,241963891.39,Current,Low
L002033,C09794,BR012,Personal,157744076.2,16.68,2026-06-06,24,17720146.73,Current,Low
L002034,C07372,BR024,Mortgage,907154973.75,9.56,2026-03-06,180,856146615.01,Default,High
L002035,C02985,BR004,Personal,83400206.37,13.8,2021-05-08,48,53700306.34,Current,Low
L002036,C08717,BR038,Mortgage,601306609.61,9.78,2021-03-17,120,186673098.49,Current,Medium
L002037,C09917,BR002,Mortgage,583485758.55,7.19,2026-08-17,240,284770379.14,Current,Low
L002038,C05593,BR050,Personal,54752010.89,14.1,2026-03-10,48,29154645.94,Current,Medium
L002039,C08849,BR050,Mortgage,527792095.21,8.02,2023-07-29,240,68621017.61,Current,High
L002040,C05823,BR030,Mortgage,408242223.42,7.61,2023-08-31,120,73354471.86,Current,Medium
L002041,C08715,BR048,Personal,179094186.67,12.59,2023-03-23,24,100314599.38,Current,Low
L002042,C07330,BR040,Mortgage,812982606.38,5.65,2025-05-12,120,608696206.6,Late,High
L002043,C09409,BR031,Personal,235453313.38,13.25,2025-09-14,60,61037270.57,Current,Medium
L002044,C06968,BR004,Auto,240697436.9,12.18,2024-10-07,72,202367570.89,Late,Medium
L002045,C08563,BR047,Mortgage,2176456890.21,7.1,2020-08-16,120,1052293894.09,Late,High
L002046,C07214,BR048,Business,369559078.12,8.1,2025-08-25,84,284781844.15,Current,Low
L002047,C08406,BR007,Mortgage,599182525.07,8.33,2026-08-20,300,476433430.95,Current,Low
L002048,C03128,BR004,Personal,51924926.14,15.42,2025-06-08,48,37894750.58,Late,Medium
L002049,C06603,BR033,Personal,111738814.51,16.59,2024-11-15,12,88765288.08,Late,Low
L002050,C00217,BR043,Mortgage,1488648888.32,9.67,2025-11-13,300,276507176.54,Current,Low
L002051,C03108,BR007,Personal,27821199.16,15.97,2026-07-31,12,3970385.24,Current,Low
L002052,C03736,BR041,Mortgage,1230588724.09,6.93,2021-08-04,180,373873246.85,Current,Medium
L002053,C02963,BR034,Mortgage,528423339.48,6.75,2025-02-21,180,228823429.46,Late,Medium
L002054,C03569,BR015,Business,3711337804.38,10.68,2025-04-30,84,2767738423.19,Current,Low
L002055,C02762,BR016,Personal,125094582.45,10.98,2024-02-03,12,111111387.11,Default,Medium
L002056,C02539,BR025,Mortgage,1125392238.3,8.61,2026-07-20,240,544310719.25,Late,High
L002057,C00893,BR009,Mortgage,2176421721.08,6.98,2025-06-20,240,965084347.48,Current,Medium
L002058,C00030,BR011,Personal,1951626914.76,13.39,2026-08-24,24,870973370.48,Current,Low
L002059,C00057,BR028,Personal,861450209.56,10.03,2022-09-25,60,362791099.57,Current,Low
L002060,C06442,BR023,Mortgage,1413889915.52,6.38,2024-06-02,180,632111723.19,Current,Low
L002061,C07642,BR023,Personal,120528594.46,17.68,2022-07-21,36,36878184.02,Current,Low
L002062,C02708,BR007,Personal,504299004.38,16.75,2020-04-05,48,376211160.81,Current,Low
L002063,C02341,BR031,Mortgage,1743454696.91,5.67,2024-12-12,180,1067475964.56,Current,High
L002064,C02831,BR006,Personal,52534399.64,13.06,2024-02-19,60,35274707.2,Late,High
L002065,C05472,BR015,Personal,125490602.87,16.57,2024-01-25,60,14479572.24,Current,Medium
L002066,C04049,BR049,Mortgage,1236891654.75,10.44,2025-09-11,180,777200543.76,Current,Medium
L002067,C02077,BR038,Personal,152007589.39,15.4,2026-08-11,60,69344629.09,Current,Medium
L002068,C02416,BR044,Mortgage,527071360.11,10.38,2025-05-17,240,55607767.57,Current,High
L002069,C07729,BR019,Personal,158772457.1,13.31,2022-11-06,48,120794945.1,Current,Low
L002070,C08184,BR019,Auto,189512947.13,11.05,2024-08-05,48,68352009.85,Current,High
L002071,C09209,BR030,Auto,207746462.32,10.46,2025-05-29,36,34037787.55,Current,High
L002072,C09718,BR046,Personal,86166059.83,10.22,2024-10-27,36,16141384.42,Current,Low
L002073,C05130,BR013,Auto,246771762.01,11.19,2025-06-27,60,182555937.28,Current,Low
L002074,C01280,BR018,Personal,170479853.65,14.91,2023-12-16,24,83758556.53,Current,Low
L002075,C00351,BR049,Mortgage,3810035564.14,10.1,2026-03-14,120,2116611543.3,Current,Low
L002076,C06362,BR038,Auto,215960064.44,7.23,2023-02-14,36,178353717.6,Default,High
L002077,C07877,BR029,Mortgage,554698340.03,7.41,2026-07-28,180,278161685.64,Late,High
L002078,C07069,BR014,Personal,62818683.94,15.47,2021-08-28,48,33336980.9,Current,Low
L002079,C04263,BR033,Personal,133505729.37,17.57,2026-08-15,24,29931819.76,Current,Low
L002080,C06263,BR009,Auto,259723719.24,8.18,2026-01-17,72,165694543.46,Late,High
L002081,C03009,BR018,Auto,286641409.52,8.81,2023-04-02,60,95734826.76,Current,Low
L002082,C09541,BR026,Personal,58585429.9,16.6,2024-12-26,36,9964338.08,Current,Low
L002083,C09314,BR010,Personal,128376697.87,17.99,2025-09-09,36,102862942.94,Default,Low
L002084,C03389,BR017,Mortgage,1571315788.77,8.34,2024-12-04,240,484438535.38,Current,Medium
L002085,C05342,BR021,Auto,303425523.35,9.58,2025-11-09,72,86525086.58,Current,Low
L002086,C00460,BR036,Personal,173622616.42,16.87,2025-11-28,12,45079437.64,Current,Low
L002087,C01332,BR038,Personal,49346989.17,16.76,2024-08-09,24,16769801.86,Current,Low
L002088,C02642,BR019,Personal,193971628.79,14.84,2026-07-31,24,90775418.72,Current,Low
L002089,C01601,BR048,Personal,138283048.79,13.42,2022-02-09,60,86020919.97,Current,Low
L002090,C07589,BR015,Mortgage,869229700.68,10.22,2026-04-05,300,101586186.93,Current,Medium
L002091,C01382,BR005,Auto,176637488.94,11.26,2022-09-26,36,99081140.95,Current,Low
L002092,C01831,BR046,Auto,206532979.04,10.63,2024-07-05,60,132033880.93,Current,Medium
L002093,C04106,BR013,Personal,201470110.45,17.42,2020-12-12,60,133146778.38,Current,Low
L002094,C00430,BR048,Mortgage,898333275.51,9.35,2024-05-01,180,385156999.02,Current,High
L002095,C08844,BR041,Mortgage,539209968.66,9.57,2024-09-15,180,187911993.8,Current,Medium
L002096,C07984,BR007,Business,329554352.99,10.77,2026-02-09,60,246577785.89,Current,Medium
L002097,C01247,BR038,Personal,456689317.18,10.95,2022-10-26,12,142404637.89,Current,Low
L002098,C04145,BR016,Mortgage,239878179.11,6.39,2024-11-20,120,157818855.24,Current,Medium
L002099,C06245,BR026,Auto,264265639.46,11.87,2025-05-01,72,61656665.89,Current,Low
L002100,C02533,BR032,Business,484604155.3,13.48,2022-07-04,12,313137704.93,Late,High
L002101,C01111,BR008,Business,217877131.35,10.2,2024-01-17,36,122202076.41,Current,Low
L002102,C03616,BR044,Mortgage,4117851299.07,6.87,2024-01-24,120,2174119736.03,Current,High
L002103,C03752,BR027,Personal,154141186.46,15.57,2023-03-16,48,91586083.99,Current,High
L002104,C08030,BR029,Personal,84683360.02,14.85,2023-05-17,24,22089278.14,Current,Medium
L002105,C02443,BR019,Auto,270625617.74,9.29,2025-09-03,48,49567596.83,Current,Low
L002106,C00319,BR004,Personal,79546838.88,16.02,2025-11-25,48,52781696.02,Current,Low
L002107,C08102,BR006,Personal,922079821.72,15.56,2023-03-21,36,362562971.42,Current,Low
L002108,C08646,BR044,Mortgage,1047133990.58,6.54,2026-07-20,120,182107893.26,Current,Medium
L002109,C06431,BR001,Personal,241219336.3,11.74,2025-10-26,36,143543853.96,Current,Low
L002110,C02134,BR008,Personal,54166202.09,10.0,2022-09-04,24,37179744.33,Current,Low
L002111,C00595,BR022,Personal,333408584.6,10.03,2026-07-18,36,250345164.14,Late,High
L002112,C02715,BR004,Auto,147121852.23,8.74,2022-03-13,60,37519630.94,Current,Low
L002113,C05998,BR041,Mortgage,454037806.81,7.16,2024-08-08,120,228973659.43,Current,High
L002114,C04150,BR030,Auto,871837555.06,11.89,2026-06-10,36,678915619.78,Current,Low
L002115,C02427,BR004,Mortgage,578345665.54,6.19,2025-07-09,120,393147059.59,Current,Low
L002116,C02221,BR030,Personal,195025620.35,10.83,2024-02-09,60,121838562.87,Late,High
L002117,C09405,BR001,Business,440135583.85,13.93,2025-03-18,84,107691316.6,Current,Medium
L002118,C06572,BR049,Personal,111200445.32,12.45,2024-09-17,60,58352346.02,Current,Low
L002119,C02720,BR037,Personal,50131408.15,17.49,2022-08-16,24,10276159.33,Current,Low
L002120,C01015,BR004,Auto,174222148.12,8.15,2026-04-27,36,139178286.49,Current,Low
L002121,C02815,BR031,Mortgage,459535254.27,10.43,2025-04-15,180,335266623.32,Default,Medium
L002122,C01879,BR032,Personal,336765632.97,17.28,2025-01-15,36,216272492.81,Current,Low
L002123,C08221,BR034,Mortgage,552188690.91,9.23,2023-01-15,240,328400699.62,Current,Low
L002124,C09849,BR032,Business,301368380.83,7.62,2026-08-11,60,123488200.6,Late,High
L002125,C01057,BR027,Personal,267086609.16,12.35,2025-08-16,24,109929445.7,Current,Low
L002126,C00218,BR041,Personal,160906922.59,17.49,2023-05-25,12,41581036.09,Current,Medium
L002127,C07667,BR029,Auto,131345000.02,9.29,2026-05-30,48,49282435.27,Current,Low
L002128,C01285,BR023,Personal,66376686.99,16.34,2023-11-05,48,18427815.39,Current,Low
L002129,C06541,BR029,Mortgage,431078973.48,10.32,2026-06-14,300,52172253.52,Current,Low
L002130,C02661,BR038,Personal,389191395.89,15.19,2020-05-30,48,268396113.96,Current,Medium
L002131,C07200,BR010,Mortgage,647138181.4,6.53,2025-06-23,120,195063890.64,Current,Low
L002132,C06556,BR002,Auto,273154731.66,10.47,2025-11-25,60,222218487.77,Default,High
L002133,C07301,BR048,Mortgage,862370662.95,6.54,2026-08-03,180,224106053.85,Current,Medium
L002134,C06462,BR015,Mortgage,1064435612.68,7.37,2020-12-12,120,489597989.2,Current,Medium
L002135,C09291,BR038,Business,304600790.73,8.79,2024-02-11,24,37835873.6,Current,Low
L002136,C03583,BR028,Mortgage,2098822781.14,6.25,2025-08-27,240,639203871.81,Current,Low
L002137,C07771,BR041,Mortgage,131022240.67,9.62,2023-12-20,120,51809983.71,Current,Low
L002138,C07537,BR016,Personal,236836693.92,17.74,2025-01-28,48,183401977.97,Current,Low
L002139,C09615,BR019,Personal,117535597.05,10.93,2024-10-08,24,13320585.84,Current,Medium
L002140,C05479,BR008,Auto,877383988.63,7.09,2026-08-04,72,446763360.7,Current,Medium
L002141,C04403,BR028,Mortgage,396207971.77,6.46,2022-03-31,300,185611723.39,Late,High
L002142,C09092,BR044,Personal,361017542.16,11.24,2023-11-12,12,66545461.89,Current,Medium
L002143,C07165,BR027,Personal,75115063.27,16.04,2026-07-07,36,51497566.76,Current,Medium
L002144,C06678,BR037,Personal,89934773.85,10.91,2023-10-04,36,71164447.26,Current,Low
L002145,C00696,BR037,Mortgage,365244435.31,8.23,2023-12-09,120,50317551.61,Current,High
L002146,C04078,BR005,Personal,44136730.39,17.41,2023-05-03,12,25926401.91,Current,Medium
L002147,C01916,BR030,Personal,353200209.03,16.28,2025-10-27,36,192074093.78,Late,High
L002148,C03921,BR021,Personal,893928699.13,16.94,2026-07-13,12,664309150.8,Current,Low
L002149,C07062,BR047,Personal,162088353.52,16.79,2024-06-16,24,78017430.28,Current,Low
L002150,C02616,BR038,Personal,718104334.9,10.28,2025-05-25,24,470669372.32,Current,Low
L002151,C07640,BR009,Mortgage,1864030838.94,7.13,2026-03-18,180,256564861.33,Current,Low
L002152,C00971,BR015,Mortgage,1836828754.84,8.98,2022-12-01,180,1117618722.73,Current,High
L002153,C01441,BR032,Auto,220940892.87,7.62,2026-02-02,48,91242482.5,Current,Medium
L002154,C02325,BR039,Mortgage,1962557529.02,7.54,2024-09-27,120,1334923308.59,Late,Medium
L002155,C01121,BR010,Personal,84286010.81,12.31,2026-06-21,36,41413010.36,Late,High
L002156,C04669,BR037,Personal,135821248.75,16.61,2025-09-04,24,107825215.06,Current,Low
L002157,C07977,BR041,Auto,329299440.29,10.34,2022-01-31,72,105899293.14,Current,Low
L002158,C00648,BR021,Auto,146430484.53,7.53,2024-08-26,72,16768869.41,Current,Low
L002159,C07254,BR044,Personal,81681248.75,11.82,2024-12-17,48,42846168.85,Current,Low
L002160,C04692,BR037,Business,265962454.64,10.29,2021-03-11,84,146445061.14,Late,Medium
L002161,C00128,BR008,Personal,128504484.85,13.68,2025-09-10,48,44281282.91,Current,Low
L002162,C06746,BR038,Personal,65398529.77,11.73,2020-03-02,12,36886051.28,Late,Low
L002163,C00577,BR029,Personal,229858186.03,16.51,2026-03-30,60,76105287.52,Current,Low
L002164,C07970,BR044,Business,333313368.0,9.33,2024-10-19,84,182138407.22,Current,Medium
L002165,C07916,BR011,Mortgage,7196083868.64,5.62,2026-08-06,120,2764993678.12,Current,Medium
L002166,C06614,BR032,Mortgage,419392322.92,8.06,2025-11-02,120,263803505.63,Current,High
L002167,C08127,BR038,Auto,2211287390.22,11.62,2025-12-08,36,1460478570.64,Current,Low
L002168,C01145,BR007,Personal,170646062.36,11.5,2025-01-19,36,21890082.93,Current,Low
L002169,C03037,BR010,Auto,236284646.68,8.76,2023-02-08,36,138261848.52,Current,Low
L002170,C08839,BR007,Mortgage,341039291.18,8.41,2021-08-18,300,161886556.26,Current,Medium
L002171,C01421,BR049,Personal,27857887.74,14.69,2022-08-11,36,23108304.35,Late,Medium
L002172,C09519,BR021,Personal,155549170.38,12.68,2021-07-28,60,98740006.98,Current,Low
L002173,C03806,BR050,Mortgage,184959880.52,7.71,2022-06-12,180,60453083.26,Current,High
L002174,C05617,BR030,Personal,189453122.29,11.8,2025-04-01,12,51090321.26,Current,Low
L002175,C09134,BR025,Auto,269065692.11,9.75,2024-11-21,36,177033088.11,Current,Low
L002176,C07163,BR026,Personal,55322412.02,10.81,2026-06-08,48,20211438.95,Current,Medium
L002177,C01888,BR023,Mortgage,2528622101.15,9.22,2026-07-28,240,1188148580.81,Current,High
L002178,C06770,BR034,Personal,548493109.77,15.01,2024-08-22,12,136721141.04,Current,Medium
L002179,C07994,BR007,Auto,165793358.84,9.86,2024-07-17,60,132386588.53,Current,Low
L002180,C06834,BR047,Personal,252185500.19,11.19,2024-01-03,48,155004112.68,Current,Medium
L002181,C04093,BR048,Mortgage,2888064905.83,9.06,2023-08-12,240,562382334.55,Current,Medium
L002182,C08350,BR012,Auto,239466892.95,8.78,2026-05-13,36,41366486.2,Current,Low
L002183,C00751,BR017,Mortgage,700251144.28,7.17,2025-12-09,180,457823763.36,Late,High
L002184,C08390,BR028,Personal,57238390.83,16.69,2025-07-19,60,30102118.96,Late,Low
L002185,C02107,BR012,Mortgage,3834018510.59,9.29,2024-04-14,300,1484902159.1,Current,Low
L002186,C04822,BR041,Mortgage,720856986.41,7.01,2023-10-24,180,133991199.33,Current,Low
L002187,C07152,BR047,Personal,50508080.9,13.54,2026-02-24,24,13994625.38,Current,Medium
L002188,C08103,BR035,Auto,121976668.11,8.28,2024-09-04,72,87091210.91,Current,Medium
L002189,C00854,BR040,Mortgage,1761230474.03,6.32,2022-09-03,300,230512657.2,Current,Low
L002190,C05798,BR023,Mortgage,690952647.02,10.13,2025-12-22,300,545979508.37,Default,High
L002191,C03647,BR002,Personal,143485476.15,12.97,2025-11-28,36,22749921.5,Current,Low
L002192,C07660,BR014,Personal,197770990.04,16.38,2026-05-14,24,126418868.93,Current,Low
L002193,C07966,BR012,Personal,1598235983.38,15.47,2026-04-21,36,1157401345.62,Current,Medium
L002194,C01053,BR009,Auto,455402433.6,9.68,2021-08-07,36,280895244.28,Late,Medium
L002195,C08716,BR047,Mortgage,2211225681.33,7.75,2025-06-16,240,1405493181.52,Late,Medium
L002196,C04729,BR043,Auto,145904959.79,11.58,2024-07-17,60,28767186.43,Current,Medium
L002197,C06821,BR012,Business,450835084.89,14.38,2026-06-20,84,48391275.08,Current,Low
L002198,C03175,BR035,Mortgage,1076607946.58,10.21,2020-10-07,120,438244553.22,Current,Low
L002199,C08173,BR016,Mortgage,647593009.98,10.19,2021-11-22,180,404148034.55,Late,Medium
L002200,C06149,BR022,Mortgage,263040519.18,5.68,2025-08-24,180,218719237.01,Late,Medium
L002201,C02279,BR004,Personal,170142521.71,10.99,2022-07-21,12,66992121.43,Current,Low
L002202,C07755,BR049,Auto,312703749.79,7.5,2024-04-16,36,74621320.52,Current,Low
L002203,C04893,BR038,Mortgage,596458542.81,8.43,2026-07-29,120,378195932.01,Current,Medium
L002204,C05378,BR040,Auto,369558638.31,8.14,2023-12-31,48,260118316.43,Late,High
L002205,C07790,BR040,Mortgage,449657477.04,6.2,2024-01-11,120,320073206.45,Current,Medium
L002206,C03847,BR036,Auto,732174744.65,7.84,2024-02-21,60,260259444.36,Current,Low
L002207,C08432,BR047,Personal,66768622.02,13.71,2021-09-22,12,49948383.28,Current,Low
L002208,C02136,BR002,Mortgage,383446778.33,10.15,2025-10-12,180,319883614.53,Late,Medium
L002209,C07418,BR050,Personal,73104221.89,15.02,2024-03-28,48,51884611.43,Current,Low
L002210,C06877,BR038,Auto,228166204.18,8.91,2023-07-20,48,152246313.42,Current,Low
L002211,C05206,BR027,Mortgage,361721438.54,5.72,2026-08-15,120,56199589.04,Current,Medium
L002212,C08501,BR008,Personal,204265571.74,17.59,2026-07-07,36,116860647.46,Current,Low
L002213,C00943,BR028,Personal,156000923.82,17.48,2024-09-18,12,103832130.15,Current,Medium
L002214,C00456,BR044,Business,239269062.13,10.16,2026-07-03,12,76599131.22,Current,Low
L002215,C03623,BR019,Personal,148221964.62,16.19,2026-01-06,12,79996586.54,Late,High
L002216,C08287,BR009,Business,191735082.73,7.89,2020-08-26,36,153092398.55,Current,Medium
L002217,C02671,BR040,Auto,915170985.67,10.98,2025-03-06,36,263932159.41,Current,Low
L002218,C01563,BR034,Auto,181389140.65,10.99,2024-06-23,36,21274919.48,Current,Low
L002219,C06111,BR038,Mortgage,378272197.98,10.02,2023-09-01,120,349225972.05,Default,High
L002220,C05484,BR038,Auto,119343241.46,10.99,2024-10-17,60,66746750.33,Current,Medium
L002221,C03916,BR028,Personal,724408177.24,12.05,2024-03-03,36,91611944.89,Current,Low
L002222,C01924,BR013,Business,566642868.36,8.98,2026-02-14,36,452170252.13,Current,Medium
L002223,C09012,BR048,Personal,32836875.61,17.59,2025-08-11,24,5368753.71,Current,Low
L002224,C07724,BR042,Auto,99970351.22,10.02,2023-04-07,36,25322849.34,Current,Low
L002225,C07951,BR036,Personal,66874114.28,15.91,2024-10-23,48,46009211.83,Current,Medium
L002226,C00634,BR019,Auto,307017567.99,11.74,2025-02-05,48,172049337.44,Current,Medium
L002227,C06399,BR020,Personal,77304520.34,12.96,2025-07-20,24,11380266.86,Current,Low
L002228,C08858,BR030,Mortgage,4695239887.17,5.54,2026-06-05,240,1429674265.92,Current,High
L002229,C00208,BR047,Business,2260428921.48,10.39,2025-12-05,24,926206383.13,Late,Medium
L002230,C03180,BR049,Auto,142514700.39,9.55,2022-11-02,72,104828961.7,Current,Medium
L002231,C00273,BR035,Business,233393816.08,13.07,2025-04-19,12,120500883.63,Current,Medium
L002232,C01742,BR006,Auto,408841805.44,10.4,2026-07-15,60,50984834.01,Current,Medium
L002233,C05028,BR045,Personal,207443398.1,14.64,2020-08-29,36,31974604.39,Current,Low
L002234,C07544,BR017,Personal,220608789.55,14.7,2022-12-09,48,158426724.71,Current,Low
L002235,C07448,BR011,Mortgage,839294513.77,9.78,2025-11-06,180,229954651.58,Current,Medium
L002236,C04526,BR026,Mortgage,267158136.11,6.79,2026-06-23,120,138253586.47,Current,Medium
L002237,C07889,BR032,Personal,565450703.3,13.32,2024-08-07,12,444446646.2,Current,Low
L002238,C02433,BR029,Personal,68386281.33,15.38,2025-12-15,60,57457024.96,Default,Medium
L002239,C02495,BR038,Personal,448541660.19,17.1,2022-02-15,36,50179242.45,Current,Low
L002240,C07168,BR006,Personal,237879294.59,16.57,2026-05-08,48,170015771.07,Current,Low
L002241,C00476,BR035,Personal,616475100.0,16.13,2025-02-13,24,210016715.2,Current,Low
L002242,C06326,BR015,Mortgage,505012530.62,7.8,2025-09-20,180,419391748.71,Late,High
L002243,C07703,BR027,Mortgage,402458991.1,8.44,2022-08-22,300,191523365.06,Current,Medium
L002244,C04433,BR038,Auto,135537180.64,8.7,2024-03-18,48,28820185.02,Current,High
L002245,C04831,BR023,Personal,38338033.05,12.66,2025-12-12,24,12344569.71,Current,Low
L002246,C06168,BR040,Business,276045394.45,11.54,2023-01-04,12,217183571.25,Current,Medium
L002247,C02936,BR034,Personal,192580989.62,12.6,2023-07-23,24,58133123.08,Current,Low
L002248,C07958,BR018,Auto,1462275787.25,9.3,2026-08-25,72,327014753.01,Current,Low
L002249,C06100,BR007,Mortgage,448937025.02,8.33,2025-12-25,300,347091635.51,Late,Medium
L002250,C03004,BR005,Business,330921042.87,9.98,2024-07-04,60,65299471.95,Current,Low
L002251,C02988,BR021,Personal,152729904.19,14.81,2021-09-08,12,72331729.38,Current,Medium
L002252,C06660,BR045,Personal,68725772.1,15.4,2024-02-04,48,23754066.26,Current,Low
L002253,C07764,BR038,Auto,92427680.35,11.21,2026-04-21,60,33906947.63,Current,Low
L002254,C09082,BR050,Personal,160823043.44,12.99,2026-08-30,12,96932893.48,Current,Low
L002255,C06265,BR040,Business,717774092.69,9.61,2021-11-28,84,601189064.68,Late,High
L002256,C05860,BR028,Business,431716654.4,14.54,2026-06-17,12,295203896.16,Current,Medium
L002257,C01932,BR023,Auto,199519958.25,10.06,2026-07-27,36,153377290.68,Current,Medium
L002258,C00719,BR007,Mortgage,3763874122.28,8.67,2025-06-15,300,1769879625.86,Current,High
L002259,C08859,BR044,Auto,125640958.32,8.32,2025-11-02,48,90878183.99,Current,Medium
L002260,C04082,BR038,Personal,43952705.28,16.85,2025-10-12,24,15218697.28,Current,Low
L002261,C08883,BR038,Business,1612724666.05,8.59,2023-12-15,84,543641377.02,Current,High
L002262,C04366,BR007,Auto,629675247.32,7.67,2021-07-06,48,148751024.2,Current,Low
L002263,C03970,BR017,Personal,110974478.12,14.67,2022-04-28,60,76314040.83,Current,Low
L002264,C09036,BR033,Personal,115568444.57,11.75,2023-04-10,24,76982822.41,Current,Low
L002265,C07093,BR024,Auto,278620857.76,11.49,2025-08-09,48,217463480.4,Current,Low
L002266,C05200,BR033,Personal,61346100.93,10.58,2021-05-26,36,42672752.83,Current,Medium
L002267,C03192,BR038,Personal,115536154.29,10.99,2022-03-21,24,50460510.73,Current,Medium
L002268,C01777,BR019,Personal,84661486.77,16.02,2020-12-25,36,51535107.17,Current,Low
L002269,C06725,BR046,Auto,209727689.03,8.05,2022-05-26,60,28168530.32,Current,Medium
L002270,C01945,BR023,Business,1169746433.5,8.47,2026-03-23,24,710449573.8,Current,Low
L002271,C02739,BR016,Personal,88451505.68,13.98,2024-11-04,48,10807836.61,Current,Medium
L002272,C03302,BR030,Personal,78875182.67,12.96,2024-07-14,12,25350660.96,Current,Low
L002273,C03985,BR047,Auto,156276215.8,11.95,2026-02-27,60,104542526.35,Current,Low
L002274,C01687,BR035,Mortgage,1250821684.61,8.83,2026-08-31,120,596444382.98,Late,Medium
L002275,C01492,BR038,Business,254043569.79,12.97,2024-06-05,24,83921811.67,Current,Low
L002276,C03233,BR046,Personal,69975593.57,17.32,2024-04-09,24,13338990.8,Current,Low
L002277,C02692,BR021,Personal,269875906.37,10.74,2024-12-23,12,170957084.17,Current,Low
L002278,C03053,BR032,Personal,55535087.64,10.62,2025-01-10,12,24890069.28,Current,Low
L002279,C04505,BR038,Personal,110816125.37,15.4,2025-08-25,48,77195864.66,Current,Medium
L002280,C09535,BR036,Auto,283088420.6,7.02,2020-11-06,60,181036522.08,Late,Medium
L002281,C04595,BR032,Personal,196690635.12,15.89,2025-07-31,36,146074297.74,Current,Low
L002282,C00629,BR007,Mortgage,518831924.05,8.96,2022-09-24,120,134093456.76,Current,Medium
L002283,C03271,BR027,Personal,248771746.8,16.6,2026-08-11,24,82775575.9,Current,Low
L002284,C03979,BR019,Mortgage,1100056667.01,8.57,2023-08-05,240,509937121.92,Current,Low
L002285,C04641,BR038,Mortgage,861360534.49,8.25,2026-05-26,240,521857326.24,Current,Medium
L002286,C04707,BR009,Personal,454051598.69,15.02,2024-12-01,12,161343934.97,Current,Medium
L002287,C08703,BR044,Auto,320906279.25,11.06,2023-03-14,48,82024654.7,Current,Low
L002288,C01548,BR044,Mortgage,1114963140.22,6.9,2025-11-07,240,846140023.21,Current,Medium
L002289,C02284,BR024,Mortgage,228528773.3,7.36,2025-02-22,300,180320418.92,Current,Low
L002290,C04842,BR041,Mortgage,949234189.39,6.22,2023-01-27,180,193565253.52,Current,High
L002291,C02446,BR040,Auto,112902457.79,8.96,2026-04-13,72,82383114.31,Current,Medium
L002292,C07604,BR018,Personal,211458223.48,13.18,2022-02-04,48,45356713.35,Current,Low
L002293,C00379,BR047,Auto,166503815.85,11.76,2021-02-17,36,101966571.55,Current,Medium
L002294,C01115,BR041,Auto,242097838.77,8.82,2020-07-27,60,161368534.33,Current,Low
L002295,C09462,BR030,Auto,148101959.69,10.52,2023-09-18,72,58227086.16,Current,Low
L002296,C05328,BR041,Personal,294436272.55,12.11,2026-03-23,12,115569537.74,Current,Low
L002297,C04283,BR035,Personal,117883280.53,10.47,2024-08-30,24,84856263.76,Current,Low
L002298,C02775,BR007,Business,1014441643.23,7.61,2025-05-19,24,754478000.5,Current,Medium
L002299,C04874,BR044,Personal,106187029.05,17.97,2026-06-30,36,28075489.45,Current,Low
L002300,C04940,BR038,Auto,491011076.52,11.21,2025-08-20,36,132112273.23,Current,Low
L002301,C02324,BR047,Mortgage,842445141.56,7.38,2024-12-25,240,525630502.81,Late,High
L002302,C07628,BR049,Personal,193692244.99,10.22,2026-03-12,12,44863738.14,Current,Low
L002303,C09265,BR014,Auto,529257806.72,11.63,2026-06-23,36,417272283.13,Late,Medium
L002304,C00755,BR049,Mortgage,1578847673.62,9.76,2023-12-29,180,418357327.92,Current,Medium
L002305,C03720,BR041,Personal,255980717.53,10.22,2025-11-26,12,28759771.82,Current,Medium
L002306,C09428,BR016,Mortgage,758129796.37,6.68,2024-09-01,240,556571206.43,Current,Low
L002307,C01534,BR039,Auto,275409341.24,12.23,2024-06-28,60,155134645.94,Current,Medium
L002308,C06430,BR008,Personal,279200735.04,14.73,2026-05-26,48,168429578.51,Current,Medium
L002309,C05095,BR044,Business,857430856.91,14.79,2023-03-16,12,445618047.64,Current,Low
L002310,C03084,BR003,Mortgage,430987185.06,7.05,2024-07-30,240,343475348.22,Current,Low
L002311,C08105,BR004,Auto,484508301.85,8.97,2020-02-26,36,357360765.37,Current,Medium
L002312,C04165,BR008,Personal,53959744.83,12.95,2020-11-28,24,36832196.8,Late,Medium
L002313,C05628,BR044,Personal,390134029.07,16.93,2026-01-25,12,306572407.91,Current,Low
L002314,C07697,BR011,Mortgage,366158186.47,6.01,2025-10-09,240,250048764.85,Late,Medium
L002315,C00242,BR006,Auto,259049004.58,7.14,2024-02-01,72,97702393.04,Current,Low
L002316,C08365,BR045,Business,1396790095.59,12.99,2026-04-30,24,156482619.19,Current,High
L002317,C00171,BR038,Business,493161408.53,9.62,2026-02-09,12,228648041.34,Current,Medium
L002318,C05661,BR038,Personal,323187086.67,10.05,2023-06-12,48,211889276.8,Current,Low
L002319,C04229,BR034,Mortgage,757031085.45,6.59,2025-02-20,180,122689217.9,Current,High
L002320,C03448,BR014,Mortgage,295130884.62,8.56,2021-03-26,120,168978385.45,Current,Medium
L002321,C04156,BR032,Personal,463181309.92,13.36,2024-12-15,48,271536093.27,Current,Low
L002322,C04088,BR038,Personal,98492954.08,17.61,2026-02-10,60,51494721.14,Current,Low
L002323,C06942,BR013,Personal,397568837.17,11.31,2023-01-10,12,236594228.96,Current,Medium
L002324,C01791,BR037,Auto,424813345.39,9.62,2026-02-20,36,265182368.68,Current,Medium
L002325,C08759,BR015,Personal,103018985.59,11.13,2025-08-26,36,31789592.86,Current,Low
L002326,C09899,BR040,Auto,212797554.2,8.06,2022-07-18,48,138932039.55,Current,Low
L002327,C04178,BR029,Personal,167809542.94,17.09,2026-08-26,24,47418834.52,Current,Low
L002328,C02723,BR011,Mortgage,291612086.59,9.88,2023-08-02,240,174399634.28,Current,Medium
L002329,C01897,BR047,Personal,161913517.68,14.29,2026-04-18,36,43715625.23,Current,High
L002330,C04241,BR003,Mortgage,1665284158.7,9.51,2025-12-30,120,397566434.99,Current,Medium
L002331,C06276,BR038,Business,220479125.3,13.03,2020-08-03,60,92314533.04,Current,Medium
L002332,C09919,BR033,Personal,141284301.35,16.91,2023-02-01,24,77007361.66,Current,Medium
L002333,C06020,BR046,Business,338473109.14,14.47,2020-12-06,24,270075242.44,Current,Low
L002334,C09184,BR024,Auto,1750934242.79,9.59,2021-11-16,60,938622377.57,Current,Low
L002335,C02506,BR039,Mortgage,960296073.95,8.99,2024-10-03,180,713691954.31,Current,High
L002336,C05442,BR030,Auto,385885743.57,10.28,2022-10-21,48,206776508.37,Current,Low
L002337,C07874,BR013,Business,743228831.93,12.66,2025-01-03,12,447089651.68,Late,High
L002338,C04583,BR046,Auto,237343380.68,8.71,2023-07-08,60,63061431.69,Current,Low
L002339,C01940,BR040,Mortgage,669933572.68,7.65,2020-02-13,240,559113010.95,Default,High
L002340,C07499,BR024,Personal,255724983.61,13.0,2023-05-21,36,142586726.66,Current,Low
L002341,C03581,BR025,Personal,563078919.44,12.66,2021-04-05,24,322312842.48,Current,Low
L002342,C05105,BR027,Personal,377145418.45,12.59,2026-04-04,24,238253332.13,Current,Medium
L002343,C05855,BR025,Personal,31456079.08,16.76,2024-05-07,60,15065857.1,Current,Low
L002344,C05529,BR047,Mortgage,1460206399.29,6.33,2025-10-15,300,884569324.49,Current,Medium
L002345,C07447,BR002,Business,281274490.59,9.61,2025-03-09,84,234234446.87,Late,Medium
L002346,C01165,BR007,Personal,281493793.62,11.8,2021-10-29,48,218416904.51,Current,Low
L002347,C00810,BR030,Auto,372016575.36,12.14,2023-01-25,72,143731719.77,Current,Medium
L002348,C00948,BR022,Mortgage,399786988.99,7.73,2023-07-27,120,264745365.19,Current,High
L002349,C00492,BR007,Mortgage,309655739.2,5.58,2026-08-14,300,81954038.33,Current,Low
L002350,C07370,BR002,Personal,49855847.33,10.81,2025-05-24,60,15480893.93,Current,Low
L002351,C09945,BR008,Personal,103859178.7,10.32,2024-09-17,36,34113579.77,Current,Low
L002352,C04918,BR018,Business,927233978.89,8.43,2024-04-07,84,559023368.71,Current,Low
L002353,C06146,BR015,Business,305519055.45,10.13,2026-01-20,36,209405277.83,Current,Medium
L002354,C06998,BR016,Auto,309819180.76,10.46,2026-07-21,72,172924077.33,Current,Low
L002355,C07451,BR006,Personal,178059991.83,12.45,2025-03-04,24,133886688.31,Late,Low
L002356,C09593,BR005,Auto,512351078.51,7.41,2024-10-05,72,244551888.85,Current,Medium
L002357,C01175,BR003,Personal,39606080.95,14.59,2022-12-17,36,14556762.16,Current,Medium
L002358,C06476,BR001,Auto,77224474.14,12.37,2025-01-26,48,41706949.98,Late,High
L002359,C04362,BR008,Mortgage,832129869.24,9.32,2021-09-16,300,251190951.35,Current,High
L002360,C02704,BR041,Personal,595321804.5,10.27,2024-09-22,48,462702629.43,Current,Low
L002361,C01243,BR006,Auto,946657901.33,9.62,2025-12-06,36,208484242.64,Current,Medium
L002362,C02080,BR035,Auto,2402223094.73,9.37,2020-03-17,60,1281498793.29,Current,Medium
L002363,C08100,BR023,Personal,91408221.05,16.74,2026-06-17,24,64513149.62,Current,Medium
L002364,C08636,BR029,Personal,238291564.93,15.55,2026-01-03,12,47844977.34,Current,Low
L002365,C07744,BR045,Mortgage,933128057.11,8.07,2026-04-20,240,536714971.07,Late,Low
L002366,C09009,BR047,Personal,184248072.7,15.54,2026-07-09,60,67100610.81,Current,Medium
L002367,C09194,BR038,Business,1489503373.28,8.04,2024-06-03,84,262879594.65,Current,Low
L002368,C08941,BR029,Personal,367487277.86,11.25,2022-02-24,24,226267634.91,Current,Medium
L002369,C00425,BR022,Personal,24484191.21,13.99,2025-02-07,60,18477969.29,Current,Low
L002370,C03030,BR022,Business,591676236.27,12.01,2024-05-01,84,387623334.43,Current,Low
L002371,C08824,BR021,Personal,205408450.45,14.67,2025-10-11,12,41740131.51,Current,Low
L002372,C00935,BR035,Mortgage,253398489.59,6.2,2023-11-06,240,56984292.37,Current,Low
L002373,C04631,BR043,Personal,184565801.58,15.1,2022-06-25,12,67470173.56,Current,Medium
L002374,C03377,BR020,Personal,200582115.27,10.58,2022-03-19,24,31223317.43,Current,Low
L002375,C09811,BR047,Personal,1337000664.84,10.57,2021-11-27,48,1052124698.5,Current,Medium
L002376,C09306,BR008,Mortgage,343789957.55,7.57,2024-12-01,120,262249046.32,Current,Medium
L002377,C05566,BR007,Business,608036937.67,8.37,2021-04-18,12,125148039.0,Current,Medium
L002378,C05521,BR030,Mortgage,4271351910.42,10.43,2026-05-30,180,3990693666.11,Default,High
L002379,C05198,BR049,Auto,209852961.57,11.86,2021-05-08,60,165689227.66,Default,High
L002380,C05339,BR038,Business,752361358.64,11.92,2024-07-14,12,298595380.42,Current,High
L002381,C04942,BR021,Business,552938287.47,11.63,2023-10-31,24,141317581.15,Current,Medium
L002382,C09717,BR030,Mortgage,1814336707.08,6.5,2024-12-22,120,1372305920.32,Current,Low
L002383,C01356,BR038,Personal,150127050.89,10.14,2025-08-31,48,105261072.61,Late,High
L002384,C00344,BR038,Auto,78146948.98,7.09,2026-07-26,36,60273344.86,Current,Low
L002385,C03041,BR001,Personal,1385485019.31,17.36,2022-05-28,60,1028550454.05,Current,Low
L002386,C03935,BR027,Mortgage,731248792.4,8.49,2026-03-24,300,554317134.25,Current,High
L002387,C02169,BR011,Personal,198793456.23,17.8,2023-10-25,36,64486612.22,Current,Medium
L002388,C01473,BR002,Personal,103513667.76,17.78,2025-09-12,48,59175446.4,Current,Low
L002389,C05837,BR046,Mortgage,9126826849.01,5.88,2024-04-23,120,6863506374.87,Late,Medium
L002390,C06335,BR010,Business,204100018.26,14.32,2024-12-17,36,143453124.38,Late,High
L002391,C06230,BR007,Personal,257057102.68,15.22,2026-06-19,24,121075560.94,Current,Low
L002392,C09613,BR046,Mortgage,322500882.24,7.92,2026-08-26,300,142746259.56,Current,Low
L002393,C07825,BR045,Personal,319159775.92,14.16,2023-11-05,48,169291515.69,Current,Medium
L002394,C03610,BR027,Personal,99064778.38,14.94,2021-07-01,24,42837734.62,Current,Low
L002395,C08233,BR029,Personal,120559348.26,11.41,2026-07-11,24,78456731.51,Current,Low
L002396,C02724,BR035,Mortgage,537031438.5,8.77,2025-07-12,180,83057095.8,Current,Low
L002397,C08609,BR011,Personal,621064408.33,15.13,2025-10-13,24,392344311.68,Current,Low
L002398,C02235,BR047,Personal,180525319.17,10.31,2025-01-29,24,98069854.86,Current,Low
L002399,C03039,BR036,Personal,126724995.78,14.81,2024-01-15,60,98844237.88,Current,Low
L002400,C07519,BR024,Business,198601387.91,8.0,2026-06-23,36,43005158.95,Current,Low
L002401,C03559,BR006,Personal,76651456.99,12.04,2024-11-19,60,46898477.01,Current,Low
L002402,C08887,BR045,Personal,63519260.86,16.95,2026-01-10,48,49144697.87,Current,Low
L002403,C06855,BR018,Personal,198106061.42,17.86,2025-09-12,24,81132344.55,Current,Low
L002404,C05572,BR023,Auto,621247076.38,12.15,2025-09-02,72,453110750.26,Current,Low
L002405,C07999,BR032,Personal,77419162.56,15.97,2021-08-26,24,60283535.26,Current,Low
L002406,C06224,BR008,Personal,87792565.94,13.1,2022-01-07,24,33509457.14,Current,Low
L002407,C02229,BR011,Personal,102894835.72,16.64,2020-11-19,48,59290626.26,Current,Low
L002408,C06196,BR029,Mortgage,6462959733.93,8.4,2025-04-28,180,3246349436.62,Current,Low
L002409,C03185,BR027,Personal,128204119.48,12.1,2024-08-18,24,105330059.69,Default,Low
L002410,C07622,BR038,Auto,233825191.47,7.63,2026-05-04,60,141425575.39,Current,Low
L002411,C07053,BR042,Auto,697184973.95,11.23,2026-03-07,72,548966258.18,Default,High
L002412,C00014,BR035,Personal,545379103.01,10.69,2026-06-17,24,378004515.49,Late,Low
L002413,C03113,BR028,Personal,462211204.62,15.48,2026-07-06,60,100928412.23,Current,Low
L002414,C06292,BR046,Auto,405417543.84,8.56,2024-02-01,36,163196116.25,Current,Low
L002415,C03276,BR015,Mortgage,1075517451.66,5.91,2025-06-16,120,156511831.35,Current,High
L002416,C09995,BR002,Mortgage,403064103.91,9.09,2026-03-03,240,61668204.4,Current,Low
L002417,C05310,BR047,Mortgage,209981377.68,6.71,2022-12-04,120,29914556.5,Current,Low
L002418,C08540,BR029,Auto,917451965.31,8.96,2021-11-20,36,537277783.98,Current,Medium
L002419,C00937,BR039,Auto,358883183.87,7.3,2022-08-15,72,123575675.6,Current,High
L002420,C05470,BR020,Mortgage,1769915437.36,7.71,2023-04-08,120,454484806.33,Current,High
L002421,C00979,BR030,Mortgage,1881257397.18,6.48,2025-10-28,120,936290029.09,Current,High
L002422,C01259,BR042,Auto,91863391.23,10.0,2024-08-06,48,40023917.56,Current,Low
L002423,C04191,BR038,Personal,59435875.44,14.96,2026-08-20,48,42947871.06,Current,Low
L002424,C05663,BR008,Personal,82421033.86,10.73,2022-10-27,24,14578686.6,Current,Low
L002425,C04689,BR014,Personal,82822706.94,12.87,2025-12-02,48,16162169.6,Current,Medium
L002426,C02215,BR030,Personal,161056890.18,14.43,2024-12-21,60,83872223.92,Current,Low
L002427,C08800,BR013,Mortgage,1086961622.1,5.68,2026-08-01,180,829776959.45,Default,High
L002428,C08647,BR028,Mortgage,1342485964.31,6.36,2023-07-18,300,827692265.66,Current,Low
L002429,C05505,BR038,Personal,129209541.8,15.21,2024-07-26,24,21393466.39,Current,Medium
L002430,C08400,BR023,Mortgage,2209943766.98,6.94,2025-02-25,180,354744572.62,Current,High
L002431,C03210,BR034,Personal,151626061.09,10.84,2026-08-21,24,115763449.45,Current,Low
L002432,C00251,BR019,Personal,319838697.19,14.73,2026-03-03,36,142774746.62,Late,Medium
L002433,C09788,BR037,Mortgage,590239098.05,10.01,2024-09-07,300,208129693.72,Current,Medium
L002434,C08019,BR049,Personal,200986968.98,10.89,2023-08-28,24,135529223.01,Current,Low
L002435,C04099,BR040,Mortgage,1221028848.93,10.22,2023-10-31,240,448703459.12,Current,Low
L002436,C06545,BR045,Auto,556370106.19,8.0,2023-06-04,60,155702187.38,Current,Low
L002437,C03471,BR022,Auto,463144652.32,10.02,2020-02-02,48,127112719.07,Current,Medium
L002438,C05507,BR017,Auto,93477016.97,10.38,2025-11-07,36,40152040.5,Current,Low
L002439,C06494,BR033,Personal,36889334.17,10.37,2026-05-19,60,9296956.88,Current,Low
L002440,C02789,BR040,Mortgage,583443102.12,8.47,2026-06-29,120,439221693.79,Default,High
L002441,C05880,BR001,Auto,161539751.11,7.44,2026-04-10,48,75781651.6,Late,High
L002442,C01511,BR019,Auto,200446647.27,10.97,2025-07-03,60,184381932.37,Default,Medium
L002443,C04891,BR032,Personal,275229017.59,12.21,2024-04-02,48,56738098.07,Current,Low
L002444,C09728,BR015,Mortgage,1842919545.78,7.2,2026-06-01,120,581526281.84,Current,Medium
L002445,C03237,BR040,Personal,79849978.81,17.88,2025-03-27,48,37632611.42,Late,High
L002446,C08676,BR011,Mortgage,988642258.92,9.47,2024-08-26,120,258836510.31,Current,Low
L002447,C06676,BR038,Personal,177076940.96,11.33,2025-12-29,36,84561654.11,Current,Low
L002448,C03848,BR006,Personal,175817608.68,11.41,2025-11-09,12,125952852.06,Current,Low
L002449,C02140,BR017,Auto,219095468.93,7.67,2025-11-15,48,175186859.27,Current,Low
L002450,C06811,BR028,Personal,82521644.42,10.34,2025-09-20,12,34802895.26,Current,Medium
L002451,C01112,BR036,Auto,77800817.5,9.21,2026-03-30,48,57171269.26,Current,Low
L002452,C08509,BR031,Personal,252550421.23,16.26,2024-07-27,48,137869424.25,Current,Low
L002453,C00257,BR029,Mortgage,3284125944.78,9.23,2026-03-01,240,2163382514.24,Current,Medium
L002454,C09054,BR034,Personal,59724676.85,14.61,2025-08-23,48,27623016.39,Current,Low
L002455,C06958,BR009,Mortgage,2052833817.0,7.08,2026-01-22,120,1546207496.41,Current,High
L002456,C01798,BR046,Personal,145402125.68,15.94,2024-11-29,12,57457827.91,Current,High
L002457,C01908,BR013,Personal,43275001.32,10.16,2023-11-20,24,11604276.16,Current,Low
L002458,C07784,BR028,Mortgage,825303626.42,8.2,2023-08-06,300,442895024.01,Current,Low
L002459,C04609,BR036,Personal,133815972.04,12.61,2026-08-16,36,29370949.7,Current,Low
L002460,C05808,BR049,Personal,146178870.75,12.2,2020-06-11,36,36117928.53,Current,Low
L002461,C05391,BR042,Personal,115752103.59,14.08,2022-11-02,60,27017171.79,Current,Low
L002462,C04151,BR037,Personal,130580598.17,10.77,2025-03-25,36,95444050.1,Current,Low
L002463,C00468,BR024,Personal,142305102.21,11.42,2026-01-24,12,69990830.42,Late,Medium
L002464,C04656,BR009,Personal,322464473.97,11.22,2026-08-12,36,167539535.98,Late,High
L002465,C04862,BR031,Auto,666553012.65,11.96,2023-01-28,60,72092444.33,Current,Low
L002466,C07217,BR049,Mortgage,1058383863.17,7.07,2025-08-18,180,592508609.87,Current,Medium
L002467,C07270,BR011,Personal,19530550.34,12.92,2026-08-10,60,13359381.35,Current,Medium
L002468,C02847,BR003,Personal,72142227.32,13.15,2024-11-03,48,7782732.72,Current,Medium
L002469,C04257,BR040,Mortgage,802383242.24,7.97,2025-10-15,240,94682316.19,Current,Medium
L002470,C06610,BR007,Auto,143340497.81,10.68,2022-12-28,72,30439229.33,Current,Low
L002471,C04974,BR008,Auto,223196146.73,9.65,2026-02-28,48,57888248.88,Current,Low
L002472,C05650,BR018,Personal,35082212.25,10.55,2024-05-29,12,12181213.87,Current,Low
L002473,C08561,BR008,Personal,51645028.16,13.43,2023-01-24,12,8547408.82,Current,High
L002474,C06152,BR033,Personal,213765951.08,12.75,2026-08-17,24,178245653.5,Late,Low
L002475,C02084,BR009,Auto,164059158.85,12.33,2026-03-02,60,102434618.39,Current,Low
L002476,C03738,BR036,Personal,334300106.52,14.13,2024-10-16,24,168018996.32,Current,Medium
L002477,C02469,BR048,Personal,278953397.85,17.52,2024-11-29,48,188347914.48,Current,Low
L002478,C02400,BR045,Mortgage,893788973.21,7.87,2025-04-16,300,570167021.39,Late,High
L002479,C02510,BR004,Personal,371793232.21,15.81,2026-02-21,24,75793160.42,Current,Medium
L002480,C01510,BR022,Personal,246648554.3,10.81,2024-11-19,60,84824452.84,Current,Low
L002481,C05543,BR035,Personal,109722971.18,12.94,2026-07-16,60,14534205.31,Current,Low
L002482,C07128,BR041,Mortgage,752717516.34,6.52,2026-08-05,180,586316740.44,Current,High
L002483,C04207,BR006,Mortgage,756944228.85,8.56,2025-10-22,240,482881045.08,Current,Medium
L002484,C08529,BR038,Auto,169467061.72,10.59,2021-02-08,72,116931955.32,Current,High
L002485,C00846,BR048,Mortgage,689127894.48,8.42,2026-06-30,120,285951783.66,Current,Medium
L002486,C04666,BR017,Auto,754142657.27,9.11,2024-12-16,72,491081062.99,Current,Low
L002487,C09253,BR027,Personal,1041232258.47,15.78,2026-06-02,60,435574358.85,Current,Medium
L002488,C04170,BR002,Business,608811150.48,11.48,2026-08-25,84,292387818.53,Late,Medium
L002489,C03104,BR040,Mortgage,384632845.32,8.1,2023-08-19,300,147382043.53,Current,Low
L002490,C02782,BR006,Auto,245900455.58,7.01,2025-10-18,36,203772142.68,Default,High
L002491,C06945,BR013,Mortgage,275443638.86,7.34,2025-12-05,120,139618150.05,Current,Low
L002492,C00369,BR041,Personal,195634078.25,17.56,2026-05-29,24,110658227.65,Current,Medium
L002493,C01565,BR023,Mortgage,4604302939.16,7.99,2022-06-04,300,3650234851.45,Current,High
L002494,C05926,BR050,Business,718659193.41,8.47,2023-04-11,36,163760919.91,Current,Medium
L002495,C00874,BR007,Personal,248340682.37,14.18,2026-07-22,60,98659551.21,Current,Low
L002496,C04515,BR036,Auto,207158595.38,9.13,2021-01-23,48,121661087.95,Current,Medium
L002497,C03827,BR030,Mortgage,1747211811.41,6.93,2021-12-26,300,589071012.07,Current,Low
L002498,C06036,BR046,Personal,284627611.47,11.94,2026-04-05,36,156639572.59,Current,Low
L002499,C02619,BR021,Personal,238074867.57,15.5,2024-06-13,24,97706836.81,Current,Low
L002500,C01351,BR013,Business,697858065.0,9.72,2024-06-10,12,420211141.86,Current,High
L002501,C08311,BR006,Business,642103923.11,13.09,2026-05-15,84,446363375.74,Current,High
L002502,C09864,BR035,Personal,231007137.42,15.51,2026-07-19,12,129869565.98,Current,High
L002503,C06901,BR050,Personal,109178317.3,15.05,2026-04-19,24,71967200.66,Current,Low
L002504,C08991,BR047,Mortgage,1165866662.37,9.93,2025-05-18,180,984700201.62,Default,High
L002505,C04116,BR038,Personal,149001275.47,16.55,2025-07-03,12,89589897.29,Current,Medium
L002506,C04454,BR030,Mortgage,3522790857.55,7.38,2026-01-04,240,2992355407.72,Late,Medium
L002507,C08500,BR038,Auto,316921676.68,10.34,2024-02-03,72,49578888.58,Current,Medium
L002508,C02690,BR018,Personal,93072003.46,11.7,2024-09-16,36,64100448.4,Late,Medium
L002509,C05491,BR003,Personal,81154924.35,12.0,2024-05-14,60,11854271.32,Current,High
L002510,C08158,BR005,Auto,781351794.52,11.35,2025-03-01,48,453089009.67,Current,Low
L002511,C07662,BR006,Mortgage,775595345.08,7.83,2025-08-09,180,585909566.98,Default,High
L002512,C09963,BR018,Mortgage,544628945.9,8.02,2023-10-10,180,254337833.85,Late,Medium
L002513,C06340,BR007,Auto,171764686.97,8.67,2026-03-09,60,113701806.07,Late,High
L002514,C05621,BR047,Mortgage,2887332322.67,6.57,2026-07-03,300,2166188136.13,Default,High
L002515,C00183,BR005,Personal,86083103.65,12.2,2026-06-30,60,21442016.1,Current,Medium
L002516,C09804,BR001,Business,836011625.63,13.12,2024-12-14,24,88873362.98,Current,Low
L002517,C04319,BR028,Personal,119389216.21,12.26,2023-02-12,24,70867680.19,Current,Low
L002518,C01694,BR038,Personal,70456652.84,15.53,2025-08-05,12,42156526.29,Late,High
L002519,C01108,BR013,Business,1095429722.06,13.98,2026-05-19,12,173117754.72,Current,Low
L002520,C00008,BR030,Personal,144832880.21,11.74,2023-12-02,48,45949161.36,Current,Low
L002521,C09039,BR050,Business,2255826953.37,13.28,2025-09-09,36,1578966886.86,Late,Medium
L002522,C04774,BR018,Auto,323022211.24,8.0,2025-06-03,60,135872530.44,Current,Low
L002523,C02458,BR014,Personal,108110969.41,15.45,2025-12-27,24,17255223.41,Current,Low
L002524,C09202,BR035,Auto,372399692.28,9.48,2025-12-20,72,74096396.58,Current,Low
L002525,C09634,BR039,Personal,202563840.42,16.72,2026-06-27,60,50204834.24,Current,Medium
L002526,C06114,BR045,Auto,439098496.8,9.92,2023-07-02,36,57705645.2,Current,Low
L002527,C01218,BR025,Mortgage,378967475.32,9.13,2022-11-24,240,316324515.8,Late,Medium
L002528,C08633,BR014,Mortgage,737684948.84,7.56,2026-05-17,180,94452481.17,Current,Low
L002529,C08459,BR038,Auto,156494316.96,7.57,2026-08-18,36,17976053.32,Current,Low
L002530,C09016,BR028,Mortgage,622829970.14,6.85,2022-09-01,300,198650350.64,Current,Medium
L002531,C02486,BR028,Business,2758979525.38,11.65,2025-03-31,24,387004666.05,Current,Low
L002532,C04146,BR017,Mortgage,1610901826.84,7.94,2025-11-12,120,770873769.37,Current,High
L002533,C00838,BR007,Mortgage,340499082.96,6.91,2026-08-28,120,64266949.82,Current,Low
L002534,C03801,BR014,Business,348684594.65,14.43,2026-08-06,60,268014343.76,Current,Medium
L002535,C00068,BR022,Mortgage,6317896516.12,6.21,2023-03-30,120,4156876088.8,Default,High
L002536,C08433,BR008,Personal,36756749.41,16.9,2026-06-05,12,14052574.92,Current,Medium
L002537,C03739,BR015,Business,374742154.6,9.6,2025-07-23,60,190960431.96,Current,Medium
L002538,C02903,BR013,Mortgage,550209539.96,9.07,2024-12-28,120,308290405.0,Current,Medium
L002539,C05542,BR002,Personal,171346337.29,14.36,2024-12-31,48,108370852.25,Late,Medium
L002540,C02410,BR037,Personal,149818047.0,13.24,2024-05-18,36,53368304.98,Current,Medium
L002541,C06050,BR032,Mortgage,678575393.59,9.4,2023-07-12,300,395143926.76,Late,High
L002542,C04441,BR024,Personal,153016340.01,16.21,2026-05-13,36,66408192.04,Current,Low
L002543,C08781,BR022,Personal,416474243.97,16.02,2026-07-07,24,99595576.63,Current,Low
L002544,C01595,BR023,Business,1391976041.78,10.61,2022-11-21,84,726909074.61,Current,Low
L002545,C04107,BR011,Personal,24400125.11,12.33,2020-08-26,36,11075359.52,Current,Low
L002546,C04859,BR014,Mortgage,637805713.3,6.9,2024-01-08,180,332263210.78,Current,Low
L002547,C03885,BR028,Mortgage,1142329880.77,9.75,2026-04-05,120,830791617.88,Default,High
L002548,C03702,BR047,Mortgage,5658011787.6,9.4,2024-04-26,300,3068474903.19,Current,Medium
L002549,C01455,BR027,Personal,326653315.76,10.79,2024-11-01,48,269320874.97,Late,Medium
L002550,C04025,BR010,Business,1814766770.9,8.93,2025-10-24,24,1097516738.56,Current,Low
L002551,C00826,BR034,Mortgage,1430078849.8,9.86,2026-08-24,180,909287611.17,Current,Low
L002552,C03660,BR013,Personal,107139220.65,16.85,2023-04-22,48,54074646.05,Current,Low
L002553,C03364,BR001,Auto,293397343.99,8.95,2021-01-22,60,159360458.78,Current,Low
L002554,C05404,BR002,Auto,155947146.38,7.34,2026-06-26,60,89418215.14,Current,Low
L002555,C08511,BR038,Mortgage,6560837576.17,9.51,2023-01-27,300,4018464880.25,Current,Low
L002556,C04785,BR005,Personal,153416120.7,15.88,2026-07-26,36,40789393.64,Current,Low
L002557,C09915,BR029,Personal,484476792.98,14.74,2026-06-20,60,254150569.64,Current,Medium
L002558,C05937,BR009,Auto,71398655.14,11.85,2023-11-17,60,52669031.82,Current,Low
L002559,C05044,BR002,Auto,149081778.07,7.94,2022-04-27,72,90861888.24,Late,High
L002560,C08937,BR022,Mortgage,1441059477.95,5.55,2024-08-04,240,404573688.39,Current,Medium
L002561,C02645,BR007,Mortgage,640880499.3,7.91,2026-05-08,120,133937112.47,Current,Low
L002562,C09732,BR013,Mortgage,537058979.09,6.23,2025-04-13,300,279559144.62,Current,Medium
L002563,C01600,BR027,Mortgage,7601645545.1,8.43,2025-04-16,180,6147723831.72,Late,High
L002564,C03648,BR046,Personal,65957475.46,12.11,2021-01-14,12,43113060.98,Current,Low
L002565,C05302,BR015,Personal,136688203.18,10.09,2022-10-14,36,35310684.41,Current,Medium
L002566,C06849,BR041,Auto,371890577.17,7.61,2026-02-07,72,117317605.55,Current,Low
L002567,C09155,BR022,Mortgage,367286167.24,5.53,2023-02-11,300,213166024.14,Current,Low
L002568,C02941,BR023,Auto,245473840.39,11.74,2025-08-02,60,132603166.63,Current,High
L002569,C01556,BR034,Mortgage,296698844.62,9.86,2022-12-28,300,114019374.26,Current,High
L002570,C07398,BR048,Auto,103793405.81,8.12,2024-04-19,72,48815660.99,Current,Low
L002571,C04449,BR032,Business,272598728.7,10.83,2025-08-06,12,113517526.88,Late,High
L002572,C01543,BR039,Personal,179535852.32,13.55,2023-06-02,48,102317704.48,Current,Low
L002573,C09504,BR029,Business,7476642722.32,8.45,2022-03-08,36,962411920.37,Current,Low
L002574,C05721,BR008,Personal,309462195.84,12.99,2021-11-30,12,163671878.01,Current,Low
L002575,C05244,BR002,Mortgage,1340680971.03,7.38,2024-09-26,300,560345425.58,Current,Medium
L002576,C02395,BR032,Personal,74961621.5,14.79,2026-03-01,48,25270251.39,Current,Medium
L002577,C05895,BR013,Personal,62798883.81,17.31,2025-04-27,24,12804045.29,Current,Medium
L002578,C07828,BR002,Business,234576210.03,10.4,2023-10-28,36,138528438.8,Current,Medium
L002579,C00447,BR037,Auto,913868361.59,7.29,2026-07-24,36,612433440.7,Current,Low
L002580,C07359,BR013,Auto,231538581.81,10.07,2022-11-12,48,114598788.73,Current,Medium
L002581,C04044,BR042,Mortgage,706345760.64,8.19,2026-04-16,300,170296641.95,Current,High
L002582,C00673,BR034,Business,616646051.95,10.23,2026-03-06,36,446326336.07,Default,Medium
L002583,C08492,BR041,Mortgage,4637520185.29,10.02,2024-10-16,120,961047643.84,Current,Low
L002584,C02946,BR020,Personal,123338800.54,13.37,2026-01-05,12,45856074.23,Current,Medium
L002585,C09230,BR032,Personal,630582443.48,12.17,2021-09-23,36,375871453.22,Current,High
L002586,C02189,BR027,Mortgage,1743872934.34,9.52,2023-09-21,120,268737236.06,Current,Medium
L002587,C09829,BR033,Business,255772202.0,9.38,2022-03-19,36,169848238.95,Late,Medium
L002588,C03526,BR020,Auto,155383254.69,8.38,2021-11-27,60,110424105.31,Current,Low
L002589,C09189,BR018,Business,3709127920.75,12.09,2020-07-13,24,1884120256.74,Current,Medium
L002590,C02877,BR041,Personal,75276666.06,13.46,2026-01-03,36,25795675.77,Current,High
L002591,C09245,BR049,Mortgage,520315642.28,10.37,2024-05-19,180,160955029.35,Current,Medium
L002592,C09131,BR009,Personal,57057925.43,16.58,2025-03-21,12,35603225.69,Current,Medium
L002593,C09404,BR037,Auto,368633083.51,9.86,2026-05-17,72,166043153.47,Current,Medium
L002594,C04443,BR035,Personal,84537859.55,17.9,2026-08-23,36,46274764.44,Current,Low
L002595,C00828,BR021,Personal,455322407.84,11.83,2024-06-22,48,221081603.79,Current,Low
L002596,C01850,BR011,Personal,1440724729.31,15.92,2024-10-31,24,184463030.25,Current,Medium
L002597,C04508,BR020,Personal,147358936.09,17.0,2021-06-15,60,73459216.92,Current,Low
L002598,C01674,BR010,Personal,236341995.68,12.8,2026-07-31,12,66747571.12,Current,Low
L002599,C04600,BR042,Mortgage,569849657.17,8.68,2020-06-07,120,412877408.76,Late,High
L002600,C07271,BR019,Business,574059192.68,14.46,2026-06-19,24,307729242.51,Current,Medium
L002601,C05429,BR010,Auto,151647477.59,9.96,2026-04-08,36,18701953.95,Current,Low
L002602,C07371,BR017,Mortgage,1107238844.74,10.19,2025-10-18,300,614056776.87,Late,Medium
L002603,C05731,BR004,Personal,72450261.57,14.63,2020-08-20,48,24211832.11,Current,Low
L002604,C03049,BR050,Mortgage,482244071.89,9.97,2023-07-04,300,352947803.31,Late,High
L002605,C08938,BR021,Mortgage,1209197105.83,6.12,2021-07-27,240,592561892.85,Current,Medium
L002606,C00055,BR047,Mortgage,342839420.55,8.65,2023-08-22,180,111552387.37,Current,Low
L002607,C02150,BR012,Personal,46541286.48,11.59,2025-01-27,48,27229345.71,Current,Medium
L002608,C09393,BR004,Personal,278085961.85,15.46,2025-06-30,36,214329205.01,Current,Low
L002609,C00429,BR036,Business,348736004.65,14.88,2025-02-15,24,67595111.25,Current,High
L002610,C02490,BR025,Personal,228196037.71,16.35,2026-01-06,48,116412666.88,Current,Low
L002611,C02722,BR036,Personal,58875038.88,11.92,2023-09-24,12,40722612.32,Current,Low
L002612,C07705,BR049,Auto,808946045.65,7.31,2022-01-18,48,581602673.58,Late,High
L002613,C02598,BR035,Mortgage,566390009.4,6.59,2025-10-06,240,227513550.05,Late,High
L002614,C00652,BR017,Mortgage,1036650081.76,6.93,2026-07-14,300,675780437.57,Current,Low
L002615,C04307,BR037,Auto,722334542.63,10.01,2025-04-09,60,278681896.57,Current,Low
L002616,C02676,BR022,Business,439100824.6,8.36,2026-05-20,60,198863364.71,Current,Medium
L002617,C01670,BR026,Mortgage,1006670559.12,10.47,2024-09-09,240,782593994.34,Current,High
L002618,C08426,BR008,Business,431902758.4,12.29,2026-05-21,24,281473642.77,Current,Medium
L002619,C01407,BR031,Mortgage,1749409996.84,7.34,2026-05-31,240,1255999988.59,Current,High
L002620,C08947,BR027,Mortgage,767843732.17,6.54,2021-06-21,180,463568670.31,Current,Low
L002621,C03964,BR035,Auto,779861033.43,10.03,2026-02-28,36,168967078.83,Current,High
L002622,C06156,BR031,Personal,246374064.46,10.01,2025-01-14,36,135169029.7,Current,Low
L002623,C02329,BR003,Business,255495919.96,9.98,2024-10-17,24,140523004.99,Late,Medium
L002624,C09434,BR008,Auto,487541740.79,9.78,2024-10-02,48,347104305.76,Current,Low
L002625,C02956,BR022,Mortgage,604440955.56,9.69,2021-04-05,300,434153244.62,Current,Low
L002626,C06410,BR046,Auto,548053414.31,7.83,2026-08-19,48,220192447.02,Current,Low
L002627,C03978,BR040,Business,2779384210.46,13.91,2026-08-24,60,1007013845.65,Current,Medium
L002628,C01263,BR038,Auto,319707923.27,9.93,2026-05-11,72,234449810.85,Current,Low
L002629,C05809,BR008,Mortgage,1124476692.43,6.63,2024-09-01,240,370342562.68,Current,Medium
L002630,C05587,BR039,Personal,412651368.49,13.57,2025-05-17,60,47810727.7,Current,Low
L002631,C03131,BR035,Business,451417198.3,11.5,2023-11-15,24,264295530.46,Late,Medium
L002632,C08642,BR045,Auto,121099984.62,8.52,2025-09-26,36,69121671.55,Current,Low
L002633,C07952,BR010,Mortgage,2367939160.47,9.99,2022-09-08,240,1961659487.36,Late,High
L002634,C06979,BR017,Auto,365796246.41,11.64,2026-03-06,72,208944103.65,Current,Low
L002635,C01019,BR023,Mortgage,633018529.1,6.89,2022-07-17,240,409968090.0,Current,High
L002636,C02042,BR027,Personal,47507900.71,15.96,2026-08-05,36,11654762.73,Current,Low
L002637,C02846,BR011,Auto,108292619.83,9.16,2020-11-11,48,17158094.69,Current,Low
L002638,C04136,BR044,Personal,193445820.39,17.68,2026-05-02,24,70577939.74,Current,Medium
L002639,C06401,BR015,Auto,337383654.12,9.04,2026-07-26,36,189249527.56,Current,Low
L002640,C01124,BR039,Mortgage,1321738414.64,6.54,2026-01-16,300,873205201.0,Late,High
L002641,C06671,BR034,Personal,34856405.27,13.26,2024-11-10,60,24386920.13,Current,Low
L002642,C08743,BR022,Business,213035998.0,9.32,2025-02-03,84,43606128.4,Current,Low
L002643,C01976,BR021,Auto,138308207.08,11.65,2025-07-28,48,66047513.57,Late,Medium
L002644,C09176,BR020,Business,649625197.82,12.0,2022-09-25,12,410597899.7,Late,High
L002645,C03842,BR043,Auto,165321435.61,10.69,2024-10-02,60,123689230.22,Current,Low
L002646,C07805,BR047,Mortgage,483352126.67,7.0,2024-05-22,120,441667942.47,Default,High
L002647,C00658,BR011,Personal,34436155.75,15.78,2022-06-18,36,28978751.19,Late,Low
L002648,C04936,BR017,Personal,123811713.47,17.48,2025-08-29,48,94529105.72,Current,Low
L002649,C07401,BR036,Auto,219443301.14,11.08,2024-04-12,60,26236245.74,Current,Low
L002650,C09492,BR001,Business,976476789.54,9.42,2026-04-30,12,663746095.01,Current,Medium
L002651,C04952,BR006,Mortgage,799425638.45,6.3,2024-08-05,180,544981555.09,Current,High
L002652,C04857,BR028,Personal,443623476.15,16.02,2026-05-16,36,73538507.42,Current,Low
L002653,C09438,BR038,Mortgage,6235580748.83,6.72,2021-10-26,120,4604542076.11,Current,Medium
L002654,C09448,BR022,Auto,233729214.02,12.04,2024-09-19,36,176576582.73,Default,High
L002655,C00907,BR038,Auto,351471133.86,10.58,2024-11-18,72,231695290.63,Current,Low
L002656,C05137,BR025,Personal,126222727.39,16.44,2025-11-09,12,38910399.92,Current,Low
L002657,C02357,BR048,Business,310496657.22,12.65,2023-04-23,84,201038544.13,Late,Low
L002658,C05434,BR050,Personal,342796140.37,15.88,2025-11-25,60,224266683.25,Current,Low
L002659,C05087,BR038,Personal,243253587.56,16.16,2022-08-27,24,119753775.02,Current,Low
L002660,C03814,BR037,Personal,250183520.19,10.86,2025-12-15,12,115537188.34,Current,Low
L002661,C00237,BR041,Personal,277564297.32,15.0,2026-06-19,48,65808402.43,Current,Low
L002662,C06778,BR047,Business,560028590.39,12.77,2024-11-26,24,93486003.52,Current,Low
L002663,C01748,BR029,Mortgage,1594177947.85,6.33,2020-06-02,120,1227421622.15,Late,High
L002664,C02555,BR022,Business,536805292.85,8.0,2022-11-27,12,202906667.65,Current,Medium
L002665,C07514,BR005,Mortgage,834118955.74,6.15,2026-01-12,180,519639670.48,Current,Low
L002666,C03918,BR010,Mortgage,566003329.24,9.47,2024-01-20,180,219268569.11,Current,Medium
L002667,C06620,BR023,Business,780556898.05,7.54,2026-07-14,12,370271618.19,Late,Medium
L002668,C04908,BR039,Mortgage,673796745.07,6.25,2021-08-20,180,442087062.85,Current,High
L002669,C05733,BR028,Mortgage,436727624.54,5.59,2026-08-16,240,238655391.05,Current,Medium
L002670,C05996,BR020,Business,346174945.06,14.73,2024-06-26,60,174795349.26,Current,Medium
L002671,C02727,BR034,Personal,130043332.58,14.93,2025-11-20,24,25961241.0,Current,Low
L002672,C07454,BR025,Auto,318233414.99,9.59,2021-01-27,60,166279879.81,Current,Low
L002673,C08629,BR019,Auto,159480483.32,9.25,2026-01-17,36,22758523.29,Current,Low
L002674,C02350,BR027,Mortgage,412321861.59,8.07,2022-08-09,180,261861184.47,Current,Medium
L002675,C07265,BR038,Mortgage,4773751339.85,8.85,2025-07-03,180,3562141952.48,Default,High
L002676,C06828,BR026,Auto,178029255.11,12.28,2022-09-08,72,125275080.42,Current,Medium
L002677,C02435,BR003,Auto,160616617.22,8.98,2026-04-06,36,92730507.6,Current,Medium
L002678,C08064,BR038,Auto,210754210.85,12.16,2023-07-05,36,45477566.94,Current,Medium
L002679,C09384,BR038,Personal,286317006.04,17.6,2023-08-05,24,66576376.68,Current,High
L002680,C05646,BR038,Auto,363129517.35,7.52,2026-07-04,60,153034628.92,Current,Low
L002681,C07313,BR023,Mortgage,815797009.17,5.55,2023-10-21,240,773727474.7,Default,Medium
L002682,C00106,BR029,Business,948040349.5,13.36,2025-02-17,24,697909153.81,Current,Medium
L002683,C06194,BR038,Auto,135612227.0,8.42,2026-03-13,60,108436970.75,Current,Low
L002684,C03015,BR015,Personal,49543474.42,15.65,2026-03-29,60,13515629.04,Current,Low
L002685,C08539,BR049,Mortgage,2210258761.01,6.63,2020-12-17,180,1662153124.49,Current,Low
L002686,C02307,BR007,Personal,417853585.98,13.13,2025-09-08,60,218592963.53,Late,Low
L002687,C00716,BR038,Mortgage,710090852.41,6.54,2023-03-03,240,273968691.68,Current,Medium
L002688,C00862,BR049,Personal,135511790.58,12.0,2023-11-19,48,39978669.92,Current,Low
L002689,C03829,BR038,Personal,38578110.62,15.93,2023-05-14,24,25225865.95,Current,Medium
L002690,C08143,BR033,Mortgage,350174187.27,5.67,2023-01-03,120,129700421.0,Current,Low
L002691,C06073,BR011,Personal,146439232.61,11.63,2025-08-14,12,108670930.62,Current,Low
L002692,C00650,BR002,Mortgage,7654839152.56,8.48,2020-05-02,240,4425980726.11,Late,High
L002693,C00956,BR038,Personal,119484262.56,17.53,2022-07-04,36,88433534.27,Current,High
L002694,C08333,BR041,Auto,142024878.61,9.47,2025-02-13,36,96346031.87,Current,Low
L002695,C07964,BR031,Business,644313728.39,11.87,2025-03-10,24,269901993.48,Late,Medium
L002696,C03311,BR033,Auto,2035631324.42,8.93,2025-11-25,72,481871516.1,Current,Low
L002697,C07434,BR023,Personal,229398903.04,11.43,2021-09-10,12,45429763.15,Current,Low
L002698,C05252,BR047,Mortgage,300966739.63,8.45,2026-07-07,180,98669047.52,Current,Low
L002699,C03025,BR006,Auto,210418990.14,7.57,2026-08-08,60,174321335.12,Late,Low
L002700,C09571,BR022,Mortgage,599993375.05,9.03,2026-06-21,240,436656128.76,Current,High
L002701,C08469,BR008,Personal,4128719263.96,14.42,2025-11-15,48,1725499904.21,Current,Low
L002702,C00675,BR045,Mortgage,723741849.91,8.91,2025-06-10,120,239574789.47,Current,Medium
L002703,C08304,BR009,Auto,383441957.58,10.89,2022-10-06,36,157277461.2,Current,Medium
L002704,C00708,BR037,Auto,147447734.45,8.59,2025-12-10,48,82246976.46,Current,Low
L002705,C00621,BR025,Personal,152981201.98,12.2,2024-11-02,24,92890380.11,Current,Medium
L002706,C05417,BR007,Personal,187626017.04,12.28,2020-12-01,60,99089495.48,Current,Low
L002707,C03796,BR045,Auto,181408763.8,8.73,2023-05-13,48,144564149.65,Current,Low
L002708,C03557,BR007,Personal,146230862.83,10.87,2021-12-05,60,116350315.08,Current,Low
L002709,C07509,BR021,Mortgage,1573752135.12,9.96,2023-11-15,240,807184977.0,Current,Low
L002710,C03731,BR047,Personal,140086462.29,17.87,2021-12-23,60,58343324.85,Late,Low
L002711,C06872,BR006,Personal,52942560.78,11.45,2025-08-22,36,39028157.29,Current,Low
L002712,C04119,BR001,Mortgage,448680353.46,6.85,2025-01-29,300,118072999.25,Current,Medium
L002713,C05997,BR011,Mortgage,451324209.6,10.11,2025-04-03,120,72593585.71,Current,Medium
L002714,C00922,BR037,Mortgage,776578835.36,10.2,2024-10-08,300,242218378.33,Current,Low
L002715,C03638,BR006,Business,710672436.38,8.23,2026-01-24,60,199523237.84,Current,Low
L002716,C04804,BR038,Mortgage,422577006.38,7.91,2025-09-16,180,119972020.11,Current,Low
L002717,C07248,BR049,Auto,101046554.04,9.83,2026-06-22,48,21884850.18,Current,Low
L002718,C01226,BR014,Auto,154452836.83,10.21,2026-01-28,60,104250021.27,Current,Low
L002719,C03350,BR009,Personal,139629398.38,13.78,2023-08-24,24,56625945.44,Current,Low
L002720,C07647,BR044,Mortgage,458706581.08,9.33,2023-02-28,240,242084223.9,Current,Low
L002721,C04962,BR010,Mortgage,859884034.96,7.36,2022-06-06,120,390140859.18,Current,Medium
L002722,C08923,BR047,Personal,126915073.56,14.91,2021-07-09,36,81670791.37,Current,Low
L002723,C07008,BR001,Mortgage,662703312.94,8.69,2024-04-15,240,510801468.59,Current,High
L002724,C09258,BR001,Mortgage,1214811156.8,6.89,2024-04-04,240,223304460.1,Current,Low
L002725,C09735,BR031,Business,330239953.59,12.27,2026-08-28,60,134733837.42,Current,Medium
L002726,C06687,BR037,Mortgage,1125415446.5,10.39,2023-07-24,240,484184361.86,Late,High
L002727,C03340,BR029,Personal,152785554.65,17.16,2025-04-05,24,83244628.38,Late,High
L002728,C01730,BR037,Personal,725361074.76,15.52,2026-08-14,24,236125068.69,Current,Low
L002729,C09676,BR030,Auto,383215953.66,7.7,2024-09-01,36,70191634.6,Current,Low
L002730,C02449,BR027,Personal,127192485.35,11.04,2024-12-07,24,43709201.85,Current,Medium
L002731,C01017,BR035,Mortgage,2028110411.18,6.3,2024-12-13,120,264639116.85,Current,Medium
L002732,C05166,BR028,Personal,852134528.94,11.86,2026-01-29,60,663634685.49,Current,Medium
L002733,C07116,BR034,Personal,86392689.2,12.64,2023-01-27,60,40911571.57,Current,Low
L002734,C01475,BR046,Business,621488436.9,8.68,2024-08-31,24,330014631.14,Current,Low
L002735,C02406,BR033,Business,624138632.5,13.62,2022-06-27,60,180172617.64,Current,Low
L002736,C06096,BR008,Mortgage,9294533735.52,7.47,2026-05-01,120,6870318348.72,Late,Medium
L002737,C02338,BR023,Personal,64191835.72,13.44,2022-12-03,36,37620942.2,Current,Medium
L002738,C04305,BR011,Auto,315348388.9,11.68,2026-07-12,72,189750304.73,Current,Low
L002739,C09329,BR019,Auto,193426222.37,12.49,2026-02-19,60,150730912.41,Current,Low
L002740,C00500,BR015,Personal,244282593.5,16.55,2024-12-19,48,128515237.81,Current,Low
L002741,C09481,BR003,Personal,47516456.15,12.17,2023-10-04,60,12430621.03,Current,Low
L002742,C03946,BR015,Auto,2494019192.67,9.24,2024-11-16,36,386451580.84,Current,Low
L002743,C07946,BR020,Auto,375917288.35,12.34,2026-04-13,60,260733576.69,Current,Low
L002744,C07886,BR007,Auto,112824441.52,9.59,2025-12-15,72,90567166.73,Late,Low
L002745,C08552,BR023,Personal,167090644.34,11.27,2026-08-09,60,44768007.69,Current,Low
L002746,C09570,BR036,Auto,429620546.34,10.01,2026-05-29,60,139890608.78,Current,Low
L002747,C01444,BR035,Mortgage,585530856.91,7.11,2025-10-15,300,126227943.97,Current,Low
L002748,C08318,BR041,Mortgage,267106630.23,5.51,2024-11-20,300,76231873.45,Current,Medium
L002749,C04062,BR043,Mortgage,577150796.29,7.47,2025-05-08,300,520265823.59,Default,Medium
L002750,C06473,BR012,Business,701730786.77,9.5,2026-02-04,36,526336924.38,Current,Medium
L002751,C00921,BR025,Mortgage,220559629.43,10.5,2025-02-11,120,73903952.38,Current,Low
L002752,C07239,BR033,Auto,554721699.64,8.81,2022-08-25,48,127710491.78,Current,Low
L002753,C02924,BR014,Mortgage,209455672.91,8.32,2020-02-03,300,124558046.77,Late,High
L002754,C09397,BR042,Personal,284494293.6,12.92,2025-12-03,24,256387935.11,Default,High
L002755,C05147,BR045,Business,234476136.98,10.17,2025-11-05,60,183358760.32,Current,Low
L002756,C07240,BR030,Mortgage,598675159.51,6.28,2026-06-19,180,373383861.07,Current,Medium
L002757,C05164,BR007,Business,1313099394.12,12.42,2023-09-15,12,528341422.46,Current,Low
L002758,C05804,BR030,Personal,87777154.04,16.49,2026-02-27,12,32034843.4,Current,Medium
L002759,C05942,BR007,Business,655748490.18,8.09,2021-01-10,36,289997276.51,Current,Medium
L002760,C05009,BR017,Auto,282055347.39,10.15,2024-12-06,48,132573264.44,Late,Medium
L002761,C06649,BR013,Mortgage,1135162477.99,10.22,2022-05-01,180,562682590.39,Current,High
L002762,C06919,BR047,Personal,90454714.05,15.55,2026-07-16,36,66240944.42,Late,Medium
L002763,C06162,BR003,Mortgage,1664408609.12,9.51,2024-10-25,240,177024687.76,Current,High
L002764,C04778,BR016,Auto,250008211.21,10.99,2026-05-25,48,149415248.88,Current,Low
L002765,C05287,BR046,Personal,347129591.81,11.24,2022-05-04,60,44933039.23,Current,Low
L002766,C03199,BR029,Auto,367744952.99,11.03,2026-07-26,60,223867010.6,Current,Low
L002767,C04594,BR004,Personal,134405928.93,17.76,2026-08-29,60,89043664.14,Current,Medium
L002768,C08806,BR035,Personal,109341497.19,12.4,2025-01-14,60,16474197.22,Current,Low
L002769,C01848,BR047,Personal,56739610.57,16.56,2022-01-31,12,17879319.11,Current,High
L002770,C09447,BR049,Auto,495212029.42,9.98,2023-04-05,36,249475364.14,Current,High
L002771,C04350,BR041,Auto,529335681.85,11.57,2024-08-17,48,365892960.85,Current,Low
L002772,C07971,BR037,Auto,379128507.56,12.27,2025-07-23,72,229244011.66,Current,Low
L002773,C06297,BR038,Mortgage,1487416923.74,10.37,2024-09-10,300,1129243717.71,Default,High
L002774,C07529,BR001,Auto,91549915.24,8.74,2025-04-01,60,9206346.02,Current,Medium
L002775,C04571,BR050,Auto,177974615.02,12.38,2026-08-28,72,101070116.42,Current,Low
L002776,C01386,BR039,Personal,28004783.18,11.98,2022-09-11,12,21736968.94,Current,Medium
L002777,C07690,BR021,Auto,761458328.73,11.15,2022-08-10,36,407953415.41,Current,Low
L002778,C09787,BR037,Personal,166895334.8,15.18,2022-10-14,24,132406661.35,Current,Low
L002779,C07014,BR050,Personal,55865183.71,10.88,2022-05-18,60,11526598.69,Current,Medium
L002780,C05654,BR036,Mortgage,297430270.76,8.58,2024-08-23,240,119024261.95,Current,High
L002781,C01669,BR037,Personal,1064486341.23,12.3,2023-12-12,24,311924079.76,Current,Low
L002782,C06960,BR021,Personal,267021760.28,10.91,2025-02-23,36,141945233.03,Current,Medium
L002783,C05036,BR024,Auto,48739955.56,10.84,2026-04-26,72,30383568.77,Current,Low
L002784,C00484,BR012,Auto,454821286.46,10.68,2026-03-12,72,264910617.8,Current,Low
L002785,C08222,BR044,Personal,444063142.66,12.56,2025-01-12,60,279700810.17,Current,Low
L002786,C05063,BR043,Mortgage,2199652611.13,9.79,2024-05-30,300,1541347996.73,Current,High
L002787,C04024,BR030,Personal,56021106.4,14.13,2025-06-16,12,43887165.86,Current,Low
L002788,C09418,BR033,Personal,127812617.4,17.53,2026-07-28,60,16100662.28,Current,Low
L002789,C06461,BR003,Auto,215408352.9,9.8,2026-05-30,48,133598648.82,Current,Low
L002790,C02312,BR044,Mortgage,756243019.97,9.97,2026-08-31,240,383779850.08,Current,Medium
L002791,C06070,BR033,Auto,132977977.36,11.96,2022-01-18,48,93796810.3,Late,Medium
L002792,C09337,BR013,Personal,130255005.21,12.33,2024-08-23,48,21150071.87,Current,Medium
L002793,C02161,BR011,Personal,111069117.01,16.86,2025-09-15,60,39756951.0,Current,Low
L002794,C03625,BR031,Auto,150855397.34,8.44,2022-01-23,60,87625004.7,Current,Medium
L002795,C01037,BR044,Mortgage,492085323.81,6.07,2025-10-10,300,333847449.91,Current,Medium
L002796,C09731,BR020,Personal,205058892.62,15.14,2024-08-03,36,25642214.08,Current,Low
L002797,C09805,BR008,Business,383981406.43,9.27,2026-08-21,60,127063943.17,Current,High
L002798,C07547,BR040,Personal,205278263.48,14.4,2025-06-03,24,65561739.74,Current,Low
L002799,C00844,BR049,Personal,491495250.08,10.82,2025-03-27,24,214009854.37,Current,Medium
L002800,C04351,BR035,Mortgage,289623713.12,8.55,2021-03-27,300,52456944.61,Current,Low
L002801,C02152,BR019,Personal,150825069.3,17.85,2022-07-11,60,49067177.51,Current,Low
L002802,C03558,BR047,Personal,99167614.04,14.78,2024-11-21,36,54364593.11,Current,Low
L002803,C09612,BR018,Auto,898631374.58,9.2,2023-12-16,72,626124409.69,Current,Low
L002804,C06903,BR008,Auto,105295077.21,11.33,2025-11-24,72,26215771.68,Current,Medium
L002805,C01807,BR045,Auto,329457199.15,11.52,2025-04-25,48,139341963.75,Current,Medium
L002806,C07650,BR030,Mortgage,639458079.92,9.57,2025-07-09,180,338095660.14,Current,Medium
L002807,C01367,BR040,Auto,54204825.46,8.42,2024-04-30,36,8307262.84,Current,Low
L002808,C02890,BR018,Personal,42435758.82,14.01,2025-09-10,24,5625827.85,Current,Low
L002809,C07218,BR038,Business,5170128659.83,14.28,2025-10-08,60,2520115871.65,Current,Medium
L002810,C05642,BR027,Auto,197079245.27,10.53,2024-04-09,36,108730307.02,Current,High
L002811,C02124,BR041,Personal,212709300.33,15.13,2023-07-23,48,69317795.07,Current,High
L002812,C00542,BR038,Mortgage,1457811254.39,6.25,2025-07-21,120,1074055321.31,Late,Medium
L002813,C08082,BR038,Auto,131483102.11,7.01,2025-11-26,48,70767277.39,Current,Low
L002814,C03693,BR013,Business,5959125093.68,10.87,2026-08-12,84,3872276050.14,Current,Medium
L002815,C04426,BR043,Mortgage,1149558669.61,6.18,2021-09-10,180,416387781.29,Current,Medium
L002816,C06904,BR027,Auto,295608897.53,11.14,2020-11-01,60,65117722.24,Current,Low
L002817,C09340,BR035,Auto,124406436.38,8.35,2023-03-21,60,42346172.97,Current,Low
L002818,C01394,BR050,Personal,60865451.03,14.79,2021-08-28,48,43597001.99,Current,Low
L002819,C05133,BR038,Auto,219403458.27,7.04,2020-10-14,48,140304744.08,Current,Low
L002820,C01931,BR016,Auto,315237239.25,9.82,2021-10-14,48,93007852.81,Current,Low
L002821,C04762,BR031,Personal,302685435.39,12.37,2023-10-03,48,139750730.58,Late,Medium
L002822,C05474,BR033,Auto,194189996.55,8.23,2024-01-15,72,96778323.87,Current,Low
L002823,C09897,BR050,Mortgage,705601288.28,7.59,2023-04-24,180,312893792.51,Current,Medium
L002824,C09055,BR035,Mortgage,317429068.35,8.89,2026-04-27,120,92170679.78,Current,Medium
L002825,C05193,BR013,Personal,28712551.59,17.78,2023-03-03,24,13730754.16,Current,Low
L002826,C05622,BR038,Personal,44995423.26,15.71,2025-02-06,24,14334875.52,Current,Low
L002827,C03505,BR030,Auto,794438737.08,7.14,2024-10-21,48,498551683.02,Late,High
L002828,C06487,BR018,Personal,79064565.13,13.22,2026-08-05,36,48687210.51,Late,Low
L002829,C06089,BR004,Personal,430703974.86,16.06,2025-03-29,60,266754662.7,Current,Low
L002830,C07030,BR031,Personal,167805643.23,15.84,2025-11-05,36,98351075.37,Current,Low
L002831,C01436,BR048,Mortgage,368993383.89,6.48,2021-08-08,120,61969656.48,Current,Medium
L002832,C04802,BR036,Business,801255154.77,12.6,2026-08-12,84,537771569.95,Late,Low
L002833,C04720,BR018,Personal,58367078.63,10.08,2026-05-02,12,43420226.87,Current,Low
L002834,C08024,BR026,Personal,105764240.96,14.78,2026-06-01,24,21847784.89,Current,Low
L002835,C06582,BR002,Mortgage,442778391.36,7.77,2026-08-29,300,139408272.61,Current,Low
L002836,C07473,BR018,Personal,2205301322.41,12.25,2026-03-06,48,915530466.44,Current,Low
L002837,C01817,BR028,Business,289076913.66,11.31,2024-09-23,36,205740173.53,Default,High
L002838,C00538,BR040,Mortgage,635530414.26,9.88,2024-06-20,180,413724328.81,Default,High
L002839,C09182,BR011,Mortgage,855083304.96,6.47,2025-08-20,240,765891123.22,Default,Medium
L002840,C04118,BR050,Personal,65912298.35,10.19,2026-03-31,24,15219889.27,Current,Low
L002841,C04800,BR028,Personal,160810585.37,14.32,2026-04-30,48,51815788.38,Current,Low
L002842,C04135,BR037,Personal,502485572.77,16.33,2020-10-13,24,81035426.96,Current,Low
L002843,C03419,BR023,Auto,42644431.36,10.19,2024-09-29,60,12788169.2,Current,Low
L002844,C04678,BR002,Auto,1708370953.67,10.71,2023-02-26,48,259152674.43,Current,Low
L002845,C06718,BR023,Mortgage,792551749.69,5.72,2022-05-08,240,505550399.97,Late,Medium
L002846,C08022,BR009,Mortgage,678247264.08,6.43,2021-02-05,300,180237509.01,Current,Medium
L002847,C03819,BR031,Business,550523460.68,10.18,2024-07-24,84,231940373.62,Current,High
L002848,C00613,BR038,Personal,155548229.27,12.02,2024-03-23,36,68116677.65,Current,Low
L002849,C00318,BR037,Business,398845704.64,11.73,2026-08-13,36,305193353.94,Late,High
L002850,C03907,BR038,Personal,150299870.35,17.9,2024-03-02,12,21317363.83,Current,Low
L002851,C09271,BR018,Mortgage,623520812.85,5.54,2022-08-12,180,103520319.11,Current,Low
L002852,C07695,BR031,Auto,203283917.06,8.53,2026-07-23,72,88009532.72,Current,Medium
L002853,C03966,BR027,Auto,284179986.94,11.09,2025-09-01,36,40323037.16,Current,Low
L002854,C01576,BR028,Personal,69659803.14,10.74,2023-09-05,12,28124301.79,Current,Medium
L002855,C01718,BR008,Auto,366422172.36,10.23,2021-04-21,72,142747597.52,Current,Low
L002856,C02399,BR019,Mortgage,667059030.3,8.42,2025-06-18,300,403043976.5,Current,Medium
L002857,C02481,BR018,Business,246011290.95,10.06,2026-07-11,24,60114345.29,Current,Low
L002858,C03087,BR016,Personal,740371542.59,10.42,2022-12-25,36,579081310.17,Current,Low
L002859,C03103,BR012,Mortgage,1108189442.79,9.89,2021-12-16,300,852499219.45,Late,Medium
L002860,C00485,BR004,Business,342610350.29,13.74,2026-07-04,60,142357752.61,Late,High
L002861,C04189,BR033,Business,220592750.1,9.3,2023-06-15,24,111467086.57,Current,Low
L002862,C09843,BR050,Personal,103656922.15,14.6,2025-07-14,48,54044716.09,Late,High
L002863,C04494,BR031,Business,545625419.61,13.58,2026-08-30,12,168828872.53,Current,Medium
L002864,C03512,BR016,Mortgage,458990650.38,10.15,2020-08-28,180,238806442.03,Current,Medium
L002865,C09800,BR045,Personal,109786974.21,16.03,2025-09-10,36,58589677.18,Current,Low
L002866,C01516,BR041,Mortgage,398578683.64,9.29,2025-09-20,300,180540232.73,Late,Medium
L002867,C05098,BR022,Auto,167821787.81,8.11,2023-12-16,48,129367361.24,Late,High
L002868,C01902,BR005,Mortgage,894292108.44,6.99,2026-03-15,300,567453168.94,Current,High
L002869,C03629,BR027,Personal,1016026051.99,14.69,2026-05-17,24,236483170.19,Current,Low
L002870,C09387,BR018,Personal,114233506.22,11.5,2022-04-26,60,82488138.28,Late,Medium
L002871,C03300,BR023,Mortgage,1114493409.02,9.73,2020-01-05,300,181310385.24,Current,Medium
L002872,C05945,BR014,Business,1588188229.31,10.09,2026-03-23,60,1450169892.57,Default,High
L002873,C01618,BR032,Personal,318057818.97,12.49,2025-11-06,60,133087975.95,Late,Medium
L002874,C04691,BR022,Personal,940827920.33,15.61,2026-07-08,48,678802681.99,Current,Low
L002875,C05414,BR039,Personal,177815004.91,12.54,2022-02-10,36,56207646.58,Current,Low
L002876,C07073,BR030,Personal,109515340.53,15.9,2023-12-08,36,84563557.01,Current,Low
L002877,C00404,BR026,Auto,66920066.52,10.83,2026-03-31,36,49052835.91,Current,Low
L002878,C08369,BR037,Personal,99419029.02,15.5,2024-11-05,36,61543667.31,Current,Low
L002879,C08512,BR002,Auto,262651572.02,7.87,2026-04-11,72,115433519.61,Current,Low
L002880,C05870,BR021,Business,2012102541.03,14.02,2026-06-19,84,1339874801.02,Default,High
L002881,C06482,BR041,Business,457734060.36,8.27,2026-04-22,60,141574800.69,Current,Low
L002882,C05953,BR001,Personal,175805804.33,11.93,2023-06-25,60,123067180.28,Current,Low
L002883,C02060,BR023,Personal,112999711.17,12.49,2026-04-04,24,32362874.56,Current,Low
L002884,C09508,BR047,Mortgage,746096864.55,5.85,2026-08-12,300,544505121.81,Late,Medium
L002885,C02961,BR006,Personal,224106109.32,10.18,2025-11-14,60,153628579.39,Late,Low
L002886,C06117,BR010,Auto,252361792.83,7.19,2022-12-13,72,150565402.58,Current,Low
L002887,C02038,BR001,Personal,514185371.93,12.79,2022-07-02,24,283810125.6,Current,Low
L002888,C07092,BR040,Business,1038660022.42,8.02,2026-02-22,84,671326410.15,Current,Medium
L002889,C04686,BR009,Personal,192124988.5,11.75,2021-10-30,36,61897429.69,Current,Medium
L002890,C02064,BR002,Auto,1334545737.35,9.86,2021-08-04,60,957821266.53,Current,Low
L002891,C07232,BR040,Personal,193706432.06,17.07,2025-12-26,12,66302642.8,Current,Low
L002892,C06330,BR028,Auto,216146737.78,8.21,2023-09-24,36,92999102.2,Current,Low
L002893,C00689,BR032,Mortgage,917028620.2,7.65,2020-12-26,240,503379947.12,Current,Low
L002894,C01061,BR038,Auto,199038067.16,11.5,2026-01-16,72,115494402.62,Current,Low
L002895,C02897,BR025,Personal,112465340.64,11.66,2023-08-10,24,27152536.92,Current,Low
L002896,C01557,BR014,Auto,126856602.22,8.88,2026-04-16,48,100779798.57,Late,High
L002897,C01947,BR029,Business,365901056.55,9.03,2026-02-12,36,268315041.69,Current,Medium
L002898,C05909,BR001,Personal,180896610.66,15.38,2024-11-24,48,93772272.72,Current,Low
L002899,C03043,BR023,Personal,83940689.37,16.33,2023-06-14,24,16248398.43,Current,Low
L002900,C06984,BR047,Mortgage,1006470970.11,6.47,2023-06-15,180,613911010.86,Late,High
L002901,C06426,BR040,Personal,287119615.2,12.63,2026-03-10,24,73756742.93,Current,Low
L002902,C04529,BR016,Auto,245489195.52,7.92,2022-02-09,48,148219984.24,Current,Low
L002903,C01425,BR032,Business,255227759.19,14.51,2026-05-02,60,38957505.8,Current,Low
L002904,C05053,BR022,Auto,160851814.71,9.44,2022-03-27,48,129646270.62,Late,Medium
L002905,C06132,BR016,Personal,186093938.85,10.62,2026-08-01,12,78630215.89,Current,Low
L002906,C04117,BR031,Auto,153620432.72,10.88,2024-06-30,72,25368108.71,Current,Low
L002907,C05915,BR014,Mortgage,1162907694.15,5.64,2022-05-22,240,599170468.88,Late,Medium
L002908,C03431,BR038,Mortgage,3579486197.87,8.77,2026-07-05,120,2118337236.9,Late,High
L002909,C06844,BR003,Mortgage,1227183596.97,5.59,2026-05-08,300,413399743.91,Current,High
L002910,C09530,BR035,Mortgage,677244422.66,8.21,2020-05-10,120,523834484.81,Current,High
L002911,C03430,BR029,Personal,279200550.44,10.3,2021-07-15,60,189533055.64,Late,Medium
L002912,C01313,BR011,Mortgage,353244347.0,6.59,2025-03-08,120,83351103.38,Current,Medium
L002913,C02606,BR030,Auto,87614510.89,8.63,2025-05-31,72,58868829.54,Default,Medium
L002914,C00236,BR028,Auto,66303992.72,7.13,2022-08-31,60,32216903.1,Current,Low
L002915,C09988,BR029,Personal,156047806.62,12.18,2025-05-09,60,49416820.11,Current,Low
L002916,C06621,BR034,Mortgage,308355168.92,7.2,2025-06-15,300,199789965.84,Late,High
L002917,C03930,BR011,Personal,106739302.79,15.73,2020-11-17,60,46038064.54,Current,Low
L002918,C02526,BR012,Mortgage,862834836.78,6.22,2025-02-01,240,158802747.28,Current,High
L002919,C09069,BR050,Business,1624834760.81,13.84,2026-04-14,36,405112933.92,Current,Medium
L002920,C02634,BR040,Business,504844526.98,10.89,2026-07-23,12,130391470.67,Current,Low
L002921,C07685,BR027,Personal,65599289.8,16.37,2025-04-19,48,46292924.47,Current,Medium
L002922,C01553,BR024,Personal,176989254.48,14.43,2020-10-21,48,76242957.45,Current,Low
L002923,C04016,BR006,Business,1004170935.82,12.95,2020-01-19,84,726545738.57,Current,Medium
L002924,C08904,BR002,Mortgage,299620280.8,10.08,2022-03-11,300,61952144.06,Current,Low
L002925,C02744,BR031,Auto,100685927.35,7.68,2026-07-18,36,33088003.58,Current,Low
L002926,C03327,BR039,Auto,274711868.58,11.65,2026-05-04,60,159572519.66,Current,Low
L002927,C06805,BR029,Mortgage,757635529.17,8.32,2026-02-10,300,200542723.27,Current,Low
L002928,C07065,BR019,Mortgage,299553127.2,7.87,2023-06-04,300,163816797.51,Current,Medium
L002929,C05592,BR032,Personal,256435966.16,13.72,2026-07-20,36,172625074.76,Current,Low
L002930,C01238,BR004,Auto,747851440.18,9.1,2024-12-31,60,283524340.61,Current,Low
L002931,C01221,BR031,Personal,878118659.26,11.31,2023-02-14,12,144218069.15,Current,Low
L002932,C02356,BR028,Business,518395584.16,10.15,2022-04-16,60,345258679.21,Current,Low
L002933,C07463,BR013,Mortgage,606048021.78,6.63,2026-06-18,240,338621508.41,Current,High
L002934,C01153,BR011,Business,1494142284.98,14.05,2023-07-17,36,530024298.69,Current,High
L002935,C08852,BR040,Personal,108529012.33,15.31,2026-05-20,60,47888672.25,Current,Low
L002936,C06962,BR026,Business,1203682783.31,13.56,2026-04-22,36,917752271.52,Default,High
L002937,C03627,BR045,Personal,247661027.48,13.08,2023-10-22,48,192459106.46,Current,Low
L002938,C05969,BR024,Mortgage,287519488.28,6.9,2025-05-31,180,192217394.65,Current,Low
L002939,C08855,BR027,Personal,105743730.2,11.79,2021-10-07,24,65137642.96,Current,Low
L002940,C05790,BR007,Business,423644348.94,10.69,2022-09-22,84,326421756.15,Current,Medium
L002941,C07419,BR004,Mortgage,5186766605.32,7.48,2026-05-28,240,3969647149.73,Current,High
L002942,C07648,BR018,Auto,121682109.46,8.44,2024-09-04,36,31013596.55,Current,Medium
L002943,C06772,BR028,Personal,850163696.57,15.0,2025-08-23,48,400754821.49,Current,Low
L002944,C07850,BR039,Business,427061665.56,8.64,2025-10-19,60,243196815.92,Current,Medium
L002945,C07255,BR048,Personal,68931620.59,13.5,2025-10-03,24,16562401.39,Current,Low
L002946,C01520,BR043,Business,518477547.15,14.98,2026-04-09,12,277682602.96,Late,Medium
L002947,C00940,BR030,Business,1901705591.8,10.9,2024-12-19,36,1416132969.22,Current,Medium
L002948,C07943,BR037,Mortgage,2725658147.04,6.97,2026-08-05,240,1201383596.25,Current,Low
L002949,C02404,BR047,Personal,421481578.82,11.17,2026-06-30,48,326877944.87,Current,Medium
L002950,C05763,BR033,Auto,293577938.44,10.75,2024-07-31,48,188438215.1,Late,High
L002951,C09664,BR040,Auto,153028095.93,10.47,2026-07-31,36,32669303.31,Current,Low
L002952,C00222,BR023,Auto,182290071.73,11.99,2022-12-12,36,61542919.56,Current,Low
L002953,C03146,BR034,Mortgage,3196251969.03,6.88,2023-04-25,120,1571222250.02,Current,High
L002954,C07297,BR008,Mortgage,340027555.97,8.86,2026-03-21,120,319136335.33,Default,Medium
L002955,C07986,BR007,Business,2080116337.26,9.35,2024-09-07,24,1775743717.19,Default,Low
L002956,C08911,BR009,Mortgage,3224655181.57,10.48,2023-07-20,120,835792201.19,Current,Medium
L002957,C01672,BR024,Personal,306910960.6,12.8,2025-01-20,36,200457048.57,Current,Low
L002958,C04472,BR012,Personal,143632857.68,10.97,2024-10-21,12,79556269.93,Late,Medium
L002959,C00706,BR038,Auto,655974588.61,9.15,2026-04-14,36,179186708.36,Current,Low
L002960,C08784,BR041,Mortgage,609652660.05,5.69,2025-11-27,300,283854390.58,Late,High
L002961,C04835,BR016,Auto,661905926.98,10.43,2024-12-22,72,433152814.86,Current,Low
L002962,C08014,BR041,Personal,94623260.53,15.42,2026-06-20,36,64186504.2,Current,High
L002963,C07706,BR003,Personal,42787299.61,12.02,2023-09-30,36,15614033.24,Current,Low
L002964,C03345,BR005,Personal,100050035.79,10.61,2026-06-18,36,41528898.4,Late,Medium
L002965,C09602,BR025,Personal,113719494.89,11.82,2026-07-02,12,46491600.74,Current,Low
L002966,C07011,BR037,Auto,388067460.61,10.19,2023-04-27,60,53271192.89,Current,Low
L002967,C04902,BR028,Auto,199082812.62,8.28,2026-07-24,36,158278555.02,Current,Low
L002968,C02266,BR028,Business,678407364.15,14.62,2023-08-17,12,316044161.41,Late,High
L002969,C05039,BR047,Mortgage,514289171.48,10.44,2025-11-07,120,487293271.44,Default,High
L002970,C05509,BR004,Mortgage,226149023.21,6.84,2026-02-19,180,123163145.18,Current,High
L002971,C00811,BR028,Personal,403344922.56,10.19,2025-06-12,60,218734119.6,Current,Low
L002972,C07431,BR020,Mortgage,418194961.24,5.7,2026-03-29,300,173860987.46,Current,Medium
L002973,C05791,BR007,Auto,124853006.46,8.87,2023-09-27,48,58711979.67,Late,Medium
L002974,C08249,BR020,Business,740336970.13,8.55,2025-06-15,12,218136674.68,Current,Low
L002975,C00409,BR036,Auto,211182325.56,8.61,2025-11-10,72,25863854.11,Current,Low
L002976,C05502,BR044,Business,757667197.45,10.27,2025-01-19,84,317353947.18,Current,Low
L002977,C02879,BR025,Personal,118469260.14,15.98,2024-10-13,48,59565542.81,Current,Low
L002978,C08928,BR023,Personal,140426849.82,12.93,2023-12-07,12,54594009.77,Current,Low
L002979,C02037,BR041,Mortgage,489516330.98,8.73,2023-08-15,300,326200047.26,Current,Medium
L002980,C08388,BR019,Business,272403453.22,14.68,2025-12-01,84,76105153.44,Current,Low
L002981,C04985,BR021,Business,169819040.19,13.19,2024-07-28,12,110403236.1,Current,Low
L002982,C06831,BR009,Auto,440819554.52,10.84,2026-08-26,60,89999931.24,Current,Low
L002983,C01434,BR024,Business,413938056.11,8.86,2025-06-07,12,323819881.01,Current,High
L002984,C06666,BR009,Auto,118687858.67,12.44,2026-07-20,48,66430430.37,Current,Low
L002985,C05979,BR042,Personal,151828624.29,10.66,2022-12-22,48,21489397.88,Current,High
L002986,C05230,BR043,Mortgage,2604975185.6,5.63,2026-03-07,300,1332114389.77,Late,Medium
L002987,C03726,BR050,Personal,403370041.09,13.11,2021-05-20,60,317551660.7,Late,High
L002988,C09697,BR047,Personal,2892748249.02,16.81,2025-06-07,24,1269608054.79,Current,Low
L002989,C03724,BR033,Mortgage,500534259.99,10.29,2024-10-26,120,272239096.48,Current,Medium
L002990,C06856,BR002,Personal,69236247.15,15.87,2026-07-07,12,47583151.72,Current,Low
L002991,C07597,BR012,Auto,519559801.32,9.65,2020-03-14,72,238700073.17,Current,Low
L002992,C07446,BR047,Mortgage,999636828.0,6.75,2023-08-16,300,525787064.64,Late,Medium
L002993,C00321,BR014,Personal,313819241.06,15.76,2026-04-01,60,226337079.21,Current,High
L002994,C08577,BR028,Personal,632640344.07,16.54,2025-12-01,60,344525325.05,Current,Medium
L002995,C00725,BR006,Personal,171557224.24,15.11,2023-08-10,36,84784949.39,Late,Medium
L002996,C06794,BR044,Personal,48153264.49,13.58,2026-04-20,12,5830275.88,Current,Low
L002997,C02876,BR015,Business,198568789.84,14.72,2026-04-09,60,56550565.46,Current,Low
L002998,C07535,BR036,Personal,62504675.93,12.59,2022-01-19,48,46075160.28,Current,Low
L002999,C03378,BR021,Mortgage,192516805.08,7.42,2023-02-23,240,90442439.02,Current,Medium
L003000,C08363,BR011,Personal,71827614.24,12.53,2024-11-01,60,43217346.83,Current,Medium
L003001,C01554,BR022,Personal,456535562.88,11.37,2022-10-04,36,225888998.52,Current,Medium
L003002,C07734,BR048,Business,506248972.07,14.37,2024-07-31,60,457955877.94,Default,High
L003003,C02766,BR032,Mortgage,383755088.41,10.31,2026-06-06,300,149404280.66,Current,Low
L003004,C01012,BR014,Personal,126239226.07,10.16,2025-05-08,12,97853224.72,Current,Low
L003005,C08536,BR049,Personal,29941775.76,16.9,2022-05-19,48,12359853.27,Current,Low
L003006,C07646,BR031,Mortgage,1170896895.64,5.59,2021-01-28,180,929670789.65,Default,Medium
L003007,C08012,BR005,Auto,77903550.76,8.21,2023-12-03,60,7844340.92,Current,Low
L003008,C09956,BR001,Business,251433200.22,9.33,2024-05-07,84,37819843.63,Current,High
L003009,C03067,BR003,Personal,181160194.62,14.71,2025-10-29,12,53360459.08,Current,Low
L003010,C05290,BR002,Mortgage,756073186.06,6.7,2026-03-08,300,539100708.57,Current,Medium
L003011,C09559,BR050,Business,472822641.86,8.77,2026-06-09,36,294958811.52,Current,High
L003012,C00990,BR048,Auto,282577113.94,9.57,2025-05-18,48,123575205.98,Current,Low
L003013,C04487,BR013,Mortgage,1211371484.57,6.84,2026-05-29,240,853366393.07,Late,High
L003014,C07560,BR038,Auto,459099138.1,11.97,2026-04-01,72,60671654.31,Current,Medium
L003015,C05054,BR036,Auto,545488292.08,10.95,2023-03-29,72,427774735.31,Current,Low
L003016,C05807,BR040,Auto,429451946.72,7.78,2025-09-15,60,53470308.87,Current,Low
L003017,C03890,BR048,Auto,129092807.74,7.9,2022-01-09,36,52517957.19,Current,Low
L003018,C07033,BR019,Personal,564439787.56,16.82,2023-10-04,12,432729229.93,Current,Low
L003019,C04479,BR033,Mortgage,630018372.83,8.16,2022-10-20,300,396594425.13,Current,High
L003020,C04584,BR014,Mortgage,419438391.85,9.68,2023-11-02,300,244934686.67,Late,High
L003021,C07082,BR024,Personal,223751654.87,14.97,2026-08-23,48,136811668.2,Current,Low
L003022,C07746,BR049,Personal,193770292.03,14.62,2024-01-31,60,151652559.79,Current,Medium
L003023,C08981,BR045,Mortgage,1688246889.42,5.87,2026-06-25,180,1160111494.81,Current,High
L003024,C06927,BR042,Mortgage,458296945.85,7.74,2025-03-23,180,92290084.7,Current,Medium
L003025,C02819,BR034,Auto,1210084404.56,9.9,2024-06-12,60,771136515.42,Current,Medium
L003026,C00324,BR047,Auto,142177856.04,9.48,2021-08-24,48,70610744.86,Current,Medium
L003027,C02369,BR044,Personal,190466283.17,15.77,2026-06-03,24,58513156.37,Current,Low
L003028,C06052,BR044,Personal,259735355.16,17.63,2023-04-26,36,74639803.85,Current,Medium
L003029,C06088,BR022,Auto,715792381.37,8.75,2026-06-21,36,554464377.22,Late,High
L003030,C03517,BR048,Mortgage,449486503.43,8.97,2026-06-16,180,145216286.83,Current,High
L003031,C03844,BR035,Auto,2679772931.12,10.26,2025-11-20,36,1889968181.45,Current,Medium
L003032,C04481,BR048,Mortgage,311501188.5,6.2,2024-05-20,240,35170029.68,Current,Low
L003033,C07358,BR041,Personal,246442899.76,13.92,2022-12-28,12,181265852.26,Current,Low
L003034,C04979,BR021,Business,218280347.52,12.67,2023-04-01,84,122339603.14,Late,Medium
L003035,C05297,BR025,Auto,2442644716.4,9.17,2026-07-14,60,1653129666.88,Current,Medium
L003036,C06837,BR023,Mortgage,390630536.55,6.72,2025-10-18,120,118064885.12,Current,High
L003037,C05792,BR004,Mortgage,714152961.69,7.98,2022-11-04,240,364046116.69,Current,High
L003038,C09022,BR038,Mortgage,2018225807.1,5.75,2026-03-24,120,1337655785.21,Current,Low
L003039,C04230,BR038,Mortgage,1283608892.97,7.73,2025-07-07,120,509974567.36,Current,High
L003040,C08451,BR026,Mortgage,778772890.13,8.11,2023-11-19,120,357476803.77,Current,Medium
L003041,C06337,BR015,Mortgage,311376434.87,5.69,2022-06-24,300,177871572.64,Current,Low
L003042,C00662,BR009,Business,345596774.51,11.37,2022-11-24,24,216126907.21,Current,Low
L003043,C01178,BR018,Personal,104496472.57,12.57,2025-10-03,36,18746274.45,Current,Low
L003044,C08990,BR038,Personal,79723642.35,16.06,2024-06-24,60,28380607.43,Current,Medium
L003045,C05769,BR033,Personal,137055949.02,14.11,2024-12-11,24,52846358.15,Current,Low
L003046,C09747,BR046,Mortgage,793811192.3,5.73,2024-03-20,180,418428404.63,Current,High
L003047,C00216,BR038,Mortgage,321718082.22,8.14,2022-11-14,240,142265846.7,Current,Medium
L003048,C03324,BR048,Personal,112737006.91,12.46,2022-08-07,24,59033406.43,Current,Low
L003049,C00407,BR042,Auto,173469354.04,8.55,2025-11-13,60,122893397.46,Current,Medium
L003050,C05821,BR046,Mortgage,1569514336.39,6.83,2023-10-24,180,930311041.44,Current,Medium
L003051,C07001,BR028,Auto,325249200.71,11.13,2026-04-08,72,212032662.5,Current,Low
L003052,C08237,BR028,Personal,319252042.86,17.7,2024-02-19,24,179150569.91,Current,Low
L003053,C02094,BR009,Mortgage,329991114.2,7.38,2024-05-20,240,120253822.92,Current,Medium
L003054,C00525,BR019,Business,1038361902.05,13.76,2026-08-18,24,205531154.49,Current,High
L003055,C08253,BR033,Personal,316657870.08,15.16,2026-07-29,12,74295119.37,Current,Medium
L003056,C06390,BR032,Mortgage,741025890.27,10.26,2025-08-22,180,490955927.76,Late,High
L003057,C02505,BR033,Auto,791409231.28,9.91,2025-06-09,72,270394816.0,Current,Low
L003058,C06373,BR016,Auto,106370421.96,8.42,2024-11-28,60,70250251.7,Current,Low
L003059,C05925,BR046,Auto,193042231.66,8.33,2025-07-06,72,150589762.02,Current,Low
L003060,C02239,BR006,Personal,2163793329.41,10.66,2026-08-02,60,423948083.92,Current,Low
L003061,C03982,BR048,Mortgage,869361556.15,8.16,2026-07-25,240,581101508.19,Default,High
L003062,C04931,BR038,Mortgage,448250416.9,5.63,2023-07-13,240,58126172.55,Current,Medium
L003063,C02519,BR037,Auto,215806341.77,8.88,2023-06-15,48,180804083.61,Late,Medium
L003064,C09165,BR005,Personal,48071390.77,10.89,2023-05-15,36,28312375.01,Late,High
L003065,C08435,BR041,Mortgage,1868158014.12,7.56,2025-10-29,120,1308673223.06,Current,Medium
L003066,C04312,BR032,Auto,216975332.38,10.05,2025-04-26,72,70818547.67,Current,Low
L003067,C03963,BR041,Mortgage,788504796.31,9.98,2022-05-03,240,626788509.56,Current,High
L003068,C06126,BR022,Business,1052614081.12,10.06,2026-06-18,24,599005823.12,Late,Low
L003069,C01961,BR027,Mortgage,756648274.89,8.09,2021-10-07,120,321619807.28,Current,High
L003070,C06509,BR049,Mortgage,882730928.16,6.03,2026-06-30,120,545709855.13,Current,Low
L003071,C09694,BR042,Mortgage,571325283.61,9.92,2025-07-20,180,433360575.4,Current,High
L003072,C02977,BR037,Personal,195333388.39,17.27,2026-06-30,12,20839528.54,Current,Low
L003073,C05390,BR036,Personal,201589077.5,12.26,2025-12-16,24,151546028.99,Current,Low
L003074,C04400,BR013,Mortgage,1083158421.84,8.19,2025-12-08,120,711726696.85,Current,High
L003075,C00969,BR007,Business,451910297.17,13.69,2023-05-19,84,297138833.69,Current,High
L003076,C08444,BR038,Personal,84321687.02,16.43,2024-03-03,60,27249145.62,Current,Medium
L003077,C01104,BR026,Auto,264397899.62,7.9,2026-07-30,36,138023484.06,Current,Low
L003078,C02849,BR027,Personal,67251613.22,10.54,2020-04-01,36,41795357.15,Current,Low
L003079,C05267,BR018,Mortgage,1128690812.54,8.0,2022-12-20,300,892641869.31,Current,Low
L003080,C06553,BR025,Auto,41890188.34,9.41,2024-04-23,72,21277905.05,Late,Low
L003081,C07403,BR028,Personal,137030752.9,10.56,2025-05-02,60,15269141.79,Current,High
L003082,C08848,BR049,Personal,24520705.82,12.54,2026-08-19,12,7530940.36,Current,Low
L003083,C07120,BR007,Business,2129430313.6,12.57,2025-10-17,84,1398232371.31,Late,High
L003084,C03975,BR038,Personal,478747665.06,15.98,2023-09-19,48,82192670.56,Current,Low
L003085,C09446,BR050,Mortgage,404107194.86,5.79,2022-11-25,180,238052414.79,Current,Low
L003086,C07220,BR047,Auto,107730066.57,11.92,2025-05-13,60,83799668.55,Late,Medium
L003087,C03892,BR029,Auto,419463096.49,10.38,2026-08-26,36,280000422.11,Current,Low
L003088,C08748,BR032,Business,479316551.64,10.72,2023-06-21,84,253308373.68,Late,Medium
L003089,C03028,BR013,Business,1158595361.79,12.02,2021-09-02,84,906307117.15,Current,Medium
L003090,C01119,BR038,Personal,89640924.58,17.13,2023-12-25,12,49244137.05,Current,Low
L003091,C04682,BR002,Mortgage,771772427.94,8.37,2025-02-04,180,381156331.66,Current,Medium
L003092,C04428,BR033,Business,448817322.28,11.07,2024-10-06,36,232192434.57,Current,Low
L003093,C06675,BR009,Business,324889175.3,14.53,2026-01-20,60,157408624.65,Current,Medium
L003094,C08758,BR019,Personal,91323930.79,16.25,2026-07-04,12,71455251.08,Late,High
L003095,C00356,BR004,Business,1494314602.96,11.35,2026-08-29,60,1047669917.7,Late,High
L003096,C06013,BR023,Mortgage,847995991.46,10.31,2026-03-23,300,707444120.57,Default,Medium
L003097,C01881,BR047,Personal,94046740.85,14.69,2022-04-22,48,55493023.19,Current,Medium
L003098,C05034,BR029,Mortgage,724640987.05,6.74,2025-05-17,300,360933385.98,Current,Low
L003099,C09925,BR040,Business,423633046.41,9.86,2023-03-25,60,295596463.07,Default,High
L003100,C07781,BR036,Personal,73517757.44,14.03,2025-06-08,60,22451591.05,Current,Low
L003101,C09546,BR032,Auto,136509688.77,10.38,2024-09-25,72,110694057.51,Late,High
L003102,C04865,BR032,Personal,325879757.23,10.58,2024-11-29,48,204048493.77,Current,Low
L003103,C03571,BR037,Mortgage,1989225070.84,7.0,2024-07-01,240,897817667.18,Current,Low
L003104,C06147,BR033,Mortgage,1265586303.34,7.73,2024-11-18,240,273370245.62,Current,Medium
L003105,C09991,BR038,Auto,273561690.77,12.34,2023-10-18,72,154474576.87,Late,Low
L003106,C00579,BR004,Personal,304205051.32,14.25,2024-07-18,12,226835613.82,Late,Medium
L003107,C02234,BR031,Business,286903884.13,8.13,2021-02-15,60,165671696.83,Current,Low
L003108,C06097,BR011,Mortgage,964259671.86,9.22,2021-06-08,240,151547984.77,Current,High
L003109,C00909,BR019,Personal,88611102.28,11.57,2024-06-19,60,30841511.27,Current,Low
L003110,C04917,BR013,Personal,77551317.99,16.7,2021-02-16,24,13433654.37,Current,Low
L003111,C06713,BR045,Personal,261633505.5,12.67,2024-09-20,60,55884971.15,Current,Low
L003112,C05536,BR029,Personal,92834764.61,10.51,2023-12-20,12,60005244.87,Current,Low
L003113,C00590,BR023,Business,223059455.62,12.44,2024-12-13,24,95201901.66,Late,Medium
L003114,C06750,BR013,Personal,40419558.19,17.7,2024-10-22,12,10627779.34,Current,Medium
L003115,C08557,BR021,Auto,164158009.4,10.93,2023-11-12,72,76259961.72,Current,Low
L003116,C00733,BR013,Mortgage,2542621499.0,6.83,2025-12-21,300,1643054439.08,Late,High
L003117,C09035,BR048,Business,474029795.5,14.27,2020-04-28,12,325759202.46,Current,Low
L003118,C02295,BR038,Mortgage,455142685.28,7.05,2023-08-15,300,314657591.7,Late,Medium
L003119,C02294,BR038,Personal,239754457.31,12.72,2025-04-13,48,104816402.98,Current,Low
L003120,C08334,BR028,Personal,87673287.13,14.15,2022-10-28,48,10659491.47,Current,Low
L003121,C06318,BR034,Personal,150686579.44,12.34,2022-06-06,36,65264525.23,Current,Low
L003122,C00926,BR005,Business,1036242570.58,12.74,2024-10-21,36,310585473.06,Current,Medium
L003123,C07974,BR031,Business,5129034607.98,7.55,2022-06-17,60,2443613554.25,Late,Medium
L003124,C09163,BR019,Mortgage,2284151981.77,7.33,2020-08-14,180,1111940920.98,Late,High
L003125,C09724,BR009,Personal,107577189.99,17.89,2026-08-21,48,82657643.18,Late,Medium
L003126,C03451,BR015,Personal,119154713.91,13.15,2021-10-18,36,52851463.79,Late,High
L003127,C07042,BR004,Mortgage,316044363.62,8.78,2025-07-28,300,57620924.11,Current,Medium
L003128,C04675,BR047,Business,904897190.79,9.59,2024-10-02,36,215114139.97,Current,Low
L003129,C05554,BR028,Personal,146888967.4,17.77,2024-11-30,24,92274870.58,Current,Low
L003130,C08291,BR044,Mortgage,1586487863.12,8.69,2022-01-25,240,617156405.36,Current,Low
L003131,C08965,BR033,Mortgage,539482071.81,9.4,2026-07-03,240,281162069.89,Current,Low
L003132,C08341,BR001,Auto,249536936.89,12.22,2020-11-23,60,53227170.17,Current,Low
L003133,C04053,BR038,Business,291808038.84,11.93,2023-09-19,12,40997237.88,Current,Medium
L003134,C09352,BR005,Personal,735374048.56,15.77,2025-11-18,12,495602125.95,Current,Low
L003135,C06420,BR019,Mortgage,2119691179.77,9.07,2025-12-25,240,1103627275.14,Current,High
L003136,C04000,BR003,Personal,368314551.31,12.51,2025-10-29,24,171740509.0,Current,Low
L003137,C09984,BR037,Mortgage,2255326759.06,7.81,2026-04-25,120,1267054818.92,Late,Medium
L003138,C06185,BR035,Auto,281943239.74,10.9,2024-01-31,60,219276479.53,Late,High
L003139,C04736,BR004,Personal,317805103.08,12.85,2021-10-15,36,221033604.66,Current,Low
L003140,C02516,BR038,Personal,153537269.37,13.63,2023-01-27,24,109571850.94,Current,Low
L003141,C02273,BR049,Personal,344286485.99,15.07,2026-04-16,12,242417417.63,Current,Low
L003142,C01250,BR040,Business,690415054.11,14.87,2023-09-02,36,515307364.2,Current,Medium
L003143,C03732,BR022,Mortgage,333303362.57,8.28,2023-11-25,120,253503993.73,Current,Low
L003144,C00334,BR005,Personal,189625284.21,15.33,2025-09-08,24,91028206.43,Late,Medium
L003145,C00961,BR027,Personal,424600419.78,17.83,2024-03-26,24,102970946.53,Current,Low
L003146,C02743,BR037,Business,5452609123.06,11.8,2023-03-24,36,3086859791.8,Current,Low
L003147,C01664,BR038,Mortgage,363458665.47,8.26,2026-01-23,180,204784453.36,Late,Medium
L003148,C07527,BR023,Auto,154360648.72,9.02,2022-04-19,36,122481061.69,Current,Medium
L003149,C06996,BR030,Personal,94409743.78,11.04,2025-07-08,24,48978808.57,Current,Low
L003150,C00497,BR025,Business,734874697.04,10.32,2026-05-06,60,89422342.42,Current,Low
L003151,C03564,BR011,Mortgage,2700525181.84,8.39,2021-08-14,180,1923089254.3,Current,High
L003152,C01315,BR035,Business,394491455.36,12.47,2020-11-30,84,219691278.56,Current,Medium
L003153,C04423,BR021,Mortgage,875705458.76,8.36,2026-02-10,300,514642972.0,Late,High
L003154,C03633,BR028,Personal,87723668.48,14.37,2024-05-28,12,38761226.79,Current,Medium
L003155,C04909,BR005,Mortgage,357385976.1,7.93,2026-05-16,120,192991638.8,Current,Low
L003156,C00033,BR008,Auto,136179193.35,10.61,2026-08-15,36,61625047.1,Current,High
L003157,C04813,BR029,Mortgage,467750734.09,9.64,2025-12-06,240,60551436.19,Current,Low
L003158,C04640,BR044,Auto,646406076.85,8.38,2026-08-04,72,296940713.6,Current,Medium
L003159,C09625,BR042,Personal,350632667.73,14.32,2023-06-02,60,276431190.73,Current,Low
L003160,C08863,BR017,Auto,3198540024.63,11.99,2025-08-29,48,902554600.27,Current,Low
L003161,C07105,BR020,Personal,127573281.64,16.23,2023-04-04,36,59077046.36,Current,Medium
L003162,C02966,BR019,Personal,224351582.45,11.36,2022-08-15,12,105840310.7,Current,Medium
L003163,C09110,BR046,Personal,128052200.2,15.42,2024-07-12,48,85286052.59,Current,Low
L003164,C09244,BR049,Business,1504217133.74,10.75,2025-12-01,84,752867678.83,Current,Low
L003165,C00411,BR039,Personal,123212415.55,13.96,2026-03-25,12,85896287.29,Current,Medium
L003166,C08994,BR009,Auto,2162807089.53,7.75,2023-05-15,72,1131490246.08,Current,Low
L003167,C05546,BR028,Business,562537780.8,12.22,2025-02-24,24,476683428.53,Late,Medium
L003168,C09514,BR032,Personal,125185871.56,12.08,2021-05-26,12,84149761.26,Current,High
L003169,C08422,BR014,Mortgage,502086522.46,10.46,2020-06-11,120,294462626.86,Late,Medium
L003170,C00312,BR038,Mortgage,1042503453.67,8.2,2025-10-05,300,683865179.25,Late,High
L003171,C09193,BR035,Business,271800600.66,8.5,2025-09-10,84,165006212.88,Current,Low
L003172,C09935,BR034,Personal,174523559.97,10.57,2026-06-18,60,107592564.38,Current,Low
L003173,C09784,BR033,Personal,162006583.06,16.02,2025-02-18,36,59706990.56,Current,Low
L003174,C07124,BR006,Auto,446547234.57,11.46,2026-07-27,48,106650017.44,Current,Medium
L003175,C08606,BR047,Mortgage,5335200552.42,6.51,2026-07-23,180,1076461233.62,Current,Low
L003176,C09363,BR047,Personal,69252382.19,16.8,2025-11-25,48,8965258.76,Current,Low
L003177,C00571,BR042,Mortgage,1289076590.55,7.31,2024-03-27,240,993905958.99,Late,High
L003178,C02735,BR037,Business,2161159135.09,10.32,2023-06-14,36,1491890834.9,Default,High
L003179,C04828,BR041,Business,639406663.41,13.51,2025-10-04,24,262288440.26,Current,Medium
L003180,C08255,BR043,Personal,160989174.1,15.12,2025-07-06,60,90051629.82,Current,Low
L003181,C04738,BR005,Mortgage,467242845.69,9.47,2022-10-10,240,229552401.93,Late,High
L003182,C00048,BR035,Business,280857993.08,8.88,2024-06-03,12,220563822.75,Current,High
L003183,C08763,BR016,Auto,459797327.03,11.68,2024-05-22,36,321607884.58,Current,Low
L003184,C07573,BR003,Business,3178425804.85,10.6,2026-01-29,84,430065266.13,Current,Medium
L003185,C05742,BR030,Personal,1460513889.96,13.88,2026-06-20,48,935373232.01,Late,Low
L003186,C06555,BR012,Auto,167348429.63,7.61,2024-04-08,60,77691459.54,Late,Medium
L003187,C06563,BR035,Business,268002481.68,9.55,2021-01-23,60,220826552.19,Late,High
L003188,C08725,BR047,Business,750795631.44,13.93,2026-07-18,36,490498714.78,Late,High
L003189,C04104,BR008,Auto,63385439.49,8.03,2026-08-25,48,47402800.6,Current,Low
L003190,C09957,BR021,Personal,126881149.24,11.26,2026-08-05,12,87765091.58,Current,Medium
L003191,C04064,BR030,Mortgage,465327812.43,9.83,2026-01-14,120,220669219.18,Late,High
L003192,C06026,BR022,Personal,189445082.56,11.81,2025-12-08,60,116982466.82,Current,Low
L003193,C05283,BR040,Personal,33690578.22,17.19,2025-09-27,48,14074754.2,Current,Low
L003194,C04847,BR019,Mortgage,742734489.38,6.66,2022-05-02,240,586531504.41,Default,High
L003195,C05576,BR046,Personal,130351696.87,15.73,2020-10-06,36,80795677.25,Current,High
L003196,C00749,BR008,Personal,144213059.98,10.2,2023-09-18,12,64715896.86,Current,Low
L003197,C04829,BR035,Mortgage,158370376.29,7.97,2026-07-31,300,68993045.42,Late,Medium
L003198,C02015,BR042,Auto,310318878.73,8.72,2025-06-23,72,48725556.79,Current,Low
L003199,C08650,BR038,Auto,446256267.91,7.33,2024-05-17,36,176360756.13,Current,High
L003200,C03764,BR035,Business,274560844.7,13.32,2025-06-27,12,95142469.05,Current,Medium
L003201,C01941,BR039,Mortgage,828757164.91,5.58,2023-05-13,300,560056996.9,Default,High
L003202,C03480,BR035,Mortgage,740534461.16,7.29,2026-08-22,300,665303323.31,Default,High
L003203,C00450,BR039,Mortgage,486058725.6,8.86,2021-01-12,300,189279365.04,Current,High
L003204,C03204,BR040,Mortgage,773290168.69,7.95,2024-01-02,240,336747262.52,Late,High
L003205,C00365,BR024,Mortgage,448673183.06,7.82,2022-11-19,120,107728526.27,Current,Low
L003206,C02578,BR003,Mortgage,397817672.47,6.67,2022-09-07,120,73845346.14,Current,High
L003207,C00018,BR047,Personal,276437830.23,17.96,2026-04-26,48,196014720.04,Late,Low
L003208,C04352,BR028,Personal,150606631.42,15.26,2026-08-27,12,40889098.92,Current,Medium
L003209,C08798,BR014,Personal,70153785.75,10.16,2026-03-09,48,44651511.15,Late,Medium
L003210,C00025,BR029,Personal,84439830.35,13.13,2023-09-09,36,24826000.34,Current,Low
L003211,C08755,BR016,Personal,789323317.04,13.3,2020-12-07,36,485758617.33,Late,Low
L003212,C06518,BR040,Mortgage,583680440.66,5.88,2026-04-21,120,441923055.3,Current,Low
L003213,C06130,BR037,Mortgage,705343406.3,8.14,2022-11-24,300,488324946.41,Default,Medium
L003214,C07587,BR048,Mortgage,2499378859.43,9.02,2025-05-11,240,1180604286.43,Current,Medium
L003215,C07940,BR033,Personal,1888798480.04,12.95,2025-05-11,24,279066615.17,Current,Low
L003216,C01920,BR011,Mortgage,751072262.9,7.33,2023-09-16,120,493997193.16,Late,High
L003217,C09109,BR013,Mortgage,287018565.9,7.12,2023-04-04,240,160839316.01,Current,Low
L003218,C03830,BR035,Auto,568193926.55,8.66,2023-07-26,72,347430040.87,Current,Low
L003219,C04650,BR001,Business,177814962.99,8.92,2024-08-23,24,60638069.67,Current,Low
L003220,C04111,BR013,Personal,52832254.53,16.56,2026-07-02,60,34811883.88,Current,Low
L003221,C04973,BR020,Personal,32335252.42,12.49,2026-06-18,12,21983406.6,Current,Low
L003222,C02701,BR013,Personal,126266736.66,15.85,2024-09-23,24,15615224.18,Current,Low
L003223,C03789,BR038,Auto,91210551.07,12.19,2024-02-12,48,48743497.01,Current,Low
L003224,C00454,BR048,Mortgage,8047869563.6,7.49,2026-07-15,120,7232180007.36,Default,Low
L003225,C08853,BR023,Personal,691175710.73,10.91,2026-05-21,48,400363144.6,Current,Low
L003226,C06391,BR023,Business,2277538146.42,14.65,2024-06-29,12,1753801668.79,Default,Medium
L003227,C09720,BR014,Personal,102727320.77,14.07,2022-09-12,48,41997108.06,Late,High
L003228,C01504,BR050,Auto,156077027.77,10.04,2024-04-08,72,67050978.35,Late,High
L003229,C06165,BR029,Auto,226141753.75,11.46,2025-06-03,36,196750233.56,Default,Medium
L003230,C03828,BR018,Auto,181085785.01,12.06,2025-02-02,60,141830587.95,Current,Low
L003231,C08630,BR012,Personal,136494029.14,13.15,2024-06-14,12,36536604.88,Current,Low
L003232,C08533,BR001,Mortgage,1184536815.76,7.47,2023-10-26,180,892826330.77,Late,High
L003233,C07052,BR038,Personal,412240870.16,12.94,2024-01-24,24,285561052.49,Late,Medium
L003234,C06484,BR044,Personal,84476831.83,11.3,2025-11-17,36,33898951.21,Late,Medium
L003235,C00213,BR023,Personal,207988869.77,12.54,2020-05-14,48,113398476.36,Current,Low
L003236,C07233,BR019,Auto,162364676.0,7.81,2022-09-23,60,27405671.83,Current,Low
L003237,C02621,BR038,Personal,94111927.0,14.95,2025-01-01,36,63893746.4,Current,Low
L003238,C08902,BR012,Mortgage,2471109775.02,8.3,2022-06-20,180,1719305371.06,Default,High
L003239,C00445,BR006,Auto,500323413.28,7.32,2026-06-17,36,142794667.31,Current,Low
L003240,C02488,BR038,Personal,36806701.4,12.36,2025-04-20,48,18809694.29,Late,Low
L003241,C09296,BR032,Personal,150265861.82,16.42,2022-06-25,12,91853179.75,Current,Medium
L003242,C03815,BR023,Mortgage,638373119.92,6.01,2026-08-02,120,160229792.11,Current,Medium
L003243,C04969,BR047,Auto,2530197507.36,7.52,2023-04-04,72,1905615223.65,Current,Low
L003244,C02459,BR007,Personal,144587966.47,14.35,2026-07-06,60,59505491.05,Current,Low
L003245,C04470,BR014,Auto,232401738.6,11.89,2023-08-15,36,27796995.86,Current,Low
L003246,C05648,BR020,Business,182044807.92,8.69,2022-03-12,12,38428262.4,Current,Low
L003247,C02972,BR037,Personal,64414721.56,12.15,2023-09-21,60,30250064.24,Late,Medium
L003248,C03851,BR002,Business,381690702.98,8.2,2024-12-04,24,248113716.08,Current,Low
L003249,C00058,BR004,Personal,250912198.63,10.1,2025-09-20,24,147017121.3,Current,Medium
L003250,C00641,BR018,Personal,49055557.71,10.54,2024-09-27,60,18962446.18,Current,Low
L003251,C08315,BR005,Business,440381747.02,8.9,2023-09-28,24,236239357.73,Current,Medium
L003252,C09542,BR021,Mortgage,1408646894.79,6.46,2026-08-31,120,427292714.92,Current,Medium
L003253,C04938,BR008,Personal,147185167.48,14.57,2024-07-15,48,81295073.5,Current,Low
L003254,C09605,BR037,Personal,302607905.19,17.66,2025-11-24,36,256734795.81,Late,Low
L003255,C06858,BR018,Auto,39904357.57,8.34,2021-11-24,72,6807263.13,Current,Low
L003256,C06386,BR035,Personal,151943750.94,11.22,2023-12-16,48,130209454.85,Default,High
L003257,C04809,BR011,Mortgage,1625255229.21,6.39,2025-10-27,240,727129713.35,Late,High
L003258,C09671,BR030,Business,231323482.54,13.56,2024-12-29,84,46927197.11,Current,High
L003259,C09133,BR020,Personal,285012378.92,17.65,2024-10-04,36,139215652.0,Current,Low
L003260,C06583,BR033,Personal,85820104.75,12.34,2026-06-20,48,54065320.08,Current,Low
L003261,C09157,BR029,Personal,159530542.35,14.97,2026-07-17,24,122652196.54,Current,Low
L003262,C00769,BR013,Auto,282841152.33,8.05,2020-11-10,36,143431524.93,Current,High
L003263,C07457,BR040,Mortgage,1396348137.4,9.04,2025-11-21,120,678734359.05,Current,Low
L003264,C09832,BR027,Personal,333343147.32,17.59,2026-05-03,60,196220982.71,Current,Medium
L003265,C02242,BR030,Mortgage,830904790.29,5.67,2021-07-22,300,553406626.87,Late,High
L003266,C03813,BR038,Auto,283815488.28,11.65,2026-05-05,72,121090081.85,Current,High
L003267,C04770,BR007,Auto,583774445.5,12.06,2025-10-03,48,115687032.61,Current,Low
L003268,C06231,BR036,Personal,120348045.58,12.93,2024-03-12,24,76058391.91,Current,Low
L003269,C03820,BR045,Mortgage,301188398.05,8.55,2026-08-29,300,149596299.64,Current,Medium
L003270,C00727,BR033,Auto,324533746.03,8.77,2026-01-21,36,203980452.51,Late,Low
L003271,C09840,BR016,Mortgage,2040389309.33,9.24,2026-07-03,240,323615584.98,Current,Low
L003272,C00285,BR039,Mortgage,1180177251.82,7.65,2024-06-02,180,382805496.67,Current,Low
L003273,C03974,BR046,Mortgage,801476976.78,9.75,2025-11-16,120,160591540.09,Current,Medium
L003274,C06212,BR034,Personal,347055520.36,15.64,2023-04-24,36,93929475.1,Current,Low
L003275,C02608,BR019,Personal,119727681.7,13.96,2023-10-13,48,65653691.9,Current,Low
L003276,C00858,BR028,Personal,150756255.68,10.79,2022-01-12,48,56441696.29,Current,High
L003277,C08543,BR021,Auto,265940032.91,12.41,2021-05-25,72,60225788.91,Current,Medium
L003278,C09467,BR032,Mortgage,662843653.13,6.21,2024-12-29,120,194298217.98,Current,Medium
L003279,C05701,BR027,Business,171677773.19,8.45,2024-12-18,60,47088613.62,Current,Medium
L003280,C08764,BR040,Auto,190610519.13,11.06,2026-08-20,36,135671208.34,Current,Low
L003281,C08819,BR021,Personal,96303059.56,17.36,2026-07-15,24,36086480.24,Current,Low
L003282,C00004,BR037,Mortgage,721046708.33,8.79,2023-07-18,240,518557042.86,Current,Low
L003283,C06094,BR003,Mortgage,1936462948.48,9.49,2026-07-24,180,1356716162.6,Default,High
L003284,C02056,BR007,Auto,157985788.11,11.37,2026-08-05,48,100993798.02,Current,Low
L003285,C08600,BR036,Personal,472672863.2,16.34,2024-09-29,12,227554444.49,Current,Low
L003286,C04176,BR045,Mortgage,405363697.1,7.56,2026-07-26,300,44360786.39,Current,Medium
L003287,C04077,BR022,Auto,64931545.38,9.66,2024-09-08,36,42600333.09,Default,High
L003288,C09385,BR011,Auto,265313483.81,10.59,2025-12-27,36,117671414.97,Current,Low
L003289,C05208,BR030,Mortgage,1309976739.3,9.99,2025-03-06,240,1142607553.5,Default,Medium
L003290,C02558,BR012,Auto,306568308.7,11.52,2026-02-09,36,126971802.37,Current,Low
L003291,C00515,BR001,Personal,93988429.24,12.16,2025-05-16,36,47431429.03,Late,High
L003292,C04337,BR049,Auto,267461770.42,11.26,2026-05-02,60,77312433.98,Current,High
L003293,C07319,BR044,Personal,81027948.8,15.44,2020-07-16,48,53197352.65,Current,Low
L003294,C02109,BR047,Mortgage,1453407418.49,6.0,2025-03-08,240,885309027.17,Current,Medium
L003295,C06175,BR036,Auto,165147362.91,11.8,2024-07-06,36,43379983.46,Current,Low
L003296,C08787,BR034,Personal,47667978.28,15.14,2024-08-17,36,25913181.25,Current,Medium
L003297,C02944,BR009,Personal,147092274.27,15.03,2024-09-13,60,20186855.62,Current,Low
L003298,C08319,BR049,Personal,61876612.73,14.85,2025-12-28,24,43332800.51,Late,High
L003299,C04280,BR030,Auto,517159520.46,9.96,2026-06-23,72,202221851.58,Current,Low
L003300,C01884,BR027,Personal,214373386.54,15.51,2026-08-29,12,22660291.62,Current,Low
L003301,C00303,BR012,Personal,370772547.85,10.65,2021-12-31,12,45478229.43,Current,Low
L003302,C05493,BR001,Personal,142206013.13,15.2,2022-07-12,36,22681041.85,Current,Low
L003303,C09204,BR041,Auto,225168929.32,10.4,2023-12-01,36,57256141.48,Current,Low
L003304,C04623,BR024,Auto,87755064.96,7.8,2022-04-03,60,64212914.92,Current,Low
L003305,C05330,BR011,Mortgage,452498768.63,9.2,2026-04-19,120,167816711.86,Current,Medium
L003306,C07198,BR001,Mortgage,309487154.22,8.49,2025-03-14,120,184029871.61,Current,High
L003307,C00337,BR019,Business,534738711.83,11.33,2022-07-26,24,383750099.05,Current,Low
L003308,C08945,BR047,Auto,125824668.21,8.33,2022-01-24,72,37575032.07,Current,Low
L003309,C05607,BR014,Personal,124674248.67,15.29,2026-07-08,60,40206177.66,Current,Low
L003310,C08165,BR049,Personal,913913044.14,14.99,2026-01-30,36,594153157.21,Current,Medium
L003311,C02994,BR039,Auto,250980641.75,9.4,2025-11-21,36,51177227.16,Current,Low
L003312,C06441,BR001,Auto,60740450.47,10.13,2021-07-20,60,23134332.33,Current,High
L003313,C08568,BR027,Personal,198982395.13,16.45,2026-07-16,24,117957189.92,Current,Low
L003314,C09164,BR037,Personal,1591690782.08,10.95,2023-12-19,48,495159987.48,Current,Low
L003315,C07726,BR038,Auto,310881939.77,10.4,2024-06-01,36,193346878.97,Current,Medium
L003316,C07390,BR013,Mortgage,384057951.68,6.41,2024-03-15,300,254310138.39,Current,Medium
L003317,C06266,BR026,Mortgage,572453920.24,6.11,2026-02-27,300,432987007.34,Default,Medium
L003318,C02383,BR030,Auto,550206170.72,8.78,2022-01-16,36,337069713.24,Current,Low
L003319,C03718,BR020,Personal,198276596.2,17.82,2026-03-06,12,56697282.5,Current,Low
L003320,C03621,BR038,Business,1272072691.62,10.43,2020-05-01,84,906334263.82,Current,Low
L003321,C06280,BR048,Auto,149409808.51,11.1,2026-07-09,36,16710639.66,Current,Low
L003322,C06299,BR048,Auto,1688264135.68,7.53,2023-07-22,36,747880491.25,Current,Medium
L003323,C05912,BR025,Personal,181013980.11,11.57,2025-06-07,24,156567523.79,Default,High
L003324,C00523,BR019,Mortgage,1503295088.73,9.26,2025-03-11,120,919215134.54,Late,Medium
L003325,C01084,BR019,Mortgage,413199545.33,5.57,2021-05-12,240,174851879.49,Late,Medium
L003326,C07938,BR001,Personal,26736626.1,13.66,2025-03-26,12,15353852.46,Current,Low
L003327,C00562,BR029,Auto,86103808.86,12.03,2024-10-10,60,43298195.43,Current,Low
L003328,C08335,BR039,Business,426140528.58,7.51,2026-01-27,24,92368983.39,Current,Medium
L003329,C07765,BR015,Business,1169554511.02,11.4,2026-04-09,84,437293828.43,Current,Low
L003330,C08445,BR023,Personal,202133044.64,17.45,2026-01-16,12,123642371.72,Current,Low
L003331,C00801,BR023,Mortgage,2796865674.39,8.22,2026-04-26,120,2388510709.18,Default,Medium
L003332,C07692,BR035,Business,283622999.72,12.19,2026-02-05,12,215040115.1,Late,High
L003333,C09631,BR038,Personal,53547761.14,11.19,2021-10-18,60,49401191.53,Default,Medium
L003334,C09175,BR041,Personal,28409058.0,15.56,2024-07-14,12,2946999.16,Current,Medium
L003335,C07565,BR018,Personal,119608615.64,10.78,2020-06-21,24,37768730.35,Current,Low
L003336,C00982,BR004,Auto,288381589.52,9.67,2025-12-06,72,161447482.43,Current,Medium
L003337,C00264,BR047,Personal,178618820.9,12.1,2024-03-13,48,45506065.89,Current,Low
L003338,C05604,BR024,Personal,105964994.63,11.83,2021-12-29,36,47635253.1,Current,Low
L003339,C08720,BR043,Auto,712842470.53,7.33,2021-04-29,36,198985285.77,Current,Low
L003340,C03601,BR029,Personal,53743635.14,14.66,2026-07-30,12,27421860.89,Late,Low
L003341,C03514,BR030,Auto,105618217.74,10.81,2024-10-02,48,80543940.89,Current,Low
L003342,C08988,BR044,Business,552583300.87,8.49,2026-04-01,60,167866919.43,Current,High
L003343,C08120,BR033,Mortgage,768462827.63,8.74,2026-01-28,120,702311226.33,Default,High
L003344,C02571,BR002,Personal,421013025.61,12.23,2022-12-16,36,136994104.4,Current,Medium
L003345,C07674,BR030,Auto,354519746.27,10.18,2022-05-12,36,88907477.72,Current,Low
L003346,C07210,BR029,Business,768419571.49,10.75,2023-04-28,12,602203583.75,Current,Low
L003347,C06627,BR002,Personal,169383997.56,13.66,2025-01-03,12,101155872.16,Current,Low
L003348,C00387,BR038,Auto,395299935.77,10.15,2021-05-18,36,75513377.95,Current,Low
L003349,C09112,BR002,Mortgage,579278088.56,7.74,2022-05-01,240,430338676.25,Default,High
L003350,C00923,BR038,Mortgage,597179167.77,6.11,2026-06-27,120,411260705.66,Current,Medium
L003351,C04553,BR039,Personal,158624992.5,11.61,2023-12-25,12,58288327.84,Current,Medium
L003352,C02147,BR001,Personal,288658000.07,17.11,2026-04-27,12,98553358.46,Current,Medium
L003353,C03877,BR001,Mortgage,344320711.65,9.53,2025-10-01,120,52821001.08,Current,High
L003354,C05831,BR019,Personal,107956599.53,12.9,2025-01-20,60,59462442.97,Late,Medium
L003355,C08830,BR023,Personal,182773261.71,15.05,2022-12-19,24,24199677.27,Current,Low
L003356,C04665,BR004,Personal,239603272.27,14.79,2025-11-11,36,112968231.8,Current,Medium
L003357,C06851,BR047,Auto,147858882.29,10.74,2026-07-26,60,91930121.42,Current,Low
L003358,C06933,BR038,Auto,869780547.27,7.23,2025-11-07,36,400997554.06,Current,Medium
L003359,C08951,BR049,Auto,196123907.54,9.98,2026-02-16,60,87254477.92,Current,Medium
L003360,C05088,BR047,Mortgage,1370842767.19,5.72,2026-07-15,300,203401722.35,Current,High
L003361,C09043,BR007,Mortgage,407649339.32,10.22,2022-01-29,300,188599695.07,Late,Medium
L003362,C00635,BR048,Mortgage,1328950863.41,8.33,2024-09-05,120,917902886.31,Late,High
L003363,C03909,BR050,Personal,480448678.79,11.94,2025-03-14,12,52959642.92,Current,Low
L003364,C06924,BR042,Personal,142183042.2,15.12,2024-05-01,12,112252116.69,Current,Medium
L003365,C07680,BR019,Business,387853738.01,13.04,2026-03-28,24,175809830.05,Current,Medium
L003366,C02454,BR005,Mortgage,237115343.92,7.22,2024-12-08,300,46725484.18,Current,High
L003367,C03675,BR032,Personal,164435184.46,15.64,2026-06-12,12,112144251.15,Default,Low
L003368,C05702,BR042,Business,282126623.58,12.93,2024-05-28,24,124147164.2,Current,Medium
L003369,C09786,BR004,Mortgage,399363761.42,7.75,2025-06-08,240,336742149.61,Late,Medium
L003370,C05464,BR036,Personal,142488283.01,17.71,2025-10-29,36,18511046.21,Current,High
L003371,C07262,BR022,Auto,185317475.91,9.11,2024-09-23,72,78275946.05,Current,High
L003372,C08949,BR046,Auto,347804212.69,10.43,2022-01-15,72,314847030.86,Default,Medium
L003373,C07673,BR006,Mortgage,597182710.53,9.01,2020-10-08,300,436525906.15,Current,Medium
L003374,C01832,BR043,Personal,179910181.75,17.47,2022-04-26,24,67366358.74,Current,High
L003375,C04737,BR024,Business,3534667039.86,9.43,2024-09-24,84,1335765690.99,Current,Low
L003376,C06060,BR050,Personal,137290834.92,13.53,2026-06-01,36,18354270.8,Current,Medium
L003377,C09839,BR037,Personal,76654281.86,13.52,2020-12-09,60,46875813.38,Current,Low
L003378,C07518,BR033,Mortgage,1199641142.19,8.27,2025-07-03,120,524529389.32,Late,Medium
L003379,C07422,BR016,Personal,232443863.78,11.06,2026-05-27,36,75365828.5,Current,Low
L003380,C01929,BR044,Personal,539242493.26,10.53,2026-07-06,24,386743887.66,Current,Low
L003381,C03728,BR032,Auto,122768843.61,11.88,2026-02-01,36,56592812.59,Current,Low
L003382,C07594,BR020,Auto,289821553.57,7.35,2025-12-07,72,73637737.13,Current,Medium
L003383,C08553,BR002,Personal,128321314.45,10.67,2026-05-25,60,71348175.14,Late,High
L003384,C02101,BR047,Auto,108601012.24,11.52,2021-08-30,48,83377222.39,Current,Low
L003385,C05655,BR036,Personal,138371660.65,15.71,2025-09-26,48,102792315.15,Current,Low
L003386,C02123,BR022,Mortgage,329412929.62,10.18,2021-07-03,240,240740020.89,Current,Medium
L003387,C02115,BR040,Mortgage,826183861.07,7.17,2024-10-03,300,270698508.49,Current,High
L003388,C06188,BR038,Personal,444482595.18,14.11,2025-02-19,24,207957614.52,Current,Low
L003389,C02891,BR033,Mortgage,432128416.88,5.81,2024-04-21,120,117335897.76,Current,Medium
L003390,C01202,BR048,Personal,51955501.54,17.59,2022-09-03,24,30420050.8,Current,Low
L003391,C01809,BR004,Mortgage,1125281019.27,8.99,2023-01-26,300,732909051.51,Default,High
L003392,C05827,BR016,Auto,379092415.68,7.15,2025-10-22,36,115025965.34,Current,Low
L003393,C09789,BR038,Personal,212512661.14,16.62,2026-04-03,60,172790836.52,Late,Medium
L003394,C04921,BR018,Auto,332938710.96,11.32,2023-07-20,60,37656656.33,Current,Low
L003395,C05852,BR018,Business,10000000000.0,12.94,2023-03-23,24,2342221033.02,Current,Low
L003396,C04611,BR001,Personal,190172980.9,13.67,2023-10-15,36,30892905.89,Current,Low
L003397,C05172,BR022,Mortgage,1643222914.57,8.46,2023-02-11,180,1053251462.47,Current,Medium
L003398,C05337,BR005,Auto,187035696.14,8.99,2020-02-24,36,134102794.55,Current,Medium
L003399,C01171,BR030,Personal,163905343.54,13.4,2024-10-02,48,106033998.97,Late,Medium
L003400,C08905,BR011,Mortgage,343273662.68,7.15,2026-08-28,240,233394236.23,Current,Low
L003401,C04042,BR030,Mortgage,441644954.29,8.56,2022-01-21,120,348408719.44,Current,Low
L003402,C02640,BR050,Auto,271887962.05,9.07,2025-01-18,48,190461534.79,Current,Low
L003403,C02992,BR002,Auto,321699440.48,11.33,2020-07-17,60,173167807.59,Current,Low
L003404,C06171,BR017,Personal,136220989.01,10.58,2022-06-18,60,84186487.2,Late,Low
L003405,C01344,BR025,Auto,327469666.0,9.6,2025-10-21,36,226091283.55,Current,Low
L003406,C08746,BR019,Auto,64790780.08,8.05,2023-12-29,36,13810929.33,Current,Low
L003407,C05169,BR010,Mortgage,2055592057.06,9.47,2025-06-23,240,1172777884.55,Current,Low
L003408,C01921,BR049,Personal,75495102.33,12.35,2024-08-16,48,56345633.88,Current,Low
L003409,C05413,BR044,Business,288618177.92,7.84,2024-01-07,60,103515631.39,Current,High
L003410,C02730,BR038,Auto,128168867.3,11.26,2024-09-17,36,29031949.3,Current,Low
L003411,C04919,BR041,Auto,171692153.16,7.41,2024-09-09,48,157881697.08,Default,High
L003412,C06623,BR020,Personal,83098831.33,15.23,2024-01-03,12,55147525.8,Current,Low
L003413,C00050,BR021,Mortgage,536388691.11,5.83,2022-07-13,180,212029437.64,Current,Medium
L003414,C08675,BR006,Mortgage,1447346052.26,7.29,2026-04-24,240,177579429.99,Current,Low
L003415,C06106,BR047,Auto,170086052.0,10.91,2026-07-22,48,117565369.83,Current,Low
L003416,C07223,BR044,Mortgage,281893162.47,9.47,2026-08-24,180,64708246.2,Current,Medium
L003417,C04779,BR004,Mortgage,558272332.07,8.65,2024-10-17,240,316721685.54,Late,Medium
L003418,C07081,BR003,Personal,91586606.54,15.69,2026-05-26,12,69053535.18,Current,Medium
L003419,C04643,BR026,Auto,48205016.46,8.88,2026-06-01,72,18017834.95,Current,Low
L003420,C01234,BR028,Auto,290905110.44,11.87,2026-01-06,72,92853290.41,Current,Medium
L003421,C03861,BR015,Business,1066311150.34,9.02,2023-05-22,12,822378665.0,Current,High
L003422,C06313,BR046,Personal,150522265.74,12.78,2025-06-19,36,41639650.22,Current,Low
L003423,C07691,BR044,Personal,110650374.37,14.2,2026-01-30,48,48435895.31,Late,Medium
L003424,C05255,BR030,Personal,47279228.05,12.03,2022-09-01,12,33748519.84,Current,Medium
L003425,C09762,BR032,Mortgage,731330972.82,7.84,2024-04-09,240,368302467.26,Current,Medium
L003426,C04765,BR038,Personal,689768978.59,16.78,2023-11-21,24,175370869.8,Current,Low
L003427,C00016,BR020,Personal,739600400.89,16.01,2021-09-07,48,240134979.04,Current,Medium
L003428,C08323,BR040,Personal,110750576.86,11.09,2022-05-08,48,66431874.82,Current,Low
L003429,C04843,BR023,Business,2415624470.53,13.77,2021-06-04,12,1046988072.66,Current,Medium
L003430,C03449,BR029,Mortgage,371157332.69,5.74,2025-09-19,300,146101039.14,Current,Medium
L003431,C03788,BR031,Business,562011399.49,12.88,2026-02-22,12,103977158.94,Current,Low
L003432,C03670,BR027,Mortgage,639268796.3,5.93,2022-05-31,180,322985399.76,Current,Low
L003433,C09061,BR023,Auto,168693716.73,11.45,2025-05-20,48,57195640.64,Current,Medium
L003434,C08359,BR030,Personal,86850653.7,16.01,2024-01-21,12,68874338.71,Current,Low
L003435,C09068,BR027,Personal,370218296.01,13.44,2024-09-19,48,191493711.51,Current,High
L003436,C06302,BR006,Personal,177901736.03,10.0,2020-03-16,12,138071174.66,Current,Medium
L003437,C05183,BR014,Mortgage,574316895.1,5.79,2023-08-03,180,295514044.98,Current,Medium
L003438,C04198,BR037,Mortgage,1062727277.05,7.31,2025-04-24,300,340448526.14,Current,High
L003439,C09582,BR007,Business,2798076584.92,7.71,2026-07-29,60,674573902.99,Current,High
L003440,C02402,BR028,Auto,101394264.27,7.36,2025-09-18,72,36537499.94,Current,Low
L003441,C01743,BR008,Business,468228759.77,14.79,2026-06-24,12,81155971.43,Current,Low
L003442,C00620,BR016,Auto,2746147749.7,8.48,2026-06-24,48,1365544031.59,Current,Low
L003443,C01082,BR028,Personal,97706740.75,13.8,2021-05-29,36,57291608.7,Current,Low
L003444,C08062,BR029,Personal,332123274.92,14.48,2026-07-19,60,131385683.29,Current,Medium
L003445,C04987,BR036,Mortgage,979163765.05,6.88,2022-08-10,120,532066511.41,Current,Medium
L003446,C06082,BR033,Auto,260707545.66,12.17,2021-10-22,72,128544328.7,Current,Low
L003447,C03455,BR007,Business,439714696.6,13.49,2023-05-01,12,365837054.45,Late,High
L003448,C07584,BR029,Mortgage,335739213.96,8.27,2023-03-16,120,245273716.87,Current,High
L003449,C08624,BR017,Personal,207696086.44,17.2,2026-08-15,12,90153931.0,Current,High
L003450,C05746,BR047,Business,4001444889.3,9.33,2022-08-30,24,2199315320.75,Current,Low
L003451,C05657,BR022,Auto,83835196.55,7.51,2024-11-22,72,34208455.5,Current,High
L003452,C09998,BR028,Personal,620485030.98,12.5,2026-05-05,48,74333247.42,Current,Medium
L003453,C04768,BR011,Mortgage,1641605229.14,8.7,2024-08-21,180,1193141121.12,Current,Medium
L003454,C08189,BR013,Mortgage,426995193.01,6.12,2025-05-17,120,138506797.16,Current,Medium
L003455,C04227,BR005,Auto,91650489.05,9.54,2025-01-22,60,63948041.39,Current,Medium
L003456,C06898,BR022,Auto,484147929.91,9.54,2021-11-08,72,304325811.12,Current,Medium
L003457,C07748,BR011,Auto,728280693.17,10.78,2021-02-21,60,470804847.81,Late,High
L003458,C07846,BR038,Auto,1145042660.67,7.21,2024-05-24,48,435796666.15,Current,Low
L003459,C02665,BR031,Personal,280552834.97,14.59,2023-11-01,48,176793273.8,Current,Low
L003460,C00098,BR038,Mortgage,340905702.96,10.02,2023-11-13,300,238546980.38,Current,Medium
L003461,C07318,BR038,Personal,180965577.89,17.31,2023-05-01,12,122868585.43,Current,Low
L003462,C03170,BR050,Personal,46239312.86,16.27,2025-11-01,24,23825970.54,Current,Low
L003463,C00161,BR032,Auto,876234315.92,7.63,2026-01-20,72,683857336.29,Current,Low
L003464,C04067,BR027,Personal,533022748.9,10.59,2022-09-24,48,345953720.12,Current,Medium
L003465,C02163,BR036,Mortgage,780919964.8,9.93,2021-03-19,180,346386599.67,Current,Low
L003466,C08224,BR004,Personal,37269903.7,14.53,2026-03-24,36,15421906.11,Current,Low
L003467,C05872,BR014,Personal,1125722397.45,15.35,2026-08-06,36,150439160.28,Current,Low
L003468,C04277,BR050,Personal,198634238.65,13.22,2026-06-01,12,103589156.04,Current,Medium
L003469,C06972,BR004,Personal,106066400.06,12.11,2024-12-18,12,24265788.24,Current,Low
L003470,C07304,BR022,Auto,162893917.29,10.27,2021-08-07,48,123199656.97,Current,Low
L003471,C09173,BR038,Mortgage,709540930.98,7.32,2024-08-01,120,422090638.63,Current,High
L003472,C01985,BR048,Auto,273945218.45,7.35,2025-07-16,36,169148322.13,Current,Low
L003473,C07714,BR013,Auto,330531558.11,10.95,2024-08-14,48,175100713.28,Current,Low
L003474,C06925,BR041,Personal,222257049.5,10.81,2024-05-13,24,172297367.99,Current,Low
L003475,C03437,BR044,Auto,530094167.67,8.79,2023-12-17,48,387085907.34,Current,Low
L003476,C09909,BR035,Auto,310715716.47,11.38,2024-06-11,72,149298055.77,Current,Medium
L003477,C07732,BR010,Personal,189279951.54,14.33,2026-08-19,60,43720933.76,Current,Low
L003478,C09901,BR020,Personal,1051033881.79,12.29,2025-04-28,36,664408679.98,Current,Low
L003479,C04575,BR030,Mortgage,695286099.17,9.88,2023-10-04,180,133261085.89,Current,Medium
L003480,C00082,BR038,Auto,399729243.05,9.23,2026-08-16,72,260531989.18,Current,Medium
L003481,C09910,BR029,Personal,45150835.24,15.13,2026-05-19,36,32756799.86,Late,Medium
L003482,C04276,BR004,Personal,129132431.27,15.93,2026-08-21,36,61955656.22,Late,High
L003483,C01545,BR005,Auto,279296458.77,7.73,2021-12-02,72,200801930.24,Current,Low
L003484,C03484,BR008,Mortgage,756772114.81,7.47,2024-04-14,240,604553436.53,Late,Medium
L003485,C05376,BR011,Auto,316296045.93,7.19,2025-02-19,72,85941900.49,Current,Low
L003486,C06043,BR007,Personal,793976894.43,14.82,2024-06-18,60,141827189.43,Current,Medium
L003487,C09081,BR046,Mortgage,1903813430.44,9.92,2025-07-01,120,858377792.91,Late,High
L003488,C01954,BR036,Mortgage,366973984.58,9.5,2023-04-15,180,274288680.67,Current,Medium
L003489,C03148,BR028,Personal,468605756.38,17.19,2025-03-19,24,93007234.7,Current,Low
L003490,C05893,BR038,Business,2093565600.3,13.31,2021-06-19,36,774995316.57,Current,Medium
L003491,C08626,BR012,Mortgage,541559111.83,9.35,2024-09-24,240,320823340.04,Current,Medium
L003492,C07481,BR015,Auto,79369840.8,7.45,2026-07-28,60,51402884.08,Current,Low
L003493,C01236,BR018,Personal,490119924.33,13.09,2026-07-17,12,123997183.08,Current,Medium
L003494,C08192,BR049,Mortgage,811522373.2,10.47,2021-11-02,120,493000203.49,Current,Medium
L003495,C05385,BR015,Personal,304187902.61,10.4,2023-04-25,36,81718083.78,Current,Medium
L003496,C06256,BR005,Mortgage,2410143689.57,9.23,2025-06-15,240,1091892321.92,Current,High
L003497,C09001,BR021,Personal,147164386.71,15.58,2026-07-08,24,32283827.93,Current,Medium
L003498,C05520,BR039,Auto,98110272.25,8.96,2023-11-01,48,46010326.65,Late,Low
L003499,C09658,BR018,Mortgage,1283982293.33,8.39,2024-10-02,240,792936786.64,Current,Low
L003500,C03109,BR028,Personal,40069679.66,12.15,2024-02-02,36,14602380.13,Current,Low
L003501,C01326,BR028,Business,999642978.46,12.07,2025-06-15,12,835202348.49,Late,High
L003502,C04530,BR028,Personal,302860662.66,16.42,2026-03-18,12,205606071.6,Default,Medium
L003503,C05215,BR038,Mortgage,453153203.46,5.65,2023-05-13,180,283556638.07,Current,Medium
L003504,C01330,BR044,Auto,852357679.6,10.63,2025-06-18,60,262874344.97,Current,Low
L003505,C05458,BR040,Auto,573278692.79,11.91,2026-04-27,36,127840372.08,Current,Low
L003506,C03082,BR038,Auto,138710193.06,7.76,2026-06-10,36,75539395.22,Current,Low
L003507,C09635,BR016,Auto,88725306.11,9.35,2023-03-27,36,67592217.25,Current,Low
L003508,C04567,BR033,Personal,84757918.7,17.87,2023-09-22,24,63771495.69,Current,Low
L003509,C05851,BR045,Business,1598862642.17,9.16,2023-02-23,36,1271064116.0,Default,High
L003510,C03207,BR002,Mortgage,1450686159.8,10.44,2023-06-18,180,355846631.57,Current,Low
L003511,C05985,BR009,Mortgage,489605124.18,9.99,2026-08-11,300,369954074.29,Default,High
L003512,C08795,BR033,Business,312290259.71,10.54,2023-09-20,12,117413665.68,Current,Low
L003513,C00248,BR034,Auto,140543025.09,11.27,2026-05-10,72,93982179.61,Current,Low
L003514,C01158,BR038,Personal,229675441.81,13.3,2025-10-09,48,34608838.63,Current,Low
L003515,C08488,BR047,Business,829247647.64,12.5,2025-12-26,24,450592885.35,Current,Low
L003516,C07859,BR007,Personal,39208063.74,10.6,2024-11-06,24,18249661.76,Current,Low
L003517,C02971,BR037,Auto,358726082.93,11.19,2021-09-23,72,234548743.03,Late,Medium
L003518,C03937,BR036,Personal,50225205.92,13.34,2025-02-26,36,15992037.85,Current,Low
L003519,C03563,BR005,Auto,1137852078.82,10.73,2025-01-21,36,490811625.81,Current,Low
L003520,C01681,BR047,Personal,25294003.6,17.99,2026-08-31,12,23882232.55,Default,High
L003521,C09499,BR011,Auto,269642664.74,8.51,2025-08-19,72,116491406.64,Current,Low
L003522,C03924,BR005,Personal,348754202.02,16.3,2023-09-16,36,96440344.04,Current,Medium
L003523,C03615,BR047,Business,859964034.13,12.12,2026-04-22,24,355990827.16,Current,High
L003524,C08321,BR029,Auto,248266032.94,11.77,2022-10-15,60,122091239.11,Current,Medium
L003525,C00229,BR018,Mortgage,456283178.35,5.83,2024-11-09,300,191092592.79,Current,High
L003526,C03733,BR006,Personal,50978671.34,14.77,2023-02-07,24,8452603.58,Current,Low
L003527,C03988,BR040,Business,295046257.55,14.34,2024-11-09,12,208670973.67,Current,Low
L003528,C05641,BR001,Mortgage,465985905.35,7.56,2023-04-16,300,231556802.76,Current,Medium
L003529,C06512,BR043,Auto,169180706.37,8.77,2024-06-15,60,117128967.7,Current,Low
L003530,C02472,BR033,Personal,161776545.82,14.54,2026-04-17,48,126171734.91,Late,Medium
L003531,C02590,BR048,Mortgage,509952187.06,6.11,2022-03-04,300,346804834.94,Current,Medium
L003532,C05541,BR021,Personal,269611774.42,16.72,2022-07-26,48,128996165.51,Current,Low
L003533,C09420,BR001,Mortgage,421910273.11,9.96,2025-09-26,300,279054323.32,Late,Medium
L003534,C03269,BR010,Personal,198266173.43,16.63,2025-11-13,60,185440540.21,Default,Medium
L003535,C06830,BR006,Mortgage,1374944206.92,7.81,2024-12-31,120,170107721.3,Current,High
L003536,C06716,BR012,Business,2642949535.51,12.4,2025-03-17,84,502351700.23,Current,Medium
L003537,C07024,BR047,Mortgage,601015987.86,9.69,2024-08-28,240,135511695.02,Current,Low
L003538,C01677,BR046,Personal,117835739.0,12.42,2025-04-01,24,64197284.37,Current,Low
L003539,C02299,BR027,Mortgage,731279643.58,6.5,2021-03-13,180,182351532.59,Current,Medium
L003540,C07645,BR040,Auto,230068050.22,8.56,2025-10-04,60,139730868.14,Late,High
L003541,C01507,BR022,Personal,232124820.18,12.98,2024-04-07,24,50432385.78,Current,Low
L003542,C04017,BR011,Personal,276761468.96,16.72,2026-04-12,60,206618393.41,Current,Low
L003543,C00185,BR038,Auto,86721417.29,8.36,2025-09-17,72,33376578.65,Current,Low
L003544,C00771,BR021,Personal,96747349.84,10.61,2026-05-12,36,49549192.92,Current,Low
L003545,C07145,BR047,Personal,71261622.24,16.35,2025-09-21,48,45210966.66,Current,Low
L003546,C05691,BR047,Auto,269654660.82,10.03,2026-01-30,48,93883910.16,Current,Low
L003547,C01637,BR025,Personal,180820325.58,17.13,2025-09-16,12,167536567.53,Default,High
L003548,C03608,BR025,Business,266306136.02,10.53,2024-12-16,60,112587160.33,Current,Low
L003549,C08016,BR041,Mortgage,379154979.98,9.36,2024-09-07,180,66468671.25,Current,Low
L003550,C03534,BR015,Mortgage,783858294.62,6.81,2026-08-18,240,509955770.0,Default,High
L003551,C02716,BR040,Personal,424591897.6,14.01,2024-12-03,36,106556399.71,Current,Low
L003552,C08126,BR022,Personal,66552656.86,15.09,2023-10-12,36,52436715.63,Current,Low
L003553,C00253,BR037,Personal,276113778.42,13.59,2026-05-17,12,55906909.28,Current,Low
L003554,C01631,BR028,Mortgage,2064837117.65,9.23,2026-02-10,300,215204977.07,Current,High
L003555,C00494,BR005,Personal,254548833.47,14.51,2026-04-21,36,137091687.69,Late,High
L003556,C01237,BR037,Mortgage,474411552.9,7.83,2025-01-06,120,187555919.41,Current,Medium
L003557,C00467,BR036,Mortgage,1433621538.61,8.66,2024-06-28,180,766436926.69,Late,High
L003558,C09900,BR036,Personal,278142289.06,12.05,2026-08-01,36,222441358.81,Current,Low
L003559,C06274,BR028,Mortgage,915828313.91,6.25,2023-04-20,240,648994978.3,Current,Medium
L003560,C04160,BR008,Personal,41189724.09,10.09,2023-10-06,60,10354939.53,Current,Low
L003561,C00993,BR018,Personal,119735791.55,15.5,2025-01-24,60,17038831.42,Current,Medium
L003562,C07136,BR040,Mortgage,1944392490.1,9.05,2026-08-06,240,1076476406.66,Current,Medium
L003563,C08176,BR025,Auto,250976092.28,8.17,2025-01-24,60,219652711.43,Default,Low
L003564,C08112,BR001,Personal,130227162.6,11.51,2024-05-12,60,74089031.7,Late,Low
L003565,C00967,BR034,Auto,192698399.81,9.06,2025-10-03,36,123270358.43,Current,Low
L003566,C09477,BR045,Mortgage,4135861908.96,8.48,2021-01-20,120,3214132626.18,Current,Low
L003567,C02487,BR023,Mortgage,173442596.4,10.18,2024-10-07,180,79090634.31,Current,Low
L003568,C02245,BR028,Personal,139183099.87,11.84,2025-04-23,36,111241341.82,Late,Medium
L003569,C00178,BR045,Auto,161119796.7,9.63,2024-06-06,36,43178829.52,Current,Low
L003570,C05204,BR034,Personal,143502646.27,15.21,2026-03-12,36,65820378.5,Current,Medium
L003571,C07627,BR032,Personal,230746611.12,11.78,2026-07-09,48,147805783.48,Current,Medium
L003572,C02305,BR001,Auto,65222981.14,10.04,2026-08-19,48,23302790.59,Current,Low
L003573,C05415,BR035,Auto,152314737.84,7.91,2023-03-04,72,118201549.84,Current,Low
L003574,C09304,BR021,Auto,155789942.4,12.38,2024-12-20,60,61746718.51,Current,High
L003575,C03257,BR007,Auto,301232120.72,11.62,2023-01-05,72,154251562.02,Current,Medium
L003576,C07997,BR001,Mortgage,679865499.67,5.85,2026-08-18,120,221079108.61,Current,High
L003577,C05177,BR007,Auto,363249956.35,7.53,2025-09-09,60,51776634.13,Current,Medium
L003578,C02063,BR005,Mortgage,4280263182.84,9.58,2023-03-13,300,2020889965.17,Current,Medium
L003579,C03124,BR046,Business,2002603123.76,11.51,2025-07-26,36,613157922.04,Current,Medium
L003580,C07867,BR001,Personal,169457094.14,12.7,2025-07-31,24,74594751.29,Current,Low
L003581,C07687,BR025,Auto,274237641.96,10.38,2026-03-15,72,162629820.22,Current,Low
L003582,C05431,BR010,Business,339328868.04,8.33,2025-06-09,60,227263144.89,Late,High
L003583,C07643,BR007,Mortgage,445584901.05,9.02,2024-01-14,240,72194372.64,Current,High
L003584,C03275,BR034,Personal,76795356.71,11.03,2024-10-31,48,59454235.88,Current,Low
L003585,C05407,BR038,Mortgage,1132968377.31,10.24,2026-05-13,120,183696674.08,Current,Low
L003586,C04598,BR039,Mortgage,421158964.85,8.55,2026-06-28,120,209937038.78,Late,High
L003587,C05552,BR032,Personal,222650332.89,17.98,2022-03-01,36,77023560.0,Current,Low
L003588,C01716,BR047,Auto,3069388735.39,11.09,2025-10-27,72,2170520287.93,Current,Medium
L003589,C06908,BR017,Auto,161855864.5,8.03,2026-08-04,36,42054539.51,Current,Low
L003590,C07945,BR002,Personal,2000133864.28,14.1,2024-11-22,36,792562524.0,Current,Low
L003591,C00606,BR024,Personal,69174002.82,11.39,2023-02-11,24,17437479.61,Current,Low
L003592,C01513,BR026,Mortgage,1850559850.44,6.58,2026-05-06,120,1446607460.86,Late,High
L003593,C09698,BR021,Personal,167246952.53,15.65,2024-02-10,36,114286142.03,Current,Low
L003594,C00511,BR037,Personal,255660960.39,10.43,2025-05-22,24,177503860.03,Current,Low
L003595,C02653,BR031,Mortgage,1054365104.35,8.78,2025-07-02,300,318074246.1,Current,High
L003596,C00041,BR037,Personal,128179700.24,14.13,2023-10-19,36,85753415.73,Late,Medium
L003597,C07789,BR033,Personal,167013370.2,16.14,2025-09-20,36,73978160.75,Current,High
L003598,C03504,BR044,Mortgage,2642256497.89,10.36,2025-12-29,180,518720128.49,Current,Low
L003599,C04642,BR043,Auto,153367109.07,7.03,2025-10-10,48,96614588.78,Current,Low
L003600,C04748,BR040,Personal,39041697.01,10.26,2026-05-26,36,9101932.43,Current,Low
L003601,C05495,BR017,Business,744708142.84,10.89,2026-06-26,36,572281359.25,Current,Low
L003602,C09037,BR045,Business,251290120.66,9.37,2021-10-12,24,73643633.11,Current,Low
L003603,C07215,BR048,Mortgage,725735439.46,8.26,2024-04-08,120,239753905.13,Current,Medium
L003604,C09601,BR004,Mortgage,626234183.99,6.41,2025-10-11,300,241496485.7,Current,High
L003605,C09238,BR002,Business,529302334.13,9.04,2024-02-05,36,111170756.46,Current,Low
L003606,C02866,BR019,Auto,166880864.34,9.95,2026-01-02,60,108965876.99,Current,Medium
L003607,C04591,BR024,Personal,149545635.61,14.23,2026-08-16,12,71013084.15,Current,Low
L003608,C00847,BR047,Business,342805395.65,7.82,2026-07-25,24,261825180.47,Current,Medium
L003609,C08215,BR016,Business,1034728463.27,9.73,2025-03-12,60,638852894.91,Current,Low
L003610,C03664,BR021,Business,788747365.44,8.84,2024-07-08,24,521717488.1,Late,High
L003611,C01758,BR049,Auto,818794263.79,11.72,2020-06-13,48,401768790.63,Current,Low
L003612,C02572,BR020,Personal,154811992.13,13.96,2022-03-22,60,116743001.55,Current,Low
L003613,C00796,BR002,Mortgage,111095167.68,5.73,2023-03-15,120,16693658.01,Current,Low
L003614,C03021,BR037,Personal,184873805.83,17.84,2020-08-05,24,138729178.65,Late,High
L003615,C09062,BR011,Mortgage,818423785.97,8.35,2026-01-05,300,463846830.25,Late,Medium
L003616,C08009,BR023,Mortgage,283030464.86,10.31,2025-07-18,180,158423355.3,Current,Medium
L003617,C08613,BR029,Mortgage,1069889851.63,6.93,2023-04-28,180,139836254.67,Current,Medium
L003618,C01821,BR027,Personal,32973531.96,10.08,2022-12-13,36,9739698.45,Current,Medium
L003619,C09858,BR009,Mortgage,822586006.26,5.67,2026-05-21,180,530764811.14,Current,Medium
L003620,C04335,BR019,Personal,861933524.47,11.54,2025-11-05,60,559676381.27,Late,Low
L003621,C06075,BR010,Personal,651721602.26,11.41,2023-12-01,60,285028197.91,Current,Medium
L003622,C03770,BR039,Auto,87212716.96,7.2,2023-11-15,60,58307838.44,Current,Low
L003623,C00138,BR049,Auto,630968494.12,12.18,2024-06-24,60,246140447.68,Current,Low
L003624,C03221,BR014,Personal,177398394.04,16.29,2020-09-03,36,118189631.18,Current,Medium
L003625,C07131,BR017,Auto,83683547.8,10.04,2020-08-26,60,45124219.95,Current,Low
L003626,C08924,BR047,Auto,182797775.97,11.96,2026-06-05,72,128033889.12,Current,Medium
L003627,C07922,BR027,Personal,509019048.24,14.93,2024-08-08,60,360727475.68,Late,Medium
L003628,C08066,BR002,Mortgage,431387486.2,7.85,2023-08-04,240,263300541.11,Current,Medium
L003629,C07824,BR044,Mortgage,301406258.56,6.41,2025-04-16,300,238322058.75,Current,Medium
L003630,C03740,BR018,Personal,135404308.82,15.76,2021-02-17,12,97591899.21,Late,Low
L003631,C01302,BR030,Auto,106471740.24,10.82,2026-02-26,36,84278577.74,Current,Medium
L003632,C00536,BR024,Mortgage,901002699.84,7.68,2024-04-29,240,287766589.22,Current,Medium
L003633,C02086,BR040,Personal,107850805.84,17.1,2024-10-25,60,60337409.6,Current,Low
L003634,C09058,BR022,Mortgage,615469860.44,8.3,2026-05-22,180,505173457.75,Late,High
L003635,C09942,BR022,Personal,669785851.03,11.85,2024-04-16,12,287769184.34,Current,Low
L003636,C03714,BR002,Mortgage,1574901238.62,7.43,2025-08-30,300,180525439.87,Current,High
L003637,C01208,BR011,Personal,1796665910.4,15.54,2025-12-03,12,1400288359.99,Current,Low
L003638,C08821,BR005,Mortgage,496414571.2,7.53,2026-06-22,240,145718980.63,Current,High
L003639,C09107,BR015,Mortgage,1002393294.06,5.94,2025-05-04,240,614549860.66,Late,High
L003640,C06380,BR047,Mortgage,599273883.75,6.78,2024-08-25,240,173564936.84,Current,High
L003641,C05788,BR034,Personal,136790278.05,11.4,2024-04-28,36,56126614.46,Current,Low
L003642,C01583,BR003,Auto,1243628438.43,8.98,2024-11-25,36,131441026.74,Current,Low
L003643,C06938,BR050,Business,761588136.43,13.85,2025-10-25,24,301297832.23,Current,Low
L003644,C00306,BR038,Auto,188897409.87,7.96,2026-03-20,72,65764209.27,Current,Medium
L003645,C00602,BR050,Personal,169976910.06,12.4,2024-10-06,36,140334060.99,Late,Low
L003646,C07364,BR045,Auto,319341603.6,11.49,2025-08-30,36,174257427.92,Current,Low
L003647,C09347,BR025,Auto,60173689.85,7.88,2025-03-03,48,14852427.04,Current,Medium
L003648,C07571,BR029,Auto,242850126.54,8.88,2021-09-18,48,120485768.14,Current,Low
L003649,C06625,BR039,Mortgage,339969399.88,5.65,2025-03-14,300,100277727.64,Current,High
L003650,C02672,BR032,Mortgage,528549393.68,5.57,2025-08-07,300,212465217.76,Late,High
L003651,C02562,BR015,Mortgage,3973177769.67,7.53,2025-05-01,180,2495319506.59,Late,Medium
L003652,C01477,BR028,Personal,588160364.4,16.49,2026-07-21,36,340130434.37,Current,Low
L003653,C03481,BR021,Auto,243416430.44,7.25,2026-08-17,60,174271921.12,Current,Low
L003654,C01858,BR027,Personal,134251906.07,15.81,2025-09-03,12,59687932.86,Current,Low
L003655,C00413,BR042,Mortgage,1277074683.0,8.65,2024-01-17,300,954985510.69,Late,Medium
L003656,C01914,BR038,Auto,2807715689.96,9.07,2024-01-09,60,1915662547.57,Current,Low
L003657,C09144,BR032,Personal,337600854.87,11.62,2024-12-27,60,35824321.55,Current,Low
L003658,C09277,BR044,Auto,219498153.48,9.3,2024-05-17,48,73126887.65,Current,Low
L003659,C09637,BR038,Auto,1279110065.54,8.16,2022-05-18,72,200901023.13,Current,Low
L003660,C04259,BR025,Business,960054910.3,7.54,2024-07-24,12,197997154.76,Current,Medium
L003661,C08134,BR048,Auto,254629465.41,11.46,2025-11-14,48,75161992.84,Current,Low
L003662,C01695,BR028,Mortgage,851850801.37,10.44,2023-03-23,180,626879577.28,Current,Medium
L003663,C03852,BR016,Personal,283704780.92,13.78,2021-07-10,12,157632577.89,Current,Low
L003664,C07455,BR002,Business,1098775974.89,14.79,2023-06-14,24,166414593.66,Current,Medium
L003665,C08322,BR010,Personal,21578558.27,13.0,2025-04-13,24,6117366.29,Current,Low
L003666,C09525,BR002,Auto,134498797.58,7.89,2026-08-29,48,99788108.5,Current,Medium
L003667,C07944,BR050,Auto,454299775.47,7.52,2022-08-16,72,249379394.02,Current,Low
L003668,C00825,BR013,Mortgage,2409655321.66,8.44,2024-01-02,120,568029929.22,Current,Low
L003669,C04590,BR011,Mortgage,925793163.34,8.13,2025-02-23,300,628626879.85,Current,Medium
L003670,C02709,BR008,Mortgage,241521030.21,7.25,2024-07-03,300,75283335.08,Current,Low
L003671,C06464,BR005,Personal,242155126.84,10.34,2025-04-02,36,210399272.64,Default,Medium
L003672,C08997,BR047,Business,404662891.02,13.96,2022-11-12,24,301825071.74,Default,High
L003673,C05669,BR027,Business,1322882896.11,12.77,2023-10-05,12,166705448.16,Current,Medium
L003674,C02069,BR021,Personal,175116808.38,12.95,2021-03-13,24,95479045.11,Current,Low
L003675,C04745,BR041,Personal,101936688.19,10.42,2026-01-15,12,29880348.23,Current,Low
L003676,C04184,BR001,Personal,195196683.95,13.98,2025-06-30,12,38106414.06,Current,Medium
L003677,C03110,BR006,Auto,180450875.51,8.46,2026-06-12,72,71218490.52,Current,Low
L003678,C04734,BR012,Mortgage,160377512.58,8.1,2022-09-20,240,127446031.49,Current,Low
L003679,C08272,BR002,Personal,97542734.26,10.96,2026-08-18,36,34102329.71,Current,Medium
L003680,C03395,BR045,Auto,221627773.65,11.6,2022-06-25,72,131357907.1,Current,Low
L003681,C02975,BR047,Mortgage,442259525.62,5.67,2023-09-06,300,297909969.84,Default,High
L003682,C05142,BR009,Mortgage,673218896.2,9.32,2026-05-27,120,135156774.71,Current,Medium
L003683,C00698,BR038,Auto,295684320.94,11.79,2023-02-26,48,86914501.82,Current,High
L003684,C01714,BR011,Personal,131527803.35,16.41,2023-01-21,24,59138648.06,Current,Low
L003685,C08813,BR005,Personal,211925712.17,13.39,2026-01-25,24,126211382.4,Late,Medium
L003686,C03405,BR017,Auto,278362439.56,7.55,2020-04-18,48,140714585.15,Current,Low
L003687,C06466,BR024,Auto,140999604.36,11.1,2026-04-22,48,89222725.93,Current,Low
L003688,C04359,BR004,Mortgage,1386366073.88,7.12,2025-10-17,240,723644244.7,Current,Medium
L003689,C04110,BR015,Mortgage,384261073.27,6.71,2020-06-18,180,125111064.9,Current,Low
L003690,C03818,BR045,Personal,106288729.28,17.77,2024-07-25,60,66687378.25,Late,Medium
L003691,C01505,BR018,Personal,363893383.59,13.35,2025-07-14,48,155165307.57,Current,Low
L003692,C08812,BR006,Mortgage,942313672.66,5.68,2021-10-08,120,752068724.63,Current,Medium
L003693,C02138,BR008,Auto,267882490.71,11.38,2022-07-24,72,67392528.85,Current,Low
L003694,C01405,BR038,Personal,174028633.73,16.83,2023-05-21,12,108321318.39,Current,Low
L003695,C06478,BR019,Personal,144338935.78,16.83,2026-05-08,12,105176213.03,Current,Low
L003696,C05030,BR044,Personal,206400501.56,11.65,2025-06-15,48,160285662.01,Current,Low
L003697,C07630,BR030,Auto,278210269.48,9.63,2024-08-27,36,138536314.66,Current,Low
L003698,C04424,BR040,Mortgage,494385116.77,7.63,2021-04-09,300,258870540.3,Current,Low
L003699,C01518,BR044,Auto,114523332.78,9.44,2023-03-28,36,77901933.08,Current,Low
L003700,C00011,BR011,Personal,157242612.84,16.98,2024-01-01,36,91406512.71,Current,Low
L003701,C04339,BR032,Auto,164677548.71,8.53,2022-06-27,72,111819662.37,Default,High
L003702,C02647,BR013,Mortgage,1332729414.31,5.77,2024-08-30,120,223090867.16,Current,Medium
L003703,C02360,BR019,Auto,624892338.33,10.72,2026-02-02,36,284664420.99,Current,Low
L003704,C01483,BR044,Mortgage,557037004.51,7.78,2023-01-01,180,295235364.08,Late,High
L003705,C08750,BR048,Personal,295844609.73,10.63,2025-11-06,36,195201405.41,Late,Medium
L003706,C03913,BR012,Mortgage,2974821989.26,5.89,2025-07-19,180,623367061.19,Current,Low
L003707,C03089,BR038,Personal,59277595.46,13.8,2024-10-15,24,39885161.25,Current,Low
L003708,C07098,BR012,Business,1478661588.57,11.43,2026-02-23,12,914413052.28,Current,Low
L003709,C09018,BR037,Personal,56474790.71,11.45,2024-01-02,60,13057173.38,Current,Low
L003710,C01642,BR047,Mortgage,400045589.23,9.9,2026-07-19,120,196406883.22,Current,Low
L003711,C09299,BR029,Mortgage,533370930.25,5.93,2026-01-08,180,67938674.92,Current,High
L003712,C04052,BR032,Personal,118342674.92,12.63,2025-07-09,12,84439150.2,Current,Low
L003713,C05457,BR028,Personal,42309415.55,10.36,2025-12-11,36,11284072.77,Current,Low
L003714,C06632,BR019,Personal,149908089.01,14.78,2025-03-06,48,21584248.09,Current,Medium
L003715,C09013,BR047,Personal,83611844.83,17.8,2024-07-26,12,38671125.63,Current,Low
L003716,C03127,BR033,Mortgage,383554768.29,9.29,2025-07-01,300,159073325.53,Current,High
L003717,C09767,BR018,Personal,87582439.71,15.49,2025-12-01,36,63789983.06,Current,Medium
L003718,C04301,BR015,Personal,89011141.77,11.21,2022-09-13,12,37048394.93,Late,Medium
L003719,C04992,BR010,Mortgage,2706365862.62,9.23,2022-11-16,240,643100277.89,Current,Low
L003720,C00583,BR030,Business,3832893708.87,10.07,2025-08-07,12,2484183735.55,Late,High
L003721,C03503,BR029,Mortgage,2925035980.24,10.11,2026-05-14,240,2405244477.28,Late,High
L003722,C01323,BR002,Auto,525799585.61,11.72,2023-04-18,36,238556083.95,Current,Medium
L003723,C09344,BR038,Mortgage,585776664.99,6.15,2026-02-25,120,307613399.28,Current,Medium
L003724,C07384,BR034,Mortgage,3847913242.83,7.42,2025-12-05,120,2601878148.75,Current,High
L003725,C02605,BR046,Mortgage,560944130.91,7.28,2023-07-03,120,188062817.66,Current,Medium
L003726,C08850,BR040,Mortgage,482631154.93,9.86,2025-03-11,120,270301374.38,Current,Medium
L003727,C00212,BR025,Business,859889011.36,14.97,2026-06-05,12,548056684.7,Late,Medium
L003728,C05461,BR002,Auto,319556547.02,8.46,2026-08-20,36,32060654.95,Current,Low
L003729,C08652,BR012,Auto,435762373.18,9.0,2025-12-21,72,256554995.8,Current,Low
L003730,C00872,BR025,Personal,835596957.35,15.67,2023-01-08,24,453268431.65,Current,Low
L003731,C08792,BR015,Auto,203988164.19,11.96,2025-02-07,60,145893503.8,Current,Low
L003732,C08393,BR045,Auto,605125912.48,10.86,2026-05-27,48,313483816.34,Current,Low
L003733,C01418,BR010,Auto,75900726.12,10.78,2024-03-12,48,31858559.05,Current,Low
L003734,C01890,BR023,Mortgage,728859431.97,8.52,2026-05-09,120,205957466.83,Current,High
L003735,C06956,BR001,Auto,225951925.95,10.3,2024-12-17,60,101270083.24,Current,Low
L003736,C05074,BR004,Auto,88526464.57,7.61,2021-10-25,60,71330309.38,Default,Medium
L003737,C08118,BR040,Personal,70404965.95,17.57,2025-07-26,48,9129127.39,Current,Low
L003738,C03840,BR038,Business,228775978.08,8.45,2022-01-10,60,98831731.26,Current,Medium
L003739,C01951,BR002,Personal,131422445.16,14.87,2025-03-06,60,48456489.9,Current,Low
L003740,C00190,BR020,Auto,107183041.14,8.59,2026-08-16,48,32996630.34,Current,Low
L003741,C09289,BR004,Auto,503437419.6,11.44,2025-02-24,60,171888157.17,Current,Low
L003742,C00520,BR046,Auto,120464183.32,7.03,2025-12-06,60,92140095.53,Current,Low
L003743,C01625,BR002,Personal,95503514.27,17.93,2025-05-05,60,50600679.27,Late,Low
L003744,C02753,BR039,Auto,234356093.68,8.58,2021-05-10,48,192341705.99,Default,High
L003745,C06875,BR018,Auto,336812539.71,11.48,2020-07-05,60,248755067.95,Current,Medium
L003746,C03382,BR026,Personal,973315089.42,11.41,2023-03-07,60,566595442.7,Current,Low
L003747,C07570,BR033,Auto,163487614.15,9.08,2026-05-28,48,55603647.81,Current,Medium
L003748,C05987,BR025,Mortgage,1075892728.81,6.22,2024-02-28,300,597363316.29,Current,Medium
L003749,C05839,BR034,Auto,134815639.06,8.85,2024-09-10,48,83075225.11,Current,Low
L003750,C09607,BR023,Auto,762359316.93,7.36,2022-08-16,72,278718092.03,Current,Low
L003751,C07017,BR005,Mortgage,3318296567.52,7.65,2025-11-05,300,1839119071.58,Current,Low
L003752,C06213,BR013,Personal,931471454.71,13.29,2025-04-23,60,727888285.14,Current,Low
L003753,C01766,BR028,Personal,152066564.35,15.42,2023-11-19,48,108289200.19,Current,Low
L003754,C05847,BR046,Auto,719280349.41,9.74,2024-08-15,36,319234139.5,Late,Low
L003755,C05877,BR019,Mortgage,750667324.65,9.66,2025-11-17,120,474085726.31,Late,Medium
L003756,C00894,BR007,Business,375355041.47,14.37,2024-08-26,36,56731547.75,Current,Medium
L003757,C07466,BR018,Mortgage,980794648.45,7.61,2025-10-13,180,613075884.4,Late,Medium
L003758,C04210,BR013,Personal,26580363.91,16.27,2022-08-20,60,16793035.6,Current,Low
L003759,C02596,BR020,Personal,86277013.02,10.33,2024-04-10,12,50779487.61,Current,Low
L003760,C05291,BR038,Business,1228286550.44,11.34,2026-07-05,36,741523699.68,Current,Low
L003761,C01853,BR007,Auto,131869582.85,10.5,2025-03-25,36,83241202.14,Late,Low
L003762,C01366,BR038,Personal,318417977.16,17.38,2023-08-19,60,241587425.75,Current,Low
L003763,C06920,BR008,Personal,239763453.79,13.3,2022-07-30,12,55456324.14,Current,Low
L003764,C07409,BR033,Auto,133534038.17,8.18,2024-12-13,48,53063995.84,Current,Low
L003765,C08820,BR028,Mortgage,391849779.78,7.84,2026-04-16,240,296195094.48,Default,High
L003766,C05266,BR028,Business,342328061.66,13.93,2024-01-03,84,107923293.05,Current,Medium
L003767,C05983,BR003,Personal,178687145.2,14.62,2022-08-08,12,141235080.65,Current,Low
L003768,C09200,BR030,Business,450438462.13,9.49,2025-10-19,60,269036191.24,Current,Medium
L003769,C03699,BR011,Personal,186956095.94,15.53,2022-08-09,12,43702878.6,Current,Low
L003770,C04122,BR011,Business,1032595226.73,13.68,2026-05-23,36,802185360.46,Current,Medium
L003771,C08921,BR003,Mortgage,3980174813.3,6.83,2025-12-07,300,3157935965.44,Current,Low
L003772,C03079,BR013,Personal,60934578.96,16.85,2022-01-09,12,8531754.75,Current,Low
L003773,C06642,BR028,Personal,119105701.53,17.49,2024-08-27,36,58630700.83,Current,Low
L003774,C04401,BR022,Auto,96764333.41,7.54,2021-11-26,60,50328651.82,Current,Low
L003775,C06354,BR035,Personal,236831623.38,15.17,2020-05-20,12,184964177.34,Current,Low
L003776,C06300,BR046,Personal,117181636.15,14.49,2026-01-24,36,80931608.0,Current,Low
L003777,C09240,BR036,Mortgage,912955628.56,7.47,2024-08-17,180,656644195.11,Current,Low
L003778,C07651,BR004,Personal,797852395.94,16.61,2026-08-11,36,172366854.59,Current,Low
L003779,C01291,BR002,Auto,274936140.82,9.09,2022-12-11,60,70665191.21,Current,Medium
L003780,C06928,BR046,Personal,124601444.13,13.19,2026-05-06,12,20466333.77,Current,Low
L003781,C08476,BR002,Mortgage,322903054.06,9.47,2026-08-27,300,40571161.0,Current,Medium
L003782,C02812,BR050,Auto,2277491689.98,12.21,2025-11-19,60,1559879215.3,Current,Low
L003783,C01753,BR007,Personal,127951805.37,16.35,2022-01-22,48,65993601.58,Current,Low
L003784,C05136,BR044,Business,478335045.86,9.89,2025-05-01,36,303828267.64,Late,Medium
L003785,C05537,BR015,Business,1059611656.76,8.63,2026-06-15,84,652865923.88,Current,Medium
L003786,C02032,BR015,Business,368981600.49,12.21,2025-09-27,12,97283017.04,Current,Low
L003787,C00537,BR036,Mortgage,404096481.24,6.16,2026-08-07,120,169379848.65,Current,Medium
L003788,C04536,BR043,Personal,42253860.7,10.9,2025-10-08,12,15340758.27,Current,Low
L003789,C05276,BR048,Mortgage,213308083.63,8.37,2022-11-14,300,79732050.29,Current,Low
L003790,C04480,BR037,Auto,96404509.56,9.51,2024-03-22,72,49904508.93,Current,Medium
L003791,C08754,BR046,Personal,68709975.36,16.84,2021-11-19,48,9657194.89,Current,Low
L003792,C01536,BR047,Auto,243304867.64,10.86,2025-01-08,36,185816937.39,Late,Medium
L003793,C05556,BR043,Auto,1200898245.53,8.27,2023-04-06,48,445166494.41,Current,Medium
L003794,C01904,BR026,Personal,691728522.27,15.48,2025-02-18,48,445175111.36,Current,Low
L003795,C09241,BR018,Personal,308133880.76,17.46,2025-02-19,36,69330097.07,Current,Medium
L003796,C02268,BR036,Business,1100637217.12,11.63,2023-11-15,12,150939443.1,Current,Low
L003797,C01865,BR029,Auto,124397504.91,8.4,2025-04-29,48,52017654.46,Current,Low
L003798,C06448,BR016,Personal,590035389.29,11.0,2026-03-26,36,173497469.99,Current,Low
L003799,C00551,BR045,Personal,45036685.7,11.91,2024-09-29,24,34216568.9,Default,High
L003800,C05425,BR041,Mortgage,301357417.49,7.62,2025-07-10,240,244877160.02,Late,Medium
L003801,C08559,BR034,Personal,224233034.88,11.36,2021-04-13,36,120674082.3,Current,Low
L003802,C09349,BR044,Personal,45928228.26,11.2,2026-03-10,60,16932935.2,Current,High
L003803,C09101,BR041,Auto,120998600.96,8.66,2026-08-21,48,37107321.05,Current,Medium
L003804,C03986,BR024,Mortgage,484657872.32,9.73,2024-01-22,240,207124618.27,Late,Medium
L003805,C02455,BR030,Personal,57188821.03,13.13,2023-12-12,24,36679906.04,Current,Low
L003806,C09791,BR007,Mortgage,1485167375.21,10.2,2023-08-07,120,581174787.03,Current,Low
L003807,C05844,BR037,Personal,82331245.16,17.63,2024-01-08,24,34219399.79,Current,Low
L003808,C05114,BR036,Personal,69281808.92,17.2,2023-04-23,24,20124528.66,Current,Low
L003809,C02763,BR022,Auto,113033421.38,10.43,2025-07-04,48,88217692.92,Current,Medium
L003810,C00398,BR038,Business,3911973604.32,9.25,2022-11-14,84,1052973518.5,Current,Low
L003811,C07798,BR011,Auto,340724443.18,7.34,2022-04-25,60,129483214.59,Current,Low
L003812,C03742,BR044,Business,558300114.72,10.8,2024-05-13,84,71867152.11,Current,Medium
L003813,C00929,BR034,Mortgage,758292906.17,6.38,2025-02-22,120,501704753.6,Default,High
L003814,C07339,BR002,Personal,144678797.3,15.15,2026-07-25,36,90843699.29,Late,High
L003815,C06977,BR028,Auto,296859015.55,9.11,2025-09-19,60,221982817.43,Current,Medium
L003816,C09585,BR006,Personal,178591801.67,11.15,2024-07-07,48,108014944.44,Current,Low
L003817,C04157,BR021,Personal,93469982.55,17.65,2026-07-03,48,58713523.03,Current,Low
L003818,C03895,BR035,Mortgage,480122561.53,5.8,2021-08-15,240,313199413.79,Current,Medium
L003819,C05562,BR038,Business,344812160.79,12.0,2023-03-31,84,281545576.81,Late,Medium
L003820,C04336,BR016,Business,1096480196.11,14.34,2026-07-24,36,532055792.58,Current,High
L003821,C05131,BR035,Personal,248604980.73,17.71,2022-08-18,60,158884990.73,Current,Low
L003822,C09256,BR002,Personal,613756145.78,11.51,2025-01-24,24,211826864.11,Current,Low
L003823,C05639,BR038,Personal,187386106.44,14.56,2025-09-02,24,96213884.85,Current,High
L003824,C03763,BR026,Personal,40022299.31,13.3,2023-10-11,24,23207768.17,Current,Low
L003825,C00518,BR018,Auto,467067044.68,11.64,2022-12-06,36,321450905.84,Current,Medium
L003826,C01724,BR011,Personal,309053631.76,15.92,2026-08-07,12,44496743.54,Current,Medium
L003827,C02540,BR032,Personal,232358163.31,14.24,2026-07-02,24,186065285.89,Late,Medium
L003828,C03597,BR028,Auto,180791499.05,9.83,2026-08-08,48,102606511.64,Current,Low
L003829,C03881,BR015,Auto,271267278.32,11.28,2024-12-26,48,71306747.48,Current,Medium
L003830,C08779,BR022,Mortgage,6141412258.66,7.5,2026-05-06,300,3260033819.94,Late,High
L003831,C07264,BR023,Mortgage,614317296.18,8.9,2023-12-17,240,486613764.08,Late,High
L003832,C09773,BR023,Personal,123805662.36,15.55,2024-07-20,60,52021275.96,Current,Low
L003833,C04028,BR038,Personal,68149895.38,17.84,2025-07-15,24,17023697.82,Current,Low
L003834,C07075,BR014,Personal,181828005.32,15.59,2026-02-21,24,28889291.64,Current,Low
L003835,C05625,BR046,Personal,96236388.65,15.93,2026-06-09,36,40031586.18,Current,Medium
L003836,C02431,BR040,Mortgage,1484426955.45,9.11,2024-02-14,240,1132062792.4,Current,Medium
L003837,C04497,BR038,Mortgage,270760249.68,6.62,2023-04-21,180,58279053.32,Current,Medium
L003838,C08708,BR041,Personal,36106791.66,12.84,2024-08-28,48,20982032.32,Current,Medium
L003839,C00277,BR003,Mortgage,5021115149.7,5.79,2023-06-22,300,2707336143.4,Current,Medium
L003840,C00819,BR046,Auto,617729356.01,9.93,2026-03-26,36,352349014.73,Current,Low
L003841,C01574,BR041,Mortgage,467858037.82,9.38,2023-12-12,240,314764362.98,Current,Medium
L003842,C01630,BR020,Business,2655509471.6,10.79,2026-07-07,60,1362555697.9,Current,Low
L003843,C08439,BR038,Personal,45536706.94,10.18,2025-01-14,60,16897996.99,Current,Low
L003844,C03701,BR038,Mortgage,653056935.92,6.46,2024-02-20,240,149711121.09,Current,Low
L003845,C00188,BR013,Auto,85412268.62,12.15,2022-10-18,48,31462148.21,Current,Medium
L003846,C04103,BR038,Personal,154205397.48,14.25,2026-06-11,36,89809667.48,Current,Low
L003847,C00913,BR041,Mortgage,571318034.45,9.52,2024-06-17,180,364892046.26,Current,High
L003848,C05898,BR016,Auto,68135126.18,7.19,2025-04-24,36,46177120.31,Default,High
L003849,C09529,BR019,Personal,161134577.68,15.68,2026-06-25,60,89003684.36,Current,Low
L003850,C07285,BR009,Auto,137251289.41,9.93,2026-05-09,36,64553131.28,Current,Low
L003851,C03999,BR048,Auto,106961529.9,7.15,2022-09-18,48,64370074.12,Late,High
L003852,C06894,BR026,Personal,65445647.02,17.95,2023-01-13,36,28467843.61,Current,Low
L003853,C05103,BR021,Business,334684850.5,13.91,2026-04-12,12,35410216.54,Current,Medium
L003854,C07731,BR050,Auto,682548293.42,7.42,2025-09-05,48,545498960.59,Current,High
L003855,C09806,BR012,Mortgage,447814563.57,7.3,2025-01-09,240,341572075.27,Current,Medium
L003856,C00205,BR031,Mortgage,7211616974.79,8.08,2022-08-16,300,3953329863.21,Current,Low
L003857,C01282,BR028,Personal,62866644.55,15.75,2026-04-30,12,35804199.18,Current,Medium
L003858,C02976,BR028,Personal,211456700.66,15.19,2026-05-30,24,135401750.98,Current,Low
L003859,C04384,BR038,Mortgage,393953055.48,8.41,2020-11-21,120,224804482.96,Late,High
L003860,C06738,BR033,Mortgage,923796303.18,5.7,2025-01-29,120,522080592.78,Current,Medium
L003861,C08386,BR039,Personal,269157664.91,17.35,2023-09-19,48,156000664.41,Current,Medium
L003862,C04753,BR007,Personal,585871352.29,15.16,2023-10-15,24,397641242.32,Current,Low
L003863,C06854,BR038,Personal,87486049.79,15.86,2024-11-27,12,40953208.61,Current,Medium
L003864,C03586,BR046,Business,940944423.14,13.61,2024-03-05,84,603829627.23,Late,Medium
L003865,C02930,BR037,Personal,137249700.43,13.93,2026-02-04,12,92508377.49,Late,Medium
L003866,C00328,BR029,Mortgage,746054643.75,8.15,2024-09-29,120,473711813.15,Late,High
L003867,C03134,BR046,Mortgage,672020166.97,9.96,2021-11-29,240,574689254.9,Default,High
L003868,C09038,BR009,Mortgage,521422472.63,9.79,2023-06-04,120,393059125.11,Current,High
L003869,C09938,BR013,Business,1238052409.46,11.73,2023-11-13,84,959577432.56,Default,High
L003870,C00959,BR009,Mortgage,1004003837.91,8.51,2023-03-14,120,191723918.16,Current,Low
L003871,C04353,BR027,Personal,324443023.89,13.96,2023-02-06,36,200993409.36,Current,Low
L003872,C09300,BR037,Auto,96981383.87,7.31,2026-04-17,36,50946730.92,Current,High
L003873,C09124,BR045,Personal,32149587.37,12.01,2025-12-11,60,13423451.62,Late,Low
L003874,C02334,BR046,Auto,330779856.64,11.26,2026-07-04,60,138405374.98,Current,Low
L003875,C01771,BR037,Auto,180701719.85,12.34,2021-10-23,48,64365541.32,Current,Low
L003876,C00995,BR016,Personal,37270759.57,16.56,2026-08-26,60,29318625.56,Current,Low
L003877,C05741,BR007,Business,741764045.75,10.14,2024-05-27,24,165825626.33,Current,Medium
L003878,C03412,BR042,Auto,338025843.77,11.75,2023-06-16,36,266850756.74,Late,Medium
L003879,C02678,BR018,Business,1980590852.96,7.57,2022-12-09,36,1438511813.81,Late,High
L003880,C09279,BR038,Mortgage,684917022.72,6.63,2026-07-06,180,385029872.83,Current,High
L003881,C03560,BR044,Personal,126781383.69,11.16,2022-07-26,24,69797366.07,Current,Low
L003882,C01252,BR038,Personal,419252973.76,10.68,2026-02-08,12,125887772.18,Current,Low
L003883,C02085,BR013,Personal,113189596.03,11.14,2025-05-02,24,78667589.35,Default,Low
L003884,C01136,BR014,Mortgage,586676044.82,7.94,2026-02-23,120,174685342.52,Current,High
L003885,C06592,BR029,Personal,802495641.26,15.1,2026-02-15,24,535639858.95,Current,Low
L003886,C01077,BR030,Business,451185964.69,12.62,2022-10-08,36,213016826.29,Late,Medium
L003887,C02492,BR028,Mortgage,2059804426.34,8.16,2024-08-02,180,1034353509.96,Late,High
L003888,C03299,BR011,Personal,79177871.17,16.7,2026-05-04,60,63835145.48,Default,Medium
L003889,C06113,BR038,Auto,857343591.36,10.66,2026-03-10,48,472922422.24,Current,Medium
L003890,C08290,BR004,Mortgage,870511879.38,6.86,2022-01-18,180,467711004.51,Late,Medium
L003891,C09603,BR011,Personal,115791044.8,10.56,2025-06-08,60,19346107.47,Current,Low
L003892,C06370,BR045,Auto,395950526.89,7.34,2026-05-23,60,300031804.58,Current,Low
L003893,C05370,BR038,Personal,115945783.71,13.5,2023-03-09,12,27289457.52,Current,Low
L003894,C00692,BR030,Personal,147118116.86,15.56,2026-02-19,36,63364787.57,Current,Low
L003895,C07540,BR005,Personal,1290711149.93,12.13,2024-11-26,24,203734967.84,Current,Low
L003896,C06798,BR028,Mortgage,1411461200.8,10.13,2020-10-27,180,447559617.11,Current,Medium
L003897,C08761,BR004,Auto,219774139.35,8.58,2026-03-19,60,183406754.31,Late,Medium
L003898,C08954,BR043,Auto,2477597123.52,7.66,2026-06-14,48,732929762.72,Current,Low
L003899,C01551,BR045,Personal,205013611.09,15.12,2024-09-02,24,34341176.53,Current,Low
L003900,C07121,BR003,Personal,128604596.83,17.29,2025-03-10,48,79216178.4,Current,Low
L003901,C04141,BR049,Auto,199671424.28,12.33,2025-06-11,48,56174992.33,Current,Low
L003902,C01032,BR044,Mortgage,649757367.41,9.15,2025-10-26,240,613835116.82,Default,High
L003903,C09219,BR009,Personal,161591768.99,10.99,2021-03-17,12,21878296.01,Current,Medium
L003904,C01439,BR038,Personal,101762744.74,17.92,2026-05-12,24,22648947.11,Current,Low
L003905,C08737,BR019,Mortgage,507319712.63,5.53,2022-01-02,180,225496284.44,Current,High
L003906,C03441,BR005,Auto,697971650.64,7.82,2024-11-13,72,81123788.34,Current,Medium
L003907,C00156,BR048,Personal,504026547.24,11.6,2026-04-21,60,413992218.77,Late,Medium
L003908,C00793,BR020,Mortgage,428087708.43,8.13,2025-01-30,300,252874276.64,Current,Low
L003909,C04313,BR013,Auto,284610701.26,7.71,2026-04-27,36,203793186.02,Late,High
L003910,C09421,BR033,Mortgage,607569140.76,5.57,2022-05-05,300,337511372.64,Current,Low
L003911,C09011,BR011,Personal,137732399.24,15.95,2024-12-01,12,18999369.49,Current,Low
L003912,C00457,BR029,Auto,251494291.22,11.39,2022-08-12,60,74532221.31,Current,Medium
L003913,C05424,BR001,Personal,334722033.02,16.54,2022-07-15,36,110476688.81,Current,Low
L003914,C07561,BR046,Personal,60379529.27,11.62,2024-10-30,60,9582162.11,Current,Low
L003915,C01788,BR020,Personal,162039395.34,13.28,2026-02-25,60,41664462.32,Current,Low
L003916,C03008,BR038,Business,937585359.13,13.47,2024-01-10,36,605625322.97,Current,Low
L003917,C09007,BR037,Mortgage,661940123.26,6.28,2021-08-08,300,252484938.92,Current,Low
L003918,C00332,BR008,Auto,116399006.64,9.32,2026-04-08,72,26570310.56,Current,Medium
L003919,C03367,BR019,Auto,658024442.71,11.25,2026-04-27,36,394980453.84,Current,Medium
L003920,C04194,BR030,Personal,159717895.3,17.57,2023-03-26,36,59216474.47,Current,Low
L003921,C06970,BR029,Mortgage,1316447797.9,8.44,2024-10-06,240,798675392.35,Current,Medium
L003922,C03142,BR011,Personal,224513569.33,11.24,2024-09-06,60,127898293.7,Current,High
L003923,C01710,BR020,Mortgage,1561415595.0,6.74,2026-08-14,300,235147105.4,Current,Low
L003924,C09024,BR016,Auto,89518317.77,10.82,2026-05-18,72,58401617.95,Current,High
L003925,C07407,BR028,Auto,202942246.01,9.0,2024-05-22,48,98604813.21,Current,Low
L003926,C09172,BR049,Mortgage,1167613171.2,8.92,2026-08-14,180,736211192.83,Current,High
L003927,C06252,BR049,Auto,1225479344.12,11.61,2024-09-03,72,505849250.87,Late,Medium
L003928,C05883,BR002,Personal,524689358.67,13.34,2026-08-27,36,126958100.23,Current,High
L003929,C03780,BR013,Mortgage,766106612.87,6.37,2021-06-17,240,322537818.06,Current,Medium
L003930,C03494,BR028,Auto,1071369790.16,12.04,2024-03-10,72,714934848.25,Late,Low
L003931,C07815,BR036,Auto,290692045.7,11.22,2022-01-04,48,275448376.29,Default,Medium
L003932,C07551,BR019,Mortgage,334589127.02,9.07,2024-01-13,300,226000341.95,Current,Medium
L003933,C04775,BR020,Mortgage,332763930.21,5.92,2023-11-15,180,64802757.12,Current,Low
L003934,C00687,BR002,Mortgage,385593025.48,7.03,2025-11-23,180,284667122.91,Default,High
L003935,C07083,BR005,Mortgage,1786260415.12,7.78,2021-11-18,240,1156855440.19,Current,Low
L003936,C01098,BR001,Personal,201409207.98,16.98,2025-10-02,36,31809524.96,Current,Medium
L003937,C05068,BR020,Business,428158197.05,9.37,2025-07-06,24,284627112.03,Current,Low
L003938,C03971,BR013,Mortgage,357476401.89,6.37,2025-12-09,240,186797153.08,Current,Medium
L003939,C00246,BR019,Personal,356139752.64,10.44,2026-04-18,36,233114595.96,Current,Low
L003940,C01284,BR001,Personal,549759370.56,16.45,2026-03-23,12,338264454.15,Current,Low
L003941,C02097,BR031,Auto,48262883.21,10.4,2023-10-04,60,44894724.64,Default,Low
L003942,C04629,BR002,Personal,102754660.13,12.75,2024-10-31,36,74019130.53,Late,Medium
L003943,C05377,BR022,Business,461492068.34,8.24,2025-10-03,84,152068368.94,Current,Medium
L003944,C06288,BR018,Mortgage,238166104.99,5.63,2022-08-24,120,56011435.2,Current,Medium
L003945,C00392,BR005,Personal,820613875.25,13.15,2024-03-24,60,120767566.22,Current,Low
L003946,C06024,BR013,Personal,107345547.85,17.08,2025-07-13,60,12945870.73,Current,Low
L003947,C02707,BR036,Auto,176491125.47,10.95,2021-10-30,72,47671299.38,Current,Medium
L003948,C08886,BR014,Mortgage,743195220.31,8.04,2021-11-01,180,520309726.79,Default,High
L003949,C03374,BR036,Personal,193796948.81,14.23,2025-09-11,24,40998181.6,Current,Low
L003950,C07615,BR045,Business,438009238.82,11.55,2023-04-14,12,230809742.34,Late,Medium
L003951,C06214,BR020,Mortgage,2140362214.45,7.92,2023-05-24,180,1176130778.21,Current,Medium
L003952,C08250,BR009,Personal,563624763.1,10.32,2023-08-08,60,122283019.9,Current,Low
L003953,C03278,BR028,Business,184606750.16,13.58,2025-05-21,60,104009997.15,Current,Low
L003954,C06747,BR030,Auto,120825836.6,11.84,2024-05-31,36,87065889.64,Current,Medium
L003955,C04154,BR008,Mortgage,941405021.23,7.98,2026-08-26,180,208931522.98,Current,Low
L003956,C08081,BR006,Mortgage,308721906.75,6.35,2023-10-20,300,219257219.49,Current,Medium
L003957,C08274,BR038,Personal,59872467.56,16.57,2026-07-23,36,15937923.03,Current,Low
L003958,C04558,BR041,Personal,344700712.94,11.08,2023-07-25,36,165140197.49,Current,Low
L003959,C00129,BR019,Mortgage,623374401.18,9.98,2023-09-10,240,257994721.95,Late,High
L003960,C05233,BR007,Business,545902993.87,13.37,2026-04-08,36,231196688.37,Late,High
L003961,C04137,BR009,Auto,95282570.29,11.17,2026-08-18,72,68151184.57,Current,Low
L003962,C06885,BR018,Personal,1110852580.73,15.71,2026-08-31,60,253377986.86,Current,Low
L003963,C06829,BR037,Mortgage,646143033.91,7.84,2022-01-18,180,73323139.91,Current,Medium
L003964,C01573,BR041,Auto,1746646484.31,9.85,2026-07-19,48,1091985122.28,Current,Low
L003965,C02937,BR048,Personal,156626882.19,14.19,2024-07-21,60,37167891.27,Current,Low
L003966,C09236,BR010,Mortgage,524011197.06,8.47,2024-08-26,240,263351183.6,Late,High
L003967,C04900,BR019,Auto,137602462.11,11.35,2024-10-27,48,60176667.79,Current,Low
L003968,C05090,BR039,Mortgage,1018966893.8,9.95,2022-10-28,240,937328714.3,Default,High
L003969,C01139,BR048,Personal,106170945.04,11.88,2024-11-13,24,37796515.14,Current,Low
L003970,C03135,BR036,Business,679564331.47,9.18,2024-03-16,60,322700427.15,Late,Medium
L003971,C03612,BR010,Personal,3441799330.63,12.27,2021-06-12,24,2748144700.54,Current,Low
L003972,C00361,BR027,Mortgage,193346372.79,5.87,2020-01-31,180,124386994.88,Current,Medium
L003973,C03165,BR015,Personal,368129584.47,11.15,2026-08-16,48,281167595.18,Current,Low
L003974,C02397,BR016,Auto,415442083.39,10.37,2025-04-09,36,211671215.63,Current,Low
L003975,C05777,BR038,Personal,135960357.67,17.98,2025-03-12,12,53637206.36,Current,Low
L003976,C07108,BR038,Auto,76384580.1,11.21,2026-05-15,36,40017562.53,Current,High
L003977,C05110,BR025,Mortgage,389458220.41,8.78,2025-08-09,180,162417324.54,Current,Low
L003978,C05757,BR006,Personal,83776854.55,17.22,2025-11-20,36,32717856.3,Current,Low
L003979,C09822,BR023,Business,1363969360.81,13.55,2023-10-06,84,887630206.92,Late,Medium
L003980,C08447,BR049,Mortgage,368709815.01,7.76,2025-11-24,240,178456158.61,Current,Medium
L003981,C09831,BR030,Business,2206827535.4,13.37,2023-08-04,60,954505009.95,Late,High
L003982,C08263,BR008,Personal,101512931.92,14.58,2023-09-03,48,25126801.36,Current,Low
L003983,C06320,BR038,Business,582131721.48,7.64,2026-03-25,60,298401305.22,Current,Low
L003984,C08917,BR022,Personal,99562131.43,15.44,2026-01-09,24,42833945.33,Current,Low
L003985,C07090,BR011,Personal,179038527.98,16.31,2025-09-05,24,120001466.2,Default,High
L003986,C00102,BR038,Mortgage,697333714.06,9.81,2023-06-04,240,243911233.04,Current,Low
L003987,C03279,BR029,Mortgage,2216339900.78,8.32,2022-07-13,120,837318412.38,Current,Medium
L003988,C06123,BR029,Personal,511375466.85,11.39,2021-12-23,24,317685644.07,Current,Low
L003989,C08526,BR032,Personal,101652349.68,12.46,2024-12-10,24,69731536.17,Current,Low
L003990,C07574,BR047,Mortgage,489467936.67,10.12,2021-09-12,180,311195146.46,Current,Medium
L003991,C00291,BR040,Auto,207405616.56,12.14,2024-03-15,72,78133784.43,Current,Low
L003992,C09616,BR036,Auto,569407612.4,7.95,2026-04-10,60,284846363.6,Current,Low
L003993,C06948,BR003,Auto,328376963.7,10.51,2023-05-06,36,182159594.51,Current,Low
L003994,C09679,BR047,Business,2965564917.69,13.14,2020-04-28,12,2281558160.82,Current,Medium
L003995,C05758,BR027,Business,3284441125.92,9.59,2024-05-23,84,1268938449.35,Current,Medium
L003996,C01964,BR011,Mortgage,796751351.84,6.81,2022-06-16,120,132183990.83,Current,Medium
L003997,C07387,BR041,Auto,76196096.49,9.91,2024-05-01,60,26807847.94,Current,Low
L003998,C09644,BR038,Auto,279702416.5,9.78,2023-02-27,48,205951171.22,Current,Low
L003999,C01764,BR048,Personal,140774311.25,10.79,2025-07-10,60,55840200.7,Current,Medium
L004000,C08695,BR022,Mortgage,3196059944.97,8.97,2026-07-08,240,901296685.26,Current,High
